[
    {
        "client_msg_id": "668c8c86-190f-44ee-803f-21470b9e104c",
        "type": "message",
        "text": "^ again!",
        "user": "W831QSCAK",
        "ts": "1558375008.055500",
        "team": "T86S8GHEG",
        "user_team": "T86S8GHEG",
        "source_team": "T86S8GHEG",
        "user_profile": {
            "avatar_hash": "3125369172db",
            "image_72": "https:\/\/avatars.slack-edge.com\/2020-03-09\/989620483264_3125369172db64b56474_72.jpg",
            "first_name": "Xiao",
            "real_name": "Xiao Zhu",
            "display_name": "xzhu",
            "team": "T86S8GHEG",
            "name": "xzhu",
            "is_restricted": false,
            "is_ultra_restricted": false
        }
    },
    {
        "client_msg_id": "25001d16-ae48-4140-a1ee-edc91010bc5b",
        "type": "message",
        "text": "the airflow scheduler links from mlwf surfaced in mldash here <https:\/\/mldashboard.twitter.biz\/sessions\/mlwf> look like a dead-end. for example: <https:\/\/airflow_scheduler--devel--ipascu.service.smf1.twitter.biz\/> :thinking_face:",
        "user": "W82QX8RQX",
        "ts": "1558395292.056200",
        "team": "T86S8GHEG",
        "user_team": "T86S8GHEG",
        "source_team": "T86S8GHEG",
        "user_profile": {
            "avatar_hash": "2daf52cd3e6f",
            "image_72": "https:\/\/avatars.slack-edge.com\/2019-09-26\/774303559316_2daf52cd3e6fc7c37713_72.jpg",
            "first_name": "Iuliana",
            "real_name": "Iuliana Pascu",
            "display_name": "ipascu",
            "team": "T86S8GHEG",
            "name": "ipascu",
            "is_restricted": false,
            "is_ultra_restricted": false
        }
    },
    {
        "client_msg_id": "a37af99a-d324-4417-8072-8336329a67a8",
        "type": "message",
        "text": "Ugh, it's because mlwf changed the way how it's organized... will fix. thanks for reporting",
        "user": "W831QSCAK",
        "ts": "1558395329.056600",
        "team": "T86S8GHEG",
        "user_team": "T86S8GHEG",
        "source_team": "T86S8GHEG",
        "user_profile": {
            "avatar_hash": "3125369172db",
            "image_72": "https:\/\/avatars.slack-edge.com\/2020-03-09\/989620483264_3125369172db64b56474_72.jpg",
            "first_name": "Xiao",
            "real_name": "Xiao Zhu",
            "display_name": "xzhu",
            "team": "T86S8GHEG",
            "name": "xzhu",
            "is_restricted": false,
            "is_ultra_restricted": false
        },
        "reactions": [
            {
                "name": "+1",
                "users": [
                    "W82QX8RQX"
                ],
                "count": 1
            }
        ]
    },
    {
        "client_msg_id": "8d9feeca-55c7-4fa2-9248-b7b2e341c9d2",
        "type": "message",
        "text": "meanwhile just removing the _scheduler part will fix the problem",
        "user": "W831QSCAK",
        "ts": "1558395347.056900",
        "team": "T86S8GHEG",
        "user_team": "T86S8GHEG",
        "source_team": "T86S8GHEG",
        "user_profile": {
            "avatar_hash": "3125369172db",
            "image_72": "https:\/\/avatars.slack-edge.com\/2020-03-09\/989620483264_3125369172db64b56474_72.jpg",
            "first_name": "Xiao",
            "real_name": "Xiao Zhu",
            "display_name": "xzhu",
            "team": "T86S8GHEG",
            "name": "xzhu",
            "is_restricted": false,
            "is_ultra_restricted": false
        },
        "edited": {
            "user": "W831QSCAK",
            "ts": "1558395366.000000"
        }
    },
    {
        "client_msg_id": "167ce6c2-9594-460d-9e5d-063c33ff8eff",
        "type": "message",
        "text": "hi team, I tried selecting 2 runs in mldash and then launching a tensorboard link: <http:\/\/http--0--jingpingw-tb-70e0d08708--devel--mldashboard.service.smf1.twitter.biz\/#scalars&amp;run=.&amp;_smoothingWeight=0&amp;runSelectionState=eyIuIjp0cnVlLCJldmFsIjp0cnVlfQ%3D%3D>\nI noticed that there was only 1 run featured there, although the paths printed out in the go\/mldash\/sessions show both paths. Are we able\/supposed to monitor multiple runs with 1 tensorboard link?",
        "user": "W82KC8JHL",
        "ts": "1558401003.058800",
        "team": "T86S8GHEG",
        "user_team": "T86S8GHEG",
        "source_team": "T86S8GHEG",
        "user_profile": {
            "avatar_hash": "24fc13624153",
            "image_72": "https:\/\/avatars.slack-edge.com\/2018-02-02\/308157673217_24fc13624153b513b7be_72.png",
            "first_name": "Jing Ping",
            "real_name": "Jing Ping Wong",
            "display_name": "jingpingw",
            "team": "T86S8GHEG",
            "name": "jingpingw",
            "is_restricted": false,
            "is_ultra_restricted": false
        },
        "thread_ts": "1558401003.058800",
        "reply_count": 3,
        "reply_users_count": 2,
        "latest_reply": "1558402915.059400",
        "reply_users": [
            "W831QSCAK",
            "W82KC8JHL"
        ],
        "replies": [
            {
                "user": "W831QSCAK",
                "ts": "1558401194.059000"
            },
            {
                "user": "W82KC8JHL",
                "ts": "1558401230.059200"
            },
            {
                "user": "W831QSCAK",
                "ts": "1558402915.059400"
            }
        ],
        "subscribed": false
    },
    {
        "client_msg_id": "94cea9fd-1c06-4d3c-909c-114632914372",
        "type": "message",
        "text": "hmm, I think we need <#C8R53SM2A|deepbird-v2-support>",
        "user": "W831QSCAK",
        "ts": "1558401194.059000",
        "team": "T86S8GHEG",
        "user_team": "T86S8GHEG",
        "source_team": "T86S8GHEG",
        "user_profile": {
            "avatar_hash": "3125369172db",
            "image_72": "https:\/\/avatars.slack-edge.com\/2020-03-09\/989620483264_3125369172db64b56474_72.jpg",
            "first_name": "Xiao",
            "real_name": "Xiao Zhu",
            "display_name": "xzhu",
            "team": "T86S8GHEG",
            "name": "xzhu",
            "is_restricted": false,
            "is_ultra_restricted": false
        },
        "thread_ts": "1558401003.058800",
        "parent_user_id": "W82KC8JHL"
    },
    {
        "client_msg_id": "88ca4746-51bc-44da-8958-38cae7d48f80",
        "type": "message",
        "text": ":ok_hand::skin-tone-3:",
        "user": "W82KC8JHL",
        "ts": "1558401230.059200",
        "team": "T86S8GHEG",
        "user_team": "T86S8GHEG",
        "source_team": "T86S8GHEG",
        "user_profile": {
            "avatar_hash": "24fc13624153",
            "image_72": "https:\/\/avatars.slack-edge.com\/2018-02-02\/308157673217_24fc13624153b513b7be_72.png",
            "first_name": "Jing Ping",
            "real_name": "Jing Ping Wong",
            "display_name": "jingpingw",
            "team": "T86S8GHEG",
            "name": "jingpingw",
            "is_restricted": false,
            "is_ultra_restricted": false
        },
        "thread_ts": "1558401003.058800",
        "parent_user_id": "W82KC8JHL"
    },
    {
        "client_msg_id": "12857e31-2610-404c-a912-5d9e1b394986",
        "type": "message",
        "text": "<https:\/\/phabricator.twitter.biz\/D317556>",
        "user": "W831QSCAK",
        "ts": "1558402915.059400",
        "team": "T86S8GHEG",
        "user_team": "T86S8GHEG",
        "source_team": "T86S8GHEG",
        "user_profile": {
            "avatar_hash": "3125369172db",
            "image_72": "https:\/\/avatars.slack-edge.com\/2020-03-09\/989620483264_3125369172db64b56474_72.jpg",
            "first_name": "Xiao",
            "real_name": "Xiao Zhu",
            "display_name": "xzhu",
            "team": "T86S8GHEG",
            "name": "xzhu",
            "is_restricted": false,
            "is_ultra_restricted": false
        },
        "thread_ts": "1558401003.058800",
        "parent_user_id": "W82KC8JHL"
    },
    {
        "client_msg_id": "239689ac-7502-42c6-83ef-d9244ae5d9c2",
        "type": "message",
        "text": "~.~",
        "user": "W831QSCAK",
        "ts": "1558402985.060000",
        "team": "T86S8GHEG",
        "user_team": "T86S8GHEG",
        "source_team": "T86S8GHEG",
        "user_profile": {
            "avatar_hash": "3125369172db",
            "image_72": "https:\/\/avatars.slack-edge.com\/2020-03-09\/989620483264_3125369172db64b56474_72.jpg",
            "first_name": "Xiao",
            "real_name": "Xiao Zhu",
            "display_name": "xzhu",
            "team": "T86S8GHEG",
            "name": "xzhu",
            "is_restricted": false,
            "is_ultra_restricted": false
        },
        "edited": {
            "user": "W831QSCAK",
            "ts": "1558403055.000000"
        }
    }
]