[
    {
        "type": "message",
        "subtype": "bot_message",
        "text": "Target <https:\/\/aurora-smf1.twitter.biz\/scheduler\/mldashboard\/prod\/jazzy_mldashboard\/update\/81578761-30e9-41e6-a60c-9c0b9e26dcda|smf1\/mldashboard\/prod\/jazzy_mldashboard> started execution for workflow <https:\/\/workflows.twitter.biz\/workflow\/mldashboard\/jazzy-mldashboard\/581|jazzy-mldashboard:V581>",
        "ts": "1559065207.003400",
        "username": "deploybot",
        "bot_id": "B8EV9KHMH",
        "reactions": [
            {
                "name": "parrot",
                "users": [
                    "W831QSCAK"
                ],
                "count": 1
            },
            {
                "name": "clapping",
                "users": [
                    "WG9RP9PEH"
                ],
                "count": 1
            }
        ]
    },
    {
        "type": "message",
        "subtype": "bot_message",
        "text": "Target <https:\/\/aurora-smf1.twitter.biz\/scheduler\/mldashboard\/prod\/jazzy_mldashboard\/update\/81578761-30e9-41e6-a60c-9c0b9e26dcda|smf1\/mldashboard\/prod\/jazzy_mldashboard> successfully finished for workflow <https:\/\/workflows.twitter.biz\/workflow\/mldashboard\/jazzy-mldashboard\/581|jazzy-mldashboard:V581>",
        "ts": "1559065392.003700",
        "username": "deploybot",
        "bot_id": "B8EV9KHMH"
    },
    {
        "client_msg_id": "61082db2-ae61-4c80-bcd9-7c811aeaa288",
        "type": "message",
        "text": "is this supposed to show tensorboard-like charts? <https:\/\/mldashboard.twitter.biz\/runs\/abean%3Awide_deep_distributed%3Adist48%3A48Pt_512Ba_1024Msa_05-28-08-38>",
        "user": "WAX2RDTGB",
        "ts": "1559079276.004300",
        "team": "T86S8GHEG",
        "user_team": "T86S8GHEG",
        "source_team": "T86S8GHEG",
        "user_profile": {
            "avatar_hash": "d652be5f2d9e",
            "image_72": "https:\/\/avatars.slack-edge.com\/2019-11-25\/848747792581_d652be5f2d9e91c30d3b_72.png",
            "first_name": "Andrew",
            "real_name": "Andrew Bean",
            "display_name": "abean",
            "team": "T86S8GHEG",
            "name": "abean",
            "is_restricted": false,
            "is_ultra_restricted": false
        },
        "thread_ts": "1559079276.004300",
        "reply_count": 16,
        "reply_users_count": 2,
        "latest_reply": "1559079929.007400",
        "reply_users": [
            "W831QSCAK",
            "WAX2RDTGB"
        ],
        "replies": [
            {
                "user": "W831QSCAK",
                "ts": "1559079352.004400"
            },
            {
                "user": "W831QSCAK",
                "ts": "1559079373.004600"
            },
            {
                "user": "WAX2RDTGB",
                "ts": "1559079595.004800"
            },
            {
                "user": "W831QSCAK",
                "ts": "1559079606.005000"
            },
            {
                "user": "WAX2RDTGB",
                "ts": "1559079620.005200"
            },
            {
                "user": "W831QSCAK",
                "ts": "1559079625.005400"
            },
            {
                "user": "WAX2RDTGB",
                "ts": "1559079664.005600"
            },
            {
                "user": "WAX2RDTGB",
                "ts": "1559079682.005800"
            },
            {
                "user": "W831QSCAK",
                "ts": "1559079686.006000"
            },
            {
                "user": "W831QSCAK",
                "ts": "1559079729.006200"
            },
            {
                "user": "WAX2RDTGB",
                "ts": "1559079737.006400"
            },
            {
                "user": "W831QSCAK",
                "ts": "1559079754.006600"
            },
            {
                "user": "WAX2RDTGB",
                "ts": "1559079766.006800"
            },
            {
                "user": "WAX2RDTGB",
                "ts": "1559079870.007000"
            },
            {
                "user": "W831QSCAK",
                "ts": "1559079915.007200"
            },
            {
                "user": "WAX2RDTGB",
                "ts": "1559079929.007400"
            }
        ],
        "subscribed": false
    },
    {
        "client_msg_id": "35ec5f3d-75ac-46bb-b5f8-777a22d88888",
        "type": "message",
        "text": "only if you have a train_and_eval call in your model config. otherwise it's just a record of your training, and you can launch tensorboard from there. (you do have a record of the corresponding eval in the experiment).",
        "user": "W831QSCAK",
        "ts": "1559079352.004400",
        "team": "T86S8GHEG",
        "user_team": "T86S8GHEG",
        "source_team": "T86S8GHEG",
        "user_profile": {
            "avatar_hash": "3125369172db",
            "image_72": "https:\/\/avatars.slack-edge.com\/2020-03-09\/989620483264_3125369172db64b56474_72.jpg",
            "first_name": "Xiao",
            "real_name": "Xiao Zhu",
            "display_name": "xzhu",
            "team": "T86S8GHEG",
            "name": "xzhu",
            "is_restricted": false,
            "is_ultra_restricted": false
        },
        "thread_ts": "1559079276.004300",
        "parent_user_id": "WAX2RDTGB"
    },
    {
        "client_msg_id": "3dd045c2-0324-4c06-9a57-9ddeb2f46fb7",
        "type": "message",
        "text": "cc <@W81BJEAGZ> should we capture train metrics as well? now the hook just runs with eval",
        "user": "W831QSCAK",
        "ts": "1559079373.004600",
        "team": "T86S8GHEG",
        "user_team": "T86S8GHEG",
        "source_team": "T86S8GHEG",
        "user_profile": {
            "avatar_hash": "3125369172db",
            "image_72": "https:\/\/avatars.slack-edge.com\/2020-03-09\/989620483264_3125369172db64b56474_72.jpg",
            "first_name": "Xiao",
            "real_name": "Xiao Zhu",
            "display_name": "xzhu",
            "team": "T86S8GHEG",
            "name": "xzhu",
            "is_restricted": false,
            "is_ultra_restricted": false
        },
        "thread_ts": "1559079276.004300",
        "parent_user_id": "WAX2RDTGB"
    },
    {
        "client_msg_id": "f6dc8ce7-8cbe-4717-bac9-df9bb989bd23",
        "type": "message",
        "text": "i'm training with train_and_evaluate, do you mean i need to do something else?",
        "user": "WAX2RDTGB",
        "ts": "1559079595.004800",
        "team": "T86S8GHEG",
        "user_team": "T86S8GHEG",
        "source_team": "T86S8GHEG",
        "user_profile": {
            "avatar_hash": "d652be5f2d9e",
            "image_72": "https:\/\/avatars.slack-edge.com\/2019-11-25\/848747792581_d652be5f2d9e91c30d3b_72.png",
            "first_name": "Andrew",
            "real_name": "Andrew Bean",
            "display_name": "abean",
            "team": "T86S8GHEG",
            "name": "abean",
            "is_restricted": false,
            "is_ultra_restricted": false
        },
        "thread_ts": "1559079276.004300",
        "parent_user_id": "WAX2RDTGB"
    },
    {
        "client_msg_id": "a2cff067-71ce-467a-8895-51ca393ba9d0",
        "type": "message",
        "text": "oh, can I have a look at your model config?",
        "user": "W831QSCAK",
        "ts": "1559079606.005000",
        "team": "T86S8GHEG",
        "user_team": "T86S8GHEG",
        "source_team": "T86S8GHEG",
        "user_profile": {
            "avatar_hash": "3125369172db",
            "image_72": "https:\/\/avatars.slack-edge.com\/2020-03-09\/989620483264_3125369172db64b56474_72.jpg",
            "first_name": "Xiao",
            "real_name": "Xiao Zhu",
            "display_name": "xzhu",
            "team": "T86S8GHEG",
            "name": "xzhu",
            "is_restricted": false,
            "is_ultra_restricted": false
        },
        "thread_ts": "1559079276.004300",
        "parent_user_id": "WAX2RDTGB"
    },
    {
        "client_msg_id": "8ef45b6b-2384-4b7c-85b5-4c2ed714c332",
        "type": "message",
        "text": "the model.py?",
        "user": "WAX2RDTGB",
        "ts": "1559079620.005200",
        "team": "T86S8GHEG",
        "user_team": "T86S8GHEG",
        "source_team": "T86S8GHEG",
        "user_profile": {
            "avatar_hash": "d652be5f2d9e",
            "image_72": "https:\/\/avatars.slack-edge.com\/2019-11-25\/848747792581_d652be5f2d9e91c30d3b_72.png",
            "first_name": "Andrew",
            "real_name": "Andrew Bean",
            "display_name": "abean",
            "team": "T86S8GHEG",
            "name": "abean",
            "is_restricted": false,
            "is_ultra_restricted": false
        },
        "thread_ts": "1559079276.004300",
        "parent_user_id": "WAX2RDTGB"
    },
    {
        "client_msg_id": "e85e5136-1c41-46a5-974c-31877e5e9cd2",
        "type": "message",
        "text": "yes",
        "user": "W831QSCAK",
        "ts": "1559079625.005400",
        "team": "T86S8GHEG",
        "user_team": "T86S8GHEG",
        "source_team": "T86S8GHEG",
        "user_profile": {
            "avatar_hash": "3125369172db",
            "image_72": "https:\/\/avatars.slack-edge.com\/2020-03-09\/989620483264_3125369172db64b56474_72.jpg",
            "first_name": "Xiao",
            "real_name": "Xiao Zhu",
            "display_name": "xzhu",
            "team": "T86S8GHEG",
            "name": "xzhu",
            "is_restricted": false,
            "is_ultra_restricted": false
        },
        "thread_ts": "1559079276.004300",
        "parent_user_id": "WAX2RDTGB"
    },
    {
        "client_msg_id": "aaeb966f-4b75-4d24-8d5a-f85edc0700d4",
        "type": "message",
        "text": "<https:\/\/cgit.twitter.biz\/source\/tree\/twml\/benchmarks\/models\/wide_deep\/model_distributed.py>",
        "user": "WAX2RDTGB",
        "ts": "1559079664.005600",
        "team": "T86S8GHEG",
        "user_team": "T86S8GHEG",
        "source_team": "T86S8GHEG",
        "user_profile": {
            "avatar_hash": "d652be5f2d9e",
            "image_72": "https:\/\/avatars.slack-edge.com\/2019-11-25\/848747792581_d652be5f2d9e91c30d3b_72.png",
            "first_name": "Andrew",
            "real_name": "Andrew Bean",
            "display_name": "abean",
            "team": "T86S8GHEG",
            "name": "abean",
            "is_restricted": false,
            "is_ultra_restricted": false
        },
        "thread_ts": "1559079276.004300",
        "parent_user_id": "WAX2RDTGB"
    },
    {
        "client_msg_id": "b0013e31-fe27-413a-b904-0ddf440c7a7d",
        "type": "message",
        "text": "btw it's distributed training, dunno if that makes a difference",
        "user": "WAX2RDTGB",
        "ts": "1559079682.005800",
        "team": "T86S8GHEG",
        "user_team": "T86S8GHEG",
        "source_team": "T86S8GHEG",
        "user_profile": {
            "avatar_hash": "d652be5f2d9e",
            "image_72": "https:\/\/avatars.slack-edge.com\/2019-11-25\/848747792581_d652be5f2d9e91c30d3b_72.png",
            "first_name": "Andrew",
            "real_name": "Andrew Bean",
            "display_name": "abean",
            "team": "T86S8GHEG",
            "name": "abean",
            "is_restricted": false,
            "is_ultra_restricted": false
        },
        "thread_ts": "1559079276.004300",
        "parent_user_id": "WAX2RDTGB"
    },
    {
        "client_msg_id": "e3a98dfd-85a2-4203-83bd-a090700d5278",
        "type": "message",
        "text": "ahhhh, that's a different thing",
        "user": "W831QSCAK",
        "ts": "1559079686.006000",
        "team": "T86S8GHEG",
        "user_team": "T86S8GHEG",
        "source_team": "T86S8GHEG",
        "user_profile": {
            "avatar_hash": "3125369172db",
            "image_72": "https:\/\/avatars.slack-edge.com\/2020-03-09\/989620483264_3125369172db64b56474_72.jpg",
            "first_name": "Xiao",
            "real_name": "Xiao Zhu",
            "display_name": "xzhu",
            "team": "T86S8GHEG",
            "name": "xzhu",
            "is_restricted": false,
            "is_ultra_restricted": false
        },
        "thread_ts": "1559079276.004300",
        "parent_user_id": "WAX2RDTGB"
    },
    {
        "client_msg_id": "b6eb1be0-073c-44aa-97de-3de0d245d2e3",
        "type": "message",
        "text": "yes for distributed training we are figuring out how we collect metrics data. we plan to have it covered later.",
        "user": "W831QSCAK",
        "ts": "1559079729.006200",
        "team": "T86S8GHEG",
        "user_team": "T86S8GHEG",
        "source_team": "T86S8GHEG",
        "user_profile": {
            "avatar_hash": "3125369172db",
            "image_72": "https:\/\/avatars.slack-edge.com\/2020-03-09\/989620483264_3125369172db64b56474_72.jpg",
            "first_name": "Xiao",
            "real_name": "Xiao Zhu",
            "display_name": "xzhu",
            "team": "T86S8GHEG",
            "name": "xzhu",
            "is_restricted": false,
            "is_ultra_restricted": false
        },
        "thread_ts": "1559079276.004300",
        "parent_user_id": "WAX2RDTGB"
    },
    {
        "client_msg_id": "2a8ab433-b37b-464f-b722-10cfa83970c8",
        "type": "message",
        "text": "nice, thanks",
        "user": "WAX2RDTGB",
        "ts": "1559079737.006400",
        "team": "T86S8GHEG",
        "user_team": "T86S8GHEG",
        "source_team": "T86S8GHEG",
        "user_profile": {
            "avatar_hash": "d652be5f2d9e",
            "image_72": "https:\/\/avatars.slack-edge.com\/2019-11-25\/848747792581_d652be5f2d9e91c30d3b_72.png",
            "first_name": "Andrew",
            "real_name": "Andrew Bean",
            "display_name": "abean",
            "team": "T86S8GHEG",
            "name": "abean",
            "is_restricted": false,
            "is_ultra_restricted": false
        },
        "thread_ts": "1559079276.004300",
        "parent_user_id": "WAX2RDTGB"
    },
    {
        "client_msg_id": "3cf68c4e-1d98-400a-8c97-c068fae8cdfe",
        "type": "message",
        "text": "for now you can launch tensorboard from mldash, that should show you your metrics",
        "user": "W831QSCAK",
        "ts": "1559079754.006600",
        "team": "T86S8GHEG",
        "user_team": "T86S8GHEG",
        "source_team": "T86S8GHEG",
        "user_profile": {
            "avatar_hash": "3125369172db",
            "image_72": "https:\/\/avatars.slack-edge.com\/2020-03-09\/989620483264_3125369172db64b56474_72.jpg",
            "first_name": "Xiao",
            "real_name": "Xiao Zhu",
            "display_name": "xzhu",
            "team": "T86S8GHEG",
            "name": "xzhu",
            "is_restricted": false,
            "is_ultra_restricted": false
        },
        "thread_ts": "1559079276.004300",
        "parent_user_id": "WAX2RDTGB"
    },
    {
        "client_msg_id": "a2360da0-2dc6-4d32-8777-a8cf0cde7934",
        "type": "message",
        "text": "yep",
        "user": "WAX2RDTGB",
        "ts": "1559079766.006800",
        "team": "T86S8GHEG",
        "user_team": "T86S8GHEG",
        "source_team": "T86S8GHEG",
        "user_profile": {
            "avatar_hash": "d652be5f2d9e",
            "image_72": "https:\/\/avatars.slack-edge.com\/2019-11-25\/848747792581_d652be5f2d9e91c30d3b_72.png",
            "first_name": "Andrew",
            "real_name": "Andrew Bean",
            "display_name": "abean",
            "team": "T86S8GHEG",
            "name": "abean",
            "is_restricted": false,
            "is_ultra_restricted": false
        },
        "thread_ts": "1559079276.004300",
        "parent_user_id": "WAX2RDTGB"
    },
    {
        "client_msg_id": "24d0dc03-c27a-42e2-9c4a-b65237505f02",
        "type": "message",
        "text": "i saw some other experiments that did have the charts. might be worthwhile to separate some of the metrics to different charts. e.g. the RCE-related metrics could go together, but loss should be a separate chart",
        "user": "WAX2RDTGB",
        "ts": "1559079870.007000",
        "team": "T86S8GHEG",
        "user_team": "T86S8GHEG",
        "source_team": "T86S8GHEG",
        "user_profile": {
            "avatar_hash": "d652be5f2d9e",
            "image_72": "https:\/\/avatars.slack-edge.com\/2019-11-25\/848747792581_d652be5f2d9e91c30d3b_72.png",
            "first_name": "Andrew",
            "real_name": "Andrew Bean",
            "display_name": "abean",
            "team": "T86S8GHEG",
            "name": "abean",
            "is_restricted": false,
            "is_ultra_restricted": false
        },
        "thread_ts": "1559079276.004300",
        "parent_user_id": "WAX2RDTGB"
    },
    {
        "client_msg_id": "7112c278-714d-4acb-bce8-39d9304504a9",
        "type": "message",
        "text": "that's a good idea. mind to file a quick ticket to us via go\/cortexrequest?",
        "user": "W831QSCAK",
        "ts": "1559079915.007200",
        "team": "T86S8GHEG",
        "user_team": "T86S8GHEG",
        "source_team": "T86S8GHEG",
        "user_profile": {
            "avatar_hash": "3125369172db",
            "image_72": "https:\/\/avatars.slack-edge.com\/2020-03-09\/989620483264_3125369172db64b56474_72.jpg",
            "first_name": "Xiao",
            "real_name": "Xiao Zhu",
            "display_name": "xzhu",
            "team": "T86S8GHEG",
            "name": "xzhu",
            "is_restricted": false,
            "is_ultra_restricted": false
        },
        "thread_ts": "1559079276.004300",
        "parent_user_id": "WAX2RDTGB"
    },
    {
        "client_msg_id": "4d6d4682-c628-4768-89a1-d03ab881c556",
        "type": "message",
        "text": "sure",
        "user": "WAX2RDTGB",
        "ts": "1559079929.007400",
        "team": "T86S8GHEG",
        "user_team": "T86S8GHEG",
        "source_team": "T86S8GHEG",
        "user_profile": {
            "avatar_hash": "d652be5f2d9e",
            "image_72": "https:\/\/avatars.slack-edge.com\/2019-11-25\/848747792581_d652be5f2d9e91c30d3b_72.png",
            "first_name": "Andrew",
            "real_name": "Andrew Bean",
            "display_name": "abean",
            "team": "T86S8GHEG",
            "name": "abean",
            "is_restricted": false,
            "is_ultra_restricted": false
        },
        "thread_ts": "1559079276.004300",
        "parent_user_id": "WAX2RDTGB"
    }
]