[
    {
        "type": "message",
        "subtype": "bot_message",
        "text": "Target <https:\/\/aurora-smf1.twitter.biz\/scheduler\/mldashboard\/prod\/jazzy_mldashboard\/update\/9e2f1f26-a56b-4bfd-bd84-7e51bfde285e|smf1\/mldashboard\/prod\/jazzy_mldashboard> started execution for workflow <https:\/\/workflows.twitter.biz\/workflow\/mldashboard\/jazzy-mldashboard\/701|jazzy-mldashboard:V701>",
        "ts": "1565028832.025100",
        "username": "deploybot",
        "bot_id": "B8EV9KHMH"
    },
    {
        "type": "message",
        "subtype": "bot_message",
        "text": "Target <https:\/\/aurora-smf1.twitter.biz\/scheduler\/mldashboard\/prod\/jazzy_mldashboard\/update\/9e2f1f26-a56b-4bfd-bd84-7e51bfde285e|smf1\/mldashboard\/prod\/jazzy_mldashboard> successfully finished for workflow <https:\/\/workflows.twitter.biz\/workflow\/mldashboard\/jazzy-mldashboard\/701|jazzy-mldashboard:V701>",
        "ts": "1565029038.025200",
        "username": "deploybot",
        "bot_id": "B8EV9KHMH"
    }
]