[
    {
        "bot_id": "B8A47HZCL",
        "type": "message",
        "text": "FYI: <@WB8SBCKK6> <@W81EYMXMZ> are now active for oncall",
        "user": "W89H645FB",
        "ts": "1561557749.118100",
        "team": "T86S8GHEG",
        "bot_profile": {
            "id": "B8A47HZCL",
            "deleted": false,
            "name": "bot",
            "updated": 1512499948,
            "app_id": "A0F7YS25R",
            "icons": {
                "image_36": "https:\/\/a.slack-edge.com\/80588\/img\/services\/bots_36.png",
                "image_48": "https:\/\/a.slack-edge.com\/80588\/img\/plugins\/bot\/service_48.png",
                "image_72": "https:\/\/a.slack-edge.com\/80588\/img\/services\/bots_72.png"
            },
            "team_id": "T86S8GHEG"
        }
    },
    {
        "client_msg_id": "35a41c88-8855-4f47-83d7-0d3a40495072",
        "type": "message",
        "text": "small phab: <https:\/\/phabricator.twitter.biz\/D328631>",
        "user": "WF7NSLPB5",
        "ts": "1561570972.118400",
        "team": "T86S8GHEG",
        "user_team": "T86S8GHEG",
        "source_team": "T86S8GHEG",
        "user_profile": {
            "avatar_hash": "3671e39344a5",
            "image_72": "https:\/\/avatars.slack-edge.com\/2019-01-28\/535648164674_3671e39344a53abef1d3_72.jpg",
            "first_name": "Alim",
            "real_name": "Alim Virani",
            "display_name": "avirani",
            "team": "T86S8GHEG",
            "name": "avirani",
            "is_restricted": false,
            "is_ultra_restricted": false
        },
        "reactions": [
            {
                "name": "stamp",
                "users": [
                    "W831QSCAK"
                ],
                "count": 1
            }
        ]
    },
    {
        "client_msg_id": "6bfed96b-601d-449a-874c-3266986b515c",
        "type": "message",
        "text": "mini phab: <https:\/\/phabricator.twitter.biz\/D327634>",
        "user": "WF7NSLPB5",
        "ts": "1561573671.118800",
        "team": "T86S8GHEG",
        "user_team": "T86S8GHEG",
        "source_team": "T86S8GHEG",
        "user_profile": {
            "avatar_hash": "3671e39344a5",
            "image_72": "https:\/\/avatars.slack-edge.com\/2019-01-28\/535648164674_3671e39344a53abef1d3_72.jpg",
            "first_name": "Alim",
            "real_name": "Alim Virani",
            "display_name": "avirani",
            "team": "T86S8GHEG",
            "name": "avirani",
            "is_restricted": false,
            "is_ultra_restricted": false
        },
        "reactions": [
            {
                "name": "stamp",
                "users": [
                    "W831QSCAK"
                ],
                "count": 1
            }
        ]
    },
    {
        "type": "message",
        "subtype": "bot_message",
        "text": "",
        "ts": "1561575198.119000",
        "bot_id": "BJZATHRC4",
        "attachments": [
            {
                "fallback": "Event updated: ML Dash office hour: <!date^1558126800^{date_short_pretty} from {time}|May 17th, 2019 from 2:00 PM> to <!date^1558130400^{time}|3:00 PM GMT-0700>\nRecurring every week on Friday until <!date^1561705199^{date_pretty}|June 27th, 2019>",
                "text": "<!date^1558126800^{date_short_pretty} from {time}|May 17th, 2019 from 2:00 PM> to <!date^1558130400^{time}|3:00 PM GMT-0700>\nRecurring every week on Friday until <!date^1561705199^{date_pretty}|June 27th, 2019> at <https:\/\/maps.google.com\/maps?q=SFMarket-8-Kestrel+%288%29+%5BHangouts%2C+Jamboard%2C+LCD%5D|SFMarket-8-Kestrel (8) [Hangouts, Jamboard, LCD]>",
                "pretext": "Calendar event updated",
                "title": "ML Dash office hour",
                "id": 1,
                "title_link": "https:\/\/www.google.com\/calendar\/event?eid=MTlxdG1mMGdrY2lobWNtcmkwdm5waWphbjRfUjIwMTkwNTE3VDIxMDAwMF8yMDE5MDUxN1QyMTAwMDBaIHR3aXR0ZXIuY29tX2Y0a29rYzEzdmxrZnVtNHM1cGhsYWQxNWUwQGc",
                "mrkdwn_in": [
                    "text",
                    "pretext"
                ]
            }
        ]
    },
    {
        "type": "message",
        "subtype": "bot_message",
        "text": "",
        "ts": "1561575199.119100",
        "bot_id": "BJZATHRC4",
        "attachments": [
            {
                "fallback": "Event updated: ML Dash office hour: <!date^1561755600^{date_short_pretty} from {time}|June 28th, 2019 from 2:00 PM> to <!date^1561759200^{time}|3:00 PM GMT-0700>\nRecurring every week on Friday",
                "text": "<!date^1561755600^{date_short_pretty} from {time}|June 28th, 2019 from 2:00 PM> to <!date^1561759200^{time}|3:00 PM GMT-0700>\nRecurring every week on Friday at <https:\/\/maps.google.com\/maps?q=SFMarket-8-Kestrel+%288%29+%5BHangouts%2C+Jamboard%2C+LCD%5D|SFMarket-8-Kestrel (8) [Hangouts, Jamboard, LCD]>",
                "pretext": "Calendar event updated",
                "title": "ML Dash office hour",
                "id": 1,
                "title_link": "https:\/\/www.google.com\/calendar\/event?eid=MTlxdG1mMGdrY2lobWNtcmkwdm5waWphbjRfUjIwMTkwNjI4VDIxMDAwMF8yMDE5MDYyOFQyMTAwMDBaIHR3aXR0ZXIuY29tX2Y0a29rYzEzdmxrZnVtNHM1cGhsYWQxNWUwQGc",
                "color": "cabdbf",
                "mrkdwn_in": [
                    "text",
                    "pretext",
                    "more"
                ]
            }
        ]
    },
    {
        "type": "message",
        "subtype": "bot_message",
        "text": "",
        "ts": "1561575199.119200",
        "bot_id": "BJZATHRC4",
        "attachments": [
            {
                "fallback": "Event updated: ML Dash office hour: <!date^1562360400^{date_short_pretty} from {time}|July 5th, 2019 from 2:00 PM> to <!date^1562364000^{time}|3:00 PM GMT-0700>",
                "text": "<!date^1562360400^{date_short_pretty} from {time}|July 5th, 2019 from 2:00 PM> to <!date^1562364000^{time}|3:00 PM GMT-0700> at <https:\/\/maps.google.com\/maps?q=SFMarket-8-Kestrel+%288%29+%5BHangouts%2C+Jamboard%2C+LCD%5D|SFMarket-8-Kestrel (8) [Hangouts, Jamboard, LCD]>",
                "pretext": "Calendar event updated",
                "title": "ML Dash office hour",
                "id": 1,
                "title_link": "https:\/\/www.google.com\/calendar\/event?eid=MTlxdG1mMGdrY2lobWNtcmkwdm5waWphbjRfMjAxOTA3MDVUMjEwMDAwWiB0d2l0dGVyLmNvbV9mNGtva2MxM3Zsa2Z1bTRzNXBobGFkMTVlMEBn",
                "color": "cabdbf",
                "mrkdwn_in": [
                    "text",
                    "pretext",
                    "more"
                ]
            }
        ]
    },
    {
        "bot_id": "B8A47HZCL",
        "type": "message",
        "text": "FYI:  is now active for oncall",
        "user": "W89H645FB",
        "ts": "1561595558.119300",
        "team": "T86S8GHEG",
        "bot_profile": {
            "id": "B8A47HZCL",
            "deleted": false,
            "name": "bot",
            "updated": 1512499948,
            "app_id": "A0F7YS25R",
            "icons": {
                "image_36": "https:\/\/a.slack-edge.com\/80588\/img\/services\/bots_36.png",
                "image_48": "https:\/\/a.slack-edge.com\/80588\/img\/plugins\/bot\/service_48.png",
                "image_72": "https:\/\/a.slack-edge.com\/80588\/img\/services\/bots_72.png"
            },
            "team_id": "T86S8GHEG"
        }
    }
]