[
    {
        "bot_id": "B8A47HZCL",
        "type": "message",
        "text": "FYI: <@W81LU64GJ> <@W81EYMXMZ> are now active for oncall",
        "user": "W89H645FB",
        "ts": "1560175338.031300",
        "team": "T86S8GHEG",
        "bot_profile": {
            "id": "B8A47HZCL",
            "deleted": false,
            "name": "bot",
            "updated": 1512499948,
            "app_id": "A0F7YS25R",
            "icons": {
                "image_36": "https:\/\/a.slack-edge.com\/80588\/img\/services\/bots_36.png",
                "image_48": "https:\/\/a.slack-edge.com\/80588\/img\/plugins\/bot\/service_48.png",
                "image_72": "https:\/\/a.slack-edge.com\/80588\/img\/services\/bots_72.png"
            },
            "team_id": "T86S8GHEG"
        }
    },
    {
        "type": "message",
        "subtype": "bot_message",
        "text": "Target <https:\/\/aurora-smf1.twitter.biz\/scheduler\/mldashboard\/prod\/jazzy_mldashboard\/update\/935e8735-4f83-4c97-a234-bb3c2abaeafc|smf1\/mldashboard\/prod\/jazzy_mldashboard> started execution for workflow <https:\/\/workflows.twitter.biz\/workflow\/mldashboard\/jazzy-mldashboard\/603|jazzy-mldashboard:V603>",
        "ts": "1560189127.031400",
        "username": "deploybot",
        "bot_id": "B8EV9KHMH"
    },
    {
        "type": "message",
        "subtype": "bot_message",
        "text": "Target <https:\/\/aurora-smf1.twitter.biz\/scheduler\/mldashboard\/prod\/jazzy_mldashboard\/update\/935e8735-4f83-4c97-a234-bb3c2abaeafc|smf1\/mldashboard\/prod\/jazzy_mldashboard> successfully finished for workflow <https:\/\/workflows.twitter.biz\/workflow\/mldashboard\/jazzy-mldashboard\/603|jazzy-mldashboard:V603>",
        "ts": "1560189300.031500",
        "username": "deploybot",
        "bot_id": "B8EV9KHMH"
    },
    {
        "bot_id": "B8A47HZCL",
        "type": "message",
        "text": "FYI:  is now active for oncall",
        "user": "W89H645FB",
        "ts": "1560213140.031600",
        "team": "T86S8GHEG",
        "bot_profile": {
            "id": "B8A47HZCL",
            "deleted": false,
            "name": "bot",
            "updated": 1512499948,
            "app_id": "A0F7YS25R",
            "icons": {
                "image_36": "https:\/\/a.slack-edge.com\/80588\/img\/services\/bots_36.png",
                "image_48": "https:\/\/a.slack-edge.com\/80588\/img\/plugins\/bot\/service_48.png",
                "image_72": "https:\/\/a.slack-edge.com\/80588\/img\/services\/bots_72.png"
            },
            "team_id": "T86S8GHEG"
        }
    }
]