[
    {
        "client_msg_id": "e9ce2310-accf-4aa1-a6ed-e00b72171525",
        "type": "message",
        "text": "Is there a (simple) way to manually add an experiment to the mldash?",
        "user": "W81EZ626P",
        "ts": "1571935050.022900",
        "team": "T86S8GHEG",
        "user_team": "T86S8GHEG",
        "source_team": "T86S8GHEG",
        "user_profile": {
            "avatar_hash": "bb903008f72f",
            "image_72": "https:\/\/avatars.slack-edge.com\/2019-02-05\/542203016800_bb903008f72fbebfcd01_72.png",
            "first_name": "Dan",
            "real_name": "Dan Shiebler",
            "display_name": "dshiebler",
            "team": "T86S8GHEG",
            "name": "dshiebler",
            "is_restricted": false,
            "is_ultra_restricted": false
        }
    },
    {
        "client_msg_id": "b9c75235-0f95-4c38-b416-9471e7533144",
        "type": "message",
        "text": "with number computed in python, for example (as opposed to in tensorflow via a metrics loop)",
        "user": "W81EZ626P",
        "ts": "1571935072.023300",
        "team": "T86S8GHEG",
        "user_team": "T86S8GHEG",
        "source_team": "T86S8GHEG",
        "user_profile": {
            "avatar_hash": "bb903008f72f",
            "image_72": "https:\/\/avatars.slack-edge.com\/2019-02-05\/542203016800_bb903008f72fbebfcd01_72.png",
            "first_name": "Dan",
            "real_name": "Dan Shiebler",
            "display_name": "dshiebler",
            "team": "T86S8GHEG",
            "name": "dshiebler",
            "is_restricted": false,
            "is_ultra_restricted": false
        },
        "thread_ts": "1571935072.023300",
        "reply_count": 11,
        "reply_users_count": 2,
        "latest_reply": "1571940003.025500",
        "reply_users": [
            "WG9RP9PEH",
            "W81EZ626P"
        ],
        "replies": [
            {
                "user": "WG9RP9PEH",
                "ts": "1571935141.023400"
            },
            {
                "user": "WG9RP9PEH",
                "ts": "1571935222.023600"
            },
            {
                "user": "WG9RP9PEH",
                "ts": "1571935223.023800"
            },
            {
                "user": "W81EZ626P",
                "ts": "1571938860.024000"
            },
            {
                "user": "W81EZ626P",
                "ts": "1571938868.024200"
            },
            {
                "user": "WG9RP9PEH",
                "ts": "1571939664.024400"
            },
            {
                "user": "W81EZ626P",
                "ts": "1571939778.024600"
            },
            {
                "user": "WG9RP9PEH",
                "ts": "1571939885.024900"
            },
            {
                "user": "WG9RP9PEH",
                "ts": "1571939897.025100"
            },
            {
                "user": "W81EZ626P",
                "ts": "1571939999.025300"
            },
            {
                "user": "W81EZ626P",
                "ts": "1571940003.025500"
            }
        ],
        "subscribed": false
    },
    {
        "client_msg_id": "76c08652-4fac-4187-ad7b-9cea9bd31059",
        "type": "message",
        "text": "I think the simplest way would be to write a script with the ModelRepoClient to create an experiment, run, and a progress report with the metrics you want to publish",
        "user": "WG9RP9PEH",
        "ts": "1571935141.023400",
        "team": "T86S8GHEG",
        "user_team": "T86S8GHEG",
        "source_team": "T86S8GHEG",
        "user_profile": {
            "avatar_hash": "558f1f7bfc80",
            "image_72": "https:\/\/avatars.slack-edge.com\/2019-03-13\/577182336102_558f1f7bfc80dfc94377_72.jpg",
            "first_name": "Joshua",
            "real_name": "Joshua Hamet",
            "display_name": "jhamet",
            "team": "T86S8GHEG",
            "name": "jhamet",
            "is_restricted": false,
            "is_ultra_restricted": false
        },
        "thread_ts": "1571935072.023300",
        "parent_user_id": "W81EZ626P"
    },
    {
        "client_msg_id": "e058e07c-6343-4495-b550-533d3182f937",
        "type": "message",
        "text": "Nicholas Leonard I believe added this method which may come in handy actually",
        "user": "WG9RP9PEH",
        "ts": "1571935222.023600",
        "team": "T86S8GHEG",
        "user_team": "T86S8GHEG",
        "source_team": "T86S8GHEG",
        "user_profile": {
            "avatar_hash": "558f1f7bfc80",
            "image_72": "https:\/\/avatars.slack-edge.com\/2019-03-13\/577182336102_558f1f7bfc80dfc94377_72.jpg",
            "first_name": "Joshua",
            "real_name": "Joshua Hamet",
            "display_name": "jhamet",
            "team": "T86S8GHEG",
            "name": "jhamet",
            "is_restricted": false,
            "is_ultra_restricted": false
        },
        "thread_ts": "1571935072.023300",
        "parent_user_id": "W81EZ626P"
    },
    {
        "client_msg_id": "6d1974ef-9beb-49cf-a001-d6e555c8bb5e",
        "type": "message",
        "text": "<https:\/\/cgit.twitter.biz\/source\/tree\/cortex\/ml-metastore\/src\/main\/python\/com\/twitter\/mlmetastore\/modelrepo\/client\/__init__.py#n520>",
        "user": "WG9RP9PEH",
        "ts": "1571935223.023800",
        "team": "T86S8GHEG",
        "user_team": "T86S8GHEG",
        "source_team": "T86S8GHEG",
        "user_profile": {
            "avatar_hash": "558f1f7bfc80",
            "image_72": "https:\/\/avatars.slack-edge.com\/2019-03-13\/577182336102_558f1f7bfc80dfc94377_72.jpg",
            "first_name": "Joshua",
            "real_name": "Joshua Hamet",
            "display_name": "jhamet",
            "team": "T86S8GHEG",
            "name": "jhamet",
            "is_restricted": false,
            "is_ultra_restricted": false
        },
        "thread_ts": "1571935072.023300",
        "parent_user_id": "W81EZ626P"
    },
    {
        "client_msg_id": "9acec7db-cafb-4df5-a322-aa92e24260d7",
        "type": "message",
        "text": "if I called this with a particular user\/project\/experiment configuration but did not include the same metrics as the other runs, what would I see in the mldash?",
        "user": "W81EZ626P",
        "ts": "1571938860.024000",
        "team": "T86S8GHEG",
        "user_team": "T86S8GHEG",
        "source_team": "T86S8GHEG",
        "user_profile": {
            "avatar_hash": "bb903008f72f",
            "image_72": "https:\/\/avatars.slack-edge.com\/2019-02-05\/542203016800_bb903008f72fbebfcd01_72.png",
            "first_name": "Dan",
            "real_name": "Dan Shiebler",
            "display_name": "dshiebler",
            "team": "T86S8GHEG",
            "name": "dshiebler",
            "is_restricted": false,
            "is_ultra_restricted": false
        },
        "thread_ts": "1571935072.023300",
        "parent_user_id": "W81EZ626P"
    },
    {
        "client_msg_id": "f84a9fe8-281f-43a0-a813-0ecdda0ab149",
        "type": "message",
        "text": "disjoint union of columns?",
        "user": "W81EZ626P",
        "ts": "1571938868.024200",
        "team": "T86S8GHEG",
        "user_team": "T86S8GHEG",
        "source_team": "T86S8GHEG",
        "user_profile": {
            "avatar_hash": "bb903008f72f",
            "image_72": "https:\/\/avatars.slack-edge.com\/2019-02-05\/542203016800_bb903008f72fbebfcd01_72.png",
            "first_name": "Dan",
            "real_name": "Dan Shiebler",
            "display_name": "dshiebler",
            "team": "T86S8GHEG",
            "name": "dshiebler",
            "is_restricted": false,
            "is_ultra_restricted": false
        },
        "thread_ts": "1571935072.023300",
        "parent_user_id": "W81EZ626P"
    },
    {
        "client_msg_id": "1daa83eb-4b76-4562-b8e8-427d6f4732a3",
        "type": "message",
        "text": "in the experiment details page, the table contains metrics from the most recent progress so you would only see columns representing the metrics in that most recent run. In the run details page, the graph would look a little funky I imagine because some lines will stop early (no metric in most recent update) and some metrics will exist for only a single point (your custom update)",
        "user": "WG9RP9PEH",
        "ts": "1571939664.024400",
        "team": "T86S8GHEG",
        "user_team": "T86S8GHEG",
        "source_team": "T86S8GHEG",
        "user_profile": {
            "avatar_hash": "558f1f7bfc80",
            "image_72": "https:\/\/avatars.slack-edge.com\/2019-03-13\/577182336102_558f1f7bfc80dfc94377_72.jpg",
            "first_name": "Joshua",
            "real_name": "Joshua Hamet",
            "display_name": "jhamet",
            "team": "T86S8GHEG",
            "name": "jhamet",
            "is_restricted": false,
            "is_ultra_restricted": false
        },
        "thread_ts": "1571935072.023300",
        "parent_user_id": "W81EZ626P"
    },
    {
        "client_msg_id": "c1288a20-42ae-4081-92f2-1fcde0f1a1a9",
        "type": "message",
        "text": "what if I made a new run key",
        "user": "W81EZ626P",
        "ts": "1571939778.024600",
        "team": "T86S8GHEG",
        "user_team": "T86S8GHEG",
        "source_team": "T86S8GHEG",
        "user_profile": {
            "avatar_hash": "bb903008f72f",
            "image_72": "https:\/\/avatars.slack-edge.com\/2019-02-05\/542203016800_bb903008f72fbebfcd01_72.png",
            "first_name": "Dan",
            "real_name": "Dan Shiebler",
            "display_name": "dshiebler",
            "team": "T86S8GHEG",
            "name": "dshiebler",
            "is_restricted": false,
            "is_ultra_restricted": false
        },
        "edited": {
            "user": "W81EZ626P",
            "ts": "1571939785.000000"
        },
        "thread_ts": "1571935072.023300",
        "parent_user_id": "W81EZ626P"
    },
    {
        "client_msg_id": "437a8512-e2be-4d2b-b48d-1ce870783258",
        "type": "message",
        "text": "than in the table, you would see all the different metrics across runs",
        "user": "WG9RP9PEH",
        "ts": "1571939885.024900",
        "team": "T86S8GHEG",
        "user_team": "T86S8GHEG",
        "source_team": "T86S8GHEG",
        "user_profile": {
            "avatar_hash": "558f1f7bfc80",
            "image_72": "https:\/\/avatars.slack-edge.com\/2019-03-13\/577182336102_558f1f7bfc80dfc94377_72.jpg",
            "first_name": "Joshua",
            "real_name": "Joshua Hamet",
            "display_name": "jhamet",
            "team": "T86S8GHEG",
            "name": "jhamet",
            "is_restricted": false,
            "is_ultra_restricted": false
        },
        "thread_ts": "1571935072.023300",
        "parent_user_id": "W81EZ626P"
    },
    {
        "client_msg_id": "fe0d926e-c988-4577-8f2a-9ccf0f9b2d46",
        "type": "message",
        "text": "they would just be empty for the runs they were not present in",
        "user": "WG9RP9PEH",
        "ts": "1571939897.025100",
        "team": "T86S8GHEG",
        "user_team": "T86S8GHEG",
        "source_team": "T86S8GHEG",
        "user_profile": {
            "avatar_hash": "558f1f7bfc80",
            "image_72": "https:\/\/avatars.slack-edge.com\/2019-03-13\/577182336102_558f1f7bfc80dfc94377_72.jpg",
            "first_name": "Joshua",
            "real_name": "Joshua Hamet",
            "display_name": "jhamet",
            "team": "T86S8GHEG",
            "name": "jhamet",
            "is_restricted": false,
            "is_ultra_restricted": false
        },
        "thread_ts": "1571935072.023300",
        "parent_user_id": "W81EZ626P"
    },
    {
        "client_msg_id": "b7f5000e-a4ef-4b50-9ce6-29cd9b50a55b",
        "type": "message",
        "text": "cool",
        "user": "W81EZ626P",
        "ts": "1571939999.025300",
        "team": "T86S8GHEG",
        "user_team": "T86S8GHEG",
        "source_team": "T86S8GHEG",
        "user_profile": {
            "avatar_hash": "bb903008f72f",
            "image_72": "https:\/\/avatars.slack-edge.com\/2019-02-05\/542203016800_bb903008f72fbebfcd01_72.png",
            "first_name": "Dan",
            "real_name": "Dan Shiebler",
            "display_name": "dshiebler",
            "team": "T86S8GHEG",
            "name": "dshiebler",
            "is_restricted": false,
            "is_ultra_restricted": false
        },
        "thread_ts": "1571935072.023300",
        "parent_user_id": "W81EZ626P"
    },
    {
        "client_msg_id": "4512ccd8-25b4-4605-a04f-353d432d402d",
        "type": "message",
        "text": "thanks I will try this",
        "user": "W81EZ626P",
        "ts": "1571940003.025500",
        "team": "T86S8GHEG",
        "user_team": "T86S8GHEG",
        "source_team": "T86S8GHEG",
        "user_profile": {
            "avatar_hash": "bb903008f72f",
            "image_72": "https:\/\/avatars.slack-edge.com\/2019-02-05\/542203016800_bb903008f72fbebfcd01_72.png",
            "first_name": "Dan",
            "real_name": "Dan Shiebler",
            "display_name": "dshiebler",
            "team": "T86S8GHEG",
            "name": "dshiebler",
            "is_restricted": false,
            "is_ultra_restricted": false
        },
        "thread_ts": "1571935072.023300",
        "parent_user_id": "W81EZ626P"
    }
]