[
    {
        "client_msg_id": "14b67b11-4672-4c0c-aa1c-43df6ae08485",
        "type": "message",
        "text": "I see that the fix has been deployed, thank you!!",
        "user": "WM1F2KD9A",
        "ts": "1576860087.007600",
        "team": "T86S8GHEG",
        "user_team": "T86S8GHEG",
        "source_team": "T86S8GHEG",
        "user_profile": {
            "avatar_hash": "2ebb76d58dc2",
            "image_72": "https:\/\/avatars.slack-edge.com\/2019-09-03\/747014122688_2ebb76d58dc25f282da0_72.jpg",
            "first_name": "Phil",
            "real_name": "Phil Gautier",
            "display_name": "pgautier",
            "team": "T86S8GHEG",
            "name": "pgautier",
            "is_restricted": false,
            "is_ultra_restricted": false
        },
        "blocks": [
            {
                "type": "rich_text",
                "block_id": "GKDA",
                "elements": [
                    {
                        "type": "rich_text_section",
                        "elements": [
                            {
                                "type": "text",
                                "text": "I see that the fix has been deployed, thank you!!"
                            }
                        ]
                    }
                ]
            }
        ],
        "thread_ts": "1576692686.005400",
        "parent_user_id": "WM1F2KD9A"
    },
    {
        "client_msg_id": "D1173919-0021-4D4B-AF36-B0A7DA371C7F",
        "type": "message",
        "text": "Yep appreciate the report :)",
        "user": "WG9RP9PEH",
        "ts": "1576860411.008100",
        "team": "T86S8GHEG",
        "user_team": "T86S8GHEG",
        "source_team": "T86S8GHEG",
        "user_profile": {
            "avatar_hash": "558f1f7bfc80",
            "image_72": "https:\/\/avatars.slack-edge.com\/2019-03-13\/577182336102_558f1f7bfc80dfc94377_72.jpg",
            "first_name": "Joshua",
            "real_name": "Joshua Hamet",
            "display_name": "jhamet",
            "team": "T86S8GHEG",
            "name": "jhamet",
            "is_restricted": false,
            "is_ultra_restricted": false
        },
        "blocks": [
            {
                "type": "rich_text",
                "block_id": "OE5l",
                "elements": [
                    {
                        "type": "rich_text_section",
                        "elements": [
                            {
                                "type": "text",
                                "text": "Yep appreciate the report :)"
                            }
                        ]
                    }
                ]
            }
        ],
        "thread_ts": "1576692686.005400",
        "parent_user_id": "WM1F2KD9A"
    },
    {
        "client_msg_id": "0556cf79-d8c0-49c1-b02b-8105747d2a61",
        "type": "message",
        "text": "hiii can I get MLDash release pls (to add <https:\/\/phabricator.twitter.biz\/D416252>)  <@W831QSCAK>",
        "user": "WAL3VM0GL",
        "ts": "1576864276.009200",
        "team": "T86S8GHEG",
        "user_team": "T86S8GHEG",
        "source_team": "T86S8GHEG",
        "user_profile": {
            "avatar_hash": "8b2dcfbda488",
            "image_72": "https:\/\/avatars.slack-edge.com\/2018-06-28\/390667685750_8b2dcfbda4883669a8c8_72.jpg",
            "first_name": "Gerard",
            "real_name": "Gerard Casas Saez",
            "display_name": "gcasassaez",
            "team": "T86S8GHEG",
            "name": "gcasassaez",
            "is_restricted": false,
            "is_ultra_restricted": false
        },
        "blocks": [
            {
                "type": "rich_text",
                "block_id": "dyCB",
                "elements": [
                    {
                        "type": "rich_text_section",
                        "elements": [
                            {
                                "type": "text",
                                "text": "hiii can I get MLDash release pls (to add "
                            },
                            {
                                "type": "link",
                                "url": "https:\/\/phabricator.twitter.biz\/D416252"
                            },
                            {
                                "type": "text",
                                "text": ")  "
                            },
                            {
                                "type": "user",
                                "user_id": "W831QSCAK"
                            }
                        ]
                    }
                ]
            }
        ],
        "thread_ts": "1576864276.009200",
        "reply_count": 3,
        "reply_users_count": 2,
        "latest_reply": "1576866498.010600",
        "reply_users": [
            "WAL3VM0GL",
            "W831QSCAK"
        ],
        "replies": [
            {
                "user": "WAL3VM0GL",
                "ts": "1576865696.009700"
            },
            {
                "user": "W831QSCAK",
                "ts": "1576865889.010100"
            },
            {
                "user": "WAL3VM0GL",
                "ts": "1576866498.010600"
            }
        ],
        "subscribed": false,
        "reactions": [
            {
                "name": "ok_hand",
                "users": [
                    "W831QSCAK"
                ],
                "count": 1
            }
        ]
    },
    {
        "type": "message",
        "subtype": "bot_message",
        "text": "Target <https:\/\/aurora-smf1.twitter.biz\/scheduler\/mldashboard\/prod\/jazzy_mldashboard\/update\/079a9072-d531-49d6-91f3-2421e6390f85|smf1\/mldashboard\/prod\/jazzy_mldashboard> started execution for workflow <https:\/\/workflows.twitter.biz\/workflow\/mldashboard\/jazzy-mldashboard\/938|jazzy-mldashboard:V938>",
        "ts": "1576865025.009400",
        "username": "deploybot",
        "bot_id": "B8EV9KHMH",
        "reactions": [
            {
                "name": "raised_hands",
                "users": [
                    "WAL3VM0GL"
                ],
                "count": 1
            }
        ]
    },
    {
        "type": "message",
        "subtype": "bot_message",
        "text": "Target <https:\/\/aurora-smf1.twitter.biz\/scheduler\/mldashboard\/prod\/jazzy_mldashboard\/update\/079a9072-d531-49d6-91f3-2421e6390f85|smf1\/mldashboard\/prod\/jazzy_mldashboard> successfully finished for workflow <https:\/\/workflows.twitter.biz\/workflow\/mldashboard\/jazzy-mldashboard\/938|jazzy-mldashboard:V938>",
        "ts": "1576865200.009600",
        "username": "deploybot",
        "bot_id": "B8EV9KHMH"
    },
    {
        "client_msg_id": "dc3429d6-6880-4e24-a82f-38d9d90fa0c3",
        "type": "message",
        "text": "I think the version released was built before my commit came in :sweat_smile:  (seems it was staged by jenkins at 7AM and my change got merged an hour ago). I can trigger a rebuild in jenkins",
        "user": "WAL3VM0GL",
        "ts": "1576865696.009700",
        "team": "T86S8GHEG",
        "user_team": "T86S8GHEG",
        "source_team": "T86S8GHEG",
        "user_profile": {
            "avatar_hash": "8b2dcfbda488",
            "image_72": "https:\/\/avatars.slack-edge.com\/2018-06-28\/390667685750_8b2dcfbda4883669a8c8_72.jpg",
            "first_name": "Gerard",
            "real_name": "Gerard Casas Saez",
            "display_name": "gcasassaez",
            "team": "T86S8GHEG",
            "name": "gcasassaez",
            "is_restricted": false,
            "is_ultra_restricted": false
        },
        "blocks": [
            {
                "type": "rich_text",
                "block_id": "lR0X",
                "elements": [
                    {
                        "type": "rich_text_section",
                        "elements": [
                            {
                                "type": "text",
                                "text": "I think the version released was built before my commit came in "
                            },
                            {
                                "type": "emoji",
                                "name": "sweat_smile"
                            },
                            {
                                "type": "text",
                                "text": "  (seems it was staged by jenkins at 7AM and my change got merged an hour ago). I can trigger a rebuild in jenkins"
                            }
                        ]
                    }
                ]
            }
        ],
        "thread_ts": "1576864276.009200",
        "parent_user_id": "WAL3VM0GL"
    },
    {
        "client_msg_id": "D846C185-6357-4D48-AF3F-1BCAF3095550",
        "type": "message",
        "text": "ok go ahead",
        "user": "W831QSCAK",
        "ts": "1576865889.010100",
        "team": "T86S8GHEG",
        "user_team": "T86S8GHEG",
        "source_team": "T86S8GHEG",
        "user_profile": {
            "avatar_hash": "3125369172db",
            "image_72": "https:\/\/avatars.slack-edge.com\/2020-03-09\/989620483264_3125369172db64b56474_72.jpg",
            "first_name": "Xiao",
            "real_name": "Xiao Zhu",
            "display_name": "xzhu",
            "team": "T86S8GHEG",
            "name": "xzhu",
            "is_restricted": false,
            "is_ultra_restricted": false
        },
        "blocks": [
            {
                "type": "rich_text",
                "block_id": "+C2Y+",
                "elements": [
                    {
                        "type": "rich_text_section",
                        "elements": [
                            {
                                "type": "text",
                                "text": "ok go ahead"
                            }
                        ]
                    }
                ]
            }
        ],
        "thread_ts": "1576864276.009200",
        "parent_user_id": "WAL3VM0GL"
    },
    {
        "type": "message",
        "subtype": "bot_message",
        "text": "Target smf1\/mldashboard\/staging\/jazzy_mldashboard failed to execute for workflow <https:\/\/workflows.twitter.biz\/workflow\/mldashboard\/jazzy-mldashboard\/939|jazzy-mldashboard:V939>",
        "ts": "1576866437.010300",
        "username": "deploybot",
        "bot_id": "B8EV9KHMH",
        "thread_ts": "1576866437.010300",
        "reply_count": 12,
        "reply_users_count": 2,
        "latest_reply": "1576879602.013000",
        "reply_users": [
            "WAL3VM0GL",
            "WG9RP9PEH"
        ],
        "replies": [
            {
                "user": "WAL3VM0GL",
                "ts": "1576866480.010400"
            },
            {
                "user": "WG9RP9PEH",
                "ts": "1576866535.010800"
            },
            {
                "user": "WG9RP9PEH",
                "ts": "1576866539.011000"
            },
            {
                "user": "WAL3VM0GL",
                "ts": "1576866547.011200"
            },
            {
                "user": "WAL3VM0GL",
                "ts": "1576866561.011400"
            },
            {
                "user": "WG9RP9PEH",
                "ts": "1576866597.011600"
            },
            {
                "user": "WG9RP9PEH",
                "ts": "1576866764.011800"
            },
            {
                "user": "WAL3VM0GL",
                "ts": "1576866794.012000"
            },
            {
                "user": "WG9RP9PEH",
                "ts": "1576866824.012200"
            },
            {
                "user": "WAL3VM0GL",
                "ts": "1576879424.012600"
            },
            {
                "user": "WG9RP9PEH",
                "ts": "1576879463.012800"
            },
            {
                "user": "WAL3VM0GL",
                "ts": "1576879602.013000"
            }
        ],
        "subscribed": false
    },
    {
        "client_msg_id": "7fee1356-f6b0-4206-99eb-eb35601db8bb",
        "type": "message",
        "text": "that was me trying if I can release I think, which I cant",
        "user": "WAL3VM0GL",
        "ts": "1576866480.010400",
        "team": "T86S8GHEG",
        "user_team": "T86S8GHEG",
        "source_team": "T86S8GHEG",
        "user_profile": {
            "avatar_hash": "8b2dcfbda488",
            "image_72": "https:\/\/avatars.slack-edge.com\/2018-06-28\/390667685750_8b2dcfbda4883669a8c8_72.jpg",
            "first_name": "Gerard",
            "real_name": "Gerard Casas Saez",
            "display_name": "gcasassaez",
            "team": "T86S8GHEG",
            "name": "gcasassaez",
            "is_restricted": false,
            "is_ultra_restricted": false
        },
        "blocks": [
            {
                "type": "rich_text",
                "block_id": "mWmd",
                "elements": [
                    {
                        "type": "rich_text_section",
                        "elements": [
                            {
                                "type": "text",
                                "text": "that was me trying if I can release I think, which I cant"
                            }
                        ]
                    }
                ]
            }
        ],
        "thread_ts": "1576866437.010300"
    },
    {
        "client_msg_id": "51a71083-2870-4c48-bda8-0445c7340236",
        "type": "message",
        "text": "done, new version: <https:\/\/workflows.twitter.biz\/workflow\/mldashboard\/jazzy-mldashboard\/939\/>",
        "user": "WAL3VM0GL",
        "ts": "1576866498.010600",
        "team": "T86S8GHEG",
        "user_team": "T86S8GHEG",
        "source_team": "T86S8GHEG",
        "user_profile": {
            "avatar_hash": "8b2dcfbda488",
            "image_72": "https:\/\/avatars.slack-edge.com\/2018-06-28\/390667685750_8b2dcfbda4883669a8c8_72.jpg",
            "first_name": "Gerard",
            "real_name": "Gerard Casas Saez",
            "display_name": "gcasassaez",
            "team": "T86S8GHEG",
            "name": "gcasassaez",
            "is_restricted": false,
            "is_ultra_restricted": false
        },
        "blocks": [
            {
                "type": "rich_text",
                "block_id": "vKSDu",
                "elements": [
                    {
                        "type": "rich_text_section",
                        "elements": [
                            {
                                "type": "text",
                                "text": "done, new version: "
                            },
                            {
                                "type": "link",
                                "url": "https:\/\/workflows.twitter.biz\/workflow\/mldashboard\/jazzy-mldashboard\/939\/"
                            }
                        ]
                    }
                ]
            }
        ],
        "thread_ts": "1576864276.009200",
        "parent_user_id": "WAL3VM0GL"
    },
    {
        "client_msg_id": "61f2390b-32aa-4721-ac7f-9b76c74696f1",
        "type": "message",
        "text": ":disappointed:",
        "user": "WG9RP9PEH",
        "ts": "1576866535.010800",
        "team": "T86S8GHEG",
        "user_team": "T86S8GHEG",
        "source_team": "T86S8GHEG",
        "user_profile": {
            "avatar_hash": "558f1f7bfc80",
            "image_72": "https:\/\/avatars.slack-edge.com\/2019-03-13\/577182336102_558f1f7bfc80dfc94377_72.jpg",
            "first_name": "Joshua",
            "real_name": "Joshua Hamet",
            "display_name": "jhamet",
            "team": "T86S8GHEG",
            "name": "jhamet",
            "is_restricted": false,
            "is_ultra_restricted": false
        },
        "blocks": [
            {
                "type": "rich_text",
                "block_id": "p7M",
                "elements": [
                    {
                        "type": "rich_text_section",
                        "elements": [
                            {
                                "type": "emoji",
                                "name": "disappointed"
                            }
                        ]
                    }
                ]
            }
        ],
        "thread_ts": "1576866437.010300"
    },
    {
        "client_msg_id": "5a4812db-6dfc-4036-81a5-6be2a9879c8e",
        "type": "message",
        "text": "do you need a release",
        "user": "WG9RP9PEH",
        "ts": "1576866539.011000",
        "team": "T86S8GHEG",
        "user_team": "T86S8GHEG",
        "source_team": "T86S8GHEG",
        "user_profile": {
            "avatar_hash": "558f1f7bfc80",
            "image_72": "https:\/\/avatars.slack-edge.com\/2019-03-13\/577182336102_558f1f7bfc80dfc94377_72.jpg",
            "first_name": "Joshua",
            "real_name": "Joshua Hamet",
            "display_name": "jhamet",
            "team": "T86S8GHEG",
            "name": "jhamet",
            "is_restricted": false,
            "is_ultra_restricted": false
        },
        "blocks": [
            {
                "type": "rich_text",
                "block_id": "kBFa",
                "elements": [
                    {
                        "type": "rich_text_section",
                        "elements": [
                            {
                                "type": "text",
                                "text": "do you need a release"
                            }
                        ]
                    }
                ]
            }
        ],
        "thread_ts": "1576866437.010300"
    },
    {
        "client_msg_id": "0998e914-b84b-4cb5-9df3-81014a545ab1",
        "type": "message",
        "text": "yes pls",
        "user": "WAL3VM0GL",
        "ts": "1576866547.011200",
        "team": "T86S8GHEG",
        "user_team": "T86S8GHEG",
        "source_team": "T86S8GHEG",
        "user_profile": {
            "avatar_hash": "8b2dcfbda488",
            "image_72": "https:\/\/avatars.slack-edge.com\/2018-06-28\/390667685750_8b2dcfbda4883669a8c8_72.jpg",
            "first_name": "Gerard",
            "real_name": "Gerard Casas Saez",
            "display_name": "gcasassaez",
            "team": "T86S8GHEG",
            "name": "gcasassaez",
            "is_restricted": false,
            "is_ultra_restricted": false
        },
        "blocks": [
            {
                "type": "rich_text",
                "block_id": "Os6D",
                "elements": [
                    {
                        "type": "rich_text_section",
                        "elements": [
                            {
                                "type": "text",
                                "text": "yes pls"
                            }
                        ]
                    }
                ]
            }
        ],
        "thread_ts": "1576866437.010300"
    },
    {
        "client_msg_id": "3f8bcc03-714f-447c-ae43-59fbf58c1eed",
        "type": "message",
        "text": "at least staging area",
        "user": "WAL3VM0GL",
        "ts": "1576866561.011400",
        "team": "T86S8GHEG",
        "user_team": "T86S8GHEG",
        "source_team": "T86S8GHEG",
        "user_profile": {
            "avatar_hash": "8b2dcfbda488",
            "image_72": "https:\/\/avatars.slack-edge.com\/2018-06-28\/390667685750_8b2dcfbda4883669a8c8_72.jpg",
            "first_name": "Gerard",
            "real_name": "Gerard Casas Saez",
            "display_name": "gcasassaez",
            "team": "T86S8GHEG",
            "name": "gcasassaez",
            "is_restricted": false,
            "is_ultra_restricted": false
        },
        "blocks": [
            {
                "type": "rich_text",
                "block_id": "O=I40",
                "elements": [
                    {
                        "type": "rich_text_section",
                        "elements": [
                            {
                                "type": "text",
                                "text": "at least staging area"
                            }
                        ]
                    }
                ]
            }
        ],
        "thread_ts": "1576866437.010300"
    },
    {
        "client_msg_id": "08f20249-4c45-4ec4-a9f7-c57db11aa26b",
        "type": "message",
        "text": "sure",
        "user": "WG9RP9PEH",
        "ts": "1576866597.011600",
        "team": "T86S8GHEG",
        "user_team": "T86S8GHEG",
        "source_team": "T86S8GHEG",
        "user_profile": {
            "avatar_hash": "558f1f7bfc80",
            "image_72": "https:\/\/avatars.slack-edge.com\/2019-03-13\/577182336102_558f1f7bfc80dfc94377_72.jpg",
            "first_name": "Joshua",
            "real_name": "Joshua Hamet",
            "display_name": "jhamet",
            "team": "T86S8GHEG",
            "name": "jhamet",
            "is_restricted": false,
            "is_ultra_restricted": false
        },
        "blocks": [
            {
                "type": "rich_text",
                "block_id": "=H3",
                "elements": [
                    {
                        "type": "rich_text_section",
                        "elements": [
                            {
                                "type": "text",
                                "text": "sure"
                            }
                        ]
                    }
                ]
            }
        ],
        "thread_ts": "1576866437.010300"
    },
    {
        "client_msg_id": "ad76db2d-f03e-48c4-9a88-429f544c1302",
        "type": "message",
        "text": "done",
        "user": "WG9RP9PEH",
        "ts": "1576866764.011800",
        "team": "T86S8GHEG",
        "user_team": "T86S8GHEG",
        "source_team": "T86S8GHEG",
        "user_profile": {
            "avatar_hash": "558f1f7bfc80",
            "image_72": "https:\/\/avatars.slack-edge.com\/2019-03-13\/577182336102_558f1f7bfc80dfc94377_72.jpg",
            "first_name": "Joshua",
            "real_name": "Joshua Hamet",
            "display_name": "jhamet",
            "team": "T86S8GHEG",
            "name": "jhamet",
            "is_restricted": false,
            "is_ultra_restricted": false
        },
        "blocks": [
            {
                "type": "rich_text",
                "block_id": "e\/C",
                "elements": [
                    {
                        "type": "rich_text_section",
                        "elements": [
                            {
                                "type": "text",
                                "text": "done"
                            }
                        ]
                    }
                ]
            }
        ],
        "thread_ts": "1576866437.010300"
    },
    {
        "client_msg_id": "874d0393-2fc4-4adb-adc5-8a3f64905d14",
        "type": "message",
        "text": "works! Ty!",
        "user": "WAL3VM0GL",
        "ts": "1576866794.012000",
        "team": "T86S8GHEG",
        "user_team": "T86S8GHEG",
        "source_team": "T86S8GHEG",
        "user_profile": {
            "avatar_hash": "8b2dcfbda488",
            "image_72": "https:\/\/avatars.slack-edge.com\/2018-06-28\/390667685750_8b2dcfbda4883669a8c8_72.jpg",
            "first_name": "Gerard",
            "real_name": "Gerard Casas Saez",
            "display_name": "gcasassaez",
            "team": "T86S8GHEG",
            "name": "gcasassaez",
            "is_restricted": false,
            "is_ultra_restricted": false
        },
        "blocks": [
            {
                "type": "rich_text",
                "block_id": "B8vEE",
                "elements": [
                    {
                        "type": "rich_text_section",
                        "elements": [
                            {
                                "type": "text",
                                "text": "works! Ty!"
                            }
                        ]
                    }
                ]
            }
        ],
        "thread_ts": "1576866437.010300"
    },
    {
        "client_msg_id": "9532a2fb-59e0-469f-8124-c2bc232b40ee",
        "type": "message",
        "text": "let me know if you want a prod release",
        "user": "WG9RP9PEH",
        "ts": "1576866824.012200",
        "team": "T86S8GHEG",
        "user_team": "T86S8GHEG",
        "source_team": "T86S8GHEG",
        "user_profile": {
            "avatar_hash": "558f1f7bfc80",
            "image_72": "https:\/\/avatars.slack-edge.com\/2019-03-13\/577182336102_558f1f7bfc80dfc94377_72.jpg",
            "first_name": "Joshua",
            "real_name": "Joshua Hamet",
            "display_name": "jhamet",
            "team": "T86S8GHEG",
            "name": "jhamet",
            "is_restricted": false,
            "is_ultra_restricted": false
        },
        "blocks": [
            {
                "type": "rich_text",
                "block_id": "3YY",
                "elements": [
                    {
                        "type": "rich_text_section",
                        "elements": [
                            {
                                "type": "text",
                                "text": "let me know if you want a prod release"
                            }
                        ]
                    }
                ]
            }
        ],
        "thread_ts": "1576866437.010300"
    },
    {
        "type": "message",
        "subtype": "bot_message",
        "text": "",
        "ts": "1576878302.012400",
        "username": "ML Dashboard",
        "bot_id": "BQQPHLL7K",
        "attachments": [
            {
                "fallback": "ML Dash office hour: <!date^1576879200^{date_short_pretty} from {time}|December 20th, 2019 from 2:00 PM> to <!date^1576881000^{time}|2:30 PM GMT-0800>",
                "text": "<!date^1576879200^{date_short_pretty} from {time}|December 20th, 2019 from 2:00 PM> to <!date^1576881000^{time}|2:30 PM GMT-0800> at <https:\/\/maps.google.com\/maps?q=Cortex+platform+area%2C+near+SF+Market+8+Goose|Cortex platform area, near SF Market 8 Goose>",
                "pretext": "Event starting in 15 minutes:",
                "title": "ML Dash office hour",
                "id": 1,
                "title_link": "https:\/\/www.google.com\/calendar\/event?eid=MmphY2FsaHUwbjg4cnA1dWQ0cnU5c2liMWxfMjAxOTEyMjBUMjIwMDAwWiB0d2l0dGVyLmNvbV9mNGtva2MxM3Zsa2Z1bTRzNXBobGFkMTVlMEBn",
                "color": "cabdbf",
                "mrkdwn_in": [
                    "text",
                    "pretext",
                    "more"
                ]
            }
        ]
    },
    {
        "client_msg_id": "4751005c-3179-44d2-a4b4-7e4135b5b0f3",
        "type": "message",
        "text": "can I has a staging release for <https:\/\/workflows.twitter.biz\/workflow\/mldashboard\/jazzy-mldashboard\/940> plz",
        "user": "WAL3VM0GL",
        "ts": "1576879424.012600",
        "team": "T86S8GHEG",
        "user_team": "T86S8GHEG",
        "source_team": "T86S8GHEG",
        "user_profile": {
            "avatar_hash": "8b2dcfbda488",
            "image_72": "https:\/\/avatars.slack-edge.com\/2018-06-28\/390667685750_8b2dcfbda4883669a8c8_72.jpg",
            "first_name": "Gerard",
            "real_name": "Gerard Casas Saez",
            "display_name": "gcasassaez",
            "team": "T86S8GHEG",
            "name": "gcasassaez",
            "is_restricted": false,
            "is_ultra_restricted": false
        },
        "blocks": [
            {
                "type": "rich_text",
                "block_id": "lkm4m",
                "elements": [
                    {
                        "type": "rich_text_section",
                        "elements": [
                            {
                                "type": "text",
                                "text": "can I has a staging release for "
                            },
                            {
                                "type": "link",
                                "url": "https:\/\/workflows.twitter.biz\/workflow\/mldashboard\/jazzy-mldashboard\/940"
                            },
                            {
                                "type": "text",
                                "text": " plz"
                            }
                        ]
                    }
                ]
            }
        ],
        "thread_ts": "1576866437.010300"
    },
    {
        "client_msg_id": "74ad79e4-58d0-4002-8009-0280fd26272c",
        "type": "message",
        "text": "kk, sure it will be done in a few minutes",
        "user": "WG9RP9PEH",
        "ts": "1576879463.012800",
        "team": "T86S8GHEG",
        "user_team": "T86S8GHEG",
        "source_team": "T86S8GHEG",
        "user_profile": {
            "avatar_hash": "558f1f7bfc80",
            "image_72": "https:\/\/avatars.slack-edge.com\/2019-03-13\/577182336102_558f1f7bfc80dfc94377_72.jpg",
            "first_name": "Joshua",
            "real_name": "Joshua Hamet",
            "display_name": "jhamet",
            "team": "T86S8GHEG",
            "name": "jhamet",
            "is_restricted": false,
            "is_ultra_restricted": false
        },
        "blocks": [
            {
                "type": "rich_text",
                "block_id": "r9aD",
                "elements": [
                    {
                        "type": "rich_text_section",
                        "elements": [
                            {
                                "type": "text",
                                "text": "kk, sure it will be done in a few minutes"
                            }
                        ]
                    }
                ]
            }
        ],
        "thread_ts": "1576866437.010300"
    },
    {
        "client_msg_id": "6ee3b1f3-2a5d-4635-bd37-3c83d5511e24",
        "type": "message",
        "text": "ty!",
        "user": "WAL3VM0GL",
        "ts": "1576879602.013000",
        "team": "T86S8GHEG",
        "user_team": "T86S8GHEG",
        "source_team": "T86S8GHEG",
        "user_profile": {
            "avatar_hash": "8b2dcfbda488",
            "image_72": "https:\/\/avatars.slack-edge.com\/2018-06-28\/390667685750_8b2dcfbda4883669a8c8_72.jpg",
            "first_name": "Gerard",
            "real_name": "Gerard Casas Saez",
            "display_name": "gcasassaez",
            "team": "T86S8GHEG",
            "name": "gcasassaez",
            "is_restricted": false,
            "is_ultra_restricted": false
        },
        "blocks": [
            {
                "type": "rich_text",
                "block_id": "zIri",
                "elements": [
                    {
                        "type": "rich_text_section",
                        "elements": [
                            {
                                "type": "text",
                                "text": "ty!"
                            }
                        ]
                    }
                ]
            }
        ],
        "thread_ts": "1576866437.010300"
    }
]