[
    {
        "client_msg_id": "aa63cb47-10e9-4aec-b475-3e14ce086ad4",
        "type": "message",
        "text": "Hi team, I used ml dashboard to track feature importance and the logs indicate that the data was written to ml dashboard, but there is no such tab in ml dash. Here is my ml dash link: <https:\/\/mldashboard.twitter.biz\/experiments\/events-recos%3Aguide_click%3Afeat_imp_experiment?selectedTab=deepbird> and the link to Aurora: <http:\/\/smf1-afm-31-sr1.prod.twitter.com:1338\/task\/events-recos-devel-feat_imp_experiment_default_run-0-b1208e6e-5354-4e60-9da9-c335339b9e60>. It did successfully write to hdfs. Any suggestions on what is wrong with this setup?",
        "user": "WCREHULA2",
        "ts": "1581138667.009700",
        "team": "T86S8GHEG",
        "user_team": "T86S8GHEG",
        "source_team": "T86S8GHEG",
        "user_profile": {
            "avatar_hash": "g048b95c54e2",
            "image_72": "https:\/\/secure.gravatar.com\/avatar\/f048b95c54e2b43fcd139c829c6dd9c0.jpg?s=72&d=https%3A%2F%2Fa.slack-edge.com%2Fdf10d%2Fimg%2Favatars%2Fava_0020-72.png",
            "first_name": "Shamanth",
            "real_name": "Shamanth Kumar",
            "display_name": "shamanthk",
            "team": "T86S8GHEG",
            "name": "shamanthk",
            "is_restricted": false,
            "is_ultra_restricted": false
        },
        "blocks": [
            {
                "type": "rich_text",
                "block_id": "SsCa",
                "elements": [
                    {
                        "type": "rich_text_section",
                        "elements": [
                            {
                                "type": "text",
                                "text": "Hi team, I used ml dashboard to track feature importance and the logs indicate that the data was written to ml dashboard, but there is no such tab in ml dash. Here is my ml dash link: "
                            },
                            {
                                "type": "link",
                                "url": "https:\/\/mldashboard.twitter.biz\/experiments\/events-recos%3Aguide_click%3Afeat_imp_experiment?selectedTab=deepbird"
                            },
                            {
                                "type": "text",
                                "text": " and the link to Aurora: "
                            },
                            {
                                "type": "link",
                                "url": "http:\/\/smf1-afm-31-sr1.prod.twitter.com:1338\/task\/events-recos-devel-feat_imp_experiment_default_run-0-b1208e6e-5354-4e60-9da9-c335339b9e60"
                            },
                            {
                                "type": "text",
                                "text": ". It did successfully write to hdfs. Any suggestions on what is wrong with this setup?"
                            }
                        ]
                    }
                ]
            }
        ],
        "thread_ts": "1581138667.009700",
        "reply_count": 2,
        "reply_users_count": 2,
        "latest_reply": "1581282940.011800",
        "reply_users": [
            "WBKQBLQSU",
            "WCREHULA2"
        ],
        "replies": [
            {
                "user": "WBKQBLQSU",
                "ts": "1581274825.011600"
            },
            {
                "user": "WCREHULA2",
                "ts": "1581282940.011800"
            }
        ],
        "subscribed": false
    }
]