[
    {
        "client_msg_id": "bbef71e6-4bde-4286-9656-4fbd03666aaa",
        "type": "message",
        "text": "Hello! I am having issues launching the Tensorboard for a model that I successfully trained.\nML dashboard for the experiment: <https:\/\/mldashboard.twitter.biz\/runs\/abuse-detection%3Adefault%3Aadhoc%3Aabuse_pspammyuser_dbv2_01_10_2020_02_50_AM>\nLaunch Tensorboard fails with an error: `None of the checkpoints are accessible on HDFS`). However when I look at the job  folder on HDFS, I do see the checkpoints.\n```abuse-detection[7]smf1-fns-36-sr1[hadoopnest] ~ $ hadoop fs -ls adhoc\/mlakkam\/p_spammy_user_addtl_features_dal\/job\/abuse_pspammyuser_dbv2-1578624515```\nThe training job takes 2-3 hours to complete. During the training, I can see the Tensorboard. However, I haven't been able to launch it from ML dashboard once the job runs successfully. This happened with two training jobs that I launched since yesterday.\nAny pointers as to what could be happening here? Thanks in advance!",
        "user": "WR1LN5B5L",
        "ts": "1578667726.012600",
        "team": "T86S8GHEG",
        "user_team": "T86S8GHEG",
        "source_team": "T86S8GHEG",
        "user_profile": {
            "avatar_hash": "a950d7b8f082",
            "image_72": "https:\/\/avatars.slack-edge.com\/2019-12-16\/863947905155_a950d7b8f0829e886aa7_72.jpg",
            "first_name": "Milinda",
            "real_name": "Milinda Lakkam",
            "display_name": "mlakkam",
            "team": "T86S8GHEG",
            "name": "mlakkam",
            "is_restricted": false,
            "is_ultra_restricted": false
        },
        "blocks": [
            {
                "type": "rich_text",
                "block_id": "UdZz",
                "elements": [
                    {
                        "type": "rich_text_section",
                        "elements": [
                            {
                                "type": "text",
                                "text": "Hello! I am having issues launching the Tensorboard for a model that I successfully trained.\nML dashboard for the experiment: "
                            },
                            {
                                "type": "link",
                                "url": "https:\/\/mldashboard.twitter.biz\/runs\/abuse-detection%3Adefault%3Aadhoc%3Aabuse_pspammyuser_dbv2_01_10_2020_02_50_AM"
                            },
                            {
                                "type": "text",
                                "text": "\nLaunch Tensorboard fails with an error: "
                            },
                            {
                                "type": "text",
                                "text": "None of the checkpoints are accessible on HDFS",
                                "style": {
                                    "code": true
                                }
                            },
                            {
                                "type": "text",
                                "text": "). However when I look at the job  folder on HDFS, I do see the checkpoints.\n"
                            }
                        ]
                    },
                    {
                        "type": "rich_text_preformatted",
                        "elements": [
                            {
                                "type": "text",
                                "text": "abuse-detection[7]smf1-fns-36-sr1[hadoopnest] ~ $ hadoop fs -ls adhoc\/mlakkam\/p_spammy_user_addtl_features_dal\/job\/abuse_pspammyuser_dbv2-1578624515"
                            }
                        ]
                    },
                    {
                        "type": "rich_text_section",
                        "elements": [
                            {
                                "type": "text",
                                "text": "The training job takes 2-3 hours to complete. During the training, I can see the Tensorboard. However, I haven't been able to launch it from ML dashboard once the job runs successfully. This happened with two training jobs that I launched since yesterday.\nAny pointers as to what could be happening here? Thanks in advance!"
                            }
                        ]
                    }
                ]
            }
        ],
        "thread_ts": "1578667726.012600",
        "reply_count": 11,
        "reply_users_count": 3,
        "latest_reply": "1578682957.015200",
        "reply_users": [
            "WHKR8TXPU",
            "WR1LN5B5L",
            "W831QSCAK"
        ],
        "replies": [
            {
                "user": "WHKR8TXPU",
                "ts": "1578670167.012700"
            },
            {
                "user": "WHKR8TXPU",
                "ts": "1578670299.012900"
            },
            {
                "user": "WHKR8TXPU",
                "ts": "1578670358.013100"
            },
            {
                "user": "WR1LN5B5L",
                "ts": "1578670365.013300"
            },
            {
                "user": "WHKR8TXPU",
                "ts": "1578670724.013600"
            },
            {
                "user": "W831QSCAK",
                "ts": "1578682775.014200"
            },
            {
                "user": "WR1LN5B5L",
                "ts": "1578682852.014400"
            },
            {
                "user": "WR1LN5B5L",
                "ts": "1578682894.014600"
            },
            {
                "user": "W831QSCAK",
                "ts": "1578682907.014800"
            },
            {
                "user": "WR1LN5B5L",
                "ts": "1578682951.015000"
            },
            {
                "user": "W831QSCAK",
                "ts": "1578682957.015200"
            }
        ],
        "subscribed": false
    },
    {
        "client_msg_id": "fd5e3a08-c551-4049-8ed6-b90842fbd47a",
        "type": "message",
        "text": "hmm this looks like it may be a bug. I can reproduce this",
        "user": "WHKR8TXPU",
        "ts": "1578670167.012700",
        "team": "T86S8GHEG",
        "user_team": "T86S8GHEG",
        "source_team": "T86S8GHEG",
        "user_profile": {
            "avatar_hash": "7df7a4c106a3",
            "image_72": "https:\/\/avatars.slack-edge.com\/2019-04-25\/619063166080_7df7a4c106a39dd37793_72.png",
            "first_name": "Sean",
            "real_name": "Sean McQueen",
            "display_name": "smcqueen",
            "team": "T86S8GHEG",
            "name": "smcqueen",
            "is_restricted": false,
            "is_ultra_restricted": false
        },
        "blocks": [
            {
                "type": "rich_text",
                "block_id": "Xt8",
                "elements": [
                    {
                        "type": "rich_text_section",
                        "elements": [
                            {
                                "type": "text",
                                "text": "hmm this looks like it may be a bug. I can reproduce this"
                            }
                        ]
                    }
                ]
            }
        ],
        "thread_ts": "1578667726.012600",
        "parent_user_id": "WR1LN5B5L"
    },
    {
        "client_msg_id": "1a2b6b99-8d15-4e11-9ec6-8287a9df5d83",
        "type": "message",
        "text": "there's a 404 on \/graphql, I think the request payload is broken and not getting parsed correctly?\n\n```{\"operationName\":\"CreateTensorboard\",\"variables\":{\"modelPaths\":[\"<hdfs:\/\/default\/user\/abuse-detection\/adhoc\/mlakkam\/p_spammy_user_addtl_features_dal\/job\/abuse_pspammyuser_dbv2-1578624515\/>\"]},\"query\":\"mutation CreateTensorboard($modelPaths: [String!]!) {\\n  createTensorboard(modelPaths: $modelPaths) {\\n    taskName\\n    hdfsPaths\\n    __typename\\n  }\\n}\\n\"}```",
        "user": "WHKR8TXPU",
        "ts": "1578670299.012900",
        "team": "T86S8GHEG",
        "user_team": "T86S8GHEG",
        "source_team": "T86S8GHEG",
        "user_profile": {
            "avatar_hash": "7df7a4c106a3",
            "image_72": "https:\/\/avatars.slack-edge.com\/2019-04-25\/619063166080_7df7a4c106a39dd37793_72.png",
            "first_name": "Sean",
            "real_name": "Sean McQueen",
            "display_name": "smcqueen",
            "team": "T86S8GHEG",
            "name": "smcqueen",
            "is_restricted": false,
            "is_ultra_restricted": false
        },
        "blocks": [
            {
                "type": "rich_text",
                "block_id": "SZI",
                "elements": [
                    {
                        "type": "rich_text_section",
                        "elements": [
                            {
                                "type": "text",
                                "text": "there's a 404 on \/graphql, I think the request payload is broken and not getting parsed correctly?\n\n"
                            }
                        ]
                    },
                    {
                        "type": "rich_text_preformatted",
                        "elements": [
                            {
                                "type": "text",
                                "text": "{\"operationName\":\"CreateTensorboard\",\"variables\":{\"modelPaths\":[\""
                            },
                            {
                                "type": "link",
                                "url": "hdfs:\/\/default\/user\/abuse-detection\/adhoc\/mlakkam\/p_spammy_user_addtl_features_dal\/job\/abuse_pspammyuser_dbv2-1578624515\/"
                            },
                            {
                                "type": "text",
                                "text": "\"]},\"query\":\"mutation CreateTensorboard($modelPaths: [String!]!) {\\n  createTensorboard(modelPaths: $modelPaths) {\\n    taskName\\n    hdfsPaths\\n    __typename\\n  }\\n}\\n\"}"
                            }
                        ]
                    }
                ]
            }
        ],
        "thread_ts": "1578667726.012600",
        "parent_user_id": "WR1LN5B5L"
    },
    {
        "client_msg_id": "68f922ec-92a7-464d-87cd-26a2982e9392",
        "type": "message",
        "text": "<@WR1LN5B5L> I'll file a ticket for you with these details, I need someone who knows ML Dash a bit better to look at this issue though. Hold tight!",
        "user": "WHKR8TXPU",
        "ts": "1578670358.013100",
        "team": "T86S8GHEG",
        "user_team": "T86S8GHEG",
        "source_team": "T86S8GHEG",
        "user_profile": {
            "avatar_hash": "7df7a4c106a3",
            "image_72": "https:\/\/avatars.slack-edge.com\/2019-04-25\/619063166080_7df7a4c106a39dd37793_72.png",
            "first_name": "Sean",
            "real_name": "Sean McQueen",
            "display_name": "smcqueen",
            "team": "T86S8GHEG",
            "name": "smcqueen",
            "is_restricted": false,
            "is_ultra_restricted": false
        },
        "blocks": [
            {
                "type": "rich_text",
                "block_id": "i0+",
                "elements": [
                    {
                        "type": "rich_text_section",
                        "elements": [
                            {
                                "type": "user",
                                "user_id": "WR1LN5B5L"
                            },
                            {
                                "type": "text",
                                "text": " I'll file a ticket for you with these details, I need someone who knows ML Dash a bit better to look at this issue though. Hold tight!"
                            }
                        ]
                    }
                ]
            }
        ],
        "thread_ts": "1578667726.012600",
        "parent_user_id": "WR1LN5B5L"
    },
    {
        "client_msg_id": "85af5b42-321a-490e-8acf-8f93937164fd",
        "type": "message",
        "text": "Thank you very much for looking into it  and filing a ticket <@WHKR8TXPU>.",
        "user": "WR1LN5B5L",
        "ts": "1578670365.013300",
        "team": "T86S8GHEG",
        "user_team": "T86S8GHEG",
        "source_team": "T86S8GHEG",
        "user_profile": {
            "avatar_hash": "a950d7b8f082",
            "image_72": "https:\/\/avatars.slack-edge.com\/2019-12-16\/863947905155_a950d7b8f0829e886aa7_72.jpg",
            "first_name": "Milinda",
            "real_name": "Milinda Lakkam",
            "display_name": "mlakkam",
            "team": "T86S8GHEG",
            "name": "mlakkam",
            "is_restricted": false,
            "is_ultra_restricted": false
        },
        "edited": {
            "user": "WR1LN5B5L",
            "ts": "1578670391.000000"
        },
        "blocks": [
            {
                "type": "rich_text",
                "block_id": "9Gf",
                "elements": [
                    {
                        "type": "rich_text_section",
                        "elements": [
                            {
                                "type": "text",
                                "text": "Thank you very much for looking into it  and filing a ticket "
                            },
                            {
                                "type": "user",
                                "user_id": "WHKR8TXPU"
                            },
                            {
                                "type": "text",
                                "text": "."
                            }
                        ]
                    }
                ]
            }
        ],
        "thread_ts": "1578667726.012600",
        "parent_user_id": "WR1LN5B5L"
    },
    {
        "client_msg_id": "f3bc4d4a-ebd0-46e8-abff-4b93967b7b9b",
        "type": "message",
        "text": "<https:\/\/jira.twitter.biz\/browse\/CX-17756>",
        "user": "WHKR8TXPU",
        "ts": "1578670724.013600",
        "team": "T86S8GHEG",
        "user_team": "T86S8GHEG",
        "source_team": "T86S8GHEG",
        "user_profile": {
            "avatar_hash": "7df7a4c106a3",
            "image_72": "https:\/\/avatars.slack-edge.com\/2019-04-25\/619063166080_7df7a4c106a39dd37793_72.png",
            "first_name": "Sean",
            "real_name": "Sean McQueen",
            "display_name": "smcqueen",
            "team": "T86S8GHEG",
            "name": "smcqueen",
            "is_restricted": false,
            "is_ultra_restricted": false
        },
        "blocks": [
            {
                "type": "rich_text",
                "block_id": "FnH",
                "elements": [
                    {
                        "type": "rich_text_section",
                        "elements": [
                            {
                                "type": "link",
                                "url": "https:\/\/jira.twitter.biz\/browse\/CX-17756"
                            }
                        ]
                    }
                ]
            }
        ],
        "thread_ts": "1578667726.012600",
        "parent_user_id": "WR1LN5B5L",
        "reactions": [
            {
                "name": "+1::skin-tone-5",
                "users": [
                    "WR1LN5B5L"
                ],
                "count": 1
            },
            {
                "name": "ty",
                "users": [
                    "WR1LN5B5L"
                ],
                "count": 1
            }
        ]
    },
    {
        "type": "message",
        "subtype": "bot_message",
        "text": "Target smf1\/mldashboard\/prod\/jazzy_mldashboard failed to execute for workflow <https:\/\/workflows.twitter.biz\/workflow\/mldashboard\/jazzy-mldashboard\/975|jazzy-mldashboard:V975>",
        "ts": "1578678093.014000",
        "username": "deploybot",
        "bot_id": "B8EV9KHMH"
    },
    {
        "client_msg_id": "38de661f-bf39-4913-910a-7183f7e4fdd9",
        "type": "message",
        "text": "Hey <@WR1LN5B5L> this is due to the permission of your hdfs files. `\/user\/abuse-detection\/adhoc` isn't accessible to ml dashboard with its permission (drwxr-x—). You need to change its permission to allow read from everyone",
        "user": "W831QSCAK",
        "ts": "1578682775.014200",
        "team": "T86S8GHEG",
        "user_team": "T86S8GHEG",
        "source_team": "T86S8GHEG",
        "user_profile": {
            "avatar_hash": "3125369172db",
            "image_72": "https:\/\/avatars.slack-edge.com\/2020-03-09\/989620483264_3125369172db64b56474_72.jpg",
            "first_name": "Xiao",
            "real_name": "Xiao Zhu",
            "display_name": "xzhu",
            "team": "T86S8GHEG",
            "name": "xzhu",
            "is_restricted": false,
            "is_ultra_restricted": false
        },
        "blocks": [
            {
                "type": "rich_text",
                "block_id": "8yv",
                "elements": [
                    {
                        "type": "rich_text_section",
                        "elements": [
                            {
                                "type": "text",
                                "text": "Hey "
                            },
                            {
                                "type": "user",
                                "user_id": "WR1LN5B5L"
                            },
                            {
                                "type": "text",
                                "text": " this is due to the permission of your hdfs files. "
                            },
                            {
                                "type": "text",
                                "text": "\/user\/abuse-detection\/adhoc",
                                "style": {
                                    "code": true
                                }
                            },
                            {
                                "type": "text",
                                "text": " isn't accessible to ml dashboard with its permission (drwxr-x—). You need to change its permission to allow read from everyone"
                            }
                        ]
                    }
                ]
            }
        ],
        "thread_ts": "1578667726.012600",
        "parent_user_id": "WR1LN5B5L"
    },
    {
        "client_msg_id": "49cc7bc2-bd41-4bbb-96ad-a6d83c262f92",
        "type": "message",
        "text": "<@W831QSCAK> That is a bit strange; I can see the tensorboard when the training job is running but not after the job is completed (when I try launching the tensorboard from the ML dash experiment page)",
        "user": "WR1LN5B5L",
        "ts": "1578682852.014400",
        "team": "T86S8GHEG",
        "user_team": "T86S8GHEG",
        "source_team": "T86S8GHEG",
        "user_profile": {
            "avatar_hash": "a950d7b8f082",
            "image_72": "https:\/\/avatars.slack-edge.com\/2019-12-16\/863947905155_a950d7b8f0829e886aa7_72.jpg",
            "first_name": "Milinda",
            "real_name": "Milinda Lakkam",
            "display_name": "mlakkam",
            "team": "T86S8GHEG",
            "name": "mlakkam",
            "is_restricted": false,
            "is_ultra_restricted": false
        },
        "blocks": [
            {
                "type": "rich_text",
                "block_id": "Npmn",
                "elements": [
                    {
                        "type": "rich_text_section",
                        "elements": [
                            {
                                "type": "user",
                                "user_id": "W831QSCAK"
                            },
                            {
                                "type": "text",
                                "text": " That is a bit strange; I can see the tensorboard when the training job is running but not after the job is completed (when I try launching the tensorboard from the ML dash experiment page)"
                            }
                        ]
                    }
                ]
            }
        ],
        "thread_ts": "1578667726.012600",
        "parent_user_id": "WR1LN5B5L"
    },
    {
        "client_msg_id": "5436926e-2f38-4447-94d3-5841cd1db229",
        "type": "message",
        "text": "Also, thank you for taking a look <@W831QSCAK>",
        "user": "WR1LN5B5L",
        "ts": "1578682894.014600",
        "team": "T86S8GHEG",
        "user_team": "T86S8GHEG",
        "source_team": "T86S8GHEG",
        "user_profile": {
            "avatar_hash": "a950d7b8f082",
            "image_72": "https:\/\/avatars.slack-edge.com\/2019-12-16\/863947905155_a950d7b8f0829e886aa7_72.jpg",
            "first_name": "Milinda",
            "real_name": "Milinda Lakkam",
            "display_name": "mlakkam",
            "team": "T86S8GHEG",
            "name": "mlakkam",
            "is_restricted": false,
            "is_ultra_restricted": false
        },
        "blocks": [
            {
                "type": "rich_text",
                "block_id": "ktx",
                "elements": [
                    {
                        "type": "rich_text_section",
                        "elements": [
                            {
                                "type": "text",
                                "text": "Also, thank you for taking a look "
                            },
                            {
                                "type": "user",
                                "user_id": "W831QSCAK"
                            }
                        ]
                    }
                ]
            }
        ],
        "thread_ts": "1578667726.012600",
        "parent_user_id": "WR1LN5B5L"
    },
    {
        "client_msg_id": "4c0a3de2-1cfe-459c-bc73-314aa7e0d26b",
        "type": "message",
        "text": "during training it ran under your role (abuse-detection) so it has access. however, after the training completed when ml dashboard starts a new tensorboard it would be under ml dashboard's role, which doesn't have access",
        "user": "W831QSCAK",
        "ts": "1578682907.014800",
        "team": "T86S8GHEG",
        "user_team": "T86S8GHEG",
        "source_team": "T86S8GHEG",
        "user_profile": {
            "avatar_hash": "3125369172db",
            "image_72": "https:\/\/avatars.slack-edge.com\/2020-03-09\/989620483264_3125369172db64b56474_72.jpg",
            "first_name": "Xiao",
            "real_name": "Xiao Zhu",
            "display_name": "xzhu",
            "team": "T86S8GHEG",
            "name": "xzhu",
            "is_restricted": false,
            "is_ultra_restricted": false
        },
        "blocks": [
            {
                "type": "rich_text",
                "block_id": "kMb",
                "elements": [
                    {
                        "type": "rich_text_section",
                        "elements": [
                            {
                                "type": "text",
                                "text": "during training it ran under your role (abuse-detection) so it has access. however, after the training completed when ml dashboard starts a new tensorboard it would be under ml dashboard's role, which doesn't have access"
                            }
                        ]
                    }
                ]
            }
        ],
        "thread_ts": "1578667726.012600",
        "parent_user_id": "WR1LN5B5L"
    },
    {
        "client_msg_id": "b81f2ccd-fcb4-423a-abda-5e4fb61cb4d7",
        "type": "message",
        "text": "That explains what I observe :slightly_smiling_face: Thank you. I will check with my team if making the folder world readable is advisable (I am a new tweep :))",
        "user": "WR1LN5B5L",
        "ts": "1578682951.015000",
        "team": "T86S8GHEG",
        "user_team": "T86S8GHEG",
        "source_team": "T86S8GHEG",
        "user_profile": {
            "avatar_hash": "a950d7b8f082",
            "image_72": "https:\/\/avatars.slack-edge.com\/2019-12-16\/863947905155_a950d7b8f0829e886aa7_72.jpg",
            "first_name": "Milinda",
            "real_name": "Milinda Lakkam",
            "display_name": "mlakkam",
            "team": "T86S8GHEG",
            "name": "mlakkam",
            "is_restricted": false,
            "is_ultra_restricted": false
        },
        "blocks": [
            {
                "type": "rich_text",
                "block_id": "tP0",
                "elements": [
                    {
                        "type": "rich_text_section",
                        "elements": [
                            {
                                "type": "text",
                                "text": "That explains what I observe "
                            },
                            {
                                "type": "emoji",
                                "name": "slightly_smiling_face"
                            },
                            {
                                "type": "text",
                                "text": " Thank you. I will check with my team if making the folder world readable is advisable (I am a new tweep :))"
                            }
                        ]
                    }
                ]
            }
        ],
        "thread_ts": "1578667726.012600",
        "parent_user_id": "WR1LN5B5L"
    },
    {
        "client_msg_id": "f5d91906-bf2a-431f-8788-82a0e8400d02",
        "type": "message",
        "text": ":thumbsup:",
        "user": "W831QSCAK",
        "ts": "1578682957.015200",
        "team": "T86S8GHEG",
        "user_team": "T86S8GHEG",
        "source_team": "T86S8GHEG",
        "user_profile": {
            "avatar_hash": "3125369172db",
            "image_72": "https:\/\/avatars.slack-edge.com\/2020-03-09\/989620483264_3125369172db64b56474_72.jpg",
            "first_name": "Xiao",
            "real_name": "Xiao Zhu",
            "display_name": "xzhu",
            "team": "T86S8GHEG",
            "name": "xzhu",
            "is_restricted": false,
            "is_ultra_restricted": false
        },
        "blocks": [
            {
                "type": "rich_text",
                "block_id": "=TgjD",
                "elements": [
                    {
                        "type": "rich_text_section",
                        "elements": [
                            {
                                "type": "emoji",
                                "name": "thumbsup"
                            }
                        ]
                    }
                ]
            }
        ],
        "thread_ts": "1578667726.012600",
        "parent_user_id": "WR1LN5B5L"
    },
    {
        "type": "message",
        "subtype": "bot_message",
        "text": "",
        "ts": "1578692701.015400",
        "username": "ML Dashboard",
        "bot_id": "BQQPHLL7K",
        "attachments": [
            {
                "fallback": "ML Dash office hour: <!date^1578693600^{date_short_pretty} from {time}|January 10th, 2020 from 2:00 PM> to <!date^1578695400^{time}|2:30 PM GMT-0800>",
                "text": "<!date^1578693600^{date_short_pretty} from {time}|January 10th, 2020 from 2:00 PM> to <!date^1578695400^{time}|2:30 PM GMT-0800> at <https:\/\/maps.google.com\/maps?q=Cortex+platform+area%2C+near+SF+Market+8+Goose|Cortex platform area, near SF Market 8 Goose>",
                "pretext": "Event starting in 15 minutes:",
                "title": "ML Dash office hour",
                "id": 1,
                "title_link": "https:\/\/www.google.com\/calendar\/event?eid=MmphY2FsaHUwbjg4cnA1dWQ0cnU5c2liMWxfMjAyMDAxMTBUMjIwMDAwWiB0d2l0dGVyLmNvbV9mNGtva2MxM3Zsa2Z1bTRzNXBobGFkMTVlMEBn",
                "color": "cabdbf",
                "mrkdwn_in": [
                    "text",
                    "pretext",
                    "more"
                ]
            }
        ]
    }
]