[
    {
        "type": "message",
        "text": "Hi, so the training run has been going fine since yesterday and 2 out of 9 models finished. Though the path on hdfs doesn't match the run number",
        "user": "W81U53QN8",
        "ts": "1518810340.000556",
        "team": "T86S8GHEG",
        "user_team": "T86S8GHEG",
        "source_team": "T86S8GHEG",
        "user_profile": {
            "avatar_hash": "e2892f8bd1b1",
            "image_72": "https:\/\/avatars.slack-edge.com\/2017-12-13\/286394052324_e2892f8bd1b14c4d2b74_72.jpg",
            "first_name": "Rohit",
            "real_name": "Rohit Jain",
            "display_name": "rjain",
            "team": "T86S8GHEG",
            "name": "rjain",
            "is_restricted": false,
            "is_ultra_restricted": false
        }
    },
    {
        "type": "message",
        "text": "<http:\/\/airflow--prod--timelines.service.smf1.twitter.biz\/admin\/airflow\/log?task_id=train_is_open_linked&amp;dag_id=timelines_train-validate&amp;execution_date=2018-02-15T23:44:04.409422>",
        "user": "W81U53QN8",
        "ts": "1518810344.000034",
        "team": "T86S8GHEG",
        "user_team": "T86S8GHEG",
        "source_team": "T86S8GHEG",
        "user_profile": {
            "avatar_hash": "e2892f8bd1b1",
            "image_72": "https:\/\/avatars.slack-edge.com\/2017-12-13\/286394052324_e2892f8bd1b14c4d2b74_72.jpg",
            "first_name": "Rohit",
            "real_name": "Rohit Jain",
            "display_name": "rjain",
            "team": "T86S8GHEG",
            "name": "rjain",
            "is_restricted": false,
            "is_ultra_restricted": false
        }
    },
    {
        "type": "message",
        "text": "<http:\/\/hadoop-dw2-user-nn1.smf1.twitter.com:50070\/explorer.html#\/user\/timelines\/airflow\/is_open_linked>",
        "user": "W81U53QN8",
        "ts": "1518810351.000313",
        "team": "T86S8GHEG",
        "user_team": "T86S8GHEG",
        "source_team": "T86S8GHEG",
        "user_profile": {
            "avatar_hash": "e2892f8bd1b1",
            "image_72": "https:\/\/avatars.slack-edge.com\/2017-12-13\/286394052324_e2892f8bd1b14c4d2b74_72.jpg",
            "first_name": "Rohit",
            "real_name": "Rohit Jain",
            "display_name": "rjain",
            "team": "T86S8GHEG",
            "name": "rjain",
            "is_restricted": false,
            "is_ultra_restricted": false
        }
    },
    {
        "type": "message",
        "text": "the UUID is different from atla run number also",
        "user": "W81U53QN8",
        "ts": "1518810390.000627",
        "team": "T86S8GHEG",
        "user_team": "T86S8GHEG",
        "source_team": "T86S8GHEG",
        "user_profile": {
            "avatar_hash": "e2892f8bd1b1",
            "image_72": "https:\/\/avatars.slack-edge.com\/2017-12-13\/286394052324_e2892f8bd1b14c4d2b74_72.jpg",
            "first_name": "Rohit",
            "real_name": "Rohit Jain",
            "display_name": "rjain",
            "team": "T86S8GHEG",
            "name": "rjain",
            "is_restricted": false,
            "is_ultra_restricted": false
        }
    },
    {
        "type": "message",
        "text": "the uuid mismatch is a bug we are working on",
        "user": "W82UCH2EB",
        "ts": "1518810433.000078",
        "team": "T86S8GHEG",
        "user_team": "T86S8GHEG",
        "source_team": "T86S8GHEG",
        "user_profile": {
            "avatar_hash": "91f21c110d85",
            "image_72": "https:\/\/avatars.slack-edge.com\/2018-05-25\/371711110887_91f21c110d858e612f45_72.jpg",
            "first_name": "Newton",
            "real_name": "Newton Le",
            "display_name": "nle",
            "team": "T86S8GHEG",
            "name": "nle",
            "is_restricted": false,
            "is_ultra_restricted": false
        }
    },
    {
        "type": "message",
        "text": "<@W82UCH2EB> do you mean CX-8390?",
        "user": "W831QSCAK",
        "ts": "1518810456.000070",
        "team": "T86S8GHEG",
        "user_team": "T86S8GHEG",
        "source_team": "T86S8GHEG",
        "user_profile": {
            "avatar_hash": "3125369172db",
            "image_72": "https:\/\/avatars.slack-edge.com\/2020-03-09\/989620483264_3125369172db64b56474_72.jpg",
            "first_name": "Xiao",
            "real_name": "Xiao Zhu",
            "display_name": "xzhu",
            "team": "T86S8GHEG",
            "name": "xzhu",
            "is_restricted": false,
            "is_ultra_restricted": false
        }
    },
    {
        "type": "message",
        "text": "yes isn’t it that?",
        "user": "W82UCH2EB",
        "ts": "1518810510.000429",
        "team": "T86S8GHEG",
        "user_team": "T86S8GHEG",
        "source_team": "T86S8GHEG",
        "user_profile": {
            "avatar_hash": "91f21c110d85",
            "image_72": "https:\/\/avatars.slack-edge.com\/2018-05-25\/371711110887_91f21c110d858e612f45_72.jpg",
            "first_name": "Newton",
            "real_name": "Newton Le",
            "display_name": "nle",
            "team": "T86S8GHEG",
            "name": "nle",
            "is_restricted": false,
            "is_ultra_restricted": false
        }
    },
    {
        "type": "message",
        "text": "or is this a different issue",
        "user": "W82UCH2EB",
        "ts": "1518810513.000690",
        "team": "T86S8GHEG",
        "user_team": "T86S8GHEG",
        "source_team": "T86S8GHEG",
        "user_profile": {
            "avatar_hash": "91f21c110d85",
            "image_72": "https:\/\/avatars.slack-edge.com\/2018-05-25\/371711110887_91f21c110d858e612f45_72.jpg",
            "first_name": "Newton",
            "real_name": "Newton Le",
            "display_name": "nle",
            "team": "T86S8GHEG",
            "name": "nle",
            "is_restricted": false,
            "is_ultra_restricted": false
        }
    },
    {
        "type": "message",
        "text": "I feel that's different",
        "user": "W831QSCAK",
        "ts": "1518810545.000085",
        "team": "T86S8GHEG",
        "user_team": "T86S8GHEG",
        "source_team": "T86S8GHEG",
        "user_profile": {
            "avatar_hash": "3125369172db",
            "image_72": "https:\/\/avatars.slack-edge.com\/2020-03-09\/989620483264_3125369172db64b56474_72.jpg",
            "first_name": "Xiao",
            "real_name": "Xiao Zhu",
            "display_name": "xzhu",
            "team": "T86S8GHEG",
            "name": "xzhu",
            "is_restricted": false,
            "is_ultra_restricted": false
        }
    },
    {
        "type": "message",
        "text": "b\/c that's actually not a but but just how airflow UI is designed",
        "user": "W831QSCAK",
        "ts": "1518810555.000250",
        "team": "T86S8GHEG",
        "user_team": "T86S8GHEG",
        "source_team": "T86S8GHEG",
        "user_profile": {
            "avatar_hash": "3125369172db",
            "image_72": "https:\/\/avatars.slack-edge.com\/2020-03-09\/989620483264_3125369172db64b56474_72.jpg",
            "first_name": "Xiao",
            "real_name": "Xiao Zhu",
            "display_name": "xzhu",
            "team": "T86S8GHEG",
            "name": "xzhu",
            "is_restricted": false,
            "is_ultra_restricted": false
        }
    },
    {
        "type": "message",
        "text": "ah ok",
        "user": "W82UCH2EB",
        "ts": "1518810571.000376",
        "team": "T86S8GHEG",
        "user_team": "T86S8GHEG",
        "source_team": "T86S8GHEG",
        "user_profile": {
            "avatar_hash": "91f21c110d85",
            "image_72": "https:\/\/avatars.slack-edge.com\/2018-05-25\/371711110887_91f21c110d858e612f45_72.jpg",
            "first_name": "Newton",
            "real_name": "Newton Le",
            "display_name": "nle",
            "team": "T86S8GHEG",
            "name": "nle",
            "is_restricted": false,
            "is_ultra_restricted": false
        }
    },
    {
        "type": "message",
        "text": "i’ll defer to you on this one",
        "user": "W82UCH2EB",
        "ts": "1518810578.000246",
        "team": "T86S8GHEG",
        "user_team": "T86S8GHEG",
        "source_team": "T86S8GHEG",
        "user_profile": {
            "avatar_hash": "91f21c110d85",
            "image_72": "https:\/\/avatars.slack-edge.com\/2018-05-25\/371711110887_91f21c110d858e612f45_72.jpg",
            "first_name": "Newton",
            "real_name": "Newton Le",
            "display_name": "nle",
            "team": "T86S8GHEG",
            "name": "nle",
            "is_restricted": false,
            "is_ultra_restricted": false
        }
    },
    {
        "type": "message",
        "text": "haha",
        "user": "W82UCH2EB",
        "ts": "1518810579.000085",
        "team": "T86S8GHEG",
        "user_team": "T86S8GHEG",
        "source_team": "T86S8GHEG",
        "user_profile": {
            "avatar_hash": "91f21c110d85",
            "image_72": "https:\/\/avatars.slack-edge.com\/2018-05-25\/371711110887_91f21c110d858e612f45_72.jpg",
            "first_name": "Newton",
            "real_name": "Newton Le",
            "display_name": "nle",
            "team": "T86S8GHEG",
            "name": "nle",
            "is_restricted": false,
            "is_ultra_restricted": false
        }
    },
    {
        "type": "message",
        "text": ":shrugg: it's another unexpected surprise in airflow..",
        "user": "W831QSCAK",
        "ts": "1518810599.000303",
        "team": "T86S8GHEG",
        "user_team": "T86S8GHEG",
        "source_team": "T86S8GHEG",
        "user_profile": {
            "avatar_hash": "3125369172db",
            "image_72": "https:\/\/avatars.slack-edge.com\/2020-03-09\/989620483264_3125369172db64b56474_72.jpg",
            "first_name": "Xiao",
            "real_name": "Xiao Zhu",
            "display_name": "xzhu",
            "team": "T86S8GHEG",
            "name": "xzhu",
            "is_restricted": false,
            "is_ultra_restricted": false
        }
    },
    {
        "type": "message",
        "text": "<@W81U53QN8> looking at your case",
        "user": "W831QSCAK",
        "ts": "1518810605.000460",
        "team": "T86S8GHEG",
        "user_team": "T86S8GHEG",
        "source_team": "T86S8GHEG",
        "user_profile": {
            "avatar_hash": "3125369172db",
            "image_72": "https:\/\/avatars.slack-edge.com\/2020-03-09\/989620483264_3125369172db64b56474_72.jpg",
            "first_name": "Xiao",
            "real_name": "Xiao Zhu",
            "display_name": "xzhu",
            "team": "T86S8GHEG",
            "name": "xzhu",
            "is_restricted": false,
            "is_ultra_restricted": false
        }
    },
    {
        "client_msg_id": "a61e1d1a-ebe2-4ff2-af05-3cbe4ccbc1cd",
        "type": "message",
        "text": "Thanks",
        "user": "W81U53QN8",
        "ts": "1518810676.000137",
        "team": "T86S8GHEG",
        "user_team": "T86S8GHEG",
        "source_team": "T86S8GHEG",
        "user_profile": {
            "avatar_hash": "e2892f8bd1b1",
            "image_72": "https:\/\/avatars.slack-edge.com\/2017-12-13\/286394052324_e2892f8bd1b14c4d2b74_72.jpg",
            "first_name": "Rohit",
            "real_name": "Rohit Jain",
            "display_name": "rjain",
            "team": "T86S8GHEG",
            "name": "rjain",
            "is_restricted": false,
            "is_ultra_restricted": false
        }
    },
    {
        "type": "message",
        "text": "ok I think the uuids are not designed to be the same",
        "user": "W831QSCAK",
        "ts": "1518810754.000113",
        "team": "T86S8GHEG",
        "user_team": "T86S8GHEG",
        "source_team": "T86S8GHEG",
        "user_profile": {
            "avatar_hash": "3125369172db",
            "image_72": "https:\/\/avatars.slack-edge.com\/2020-03-09\/989620483264_3125369172db64b56474_72.jpg",
            "first_name": "Xiao",
            "real_name": "Xiao Zhu",
            "display_name": "xzhu",
            "team": "T86S8GHEG",
            "name": "xzhu",
            "is_restricted": false,
            "is_ultra_restricted": false
        }
    },
    {
        "type": "message",
        "text": "So deepbird\/run_operator.py does take a output_id",
        "user": "W831QSCAK",
        "ts": "1518810791.000104",
        "team": "T86S8GHEG",
        "user_team": "T86S8GHEG",
        "source_team": "T86S8GHEG",
        "user_profile": {
            "avatar_hash": "3125369172db",
            "image_72": "https:\/\/avatars.slack-edge.com\/2020-03-09\/989620483264_3125369172db64b56474_72.jpg",
            "first_name": "Xiao",
            "real_name": "Xiao Zhu",
            "display_name": "xzhu",
            "team": "T86S8GHEG",
            "name": "xzhu",
            "is_restricted": false,
            "is_ultra_restricted": false
        }
    },
    {
        "type": "message",
        "text": "unless you passed in your aurora uuid in your dag to the run_operator, it will generate a new one",
        "user": "W831QSCAK",
        "ts": "1518810809.000483",
        "team": "T86S8GHEG",
        "user_team": "T86S8GHEG",
        "source_team": "T86S8GHEG",
        "user_profile": {
            "avatar_hash": "3125369172db",
            "image_72": "https:\/\/avatars.slack-edge.com\/2020-03-09\/989620483264_3125369172db64b56474_72.jpg",
            "first_name": "Xiao",
            "real_name": "Xiao Zhu",
            "display_name": "xzhu",
            "team": "T86S8GHEG",
            "name": "xzhu",
            "is_restricted": false,
            "is_ultra_restricted": false
        }
    },
    {
        "type": "message",
        "text": "There has been a question of how to handle UUIDs to make them static to a job run. The problem is everytime a DAG is instantiated it generates a new UUID.",
        "user": "W81EYMXMZ",
        "ts": "1518815963.000241",
        "team": "T86S8GHEG",
        "user_team": "T86S8GHEG",
        "source_team": "T86S8GHEG",
        "user_profile": {
            "avatar_hash": "e4622bf04c06",
            "image_72": "https:\/\/avatars.slack-edge.com\/2019-10-30\/817857030231_e4622bf04c06a878c157_72.jpg",
            "first_name": "Devin",
            "real_name": "Devin Goodsell",
            "display_name": "dgoodsell",
            "team": "T86S8GHEG",
            "name": "dgoodsell",
            "is_restricted": false,
            "is_ultra_restricted": false
        }
    },
    {
        "type": "message",
        "text": "This was on the board last year to try and make this more consistent.",
        "user": "W81EYMXMZ",
        "ts": "1518815973.000259",
        "team": "T86S8GHEG",
        "user_team": "T86S8GHEG",
        "source_team": "T86S8GHEG",
        "user_profile": {
            "avatar_hash": "e4622bf04c06",
            "image_72": "https:\/\/avatars.slack-edge.com\/2019-10-30\/817857030231_e4622bf04c06a878c157_72.jpg",
            "first_name": "Devin",
            "real_name": "Devin Goodsell",
            "display_name": "dgoodsell",
            "team": "T86S8GHEG",
            "name": "dgoodsell",
            "is_restricted": false,
            "is_ultra_restricted": false
        }
    },
    {
        "type": "message",
        "text": "if all operators which generate UUIDs also take previously generated UUID as a parameter they can be kept static in a DAG run",
        "user": "W831QSCAK",
        "ts": "1518816039.000518",
        "team": "T86S8GHEG",
        "user_team": "T86S8GHEG",
        "source_team": "T86S8GHEG",
        "user_profile": {
            "avatar_hash": "3125369172db",
            "image_72": "https:\/\/avatars.slack-edge.com\/2020-03-09\/989620483264_3125369172db64b56474_72.jpg",
            "first_name": "Xiao",
            "real_name": "Xiao Zhu",
            "display_name": "xzhu",
            "team": "T86S8GHEG",
            "name": "xzhu",
            "is_restricted": false,
            "is_ultra_restricted": false
        },
        "edited": {
            "user": "W831QSCAK",
            "ts": "1518816049.000000"
        }
    },
    {
        "type": "message",
        "text": "UUID makes tracking super hard specially since we are tracking 9 models together. It'll be great to have a consistent alternative",
        "user": "W81U53QN8",
        "ts": "1518816701.000026",
        "team": "T86S8GHEG",
        "user_team": "T86S8GHEG",
        "source_team": "T86S8GHEG",
        "user_profile": {
            "avatar_hash": "e2892f8bd1b1",
            "image_72": "https:\/\/avatars.slack-edge.com\/2017-12-13\/286394052324_e2892f8bd1b14c4d2b74_72.jpg",
            "first_name": "Rohit",
            "real_name": "Rohit Jain",
            "display_name": "rjain",
            "team": "T86S8GHEG",
            "name": "rjain",
            "is_restricted": false,
            "is_ultra_restricted": false
        }
    },
    {
        "type": "message",
        "text": "Makes sense. We are thinking of possible solutions.",
        "user": "W831QSCAK",
        "ts": "1518817418.000105",
        "team": "T86S8GHEG",
        "user_team": "T86S8GHEG",
        "source_team": "T86S8GHEG",
        "user_profile": {
            "avatar_hash": "3125369172db",
            "image_72": "https:\/\/avatars.slack-edge.com\/2020-03-09\/989620483264_3125369172db64b56474_72.jpg",
            "first_name": "Xiao",
            "real_name": "Xiao Zhu",
            "display_name": "xzhu",
            "team": "T86S8GHEG",
            "name": "xzhu",
            "is_restricted": false,
            "is_ultra_restricted": false
        }
    }
]