[
    {
        "type": "message",
        "subtype": "channel_topic",
        "ts": "1528390300.000201",
        "user": "W831QSCAK",
        "text": "<@W831QSCAK> set the channel topic: <http:\/\/go\/ml-workflows> <@WLDES09NC> for support",
        "topic": "<http:\/\/go\/ml-workflows> <@WLDES09NC> for support"
    },
    {
        "type": "message",
        "text": "hey folks, I’m getting a bunch of errors when initializing a local copy:",
        "user": "W8Y21DGJK",
        "ts": "1528395142.000066",
        "team": "T86S8GHEG",
        "user_team": "T86S8GHEG",
        "source_team": "T86S8GHEG",
        "user_profile": {
            "avatar_hash": "g7f14da2af48",
            "image_72": "https:\/\/secure.gravatar.com\/avatar\/27f14da2af4839483d0403f4a65e0de1.jpg?s=72&d=https%3A%2F%2Fa.slack-edge.com%2Fdf10d%2Fimg%2Favatars%2Fava_0002-72.png",
            "first_name": "Rafael",
            "real_name": "Rafael Menezes Barreto",
            "display_name": "rbarreto",
            "team": "T86S8GHEG",
            "name": "rbarreto",
            "is_restricted": false,
            "is_ultra_restricted": false
        },
        "edited": {
            "user": "W8Y21DGJK",
            "ts": "1528395154.000000"
        }
    },
    {
        "type": "message",
        "text": "```\n[2018-06-07 11:12:02,210] {models.py:189} INFO - Filling up the DagBag from \/Users\/rbarreto\/workspace\/source\/dist\/airflow_package\/airflow_home\/dags\/live\n[2018-06-07 11:12:02,333] {models.py:288} ERROR - Failed to import: \/Users\/rbarreto\/workspace\/source\/dist\/airflow_package\/airflow_home\/dags\/live\/common\/update_dags.py\nTraceback (most recent call last):\n  File \"\/Users\/rbarreto\/.pex\/install\/apache_airflow-1.9.0+twtr2-py2-none-any.whl.b045e688c620117735c467005e60e413231e6f55\/apache_airflow-1.9.0+twtr2-py2-none-any.whl\/airflow\/models.py\", line 285, in process_file\n    m = imp.load_source(mod_name, filepath)\n  File \"\/Users\/rbarreto\/workspace\/source\/dist\/airflow_package\/airflow_home\/dags\/live\/common\/update_dags.py\", line 25, in &lt;module&gt;\n    dag_folders = Variable.get('dag_folders', deserialize_json=True)\n  File \"\/Users\/rbarreto\/.pex\/install\/apache_airflow-1.9.0+twtr2-py2-none-any.whl.b045e688c620117735c467005e60e413231e6f55\/apache_airflow-1.9.0+twtr2-py2-none-any.whl\/airflow\/utils\/db.py\", line 50, in wrapper\n    result = func(*args, **kwargs)\n  File \"\/Users\/rbarreto\/.pex\/install\/apache_airflow-1.9.0+twtr2-py2-none-any.whl.b045e688c620117735c467005e60e413231e6f55\/apache_airflow-1.9.0+twtr2-py2-none-any.whl\/airflow\/models.py\", line 4030, in get\n    raise KeyError('Variable {} does not exist'.format(key))\nKeyError: u'Variable dag_folders does not exist'\n[2018-06-07 11:12:02,366] {models.py:288} ERROR - Failed to import: \/Users\/rbarreto\/workspace\/source\/dist\/airflow_package\/airflow_home\/dags\/live\/examples\/dynamic_example.py\nTraceback (most recent call last):\n  File \"\/Users\/rbarreto\/.pex\/install\/apache_airflow-1.9.0+twtr2-py2-none-any.whl.b045e688c620117735c467005e60e413231e6f55\/apache_airflow-1.9.0+twtr2-py2-none-any.whl\/airflow\/models.py\", line 285, in process_file\n    m = imp.load_source(mod_name, filepath)\n  File \"\/Users\/rbarreto\/workspace\/source\/dist\/airflow_package\/airflow_home\/dags\/live\/examples\/dynamic_example.py\", line 19, in &lt;module&gt;\n    dag_folders = Variable.get('dag_folders', deserialize_json=True)\n  File \"\/Users\/rbarreto\/.pex\/install\/apache_airflow-1.9.0+twtr2-py2-none-any.whl.b045e688c620117735c467005e60e413231e6f55\/apache_airflow-1.9.0+twtr2-py2-none-any.whl\/airflow\/utils\/db.py\", line 50, in wrapper\n    result = func(*args, **kwargs)\n  File \"\/Users\/rbarreto\/.pex\/install\/apache_airflow-1.9.0+twtr2-py2-none-any.whl.b045e688c620117735c467005e60e413231e6f55\/apache_airflow-1.9.0+twtr2-py2-none-any.whl\/airflow\/models.py\", line 4030, in get\n    raise KeyError('Variable {} does not exist'.format(key))\nKeyError: u'Variable dag_folders does not exist'\n```",
        "user": "W8Y21DGJK",
        "ts": "1528395168.000458",
        "team": "T86S8GHEG",
        "user_team": "T86S8GHEG",
        "source_team": "T86S8GHEG",
        "user_profile": {
            "avatar_hash": "g7f14da2af48",
            "image_72": "https:\/\/secure.gravatar.com\/avatar\/27f14da2af4839483d0403f4a65e0de1.jpg?s=72&d=https%3A%2F%2Fa.slack-edge.com%2Fdf10d%2Fimg%2Favatars%2Fava_0002-72.png",
            "first_name": "Rafael",
            "real_name": "Rafael Menezes Barreto",
            "display_name": "rbarreto",
            "team": "T86S8GHEG",
            "name": "rbarreto",
            "is_restricted": false,
            "is_ultra_restricted": false
        }
    },
    {
        "type": "message",
        "text": "I’m using: `airflow\/scripts\/run-local.sh --clean $USER`",
        "user": "W8Y21DGJK",
        "ts": "1528395190.000284",
        "team": "T86S8GHEG",
        "user_team": "T86S8GHEG",
        "source_team": "T86S8GHEG",
        "user_profile": {
            "avatar_hash": "g7f14da2af48",
            "image_72": "https:\/\/secure.gravatar.com\/avatar\/27f14da2af4839483d0403f4a65e0de1.jpg?s=72&d=https%3A%2F%2Fa.slack-edge.com%2Fdf10d%2Fimg%2Favatars%2Fava_0002-72.png",
            "first_name": "Rafael",
            "real_name": "Rafael Menezes Barreto",
            "display_name": "rbarreto",
            "team": "T86S8GHEG",
            "name": "rbarreto",
            "is_restricted": false,
            "is_ultra_restricted": false
        }
    },
    {
        "type": "message",
        "text": "and a newly created fresh DB",
        "user": "W8Y21DGJK",
        "ts": "1528395201.000306",
        "team": "T86S8GHEG",
        "user_team": "T86S8GHEG",
        "source_team": "T86S8GHEG",
        "user_profile": {
            "avatar_hash": "g7f14da2af48",
            "image_72": "https:\/\/secure.gravatar.com\/avatar\/27f14da2af4839483d0403f4a65e0de1.jpg?s=72&d=https%3A%2F%2Fa.slack-edge.com%2Fdf10d%2Fimg%2Favatars%2Fava_0002-72.png",
            "first_name": "Rafael",
            "real_name": "Rafael Menezes Barreto",
            "display_name": "rbarreto",
            "team": "T86S8GHEG",
            "name": "rbarreto",
            "is_restricted": false,
            "is_ultra_restricted": false
        }
    },
    {
        "type": "message",
        "text": "not sure what I’m doing wrong",
        "user": "W8Y21DGJK",
        "ts": "1528395237.000664",
        "team": "T86S8GHEG",
        "user_team": "T86S8GHEG",
        "source_team": "T86S8GHEG",
        "user_profile": {
            "avatar_hash": "g7f14da2af48",
            "image_72": "https:\/\/secure.gravatar.com\/avatar\/27f14da2af4839483d0403f4a65e0de1.jpg?s=72&d=https%3A%2F%2Fa.slack-edge.com%2Fdf10d%2Fimg%2Favatars%2Fava_0002-72.png",
            "first_name": "Rafael",
            "real_name": "Rafael Menezes Barreto",
            "display_name": "rbarreto",
            "team": "T86S8GHEG",
            "name": "rbarreto",
            "is_restricted": false,
            "is_ultra_restricted": false
        }
    },
    {
        "type": "message",
        "text": "<@W831QSCAK> can you help to direct this Q to someone who can help with this?",
        "user": "WLDES09NC",
        "ts": "1528395575.000165",
        "team": "T86S8GHEG",
        "user_team": "T86S8GHEG",
        "source_team": "T86S8GHEG",
        "user_profile": {
            "avatar_hash": "g1ce47f813bd",
            "image_72": "https:\/\/secure.gravatar.com\/avatar\/e1ce47f813bd01b49467bf43fa9db25b.jpg?s=72&d=https%3A%2F%2Fa.slack-edge.com%2F5818c%2Fimg%2Favatars%2Fava_0003-72.png",
            "first_name": "Tural",
            "real_name": "Tural Badirkhanli",
            "display_name": "tbadirkhanli",
            "team": "T86S8GHEG",
            "name": "tbadirkhanli",
            "is_restricted": false,
            "is_ultra_restricted": false
        }
    },
    {
        "type": "message",
        "text": "(asking you because you were last support)",
        "user": "WLDES09NC",
        "ts": "1528395586.000782",
        "team": "T86S8GHEG",
        "user_team": "T86S8GHEG",
        "source_team": "T86S8GHEG",
        "user_profile": {
            "avatar_hash": "g1ce47f813bd",
            "image_72": "https:\/\/secure.gravatar.com\/avatar\/e1ce47f813bd01b49467bf43fa9db25b.jpg?s=72&d=https%3A%2F%2Fa.slack-edge.com%2F5818c%2Fimg%2Favatars%2Fava_0003-72.png",
            "first_name": "Tural",
            "real_name": "Tural Badirkhanli",
            "display_name": "tbadirkhanli",
            "team": "T86S8GHEG",
            "name": "tbadirkhanli",
            "is_restricted": false,
            "is_ultra_restricted": false
        }
    },
    {
        "type": "message",
        "text": "Hmm... try remove source\/airflow\/src\/python\/twitter\/airflow\/dags\/examples\/dynamic_example.py and launch again?",
        "user": "W831QSCAK",
        "ts": "1528396294.000128",
        "team": "T86S8GHEG",
        "user_team": "T86S8GHEG",
        "source_team": "T86S8GHEG",
        "user_profile": {
            "avatar_hash": "3125369172db",
            "image_72": "https:\/\/avatars.slack-edge.com\/2020-03-09\/989620483264_3125369172db64b56474_72.jpg",
            "first_name": "Xiao",
            "real_name": "Xiao Zhu",
            "display_name": "xzhu",
            "team": "T86S8GHEG",
            "name": "xzhu",
            "is_restricted": false,
            "is_ultra_restricted": false
        }
    },
    {
        "type": "message",
        "text": "<@W8Y21DGJK>",
        "user": "W831QSCAK",
        "ts": "1528396301.000006",
        "team": "T86S8GHEG",
        "user_team": "T86S8GHEG",
        "source_team": "T86S8GHEG",
        "user_profile": {
            "avatar_hash": "3125369172db",
            "image_72": "https:\/\/avatars.slack-edge.com\/2020-03-09\/989620483264_3125369172db64b56474_72.jpg",
            "first_name": "Xiao",
            "real_name": "Xiao Zhu",
            "display_name": "xzhu",
            "team": "T86S8GHEG",
            "name": "xzhu",
            "is_restricted": false,
            "is_ultra_restricted": false
        }
    },
    {
        "type": "message",
        "text": "and source\/airflow\/src\/python\/twitter\/airflow\/dags\/common\/update_dags.py",
        "user": "W831QSCAK",
        "ts": "1528396337.000668",
        "team": "T86S8GHEG",
        "user_team": "T86S8GHEG",
        "source_team": "T86S8GHEG",
        "user_profile": {
            "avatar_hash": "3125369172db",
            "image_72": "https:\/\/avatars.slack-edge.com\/2020-03-09\/989620483264_3125369172db64b56474_72.jpg",
            "first_name": "Xiao",
            "real_name": "Xiao Zhu",
            "display_name": "xzhu",
            "team": "T86S8GHEG",
            "name": "xzhu",
            "is_restricted": false,
            "is_ultra_restricted": false
        }
    },
    {
        "type": "message",
        "text": "when you do the `--clean` the db is wiped out as if it was new",
        "user": "W82UCH2EB",
        "ts": "1528396507.000707",
        "team": "T86S8GHEG",
        "user_team": "T86S8GHEG",
        "source_team": "T86S8GHEG",
        "user_profile": {
            "avatar_hash": "91f21c110d85",
            "image_72": "https:\/\/avatars.slack-edge.com\/2018-05-25\/371711110887_91f21c110d858e612f45_72.jpg",
            "first_name": "Newton",
            "real_name": "Newton Le",
            "display_name": "nle",
            "team": "T86S8GHEG",
            "name": "nle",
            "is_restricted": false,
            "is_ultra_restricted": false
        }
    },
    {
        "type": "message",
        "text": "that’s why the variable doesn’t exist",
        "user": "W82UCH2EB",
        "ts": "1528396521.000236",
        "team": "T86S8GHEG",
        "user_team": "T86S8GHEG",
        "source_team": "T86S8GHEG",
        "user_profile": {
            "avatar_hash": "91f21c110d85",
            "image_72": "https:\/\/avatars.slack-edge.com\/2018-05-25\/371711110887_91f21c110d858e612f45_72.jpg",
            "first_name": "Newton",
            "real_name": "Newton Le",
            "display_name": "nle",
            "team": "T86S8GHEG",
            "name": "nle",
            "is_restricted": false,
            "is_ultra_restricted": false
        }
    },
    {
        "type": "message",
        "text": "did you try running it again",
        "user": "W82UCH2EB",
        "ts": "1528396540.000529",
        "team": "T86S8GHEG",
        "user_team": "T86S8GHEG",
        "source_team": "T86S8GHEG",
        "user_profile": {
            "avatar_hash": "91f21c110d85",
            "image_72": "https:\/\/avatars.slack-edge.com\/2018-05-25\/371711110887_91f21c110d858e612f45_72.jpg",
            "first_name": "Newton",
            "real_name": "Newton Le",
            "display_name": "nle",
            "team": "T86S8GHEG",
            "name": "nle",
            "is_restricted": false,
            "is_ultra_restricted": false
        }
    },
    {
        "type": "message",
        "text": "still it shouldn't trigger that error",
        "user": "W831QSCAK",
        "ts": "1528396542.000837",
        "team": "T86S8GHEG",
        "user_team": "T86S8GHEG",
        "source_team": "T86S8GHEG",
        "user_profile": {
            "avatar_hash": "3125369172db",
            "image_72": "https:\/\/avatars.slack-edge.com\/2020-03-09\/989620483264_3125369172db64b56474_72.jpg",
            "first_name": "Xiao",
            "real_name": "Xiao Zhu",
            "display_name": "xzhu",
            "team": "T86S8GHEG",
            "name": "xzhu",
            "is_restricted": false,
            "is_ultra_restricted": false
        }
    },
    {
        "type": "message",
        "text": "without the clean",
        "user": "W82UCH2EB",
        "ts": "1528396543.000681",
        "team": "T86S8GHEG",
        "user_team": "T86S8GHEG",
        "source_team": "T86S8GHEG",
        "user_profile": {
            "avatar_hash": "91f21c110d85",
            "image_72": "https:\/\/avatars.slack-edge.com\/2018-05-25\/371711110887_91f21c110d858e612f45_72.jpg",
            "first_name": "Newton",
            "real_name": "Newton Le",
            "display_name": "nle",
            "team": "T86S8GHEG",
            "name": "nle",
            "is_restricted": false,
            "is_ultra_restricted": false
        }
    },
    {
        "type": "message",
        "text": "yea that error is a funny case we should handle more elegantly",
        "user": "W82UCH2EB",
        "ts": "1528396566.000050",
        "team": "T86S8GHEG",
        "user_team": "T86S8GHEG",
        "source_team": "T86S8GHEG",
        "user_profile": {
            "avatar_hash": "91f21c110d85",
            "image_72": "https:\/\/avatars.slack-edge.com\/2018-05-25\/371711110887_91f21c110d858e612f45_72.jpg",
            "first_name": "Newton",
            "real_name": "Newton Le",
            "display_name": "nle",
            "team": "T86S8GHEG",
            "name": "nle",
            "is_restricted": false,
            "is_ultra_restricted": false
        }
    },
    {
        "type": "message",
        "text": "<@W82UCH2EB> this is a first run… as per docs, I need to use clean",
        "user": "W8Y21DGJK",
        "ts": "1528396577.000251",
        "team": "T86S8GHEG",
        "user_team": "T86S8GHEG",
        "source_team": "T86S8GHEG",
        "user_profile": {
            "avatar_hash": "g7f14da2af48",
            "image_72": "https:\/\/secure.gravatar.com\/avatar\/27f14da2af4839483d0403f4a65e0de1.jpg?s=72&d=https%3A%2F%2Fa.slack-edge.com%2Fdf10d%2Fimg%2Favatars%2Fava_0002-72.png",
            "first_name": "Rafael",
            "real_name": "Rafael Menezes Barreto",
            "display_name": "rbarreto",
            "team": "T86S8GHEG",
            "name": "rbarreto",
            "is_restricted": false,
            "is_ultra_restricted": false
        }
    },
    {
        "type": "message",
        "text": "really?",
        "user": "W82UCH2EB",
        "ts": "1528396586.000081",
        "team": "T86S8GHEG",
        "user_team": "T86S8GHEG",
        "source_team": "T86S8GHEG",
        "user_profile": {
            "avatar_hash": "91f21c110d85",
            "image_72": "https:\/\/avatars.slack-edge.com\/2018-05-25\/371711110887_91f21c110d858e612f45_72.jpg",
            "first_name": "Newton",
            "real_name": "Newton Le",
            "display_name": "nle",
            "team": "T86S8GHEG",
            "name": "nle",
            "is_restricted": false,
            "is_ultra_restricted": false
        }
    },
    {
        "type": "message",
        "text": "eventually it started actually",
        "user": "W8Y21DGJK",
        "ts": "1528396586.000683",
        "team": "T86S8GHEG",
        "user_team": "T86S8GHEG",
        "source_team": "T86S8GHEG",
        "user_profile": {
            "avatar_hash": "g7f14da2af48",
            "image_72": "https:\/\/secure.gravatar.com\/avatar\/27f14da2af4839483d0403f4a65e0de1.jpg?s=72&d=https%3A%2F%2Fa.slack-edge.com%2Fdf10d%2Fimg%2Favatars%2Fava_0002-72.png",
            "first_name": "Rafael",
            "real_name": "Rafael Menezes Barreto",
            "display_name": "rbarreto",
            "team": "T86S8GHEG",
            "name": "rbarreto",
            "is_restricted": false,
            "is_ultra_restricted": false
        }
    },
    {
        "type": "message",
        "text": "can you show me where in the docs?",
        "user": "W82UCH2EB",
        "ts": "1528396597.000027",
        "team": "T86S8GHEG",
        "user_team": "T86S8GHEG",
        "source_team": "T86S8GHEG",
        "user_profile": {
            "avatar_hash": "91f21c110d85",
            "image_72": "https:\/\/avatars.slack-edge.com\/2018-05-25\/371711110887_91f21c110d858e612f45_72.jpg",
            "first_name": "Newton",
            "real_name": "Newton Le",
            "display_name": "nle",
            "team": "T86S8GHEG",
            "name": "nle",
            "is_restricted": false,
            "is_ultra_restricted": false
        }
    },
    {
        "type": "message",
        "text": "cc <@WLD0VBYAG> we should take care of this case in the CLI",
        "user": "W831QSCAK",
        "ts": "1528396598.000541",
        "team": "T86S8GHEG",
        "user_team": "T86S8GHEG",
        "source_team": "T86S8GHEG",
        "user_profile": {
            "avatar_hash": "3125369172db",
            "image_72": "https:\/\/avatars.slack-edge.com\/2020-03-09\/989620483264_3125369172db64b56474_72.jpg",
            "first_name": "Xiao",
            "real_name": "Xiao Zhu",
            "display_name": "xzhu",
            "team": "T86S8GHEG",
            "name": "xzhu",
            "is_restricted": false,
            "is_ultra_restricted": false
        }
    },
    {
        "type": "message",
        "text": "sure, here: <https:\/\/docbird.twitter.biz\/ml_workflows\/development_instances.html#development-instances>",
        "user": "W8Y21DGJK",
        "ts": "1528396611.000072",
        "team": "T86S8GHEG",
        "user_team": "T86S8GHEG",
        "source_team": "T86S8GHEG",
        "user_profile": {
            "avatar_hash": "g7f14da2af48",
            "image_72": "https:\/\/secure.gravatar.com\/avatar\/27f14da2af4839483d0403f4a65e0de1.jpg?s=72&d=https%3A%2F%2Fa.slack-edge.com%2Fdf10d%2Fimg%2Favatars%2Fava_0002-72.png",
            "first_name": "Rafael",
            "real_name": "Rafael Menezes Barreto",
            "display_name": "rbarreto",
            "team": "T86S8GHEG",
            "name": "rbarreto",
            "is_restricted": false,
            "is_ultra_restricted": false
        }
    },
    {
        "type": "message",
        "text": "```\nIf you are using a newly created database, or if data in your database was corrupted and you need a fresh setup, use --clean to reset table schema and data in your db:\n\nairflow\/scripts\/run-local.sh --clean $USER\n```",
        "user": "W8Y21DGJK",
        "ts": "1528396624.000788",
        "team": "T86S8GHEG",
        "user_team": "T86S8GHEG",
        "source_team": "T86S8GHEG",
        "user_profile": {
            "avatar_hash": "g7f14da2af48",
            "image_72": "https:\/\/secure.gravatar.com\/avatar\/27f14da2af4839483d0403f4a65e0de1.jpg?s=72&d=https%3A%2F%2Fa.slack-edge.com%2Fdf10d%2Fimg%2Favatars%2Fava_0002-72.png",
            "first_name": "Rafael",
            "real_name": "Rafael Menezes Barreto",
            "display_name": "rbarreto",
            "team": "T86S8GHEG",
            "name": "rbarreto",
            "is_restricted": false,
            "is_ultra_restricted": false
        }
    },
    {
        "type": "message",
        "text": "apparently it was just a scare from the exceptions… it eventually started",
        "user": "W8Y21DGJK",
        "ts": "1528396652.000151",
        "team": "T86S8GHEG",
        "user_team": "T86S8GHEG",
        "source_team": "T86S8GHEG",
        "user_profile": {
            "avatar_hash": "g7f14da2af48",
            "image_72": "https:\/\/secure.gravatar.com\/avatar\/27f14da2af4839483d0403f4a65e0de1.jpg?s=72&d=https%3A%2F%2Fa.slack-edge.com%2Fdf10d%2Fimg%2Favatars%2Fava_0002-72.png",
            "first_name": "Rafael",
            "real_name": "Rafael Menezes Barreto",
            "display_name": "rbarreto",
            "team": "T86S8GHEG",
            "name": "rbarreto",
            "is_restricted": false,
            "is_ultra_restricted": false
        }
    },
    {
        "type": "message",
        "text": "ugh not sure why that was said",
        "user": "W82UCH2EB",
        "ts": "1528396654.000630",
        "team": "T86S8GHEG",
        "user_team": "T86S8GHEG",
        "source_team": "T86S8GHEG",
        "user_profile": {
            "avatar_hash": "91f21c110d85",
            "image_72": "https:\/\/avatars.slack-edge.com\/2018-05-25\/371711110887_91f21c110d858e612f45_72.jpg",
            "first_name": "Newton",
            "real_name": "Newton Le",
            "display_name": "nle",
            "team": "T86S8GHEG",
            "name": "nle",
            "is_restricted": false,
            "is_ultra_restricted": false
        }
    },
    {
        "type": "message",
        "text": "we should correct that",
        "user": "W82UCH2EB",
        "ts": "1528396667.000721",
        "team": "T86S8GHEG",
        "user_team": "T86S8GHEG",
        "source_team": "T86S8GHEG",
        "user_profile": {
            "avatar_hash": "91f21c110d85",
            "image_72": "https:\/\/avatars.slack-edge.com\/2018-05-25\/371711110887_91f21c110d858e612f45_72.jpg",
            "first_name": "Newton",
            "real_name": "Newton Le",
            "display_name": "nle",
            "team": "T86S8GHEG",
            "name": "nle",
            "is_restricted": false,
            "is_ultra_restricted": false
        }
    },
    {
        "type": "message",
        "text": "deleting dynamic_exemple.py reduced errors but there are still a few:",
        "user": "W8Y21DGJK",
        "ts": "1528396680.000257",
        "team": "T86S8GHEG",
        "user_team": "T86S8GHEG",
        "source_team": "T86S8GHEG",
        "user_profile": {
            "avatar_hash": "g7f14da2af48",
            "image_72": "https:\/\/secure.gravatar.com\/avatar\/27f14da2af4839483d0403f4a65e0de1.jpg?s=72&d=https%3A%2F%2Fa.slack-edge.com%2Fdf10d%2Fimg%2Favatars%2Fava_0002-72.png",
            "first_name": "Rafael",
            "real_name": "Rafael Menezes Barreto",
            "display_name": "rbarreto",
            "team": "T86S8GHEG",
            "name": "rbarreto",
            "is_restricted": false,
            "is_ultra_restricted": false
        }
    },
    {
        "type": "message",
        "text": "```\nTraceback (most recent call last):\n  File \"\/Users\/rbarreto\/.pex\/install\/apache_airflow-1.9.0+twtr2-py2-none-any.whl.b045e688c620117735c467005e60e413231e6f55\/apache_airflow-1.9.0+twtr2-py2-none-any.whl\/airflow\/models.py\", line 285, in process_file\n    m = imp.load_source(mod_name, filepath)\n  File \"\/Users\/rbarreto\/workspace\/source\/dist\/airflow_package\/airflow_home\/dags\/live\/common\/update_dags.py\", line 25, in &lt;module&gt;\n    dag_folders = Variable.get('dag_folders', deserialize_json=True)\n  File \"\/Users\/rbarreto\/.pex\/install\/apache_airflow-1.9.0+twtr2-py2-none-any.whl.b045e688c620117735c467005e60e413231e6f55\/apache_airflow-1.9.0+twtr2-py2-none-any.whl\/airflow\/utils\/db.py\", line 50, in wrapper\n    result = func(*args, **kwargs)\n  File \"\/Users\/rbarreto\/.pex\/install\/apache_airflow-1.9.0+twtr2-py2-none-any.whl.b045e688c620117735c467005e60e413231e6f55\/apache_airflow-1.9.0+twtr2-py2-none-any.whl\/airflow\/models.py\", line 4030, in get\n    raise KeyError('Variable {} does not exist'.format(key))\nKeyError: u'Variable dag_folders does not exist'\n```",
        "user": "W8Y21DGJK",
        "ts": "1528396685.000117",
        "team": "T86S8GHEG",
        "user_team": "T86S8GHEG",
        "source_team": "T86S8GHEG",
        "user_profile": {
            "avatar_hash": "g7f14da2af48",
            "image_72": "https:\/\/secure.gravatar.com\/avatar\/27f14da2af4839483d0403f4a65e0de1.jpg?s=72&d=https%3A%2F%2Fa.slack-edge.com%2Fdf10d%2Fimg%2Favatars%2Fava_0002-72.png",
            "first_name": "Rafael",
            "real_name": "Rafael Menezes Barreto",
            "display_name": "rbarreto",
            "team": "T86S8GHEG",
            "name": "rbarreto",
            "is_restricted": false,
            "is_ultra_restricted": false
        }
    },
    {
        "type": "message",
        "text": "if this is expected, it would probably be a good idea to say in the docs that some exceptions are expected",
        "user": "W8Y21DGJK",
        "ts": "1528396700.000024",
        "team": "T86S8GHEG",
        "user_team": "T86S8GHEG",
        "source_team": "T86S8GHEG",
        "user_profile": {
            "avatar_hash": "g7f14da2af48",
            "image_72": "https:\/\/secure.gravatar.com\/avatar\/27f14da2af4839483d0403f4a65e0de1.jpg?s=72&d=https%3A%2F%2Fa.slack-edge.com%2Fdf10d%2Fimg%2Favatars%2Fava_0002-72.png",
            "first_name": "Rafael",
            "real_name": "Rafael Menezes Barreto",
            "display_name": "rbarreto",
            "team": "T86S8GHEG",
            "name": "rbarreto",
            "is_restricted": false,
            "is_ultra_restricted": false
        }
    },
    {
        "type": "message",
        "text": "true",
        "user": "W82UCH2EB",
        "ts": "1528396706.000602",
        "team": "T86S8GHEG",
        "user_team": "T86S8GHEG",
        "source_team": "T86S8GHEG",
        "user_profile": {
            "avatar_hash": "91f21c110d85",
            "image_72": "https:\/\/avatars.slack-edge.com\/2018-05-25\/371711110887_91f21c110d858e612f45_72.jpg",
            "first_name": "Newton",
            "real_name": "Newton Le",
            "display_name": "nle",
            "team": "T86S8GHEG",
            "name": "nle",
            "is_restricted": false,
            "is_ultra_restricted": false
        }
    },
    {
        "type": "message",
        "text": "can you try shutting down the instance and restarting it",
        "user": "W82UCH2EB",
        "ts": "1528396728.000546",
        "team": "T86S8GHEG",
        "user_team": "T86S8GHEG",
        "source_team": "T86S8GHEG",
        "user_profile": {
            "avatar_hash": "91f21c110d85",
            "image_72": "https:\/\/avatars.slack-edge.com\/2018-05-25\/371711110887_91f21c110d858e612f45_72.jpg",
            "first_name": "Newton",
            "real_name": "Newton Le",
            "display_name": "nle",
            "team": "T86S8GHEG",
            "name": "nle",
            "is_restricted": false,
            "is_ultra_restricted": false
        },
        "thread_ts": "1528396728.000546",
        "reply_count": 5,
        "reply_users_count": 2,
        "latest_reply": "1528397056.000025",
        "reply_users": [
            "W8Y21DGJK",
            "W82UCH2EB"
        ],
        "replies": [
            {
                "user": "W8Y21DGJK",
                "ts": "1528396820.000255"
            },
            {
                "user": "W82UCH2EB",
                "ts": "1528396842.000765"
            },
            {
                "user": "W8Y21DGJK",
                "ts": "1528396853.000779"
            },
            {
                "user": "W8Y21DGJK",
                "ts": "1528396936.000609"
            },
            {
                "user": "W82UCH2EB",
                "ts": "1528397056.000025"
            }
        ],
        "subscribed": false
    },
    {
        "type": "message",
        "text": "strange, dag_folders shoud exist",
        "user": "W831QSCAK",
        "ts": "1528396745.000182",
        "team": "T86S8GHEG",
        "user_team": "T86S8GHEG",
        "source_team": "T86S8GHEG",
        "user_profile": {
            "avatar_hash": "3125369172db",
            "image_72": "https:\/\/avatars.slack-edge.com\/2020-03-09\/989620483264_3125369172db64b56474_72.jpg",
            "first_name": "Xiao",
            "real_name": "Xiao Zhu",
            "display_name": "xzhu",
            "team": "T86S8GHEG",
            "name": "xzhu",
            "is_restricted": false,
            "is_ultra_restricted": false
        }
    },
    {
        "type": "message",
        "text": "in the script we have",
        "user": "W831QSCAK",
        "ts": "1528396748.000380",
        "team": "T86S8GHEG",
        "user_team": "T86S8GHEG",
        "source_team": "T86S8GHEG",
        "user_profile": {
            "avatar_hash": "3125369172db",
            "image_72": "https:\/\/avatars.slack-edge.com\/2020-03-09\/989620483264_3125369172db64b56474_72.jpg",
            "first_name": "Xiao",
            "real_name": "Xiao Zhu",
            "display_name": "xzhu",
            "team": "T86S8GHEG",
            "name": "xzhu",
            "is_restricted": false,
            "is_ultra_restricted": false
        }
    },
    {
        "type": "message",
        "text": "right",
        "user": "W82UCH2EB",
        "ts": "1528396752.000811",
        "team": "T86S8GHEG",
        "user_team": "T86S8GHEG",
        "source_team": "T86S8GHEG",
        "user_profile": {
            "avatar_hash": "91f21c110d85",
            "image_72": "https:\/\/avatars.slack-edge.com\/2018-05-25\/371711110887_91f21c110d858e612f45_72.jpg",
            "first_name": "Newton",
            "real_name": "Newton Le",
            "display_name": "nle",
            "team": "T86S8GHEG",
            "name": "nle",
            "is_restricted": false,
            "is_ultra_restricted": false
        }
    },
    {
        "type": "message",
        "text": "```airflow variables -s \"dag_folders\" \"${DAG_FOLDERS}\"\nairflow variables -s \"dag_role\" $AURORA_ROLE```",
        "user": "W831QSCAK",
        "ts": "1528396756.000077",
        "team": "T86S8GHEG",
        "user_team": "T86S8GHEG",
        "source_team": "T86S8GHEG",
        "user_profile": {
            "avatar_hash": "3125369172db",
            "image_72": "https:\/\/avatars.slack-edge.com\/2020-03-09\/989620483264_3125369172db64b56474_72.jpg",
            "first_name": "Xiao",
            "real_name": "Xiao Zhu",
            "display_name": "xzhu",
            "team": "T86S8GHEG",
            "name": "xzhu",
            "is_restricted": false,
            "is_ultra_restricted": false
        }
    },
    {
        "type": "message",
        "text": "but `--clean` is used",
        "user": "W82UCH2EB",
        "ts": "1528396759.000002",
        "team": "T86S8GHEG",
        "user_team": "T86S8GHEG",
        "source_team": "T86S8GHEG",
        "user_profile": {
            "avatar_hash": "91f21c110d85",
            "image_72": "https:\/\/avatars.slack-edge.com\/2018-05-25\/371711110887_91f21c110d858e612f45_72.jpg",
            "first_name": "Newton",
            "real_name": "Newton Le",
            "display_name": "nle",
            "team": "T86S8GHEG",
            "name": "nle",
            "is_restricted": false,
            "is_ultra_restricted": false
        }
    },
    {
        "type": "message",
        "text": "which wipes it",
        "user": "W82UCH2EB",
        "ts": "1528396765.000013",
        "team": "T86S8GHEG",
        "user_team": "T86S8GHEG",
        "source_team": "T86S8GHEG",
        "user_profile": {
            "avatar_hash": "91f21c110d85",
            "image_72": "https:\/\/avatars.slack-edge.com\/2018-05-25\/371711110887_91f21c110d858e612f45_72.jpg",
            "first_name": "Newton",
            "real_name": "Newton Le",
            "display_name": "nle",
            "team": "T86S8GHEG",
            "name": "nle",
            "is_restricted": false,
            "is_ultra_restricted": false
        }
    },
    {
        "type": "message",
        "text": "it doesn't matter",
        "user": "W831QSCAK",
        "ts": "1528396765.000761",
        "team": "T86S8GHEG",
        "user_team": "T86S8GHEG",
        "source_team": "T86S8GHEG",
        "user_profile": {
            "avatar_hash": "3125369172db",
            "image_72": "https:\/\/avatars.slack-edge.com\/2020-03-09\/989620483264_3125369172db64b56474_72.jpg",
            "first_name": "Xiao",
            "real_name": "Xiao Zhu",
            "display_name": "xzhu",
            "team": "T86S8GHEG",
            "name": "xzhu",
            "is_restricted": false,
            "is_ultra_restricted": false
        }
    },
    {
        "type": "message",
        "text": "no?",
        "user": "W82UCH2EB",
        "ts": "1528396768.000650",
        "team": "T86S8GHEG",
        "user_team": "T86S8GHEG",
        "source_team": "T86S8GHEG",
        "user_profile": {
            "avatar_hash": "91f21c110d85",
            "image_72": "https:\/\/avatars.slack-edge.com\/2018-05-25\/371711110887_91f21c110d858e612f45_72.jpg",
            "first_name": "Newton",
            "real_name": "Newton Le",
            "display_name": "nle",
            "team": "T86S8GHEG",
            "name": "nle",
            "is_restricted": false,
            "is_ultra_restricted": false
        }
    },
    {
        "type": "message",
        "text": "resetdb is called before these two lines",
        "user": "W831QSCAK",
        "ts": "1528396773.000241",
        "team": "T86S8GHEG",
        "user_team": "T86S8GHEG",
        "source_team": "T86S8GHEG",
        "user_profile": {
            "avatar_hash": "3125369172db",
            "image_72": "https:\/\/avatars.slack-edge.com\/2020-03-09\/989620483264_3125369172db64b56474_72.jpg",
            "first_name": "Xiao",
            "real_name": "Xiao Zhu",
            "display_name": "xzhu",
            "team": "T86S8GHEG",
            "name": "xzhu",
            "is_restricted": false,
            "is_ultra_restricted": false
        }
    },
    {
        "type": "message",
        "text": "interesting",
        "user": "W82UCH2EB",
        "ts": "1528396810.000229",
        "team": "T86S8GHEG",
        "user_team": "T86S8GHEG",
        "source_team": "T86S8GHEG",
        "user_profile": {
            "avatar_hash": "91f21c110d85",
            "image_72": "https:\/\/avatars.slack-edge.com\/2018-05-25\/371711110887_91f21c110d858e612f45_72.jpg",
            "first_name": "Newton",
            "real_name": "Newton Le",
            "display_name": "nle",
            "team": "T86S8GHEG",
            "name": "nle",
            "is_restricted": false,
            "is_ultra_restricted": false
        }
    },
    {
        "type": "message",
        "text": "I did this quite a few times already, this happens everytime",
        "user": "W8Y21DGJK",
        "ts": "1528396820.000255",
        "team": "T86S8GHEG",
        "user_team": "T86S8GHEG",
        "source_team": "T86S8GHEG",
        "user_profile": {
            "avatar_hash": "g7f14da2af48",
            "image_72": "https:\/\/secure.gravatar.com\/avatar\/27f14da2af4839483d0403f4a65e0de1.jpg?s=72&d=https%3A%2F%2Fa.slack-edge.com%2Fdf10d%2Fimg%2Favatars%2Fava_0002-72.png",
            "first_name": "Rafael",
            "real_name": "Rafael Menezes Barreto",
            "display_name": "rbarreto",
            "team": "T86S8GHEG",
            "name": "rbarreto",
            "is_restricted": false,
            "is_ultra_restricted": false
        },
        "thread_ts": "1528396728.000546",
        "parent_user_id": "W82UCH2EB"
    },
    {
        "type": "message",
        "text": "did you run it without the `--clean`",
        "user": "W82UCH2EB",
        "ts": "1528396842.000765",
        "team": "T86S8GHEG",
        "user_team": "T86S8GHEG",
        "source_team": "T86S8GHEG",
        "user_profile": {
            "avatar_hash": "91f21c110d85",
            "image_72": "https:\/\/avatars.slack-edge.com\/2018-05-25\/371711110887_91f21c110d858e612f45_72.jpg",
            "first_name": "Newton",
            "real_name": "Newton Le",
            "display_name": "nle",
            "team": "T86S8GHEG",
            "name": "nle",
            "is_restricted": false,
            "is_ultra_restricted": false
        },
        "thread_ts": "1528396728.000546",
        "parent_user_id": "W82UCH2EB"
    },
    {
        "type": "message",
        "text": "let me try",
        "user": "W8Y21DGJK",
        "ts": "1528396853.000779",
        "team": "T86S8GHEG",
        "user_team": "T86S8GHEG",
        "source_team": "T86S8GHEG",
        "user_profile": {
            "avatar_hash": "g7f14da2af48",
            "image_72": "https:\/\/secure.gravatar.com\/avatar\/27f14da2af4839483d0403f4a65e0de1.jpg?s=72&d=https%3A%2F%2Fa.slack-edge.com%2Fdf10d%2Fimg%2Favatars%2Fava_0002-72.png",
            "first_name": "Rafael",
            "real_name": "Rafael Menezes Barreto",
            "display_name": "rbarreto",
            "team": "T86S8GHEG",
            "name": "rbarreto",
            "is_restricted": false,
            "is_ultra_restricted": false
        },
        "thread_ts": "1528396728.000546",
        "parent_user_id": "W82UCH2EB"
    },
    {
        "type": "message",
        "text": "ah i get it",
        "user": "W82UCH2EB",
        "ts": "1528396865.000486",
        "team": "T86S8GHEG",
        "user_team": "T86S8GHEG",
        "source_team": "T86S8GHEG",
        "user_profile": {
            "avatar_hash": "91f21c110d85",
            "image_72": "https:\/\/avatars.slack-edge.com\/2018-05-25\/371711110887_91f21c110d858e612f45_72.jpg",
            "first_name": "Newton",
            "real_name": "Newton Le",
            "display_name": "nle",
            "team": "T86S8GHEG",
            "name": "nle",
            "is_restricted": false,
            "is_ultra_restricted": false
        }
    },
    {
        "type": "message",
        "text": "so `resetdb` is called",
        "user": "W82UCH2EB",
        "ts": "1528396875.000641",
        "team": "T86S8GHEG",
        "user_team": "T86S8GHEG",
        "source_team": "T86S8GHEG",
        "user_profile": {
            "avatar_hash": "91f21c110d85",
            "image_72": "https:\/\/avatars.slack-edge.com\/2018-05-25\/371711110887_91f21c110d858e612f45_72.jpg",
            "first_name": "Newton",
            "real_name": "Newton Le",
            "display_name": "nle",
            "team": "T86S8GHEG",
            "name": "nle",
            "is_restricted": false,
            "is_ultra_restricted": false
        }
    },
    {
        "type": "message",
        "text": "but it’s called after the `initdb`",
        "user": "W82UCH2EB",
        "ts": "1528396880.000476",
        "team": "T86S8GHEG",
        "user_team": "T86S8GHEG",
        "source_team": "T86S8GHEG",
        "user_profile": {
            "avatar_hash": "91f21c110d85",
            "image_72": "https:\/\/avatars.slack-edge.com\/2018-05-25\/371711110887_91f21c110d858e612f45_72.jpg",
            "first_name": "Newton",
            "real_name": "Newton Le",
            "display_name": "nle",
            "team": "T86S8GHEG",
            "name": "nle",
            "is_restricted": false,
            "is_ultra_restricted": false
        }
    },
    {
        "type": "message",
        "text": "we need to insert an `initdb` after the `resetdb` as well",
        "user": "W82UCH2EB",
        "ts": "1528396903.000407",
        "team": "T86S8GHEG",
        "user_team": "T86S8GHEG",
        "source_team": "T86S8GHEG",
        "user_profile": {
            "avatar_hash": "91f21c110d85",
            "image_72": "https:\/\/avatars.slack-edge.com\/2018-05-25\/371711110887_91f21c110d858e612f45_72.jpg",
            "first_name": "Newton",
            "real_name": "Newton Le",
            "display_name": "nle",
            "team": "T86S8GHEG",
            "name": "nle",
            "is_restricted": false,
            "is_ultra_restricted": false
        }
    },
    {
        "type": "message",
        "text": "I wonder why it eventually works then",
        "user": "W8Y21DGJK",
        "ts": "1528396922.000703",
        "team": "T86S8GHEG",
        "user_team": "T86S8GHEG",
        "source_team": "T86S8GHEG",
        "user_profile": {
            "avatar_hash": "g7f14da2af48",
            "image_72": "https:\/\/secure.gravatar.com\/avatar\/27f14da2af4839483d0403f4a65e0de1.jpg?s=72&d=https%3A%2F%2Fa.slack-edge.com%2Fdf10d%2Fimg%2Favatars%2Fava_0002-72.png",
            "first_name": "Rafael",
            "real_name": "Rafael Menezes Barreto",
            "display_name": "rbarreto",
            "team": "T86S8GHEG",
            "name": "rbarreto",
            "is_restricted": false,
            "is_ultra_restricted": false
        }
    },
    {
        "type": "message",
        "text": "same errors…",
        "user": "W8Y21DGJK",
        "ts": "1528396936.000609",
        "team": "T86S8GHEG",
        "user_team": "T86S8GHEG",
        "source_team": "T86S8GHEG",
        "user_profile": {
            "avatar_hash": "g7f14da2af48",
            "image_72": "https:\/\/secure.gravatar.com\/avatar\/27f14da2af4839483d0403f4a65e0de1.jpg?s=72&d=https%3A%2F%2Fa.slack-edge.com%2Fdf10d%2Fimg%2Favatars%2Fava_0002-72.png",
            "first_name": "Rafael",
            "real_name": "Rafael Menezes Barreto",
            "display_name": "rbarreto",
            "team": "T86S8GHEG",
            "name": "rbarreto",
            "is_restricted": false,
            "is_ultra_restricted": false
        },
        "thread_ts": "1528396728.000546",
        "parent_user_id": "W82UCH2EB"
    },
    {
        "type": "message",
        "text": "probably something in airflow triggers an `initdb` later on",
        "user": "W82UCH2EB",
        "ts": "1528396949.000745",
        "team": "T86S8GHEG",
        "user_team": "T86S8GHEG",
        "source_team": "T86S8GHEG",
        "user_profile": {
            "avatar_hash": "91f21c110d85",
            "image_72": "https:\/\/avatars.slack-edge.com\/2018-05-25\/371711110887_91f21c110d858e612f45_72.jpg",
            "first_name": "Newton",
            "real_name": "Newton Le",
            "display_name": "nle",
            "team": "T86S8GHEG",
            "name": "nle",
            "is_restricted": false,
            "is_ultra_restricted": false
        }
    },
    {
        "type": "message",
        "text": "but then the variables don’t get set",
        "user": "W82UCH2EB",
        "ts": "1528396959.000668",
        "team": "T86S8GHEG",
        "user_team": "T86S8GHEG",
        "source_team": "T86S8GHEG",
        "user_profile": {
            "avatar_hash": "91f21c110d85",
            "image_72": "https:\/\/avatars.slack-edge.com\/2018-05-25\/371711110887_91f21c110d858e612f45_72.jpg",
            "first_name": "Newton",
            "real_name": "Newton Le",
            "display_name": "nle",
            "team": "T86S8GHEG",
            "name": "nle",
            "is_restricted": false,
            "is_ultra_restricted": false
        }
    },
    {
        "type": "message",
        "text": "ok, so what should I do to get it setup?",
        "user": "W8Y21DGJK",
        "ts": "1528397052.000137",
        "team": "T86S8GHEG",
        "user_team": "T86S8GHEG",
        "source_team": "T86S8GHEG",
        "user_profile": {
            "avatar_hash": "g7f14da2af48",
            "image_72": "https:\/\/secure.gravatar.com\/avatar\/27f14da2af4839483d0403f4a65e0de1.jpg?s=72&d=https%3A%2F%2Fa.slack-edge.com%2Fdf10d%2Fimg%2Favatars%2Fava_0002-72.png",
            "first_name": "Rafael",
            "real_name": "Rafael Menezes Barreto",
            "display_name": "rbarreto",
            "team": "T86S8GHEG",
            "name": "rbarreto",
            "is_restricted": false,
            "is_ultra_restricted": false
        }
    },
    {
        "type": "message",
        "text": "you’re running the `run-local.sh` script?",
        "user": "W82UCH2EB",
        "ts": "1528397056.000025",
        "team": "T86S8GHEG",
        "user_team": "T86S8GHEG",
        "source_team": "T86S8GHEG",
        "user_profile": {
            "avatar_hash": "91f21c110d85",
            "image_72": "https:\/\/avatars.slack-edge.com\/2018-05-25\/371711110887_91f21c110d858e612f45_72.jpg",
            "first_name": "Newton",
            "real_name": "Newton Le",
            "display_name": "nle",
            "team": "T86S8GHEG",
            "name": "nle",
            "is_restricted": false,
            "is_ultra_restricted": false
        },
        "thread_ts": "1528396728.000546",
        "parent_user_id": "W82UCH2EB"
    },
    {
        "type": "message",
        "text": "should I just ignore errors?",
        "user": "W8Y21DGJK",
        "ts": "1528397056.000783",
        "team": "T86S8GHEG",
        "user_team": "T86S8GHEG",
        "source_team": "T86S8GHEG",
        "user_profile": {
            "avatar_hash": "g7f14da2af48",
            "image_72": "https:\/\/secure.gravatar.com\/avatar\/27f14da2af4839483d0403f4a65e0de1.jpg?s=72&d=https%3A%2F%2Fa.slack-edge.com%2Fdf10d%2Fimg%2Favatars%2Fava_0002-72.png",
            "first_name": "Rafael",
            "real_name": "Rafael Menezes Barreto",
            "display_name": "rbarreto",
            "team": "T86S8GHEG",
            "name": "rbarreto",
            "is_restricted": false,
            "is_ultra_restricted": false
        }
    },
    {
        "type": "message",
        "text": "we need initdb after resetdb?",
        "user": "W831QSCAK",
        "ts": "1528397072.000559",
        "team": "T86S8GHEG",
        "user_team": "T86S8GHEG",
        "source_team": "T86S8GHEG",
        "user_profile": {
            "avatar_hash": "3125369172db",
            "image_72": "https:\/\/avatars.slack-edge.com\/2020-03-09\/989620483264_3125369172db64b56474_72.jpg",
            "first_name": "Xiao",
            "real_name": "Xiao Zhu",
            "display_name": "xzhu",
            "team": "T86S8GHEG",
            "name": "xzhu",
            "is_restricted": false,
            "is_ultra_restricted": false
        },
        "thread_ts": "1528397072.000559",
        "reply_count": 1,
        "reply_users_count": 1,
        "latest_reply": "1528397155.000392",
        "reply_users": [
            "W82UCH2EB"
        ],
        "replies": [
            {
                "user": "W82UCH2EB",
                "ts": "1528397155.000392"
            }
        ],
        "subscribed": false
    },
    {
        "type": "message",
        "text": "yea if it still works you can ignore them for now",
        "user": "W82UCH2EB",
        "ts": "1528397076.000725",
        "team": "T86S8GHEG",
        "user_team": "T86S8GHEG",
        "source_team": "T86S8GHEG",
        "user_profile": {
            "avatar_hash": "91f21c110d85",
            "image_72": "https:\/\/avatars.slack-edge.com\/2018-05-25\/371711110887_91f21c110d858e612f45_72.jpg",
            "first_name": "Newton",
            "real_name": "Newton Le",
            "display_name": "nle",
            "team": "T86S8GHEG",
            "name": "nle",
            "is_restricted": false,
            "is_ultra_restricted": false
        }
    },
    {
        "type": "message",
        "text": "we will investigate the errors",
        "user": "W82UCH2EB",
        "ts": "1528397087.000480",
        "team": "T86S8GHEG",
        "user_team": "T86S8GHEG",
        "source_team": "T86S8GHEG",
        "user_profile": {
            "avatar_hash": "91f21c110d85",
            "image_72": "https:\/\/avatars.slack-edge.com\/2018-05-25\/371711110887_91f21c110d858e612f45_72.jpg",
            "first_name": "Newton",
            "real_name": "Newton Le",
            "display_name": "nle",
            "team": "T86S8GHEG",
            "name": "nle",
            "is_restricted": false,
            "is_ultra_restricted": false
        }
    },
    {
        "type": "message",
        "text": "I’m not sure it works… I mean, I can load the interface, but I’m not sure if everything is working fine… I guess I gotta try write some ops on my own…",
        "user": "W8Y21DGJK",
        "ts": "1528397104.000124",
        "team": "T86S8GHEG",
        "user_team": "T86S8GHEG",
        "source_team": "T86S8GHEG",
        "user_profile": {
            "avatar_hash": "g7f14da2af48",
            "image_72": "https:\/\/secure.gravatar.com\/avatar\/27f14da2af4839483d0403f4a65e0de1.jpg?s=72&d=https%3A%2F%2Fa.slack-edge.com%2Fdf10d%2Fimg%2Favatars%2Fava_0002-72.png",
            "first_name": "Rafael",
            "real_name": "Rafael Menezes Barreto",
            "display_name": "rbarreto",
            "team": "T86S8GHEG",
            "name": "rbarreto",
            "is_restricted": false,
            "is_ultra_restricted": false
        }
    },
    {
        "type": "message",
        "text": "I’m not sure now. He’s still getting the same errors with the `--clean`",
        "user": "W82UCH2EB",
        "ts": "1528397155.000392",
        "team": "T86S8GHEG",
        "user_team": "T86S8GHEG",
        "source_team": "T86S8GHEG",
        "user_profile": {
            "avatar_hash": "91f21c110d85",
            "image_72": "https:\/\/avatars.slack-edge.com\/2018-05-25\/371711110887_91f21c110d858e612f45_72.jpg",
            "first_name": "Newton",
            "real_name": "Newton Le",
            "display_name": "nle",
            "team": "T86S8GHEG",
            "name": "nle",
            "is_restricted": false,
            "is_ultra_restricted": false
        },
        "thread_ts": "1528397072.000559",
        "parent_user_id": "W831QSCAK"
    },
    {
        "type": "message",
        "text": "another question… from docs:",
        "user": "W8Y21DGJK",
        "ts": "1528398081.000797",
        "team": "T86S8GHEG",
        "user_team": "T86S8GHEG",
        "source_team": "T86S8GHEG",
        "user_profile": {
            "avatar_hash": "g7f14da2af48",
            "image_72": "https:\/\/secure.gravatar.com\/avatar\/27f14da2af4839483d0403f4a65e0de1.jpg?s=72&d=https%3A%2F%2Fa.slack-edge.com%2Fdf10d%2Fimg%2Favatars%2Fava_0002-72.png",
            "first_name": "Rafael",
            "real_name": "Rafael Menezes Barreto",
            "display_name": "rbarreto",
            "team": "T86S8GHEG",
            "name": "rbarreto",
            "is_restricted": false,
            "is_ultra_restricted": false
        }
    },
    {
        "type": "message",
        "text": "```\nDAGs are python code which define how tasks are structured. Each task occurs through an operator. DAGs live in airflow\/static\/airflow_home\/dags\/roles under team or user folders.\n```\n<https:\/\/docbird.twitter.biz\/ml_workflows\/developing_dags.html#developing-dags>",
        "user": "W8Y21DGJK",
        "ts": "1528398084.000731",
        "team": "T86S8GHEG",
        "user_team": "T86S8GHEG",
        "source_team": "T86S8GHEG",
        "user_profile": {
            "avatar_hash": "g7f14da2af48",
            "image_72": "https:\/\/secure.gravatar.com\/avatar\/27f14da2af4839483d0403f4a65e0de1.jpg?s=72&d=https%3A%2F%2Fa.slack-edge.com%2Fdf10d%2Fimg%2Favatars%2Fava_0002-72.png",
            "first_name": "Rafael",
            "real_name": "Rafael Menezes Barreto",
            "display_name": "rbarreto",
            "team": "T86S8GHEG",
            "name": "rbarreto",
            "is_restricted": false,
            "is_ultra_restricted": false
        },
        "edited": {
            "user": "W8Y21DGJK",
            "ts": "1528398091.000000"
        }
    },
    {
        "type": "message",
        "text": "but this directory does not exist",
        "user": "W8Y21DGJK",
        "ts": "1528398099.000388",
        "team": "T86S8GHEG",
        "user_team": "T86S8GHEG",
        "source_team": "T86S8GHEG",
        "user_profile": {
            "avatar_hash": "g7f14da2af48",
            "image_72": "https:\/\/secure.gravatar.com\/avatar\/27f14da2af4839483d0403f4a65e0de1.jpg?s=72&d=https%3A%2F%2Fa.slack-edge.com%2Fdf10d%2Fimg%2Favatars%2Fava_0002-72.png",
            "first_name": "Rafael",
            "real_name": "Rafael Menezes Barreto",
            "display_name": "rbarreto",
            "team": "T86S8GHEG",
            "name": "rbarreto",
            "is_restricted": false,
            "is_ultra_restricted": false
        }
    },
    {
        "type": "message",
        "text": "am I missing something?",
        "user": "W8Y21DGJK",
        "ts": "1528398113.000165",
        "team": "T86S8GHEG",
        "user_team": "T86S8GHEG",
        "source_team": "T86S8GHEG",
        "user_profile": {
            "avatar_hash": "g7f14da2af48",
            "image_72": "https:\/\/secure.gravatar.com\/avatar\/27f14da2af4839483d0403f4a65e0de1.jpg?s=72&d=https%3A%2F%2Fa.slack-edge.com%2Fdf10d%2Fimg%2Favatars%2Fava_0002-72.png",
            "first_name": "Rafael",
            "real_name": "Rafael Menezes Barreto",
            "display_name": "rbarreto",
            "team": "T86S8GHEG",
            "name": "rbarreto",
            "is_restricted": false,
            "is_ultra_restricted": false
        }
    },
    {
        "type": "message",
        "text": "actually, never mind… I think that’s referring to the packed airflow…",
        "user": "W8Y21DGJK",
        "ts": "1528398297.000534",
        "team": "T86S8GHEG",
        "user_team": "T86S8GHEG",
        "source_team": "T86S8GHEG",
        "user_profile": {
            "avatar_hash": "g7f14da2af48",
            "image_72": "https:\/\/secure.gravatar.com\/avatar\/27f14da2af4839483d0403f4a65e0de1.jpg?s=72&d=https%3A%2F%2Fa.slack-edge.com%2Fdf10d%2Fimg%2Favatars%2Fava_0002-72.png",
            "first_name": "Rafael",
            "real_name": "Rafael Menezes Barreto",
            "display_name": "rbarreto",
            "team": "T86S8GHEG",
            "name": "rbarreto",
            "is_restricted": false,
            "is_ultra_restricted": false
        },
        "edited": {
            "user": "W8Y21DGJK",
            "ts": "1528398299.000000"
        }
    },
    {
        "type": "message",
        "text": "do we support feature selection in mlworkflow for deepbirdV2",
        "user": "W81P6Q3HB",
        "ts": "1528405613.000431",
        "team": "T86S8GHEG",
        "user_team": "T86S8GHEG",
        "source_team": "T86S8GHEG",
        "user_profile": {
            "avatar_hash": "33ca23099495",
            "image_72": "https:\/\/avatars.slack-edge.com\/2018-03-01\/322806966228_33ca23099495fa5d481b_72.jpg",
            "first_name": "Debpriya",
            "real_name": "Debpriya Seal",
            "display_name": "dseal",
            "team": "T86S8GHEG",
            "name": "dseal",
            "is_restricted": false,
            "is_ultra_restricted": false
        }
    },
    {
        "type": "message",
        "text": "?",
        "user": "W81P6Q3HB",
        "ts": "1528405615.000329",
        "team": "T86S8GHEG",
        "user_team": "T86S8GHEG",
        "source_team": "T86S8GHEG",
        "user_profile": {
            "avatar_hash": "33ca23099495",
            "image_72": "https:\/\/avatars.slack-edge.com\/2018-03-01\/322806966228_33ca23099495fa5d481b_72.jpg",
            "first_name": "Debpriya",
            "real_name": "Debpriya Seal",
            "display_name": "dseal",
            "team": "T86S8GHEG",
            "name": "dseal",
            "is_restricted": false,
            "is_ultra_restricted": false
        }
    },
    {
        "type": "message",
        "text": "i saw it on docbird before but can’t find ti now",
        "user": "W81P6Q3HB",
        "ts": "1528405641.000086",
        "team": "T86S8GHEG",
        "user_team": "T86S8GHEG",
        "source_team": "T86S8GHEG",
        "user_profile": {
            "avatar_hash": "33ca23099495",
            "image_72": "https:\/\/avatars.slack-edge.com\/2018-03-01\/322806966228_33ca23099495fa5d481b_72.jpg",
            "first_name": "Debpriya",
            "real_name": "Debpriya Seal",
            "display_name": "dseal",
            "team": "T86S8GHEG",
            "name": "dseal",
            "is_restricted": false,
            "is_ultra_restricted": false
        }
    },
    {
        "type": "message",
        "text": "I don't think so. cc <@W82UCH2EB> ^",
        "user": "W831QSCAK",
        "ts": "1528415238.000296",
        "team": "T86S8GHEG",
        "user_team": "T86S8GHEG",
        "source_team": "T86S8GHEG",
        "user_profile": {
            "avatar_hash": "3125369172db",
            "image_72": "https:\/\/avatars.slack-edge.com\/2020-03-09\/989620483264_3125369172db64b56474_72.jpg",
            "first_name": "Xiao",
            "real_name": "Xiao Zhu",
            "display_name": "xzhu",
            "team": "T86S8GHEG",
            "name": "xzhu",
            "is_restricted": false,
            "is_ultra_restricted": false
        }
    },
    {
        "type": "message",
        "text": "currently not too familiar with the state of feature selection, but it looks like it is built for dbv1",
        "user": "W82UCH2EB",
        "ts": "1528415359.000299",
        "team": "T86S8GHEG",
        "user_team": "T86S8GHEG",
        "source_team": "T86S8GHEG",
        "user_profile": {
            "avatar_hash": "91f21c110d85",
            "image_72": "https:\/\/avatars.slack-edge.com\/2018-05-25\/371711110887_91f21c110d858e612f45_72.jpg",
            "first_name": "Newton",
            "real_name": "Newton Le",
            "display_name": "nle",
            "team": "T86S8GHEG",
            "name": "nle",
            "is_restricted": false,
            "is_ultra_restricted": false
        }
    }
]