[
    {
        "type": "message",
        "text": "The mysterious kerberos auth issue has been debugged. It was the multiple accounts under `allowed_groups` and `superuser_groups` in role configuration files. Thanks so much <@W81HPFCFP> for your help !",
        "user": "W819HTB0Q",
        "ts": "1524070800.000154",
        "team": "T86S8GHEG",
        "user_team": "T86S8GHEG",
        "source_team": "T86S8GHEG",
        "user_profile": {
            "avatar_hash": "784f55fc64ad",
            "image_72": "https:\/\/avatars.slack-edge.com\/2019-04-30\/624793159638_784f55fc64ad13104a4d_72.jpg",
            "first_name": "Yon-Seo",
            "real_name": "Yon-Seo Kim",
            "display_name": "yonseok",
            "team": "T86S8GHEG",
            "name": "yonseok",
            "is_restricted": false,
            "is_ultra_restricted": false
        }
    },
    {
        "type": "message",
        "text": "On a side note, what’s the difference between `allowed_groups` and `superuser_groups` ? What should be general policy on team accounts ?",
        "user": "W819HTB0Q",
        "ts": "1524070836.000188",
        "team": "T86S8GHEG",
        "user_team": "T86S8GHEG",
        "source_team": "T86S8GHEG",
        "user_profile": {
            "avatar_hash": "784f55fc64ad",
            "image_72": "https:\/\/avatars.slack-edge.com\/2019-04-30\/624793159638_784f55fc64ad13104a4d_72.jpg",
            "first_name": "Yon-Seo",
            "real_name": "Yon-Seo Kim",
            "display_name": "yonseok",
            "team": "T86S8GHEG",
            "name": "yonseok",
            "is_restricted": false,
            "is_ultra_restricted": false
        }
    },
    {
        "type": "message",
        "text": "superuser_groups doesn't do much - the core airflow code so far only exposes the git sha tab to this group",
        "user": "W81HPFCFP",
        "ts": "1524072445.000681",
        "team": "T86S8GHEG",
        "user_team": "T86S8GHEG",
        "source_team": "T86S8GHEG",
        "user_profile": {
            "avatar_hash": "86bc73b2c716",
            "image_72": "https:\/\/avatars.slack-edge.com\/2017-12-06\/282653552211_86bc73b2c716b93b7d09_72.jpg",
            "first_name": "Andy",
            "real_name": "Andy Wilcox",
            "display_name": "awilcox",
            "team": "T86S8GHEG",
            "name": "awilcox",
            "is_restricted": false,
            "is_ultra_restricted": false
        }
    },
    {
        "type": "message",
        "text": "it can safely be ignored for now",
        "user": "W81HPFCFP",
        "ts": "1524072456.000015",
        "team": "T86S8GHEG",
        "user_team": "T86S8GHEG",
        "source_team": "T86S8GHEG",
        "user_profile": {
            "avatar_hash": "86bc73b2c716",
            "image_72": "https:\/\/avatars.slack-edge.com\/2017-12-06\/282653552211_86bc73b2c716b93b7d09_72.jpg",
            "first_name": "Andy",
            "real_name": "Andy Wilcox",
            "display_name": "awilcox",
            "team": "T86S8GHEG",
            "name": "awilcox",
            "is_restricted": false,
            "is_ultra_restricted": false
        }
    },
    {
        "type": "message",
        "text": "does it mean we can't have multiple accounts in `allowed_groups`?",
        "user": "W831QSCAK",
        "ts": "1524076414.000514",
        "team": "T86S8GHEG",
        "user_team": "T86S8GHEG",
        "source_team": "T86S8GHEG",
        "user_profile": {
            "avatar_hash": "3125369172db",
            "image_72": "https:\/\/avatars.slack-edge.com\/2020-03-09\/989620483264_3125369172db64b56474_72.jpg",
            "first_name": "Xiao",
            "real_name": "Xiao Zhu",
            "display_name": "xzhu",
            "team": "T86S8GHEG",
            "name": "xzhu",
            "is_restricted": false,
            "is_ultra_restricted": false
        }
    },
    {
        "type": "message",
        "text": "testing a patch right now!",
        "user": "W81HPFCFP",
        "ts": "1524076940.000464",
        "team": "T86S8GHEG",
        "user_team": "T86S8GHEG",
        "source_team": "T86S8GHEG",
        "user_profile": {
            "avatar_hash": "86bc73b2c716",
            "image_72": "https:\/\/avatars.slack-edge.com\/2017-12-06\/282653552211_86bc73b2c716b93b7d09_72.jpg",
            "first_name": "Andy",
            "real_name": "Andy Wilcox",
            "display_name": "awilcox",
            "team": "T86S8GHEG",
            "name": "awilcox",
            "is_restricted": false,
            "is_ultra_restricted": false
        },
        "reactions": [
            {
                "name": "parrot",
                "users": [
                    "W831QSCAK"
                ],
                "count": 1
            }
        ]
    },
    {
        "type": "message",
        "text": "boneheaded mistake by yours truly",
        "user": "W81HPFCFP",
        "ts": "1524076953.000211",
        "team": "T86S8GHEG",
        "user_team": "T86S8GHEG",
        "source_team": "T86S8GHEG",
        "user_profile": {
            "avatar_hash": "86bc73b2c716",
            "image_72": "https:\/\/avatars.slack-edge.com\/2017-12-06\/282653552211_86bc73b2c716b93b7d09_72.jpg",
            "first_name": "Andy",
            "real_name": "Andy Wilcox",
            "display_name": "awilcox",
            "team": "T86S8GHEG",
            "name": "awilcox",
            "is_restricted": false,
            "is_ultra_restricted": false
        }
    },
    {
        "type": "message",
        "text": "QQ: Is there a way to trigger DAG run from Scalding job ?",
        "user": "W819HTB0Q",
        "ts": "1524081055.000357",
        "team": "T86S8GHEG",
        "user_team": "T86S8GHEG",
        "source_team": "T86S8GHEG",
        "user_profile": {
            "avatar_hash": "784f55fc64ad",
            "image_72": "https:\/\/avatars.slack-edge.com\/2019-04-30\/624793159638_784f55fc64ad13104a4d_72.jpg",
            "first_name": "Yon-Seo",
            "real_name": "Yon-Seo Kim",
            "display_name": "yonseok",
            "team": "T86S8GHEG",
            "name": "yonseok",
            "is_restricted": false,
            "is_ultra_restricted": false
        }
    },
    {
        "type": "message",
        "text": "I think there a few ways but the simplest one would be using this <https:\/\/airflow.apache.org\/api.html>",
        "user": "W831QSCAK",
        "ts": "1524081149.000336",
        "team": "T86S8GHEG",
        "user_team": "T86S8GHEG",
        "source_team": "T86S8GHEG",
        "user_profile": {
            "avatar_hash": "3125369172db",
            "image_72": "https:\/\/avatars.slack-edge.com\/2020-03-09\/989620483264_3125369172db64b56474_72.jpg",
            "first_name": "Xiao",
            "real_name": "Xiao Zhu",
            "display_name": "xzhu",
            "team": "T86S8GHEG",
            "name": "xzhu",
            "is_restricted": false,
            "is_ultra_restricted": false
        }
    },
    {
        "type": "message",
        "text": "it’s… experimental ?",
        "user": "W819HTB0Q",
        "ts": "1524081178.000441",
        "team": "T86S8GHEG",
        "user_team": "T86S8GHEG",
        "source_team": "T86S8GHEG",
        "user_profile": {
            "avatar_hash": "784f55fc64ad",
            "image_72": "https:\/\/avatars.slack-edge.com\/2019-04-30\/624793159638_784f55fc64ad13104a4d_72.jpg",
            "first_name": "Yon-Seo",
            "real_name": "Yon-Seo Kim",
            "display_name": "yonseok",
            "team": "T86S8GHEG",
            "name": "yonseok",
            "is_restricted": false,
            "is_ultra_restricted": false
        }
    },
    {
        "type": "message",
        "text": "yep, but last time I checked it works. The other ways are a) you can connect to Airflow DB and manually add the DAG to queue, or b) connect to the mesos container and call `airflow run`, both are more complicated",
        "user": "W831QSCAK",
        "ts": "1524081246.000228",
        "team": "T86S8GHEG",
        "user_team": "T86S8GHEG",
        "source_team": "T86S8GHEG",
        "user_profile": {
            "avatar_hash": "3125369172db",
            "image_72": "https:\/\/avatars.slack-edge.com\/2020-03-09\/989620483264_3125369172db64b56474_72.jpg",
            "first_name": "Xiao",
            "real_name": "Xiao Zhu",
            "display_name": "xzhu",
            "team": "T86S8GHEG",
            "name": "xzhu",
            "is_restricted": false,
            "is_ultra_restricted": false
        }
    },
    {
        "type": "message",
        "text": "if you use this api you just need to send a POST request to your airflow webserver",
        "user": "W831QSCAK",
        "ts": "1524081268.000114",
        "team": "T86S8GHEG",
        "user_team": "T86S8GHEG",
        "source_team": "T86S8GHEG",
        "user_profile": {
            "avatar_hash": "3125369172db",
            "image_72": "https:\/\/avatars.slack-edge.com\/2020-03-09\/989620483264_3125369172db64b56474_72.jpg",
            "first_name": "Xiao",
            "real_name": "Xiao Zhu",
            "display_name": "xzhu",
            "team": "T86S8GHEG",
            "name": "xzhu",
            "is_restricted": false,
            "is_ultra_restricted": false
        }
    },
    {
        "type": "message",
        "text": "`\/api\/experimental\/dags\/&lt;DAG_ID&gt;\/dag_runs` &lt;- what’s POST body for this ?",
        "user": "W819HTB0Q",
        "ts": "1524081295.000078",
        "team": "T86S8GHEG",
        "user_team": "T86S8GHEG",
        "source_team": "T86S8GHEG",
        "user_profile": {
            "avatar_hash": "784f55fc64ad",
            "image_72": "https:\/\/avatars.slack-edge.com\/2019-04-30\/624793159638_784f55fc64ad13104a4d_72.jpg",
            "first_name": "Yon-Seo",
            "real_name": "Yon-Seo Kim",
            "display_name": "yonseok",
            "team": "T86S8GHEG",
            "name": "yonseok",
            "is_restricted": false,
            "is_ultra_restricted": false
        }
    },
    {
        "type": "message",
        "text": "empty I think",
        "user": "W831QSCAK",
        "ts": "1524081317.000409",
        "team": "T86S8GHEG",
        "user_team": "T86S8GHEG",
        "source_team": "T86S8GHEG",
        "user_profile": {
            "avatar_hash": "3125369172db",
            "image_72": "https:\/\/avatars.slack-edge.com\/2020-03-09\/989620483264_3125369172db64b56474_72.jpg",
            "first_name": "Xiao",
            "real_name": "Xiao Zhu",
            "display_name": "xzhu",
            "team": "T86S8GHEG",
            "name": "xzhu",
            "is_restricted": false,
            "is_ultra_restricted": false
        }
    },
    {
        "type": "message",
        "text": "empty body ? I guess they just want to be strict",
        "user": "W819HTB0Q",
        "ts": "1524081319.000013",
        "team": "T86S8GHEG",
        "user_team": "T86S8GHEG",
        "source_team": "T86S8GHEG",
        "user_profile": {
            "avatar_hash": "784f55fc64ad",
            "image_72": "https:\/\/avatars.slack-edge.com\/2019-04-30\/624793159638_784f55fc64ad13104a4d_72.jpg",
            "first_name": "Yon-Seo",
            "real_name": "Yon-Seo Kim",
            "display_name": "yonseok",
            "team": "T86S8GHEG",
            "name": "yonseok",
            "is_restricted": false,
            "is_ultra_restricted": false
        }
    },
    {
        "type": "message",
        "text": "So this resolves scheduling problems if DAG is downstream job of scalding jobs",
        "user": "W819HTB0Q",
        "ts": "1524081354.000318",
        "team": "T86S8GHEG",
        "user_team": "T86S8GHEG",
        "source_team": "T86S8GHEG",
        "user_profile": {
            "avatar_hash": "784f55fc64ad",
            "image_72": "https:\/\/avatars.slack-edge.com\/2019-04-30\/624793159638_784f55fc64ad13104a4d_72.jpg",
            "first_name": "Yon-Seo",
            "real_name": "Yon-Seo Kim",
            "display_name": "yonseok",
            "team": "T86S8GHEG",
            "name": "yonseok",
            "is_restricted": false,
            "is_ultra_restricted": false
        }
    },
    {
        "type": "message",
        "text": "yea, but we haven't looked at this completely yet",
        "user": "W831QSCAK",
        "ts": "1524081380.000317",
        "team": "T86S8GHEG",
        "user_team": "T86S8GHEG",
        "source_team": "T86S8GHEG",
        "user_profile": {
            "avatar_hash": "3125369172db",
            "image_72": "https:\/\/avatars.slack-edge.com\/2020-03-09\/989620483264_3125369172db64b56474_72.jpg",
            "first_name": "Xiao",
            "real_name": "Xiao Zhu",
            "display_name": "xzhu",
            "team": "T86S8GHEG",
            "name": "xzhu",
            "is_restricted": false,
            "is_ultra_restricted": false
        }
    },
    {
        "type": "message",
        "text": "what about host URL ? Just `<http:\/\/airflow--devel--ads-usermodeling.service.smf1.twitter.biz>` like this ?",
        "user": "W819HTB0Q",
        "ts": "1524081409.000166",
        "team": "T86S8GHEG",
        "user_team": "T86S8GHEG",
        "source_team": "T86S8GHEG",
        "user_profile": {
            "avatar_hash": "784f55fc64ad",
            "image_72": "https:\/\/avatars.slack-edge.com\/2019-04-30\/624793159638_784f55fc64ad13104a4d_72.jpg",
            "first_name": "Yon-Seo",
            "real_name": "Yon-Seo Kim",
            "display_name": "yonseok",
            "team": "T86S8GHEG",
            "name": "yonseok",
            "is_restricted": false,
            "is_ultra_restricted": false
        }
    },
    {
        "type": "message",
        "text": "yep",
        "user": "W831QSCAK",
        "ts": "1524081419.000739",
        "team": "T86S8GHEG",
        "user_team": "T86S8GHEG",
        "source_team": "T86S8GHEG",
        "user_profile": {
            "avatar_hash": "3125369172db",
            "image_72": "https:\/\/avatars.slack-edge.com\/2020-03-09\/989620483264_3125369172db64b56474_72.jpg",
            "first_name": "Xiao",
            "real_name": "Xiao Zhu",
            "display_name": "xzhu",
            "team": "T86S8GHEG",
            "name": "xzhu",
            "is_restricted": false,
            "is_ultra_restricted": false
        }
    },
    {
        "type": "message",
        "text": "and calls between mesos instances are un-restricted ?",
        "user": "W819HTB0Q",
        "ts": "1524081436.000596",
        "team": "T86S8GHEG",
        "user_team": "T86S8GHEG",
        "source_team": "T86S8GHEG",
        "user_profile": {
            "avatar_hash": "784f55fc64ad",
            "image_72": "https:\/\/avatars.slack-edge.com\/2019-04-30\/624793159638_784f55fc64ad13104a4d_72.jpg",
            "first_name": "Yon-Seo",
            "real_name": "Yon-Seo Kim",
            "display_name": "yonseok",
            "team": "T86S8GHEG",
            "name": "yonseok",
            "is_restricted": false,
            "is_ultra_restricted": false
        }
    },
    {
        "type": "message",
        "text": "I believe no",
        "user": "W831QSCAK",
        "ts": "1524081477.000357",
        "team": "T86S8GHEG",
        "user_team": "T86S8GHEG",
        "source_team": "T86S8GHEG",
        "user_profile": {
            "avatar_hash": "3125369172db",
            "image_72": "https:\/\/avatars.slack-edge.com\/2020-03-09\/989620483264_3125369172db64b56474_72.jpg",
            "first_name": "Xiao",
            "real_name": "Xiao Zhu",
            "display_name": "xzhu",
            "team": "T86S8GHEG",
            "name": "xzhu",
            "is_restricted": false,
            "is_ultra_restricted": false
        }
    },
    {
        "type": "message",
        "text": "(btw you may need to send an empty json object as body, like `{}`)",
        "user": "W831QSCAK",
        "ts": "1524081513.000541",
        "team": "T86S8GHEG",
        "user_team": "T86S8GHEG",
        "source_team": "T86S8GHEG",
        "user_profile": {
            "avatar_hash": "3125369172db",
            "image_72": "https:\/\/avatars.slack-edge.com\/2020-03-09\/989620483264_3125369172db64b56474_72.jpg",
            "first_name": "Xiao",
            "real_name": "Xiao Zhu",
            "display_name": "xzhu",
            "team": "T86S8GHEG",
            "name": "xzhu",
            "is_restricted": false,
            "is_ultra_restricted": false
        }
    },
    {
        "type": "message",
        "text": "ok",
        "user": "W819HTB0Q",
        "ts": "1524081560.000238",
        "team": "T86S8GHEG",
        "user_team": "T86S8GHEG",
        "source_team": "T86S8GHEG",
        "user_profile": {
            "avatar_hash": "784f55fc64ad",
            "image_72": "https:\/\/avatars.slack-edge.com\/2019-04-30\/624793159638_784f55fc64ad13104a4d_72.jpg",
            "first_name": "Yon-Seo",
            "real_name": "Yon-Seo Kim",
            "display_name": "yonseok",
            "team": "T86S8GHEG",
            "name": "yonseok",
            "is_restricted": false,
            "is_ultra_restricted": false
        }
    },
    {
        "type": "message",
        "text": "there are some parameters like `run_id` that you can put into that json, but you probably don't need them.",
        "user": "W831QSCAK",
        "ts": "1524081596.000036",
        "team": "T86S8GHEG",
        "user_team": "T86S8GHEG",
        "source_team": "T86S8GHEG",
        "user_profile": {
            "avatar_hash": "3125369172db",
            "image_72": "https:\/\/avatars.slack-edge.com\/2020-03-09\/989620483264_3125369172db64b56474_72.jpg",
            "first_name": "Xiao",
            "real_name": "Xiao Zhu",
            "display_name": "xzhu",
            "team": "T86S8GHEG",
            "name": "xzhu",
            "is_restricted": false,
            "is_ultra_restricted": false
        }
    },
    {
        "type": "message",
        "text": "does it return what’s new `run_id` ?",
        "user": "W819HTB0Q",
        "ts": "1524081615.000491",
        "team": "T86S8GHEG",
        "user_team": "T86S8GHEG",
        "source_team": "T86S8GHEG",
        "user_profile": {
            "avatar_hash": "784f55fc64ad",
            "image_72": "https:\/\/avatars.slack-edge.com\/2019-04-30\/624793159638_784f55fc64ad13104a4d_72.jpg",
            "first_name": "Yon-Seo",
            "real_name": "Yon-Seo Kim",
            "display_name": "yonseok",
            "team": "T86S8GHEG",
            "name": "yonseok",
            "is_restricted": false,
            "is_ultra_restricted": false
        }
    },
    {
        "type": "message",
        "text": "I don't recall. IIRC it returns a `DagRun`, which should have `run_id`",
        "user": "W831QSCAK",
        "ts": "1524081718.000545",
        "team": "T86S8GHEG",
        "user_team": "T86S8GHEG",
        "source_team": "T86S8GHEG",
        "user_profile": {
            "avatar_hash": "3125369172db",
            "image_72": "https:\/\/avatars.slack-edge.com\/2020-03-09\/989620483264_3125369172db64b56474_72.jpg",
            "first_name": "Xiao",
            "real_name": "Xiao Zhu",
            "display_name": "xzhu",
            "team": "T86S8GHEG",
            "name": "xzhu",
            "is_restricted": false,
            "is_ultra_restricted": false
        }
    },
    {
        "type": "message",
        "text": "workflow instances are backed by kerberos, is there auth issue with this ?",
        "user": "W819HTB0Q",
        "ts": "1524081763.000038",
        "team": "T86S8GHEG",
        "user_team": "T86S8GHEG",
        "source_team": "T86S8GHEG",
        "user_profile": {
            "avatar_hash": "784f55fc64ad",
            "image_72": "https:\/\/avatars.slack-edge.com\/2019-04-30\/624793159638_784f55fc64ad13104a4d_72.jpg",
            "first_name": "Yon-Seo",
            "real_name": "Yon-Seo Kim",
            "display_name": "yonseok",
            "team": "T86S8GHEG",
            "name": "yonseok",
            "is_restricted": false,
            "is_ultra_restricted": false
        }
    },
    {
        "type": "message",
        "text": "<@W831QSCAK> Join the sprint :stuck_out_tongue:",
        "user": "W81EYMXMZ",
        "ts": "1524081783.000467",
        "team": "T86S8GHEG",
        "user_team": "T86S8GHEG",
        "source_team": "T86S8GHEG",
        "user_profile": {
            "avatar_hash": "e4622bf04c06",
            "image_72": "https:\/\/avatars.slack-edge.com\/2019-10-30\/817857030231_e4622bf04c06a878c157_72.jpg",
            "first_name": "Devin",
            "real_name": "Devin Goodsell",
            "display_name": "dgoodsell",
            "team": "T86S8GHEG",
            "name": "dgoodsell",
            "is_restricted": false,
            "is_ultra_restricted": false
        }
    },
    {
        "type": "message",
        "text": "on my wayyyyy",
        "user": "W831QSCAK",
        "ts": "1524081789.000502",
        "team": "T86S8GHEG",
        "user_team": "T86S8GHEG",
        "source_team": "T86S8GHEG",
        "user_profile": {
            "avatar_hash": "3125369172db",
            "image_72": "https:\/\/avatars.slack-edge.com\/2020-03-09\/989620483264_3125369172db64b56474_72.jpg",
            "first_name": "Xiao",
            "real_name": "Xiao Zhu",
            "display_name": "xzhu",
            "team": "T86S8GHEG",
            "name": "xzhu",
            "is_restricted": false,
            "is_ultra_restricted": false
        }
    },
    {
        "type": "message",
        "text": "the api endpoints have separate auth",
        "user": "W831QSCAK",
        "ts": "1524081808.000165",
        "team": "T86S8GHEG",
        "user_team": "T86S8GHEG",
        "source_team": "T86S8GHEG",
        "user_profile": {
            "avatar_hash": "3125369172db",
            "image_72": "https:\/\/avatars.slack-edge.com\/2020-03-09\/989620483264_3125369172db64b56474_72.jpg",
            "first_name": "Xiao",
            "real_name": "Xiao Zhu",
            "display_name": "xzhu",
            "team": "T86S8GHEG",
            "name": "xzhu",
            "is_restricted": false,
            "is_ultra_restricted": false
        }
    },
    {
        "type": "message",
        "text": "(which = no auth, unless <@W81HPFCFP> has fixed them :)",
        "user": "W831QSCAK",
        "ts": "1524081845.000548",
        "team": "T86S8GHEG",
        "user_team": "T86S8GHEG",
        "source_team": "T86S8GHEG",
        "user_profile": {
            "avatar_hash": "3125369172db",
            "image_72": "https:\/\/avatars.slack-edge.com\/2020-03-09\/989620483264_3125369172db64b56474_72.jpg",
            "first_name": "Xiao",
            "real_name": "Xiao Zhu",
            "display_name": "xzhu",
            "team": "T86S8GHEG",
            "name": "xzhu",
            "is_restricted": false,
            "is_ultra_restricted": false
        },
        "edited": {
            "user": "W831QSCAK",
            "ts": "1524081904.000000"
        }
    },
    {
        "type": "message",
        "text": "ok. This sounds like good tool to have in ML Workflow",
        "user": "W819HTB0Q",
        "ts": "1524081895.000475",
        "team": "T86S8GHEG",
        "user_team": "T86S8GHEG",
        "source_team": "T86S8GHEG",
        "user_profile": {
            "avatar_hash": "784f55fc64ad",
            "image_72": "https:\/\/avatars.slack-edge.com\/2019-04-30\/624793159638_784f55fc64ad13104a4d_72.jpg",
            "first_name": "Yon-Seo",
            "real_name": "Yon-Seo Kim",
            "display_name": "yonseok",
            "team": "T86S8GHEG",
            "name": "yonseok",
            "is_restricted": false,
            "is_ultra_restricted": false
        }
    },
    {
        "type": "message",
        "text": "Programmatic call to kick off DAG run via Scalding and vice versa",
        "user": "W819HTB0Q",
        "ts": "1524081908.000467",
        "team": "T86S8GHEG",
        "user_team": "T86S8GHEG",
        "source_team": "T86S8GHEG",
        "user_profile": {
            "avatar_hash": "784f55fc64ad",
            "image_72": "https:\/\/avatars.slack-edge.com\/2019-04-30\/624793159638_784f55fc64ad13104a4d_72.jpg",
            "first_name": "Yon-Seo",
            "real_name": "Yon-Seo Kim",
            "display_name": "yonseok",
            "team": "T86S8GHEG",
            "name": "yonseok",
            "is_restricted": false,
            "is_ultra_restricted": false
        }
    },
    {
        "type": "message",
        "text": "```AttributeError: Unused kwarg 'output_graph_format' is passed to BaseOperator or BaseSensorOperator from class 'GenerateGraphMatrixOperator'.```",
        "user": "W82KEML2J",
        "ts": "1524091329.000203",
        "team": "T86S8GHEG",
        "user_team": "T86S8GHEG",
        "source_team": "T86S8GHEG",
        "user_profile": {
            "avatar_hash": "76cfed1472fd",
            "image_72": "https:\/\/avatars.slack-edge.com\/2018-01-16\/299349490449_76cfed1472fd5cb7033e_72.png",
            "first_name": "Luca",
            "real_name": "Luca Belli",
            "display_name": "lbelli",
            "team": "T86S8GHEG",
            "name": "lbelli",
            "is_restricted": false,
            "is_ultra_restricted": false
        }
    },
    {
        "type": "message",
        "text": "how do i avoid this?",
        "user": "W82KEML2J",
        "ts": "1524091333.000252",
        "team": "T86S8GHEG",
        "user_team": "T86S8GHEG",
        "source_team": "T86S8GHEG",
        "user_profile": {
            "avatar_hash": "76cfed1472fd",
            "image_72": "https:\/\/avatars.slack-edge.com\/2018-01-16\/299349490449_76cfed1472fd5cb7033e_72.png",
            "first_name": "Luca",
            "real_name": "Luca Belli",
            "display_name": "lbelli",
            "team": "T86S8GHEG",
            "name": "lbelli",
            "is_restricted": false,
            "is_ultra_restricted": false
        }
    },
    {
        "type": "message",
        "text": "i am passing `**kwargs` upstream",
        "user": "W82KEML2J",
        "ts": "1524091346.000313",
        "team": "T86S8GHEG",
        "user_team": "T86S8GHEG",
        "source_team": "T86S8GHEG",
        "user_profile": {
            "avatar_hash": "76cfed1472fd",
            "image_72": "https:\/\/avatars.slack-edge.com\/2018-01-16\/299349490449_76cfed1472fd5cb7033e_72.png",
            "first_name": "Luca",
            "real_name": "Luca Belli",
            "display_name": "lbelli",
            "team": "T86S8GHEG",
            "name": "lbelli",
            "is_restricted": false,
            "is_ultra_restricted": false
        }
    },
    {
        "type": "message",
        "text": "that kwarg is not used",
        "user": "W831QSCAK",
        "ts": "1524091355.000260",
        "team": "T86S8GHEG",
        "user_team": "T86S8GHEG",
        "source_team": "T86S8GHEG",
        "user_profile": {
            "avatar_hash": "3125369172db",
            "image_72": "https:\/\/avatars.slack-edge.com\/2020-03-09\/989620483264_3125369172db64b56474_72.jpg",
            "first_name": "Xiao",
            "real_name": "Xiao Zhu",
            "display_name": "xzhu",
            "team": "T86S8GHEG",
            "name": "xzhu",
            "is_restricted": false,
            "is_ultra_restricted": false
        }
    },
    {
        "type": "message",
        "text": "i know, but this is fine",
        "user": "W82KEML2J",
        "ts": "1524091361.000055",
        "team": "T86S8GHEG",
        "user_team": "T86S8GHEG",
        "source_team": "T86S8GHEG",
        "user_profile": {
            "avatar_hash": "76cfed1472fd",
            "image_72": "https:\/\/avatars.slack-edge.com\/2018-01-16\/299349490449_76cfed1472fd5cb7033e_72.png",
            "first_name": "Luca",
            "real_name": "Luca Belli",
            "display_name": "lbelli",
            "team": "T86S8GHEG",
            "name": "lbelli",
            "is_restricted": false,
            "is_ultra_restricted": false
        }
    },
    {
        "type": "message",
        "text": "it will be used in other cases",
        "user": "W82KEML2J",
        "ts": "1524091379.000038",
        "team": "T86S8GHEG",
        "user_team": "T86S8GHEG",
        "source_team": "T86S8GHEG",
        "user_profile": {
            "avatar_hash": "76cfed1472fd",
            "image_72": "https:\/\/avatars.slack-edge.com\/2018-01-16\/299349490449_76cfed1472fd5cb7033e_72.png",
            "first_name": "Luca",
            "real_name": "Luca Belli",
            "display_name": "lbelli",
            "team": "T86S8GHEG",
            "name": "lbelli",
            "is_restricted": false,
            "is_ultra_restricted": false
        }
    },
    {
        "type": "message",
        "text": "no it's not :shrugg: don't pass unused args to our base class",
        "user": "W831QSCAK",
        "ts": "1524091383.000237",
        "team": "T86S8GHEG",
        "user_team": "T86S8GHEG",
        "source_team": "T86S8GHEG",
        "user_profile": {
            "avatar_hash": "3125369172db",
            "image_72": "https:\/\/avatars.slack-edge.com\/2020-03-09\/989620483264_3125369172db64b56474_72.jpg",
            "first_name": "Xiao",
            "real_name": "Xiao Zhu",
            "display_name": "xzhu",
            "team": "T86S8GHEG",
            "name": "xzhu",
            "is_restricted": false,
            "is_ultra_restricted": false
        }
    },
    {
        "type": "message",
        "text": "then pass it only in that case",
        "user": "W831QSCAK",
        "ts": "1524091418.000067",
        "team": "T86S8GHEG",
        "user_team": "T86S8GHEG",
        "source_team": "T86S8GHEG",
        "user_profile": {
            "avatar_hash": "3125369172db",
            "image_72": "https:\/\/avatars.slack-edge.com\/2020-03-09\/989620483264_3125369172db64b56474_72.jpg",
            "first_name": "Xiao",
            "real_name": "Xiao Zhu",
            "display_name": "xzhu",
            "team": "T86S8GHEG",
            "name": "xzhu",
            "is_restricted": false,
            "is_ultra_restricted": false
        }
    },
    {
        "type": "message",
        "text": "is there a way i can force to run on py3 then?",
        "user": "W82KEML2J",
        "ts": "1524092165.000119",
        "team": "T86S8GHEG",
        "user_team": "T86S8GHEG",
        "source_team": "T86S8GHEG",
        "user_profile": {
            "avatar_hash": "76cfed1472fd",
            "image_72": "https:\/\/avatars.slack-edge.com\/2018-01-16\/299349490449_76cfed1472fd5cb7033e_72.png",
            "first_name": "Luca",
            "real_name": "Luca Belli",
            "display_name": "lbelli",
            "team": "T86S8GHEG",
            "name": "lbelli",
            "is_restricted": false,
            "is_ultra_restricted": false
        }
    },
    {
        "type": "message",
        "text": "(the tests i mean)",
        "user": "W82KEML2J",
        "ts": "1524092171.000414",
        "team": "T86S8GHEG",
        "user_team": "T86S8GHEG",
        "source_team": "T86S8GHEG",
        "user_profile": {
            "avatar_hash": "76cfed1472fd",
            "image_72": "https:\/\/avatars.slack-edge.com\/2018-01-16\/299349490449_76cfed1472fd5cb7033e_72.png",
            "first_name": "Luca",
            "real_name": "Luca Belli",
            "display_name": "lbelli",
            "team": "T86S8GHEG",
            "name": "lbelli",
            "is_restricted": false,
            "is_ultra_restricted": false
        }
    },
    {
        "type": "message",
        "text": "i am currently dong `.\/pants test xxx`",
        "user": "W82KEML2J",
        "ts": "1524092185.000360",
        "team": "T86S8GHEG",
        "user_team": "T86S8GHEG",
        "source_team": "T86S8GHEG",
        "user_profile": {
            "avatar_hash": "76cfed1472fd",
            "image_72": "https:\/\/avatars.slack-edge.com\/2018-01-16\/299349490449_76cfed1472fd5cb7033e_72.png",
            "first_name": "Luca",
            "real_name": "Luca Belli",
            "display_name": "lbelli",
            "team": "T86S8GHEG",
            "name": "lbelli",
            "is_restricted": false,
            "is_ultra_restricted": false
        }
    },
    {
        "type": "message",
        "text": "if you change the BUILD file to use py3 does it work?",
        "user": "W831QSCAK",
        "ts": "1524092197.000154",
        "team": "T86S8GHEG",
        "user_team": "T86S8GHEG",
        "source_team": "T86S8GHEG",
        "user_profile": {
            "avatar_hash": "3125369172db",
            "image_72": "https:\/\/avatars.slack-edge.com\/2020-03-09\/989620483264_3125369172db64b56474_72.jpg",
            "first_name": "Xiao",
            "real_name": "Xiao Zhu",
            "display_name": "xzhu",
            "team": "T86S8GHEG",
            "name": "xzhu",
            "is_restricted": false,
            "is_ultra_restricted": false
        }
    },
    {
        "type": "message",
        "text": "don’t all the dependencies need to move to py3 too?",
        "user": "W82UCH2EB",
        "ts": "1524092208.000101",
        "team": "T86S8GHEG",
        "user_team": "T86S8GHEG",
        "source_team": "T86S8GHEG",
        "user_profile": {
            "avatar_hash": "91f21c110d85",
            "image_72": "https:\/\/avatars.slack-edge.com\/2018-05-25\/371711110887_91f21c110d858e612f45_72.jpg",
            "first_name": "Newton",
            "real_name": "Newton Le",
            "display_name": "nle",
            "team": "T86S8GHEG",
            "name": "nle",
            "is_restricted": false,
            "is_ultra_restricted": false
        }
    },
    {
        "type": "message",
        "text": "techincally, but at least i will get something better than ```TypeError: __init__() takes at least 13 arguments (10 given)```",
        "user": "W82KEML2J",
        "ts": "1524092244.000177",
        "team": "T86S8GHEG",
        "user_team": "T86S8GHEG",
        "source_team": "T86S8GHEG",
        "user_profile": {
            "avatar_hash": "76cfed1472fd",
            "image_72": "https:\/\/avatars.slack-edge.com\/2018-01-16\/299349490449_76cfed1472fd5cb7033e_72.png",
            "first_name": "Luca",
            "real_name": "Luca Belli",
            "display_name": "lbelli",
            "team": "T86S8GHEG",
            "name": "lbelli",
            "is_restricted": false,
            "is_ultra_restricted": false
        },
        "edited": {
            "user": "W82KEML2J",
            "ts": "1524092256.000000"
        }
    },
    {
        "type": "message",
        "text": "also they might be",
        "user": "W82KEML2J",
        "ts": "1524092263.000156",
        "team": "T86S8GHEG",
        "user_team": "T86S8GHEG",
        "source_team": "T86S8GHEG",
        "user_profile": {
            "avatar_hash": "76cfed1472fd",
            "image_72": "https:\/\/avatars.slack-edge.com\/2018-01-16\/299349490449_76cfed1472fd5cb7033e_72.png",
            "first_name": "Luca",
            "real_name": "Luca Belli",
            "display_name": "lbelli",
            "team": "T86S8GHEG",
            "name": "lbelli",
            "is_restricted": false,
            "is_ultra_restricted": false
        }
    },
    {
        "type": "message",
        "text": "how do i change the build file for that <@W831QSCAK>",
        "user": "W82KEML2J",
        "ts": "1524092270.000256",
        "team": "T86S8GHEG",
        "user_team": "T86S8GHEG",
        "source_team": "T86S8GHEG",
        "user_profile": {
            "avatar_hash": "76cfed1472fd",
            "image_72": "https:\/\/avatars.slack-edge.com\/2018-01-16\/299349490449_76cfed1472fd5cb7033e_72.png",
            "first_name": "Luca",
            "real_name": "Luca Belli",
            "display_name": "lbelli",
            "team": "T86S8GHEG",
            "name": "lbelli",
            "is_restricted": false,
            "is_ultra_restricted": false
        }
    },
    {
        "type": "message",
        "text": "hmm true your deps might be a problem...",
        "user": "W831QSCAK",
        "ts": "1524092292.000264",
        "team": "T86S8GHEG",
        "user_team": "T86S8GHEG",
        "source_team": "T86S8GHEG",
        "user_profile": {
            "avatar_hash": "3125369172db",
            "image_72": "https:\/\/avatars.slack-edge.com\/2020-03-09\/989620483264_3125369172db64b56474_72.jpg",
            "first_name": "Xiao",
            "real_name": "Xiao Zhu",
            "display_name": "xzhu",
            "team": "T86S8GHEG",
            "name": "xzhu",
            "is_restricted": false,
            "is_ultra_restricted": false
        }
    },
    {
        "type": "message",
        "text": "change your target to `python3_tests`",
        "user": "W831QSCAK",
        "ts": "1524092325.000088",
        "team": "T86S8GHEG",
        "user_team": "T86S8GHEG",
        "source_team": "T86S8GHEG",
        "user_profile": {
            "avatar_hash": "3125369172db",
            "image_72": "https:\/\/avatars.slack-edge.com\/2020-03-09\/989620483264_3125369172db64b56474_72.jpg",
            "first_name": "Xiao",
            "real_name": "Xiao Zhu",
            "display_name": "xzhu",
            "team": "T86S8GHEG",
            "name": "xzhu",
            "is_restricted": false,
            "is_ultra_restricted": false
        },
        "thread_ts": "1524092325.000088",
        "reply_count": 7,
        "reply_users_count": 2,
        "latest_reply": "1524092553.000094",
        "reply_users": [
            "W82KEML2J",
            "W831QSCAK"
        ],
        "replies": [
            {
                "user": "W82KEML2J",
                "ts": "1524092379.000343"
            },
            {
                "user": "W831QSCAK",
                "ts": "1524092393.000197"
            },
            {
                "user": "W831QSCAK",
                "ts": "1524092424.000397"
            },
            {
                "user": "W831QSCAK",
                "ts": "1524092435.000226"
            },
            {
                "user": "W831QSCAK",
                "ts": "1524092440.000314"
            },
            {
                "user": "W82KEML2J",
                "ts": "1524092545.000349"
            },
            {
                "user": "W82KEML2J",
                "ts": "1524092553.000094"
            }
        ],
        "subscribed": false
    },
    {
        "type": "message",
        "text": "but then you have to deal with all the deps",
        "user": "W831QSCAK",
        "ts": "1524092338.000177",
        "team": "T86S8GHEG",
        "user_team": "T86S8GHEG",
        "source_team": "T86S8GHEG",
        "user_profile": {
            "avatar_hash": "3125369172db",
            "image_72": "https:\/\/avatars.slack-edge.com\/2020-03-09\/989620483264_3125369172db64b56474_72.jpg",
            "first_name": "Xiao",
            "real_name": "Xiao Zhu",
            "display_name": "xzhu",
            "team": "T86S8GHEG",
            "name": "xzhu",
            "is_restricted": false,
            "is_ultra_restricted": false
        }
    },
    {
        "type": "message",
        "text": "then you're basically migrating ml workflows for us :laughing:",
        "user": "W831QSCAK",
        "ts": "1524092360.000093",
        "team": "T86S8GHEG",
        "user_team": "T86S8GHEG",
        "source_team": "T86S8GHEG",
        "user_profile": {
            "avatar_hash": "3125369172db",
            "image_72": "https:\/\/avatars.slack-edge.com\/2020-03-09\/989620483264_3125369172db64b56474_72.jpg",
            "first_name": "Xiao",
            "real_name": "Xiao Zhu",
            "display_name": "xzhu",
            "team": "T86S8GHEG",
            "name": "xzhu",
            "is_restricted": false,
            "is_ultra_restricted": false
        }
    },
    {
        "type": "message",
        "text": "like this? ```.\/pants python3_test airflow\/test\/xxx``` <@W831QSCAK>",
        "user": "W82KEML2J",
        "ts": "1524092379.000343",
        "team": "T86S8GHEG",
        "user_team": "T86S8GHEG",
        "source_team": "T86S8GHEG",
        "user_profile": {
            "avatar_hash": "76cfed1472fd",
            "image_72": "https:\/\/avatars.slack-edge.com\/2018-01-16\/299349490449_76cfed1472fd5cb7033e_72.png",
            "first_name": "Luca",
            "real_name": "Luca Belli",
            "display_name": "lbelli",
            "team": "T86S8GHEG",
            "name": "lbelli",
            "is_restricted": false,
            "is_ultra_restricted": false
        },
        "thread_ts": "1524092325.000088",
        "parent_user_id": "W831QSCAK"
    },
    {
        "type": "message",
        "text": "oh no I mean in BUILD files",
        "user": "W831QSCAK",
        "ts": "1524092393.000197",
        "team": "T86S8GHEG",
        "user_team": "T86S8GHEG",
        "source_team": "T86S8GHEG",
        "user_profile": {
            "avatar_hash": "3125369172db",
            "image_72": "https:\/\/avatars.slack-edge.com\/2020-03-09\/989620483264_3125369172db64b56474_72.jpg",
            "first_name": "Xiao",
            "real_name": "Xiao Zhu",
            "display_name": "xzhu",
            "team": "T86S8GHEG",
            "name": "xzhu",
            "is_restricted": false,
            "is_ultra_restricted": false
        },
        "thread_ts": "1524092325.000088",
        "parent_user_id": "W831QSCAK"
    },
    {
        "type": "message",
        "text": "change `python_tests`",
        "user": "W831QSCAK",
        "ts": "1524092424.000397",
        "team": "T86S8GHEG",
        "user_team": "T86S8GHEG",
        "source_team": "T86S8GHEG",
        "user_profile": {
            "avatar_hash": "3125369172db",
            "image_72": "https:\/\/avatars.slack-edge.com\/2020-03-09\/989620483264_3125369172db64b56474_72.jpg",
            "first_name": "Xiao",
            "real_name": "Xiao Zhu",
            "display_name": "xzhu",
            "team": "T86S8GHEG",
            "name": "xzhu",
            "is_restricted": false,
            "is_ultra_restricted": false
        },
        "thread_ts": "1524092325.000088",
        "parent_user_id": "W831QSCAK"
    },
    {
        "type": "message",
        "text": "but I'm sure pants will complain about your deps are not in py3",
        "user": "W831QSCAK",
        "ts": "1524092435.000226",
        "team": "T86S8GHEG",
        "user_team": "T86S8GHEG",
        "source_team": "T86S8GHEG",
        "user_profile": {
            "avatar_hash": "3125369172db",
            "image_72": "https:\/\/avatars.slack-edge.com\/2020-03-09\/989620483264_3125369172db64b56474_72.jpg",
            "first_name": "Xiao",
            "real_name": "Xiao Zhu",
            "display_name": "xzhu",
            "team": "T86S8GHEG",
            "name": "xzhu",
            "is_restricted": false,
            "is_ultra_restricted": false
        },
        "thread_ts": "1524092325.000088",
        "parent_user_id": "W831QSCAK"
    },
    {
        "type": "message",
        "text": "so nvm :neutral_face:",
        "user": "W831QSCAK",
        "ts": "1524092440.000314",
        "team": "T86S8GHEG",
        "user_team": "T86S8GHEG",
        "source_team": "T86S8GHEG",
        "user_profile": {
            "avatar_hash": "3125369172db",
            "image_72": "https:\/\/avatars.slack-edge.com\/2020-03-09\/989620483264_3125369172db64b56474_72.jpg",
            "first_name": "Xiao",
            "real_name": "Xiao Zhu",
            "display_name": "xzhu",
            "team": "T86S8GHEG",
            "name": "xzhu",
            "is_restricted": false,
            "is_ultra_restricted": false
        },
        "thread_ts": "1524092325.000088",
        "parent_user_id": "W831QSCAK"
    },
    {
        "type": "message",
        "text": "yeah doesn’t work",
        "user": "W82KEML2J",
        "ts": "1524092545.000349",
        "team": "T86S8GHEG",
        "user_team": "T86S8GHEG",
        "source_team": "T86S8GHEG",
        "user_profile": {
            "avatar_hash": "76cfed1472fd",
            "image_72": "https:\/\/avatars.slack-edge.com\/2018-01-16\/299349490449_76cfed1472fd5cb7033e_72.png",
            "first_name": "Luca",
            "real_name": "Luca Belli",
            "display_name": "lbelli",
            "team": "T86S8GHEG",
            "name": "lbelli",
            "is_restricted": false,
            "is_ultra_restricted": false
        },
        "thread_ts": "1524092325.000088",
        "parent_user_id": "W831QSCAK"
    },
    {
        "type": "message",
        "text": "was worth a try",
        "user": "W82KEML2J",
        "ts": "1524092553.000094",
        "team": "T86S8GHEG",
        "user_team": "T86S8GHEG",
        "source_team": "T86S8GHEG",
        "user_profile": {
            "avatar_hash": "76cfed1472fd",
            "image_72": "https:\/\/avatars.slack-edge.com\/2018-01-16\/299349490449_76cfed1472fd5cb7033e_72.png",
            "first_name": "Luca",
            "real_name": "Luca Belli",
            "display_name": "lbelli",
            "team": "T86S8GHEG",
            "name": "lbelli",
            "is_restricted": false,
            "is_ultra_restricted": false
        },
        "thread_ts": "1524092325.000088",
        "parent_user_id": "W831QSCAK"
    },
    {
        "type": "message",
        "text": "yes, please do it luca",
        "user": "W82UCH2EB",
        "ts": "1524093266.000269",
        "team": "T86S8GHEG",
        "user_team": "T86S8GHEG",
        "source_team": "T86S8GHEG",
        "user_profile": {
            "avatar_hash": "91f21c110d85",
            "image_72": "https:\/\/avatars.slack-edge.com\/2018-05-25\/371711110887_91f21c110d858e612f45_72.jpg",
            "first_name": "Newton",
            "real_name": "Newton Le",
            "display_name": "nle",
            "team": "T86S8GHEG",
            "name": "nle",
            "is_restricted": false,
            "is_ultra_restricted": false
        }
    },
    {
        "type": "message",
        "text": "-__-",
        "user": "W82KEML2J",
        "ts": "1524093395.000027",
        "team": "T86S8GHEG",
        "user_team": "T86S8GHEG",
        "source_team": "T86S8GHEG",
        "user_profile": {
            "avatar_hash": "76cfed1472fd",
            "image_72": "https:\/\/avatars.slack-edge.com\/2018-01-16\/299349490449_76cfed1472fd5cb7033e_72.png",
            "first_name": "Luca",
            "real_name": "Luca Belli",
            "display_name": "lbelli",
            "team": "T86S8GHEG",
            "name": "lbelli",
            "is_restricted": false,
            "is_ultra_restricted": false
        }
    },
    {
        "type": "message",
        "text": "thanks <@W82KEML2J>!",
        "user": "WLD0VBYAG",
        "ts": "1524094580.000300",
        "team": "T86S8GHEG",
        "user_team": "T86S8GHEG",
        "source_team": "T86S8GHEG",
        "user_profile": {
            "avatar_hash": "05628168650a",
            "image_72": "https:\/\/avatars.slack-edge.com\/2018-04-26\/354229354194_05628168650a9d6705d7_72.jpg",
            "first_name": "Samuel",
            "real_name": "Samuel Ngahane",
            "display_name": "sngahane",
            "team": "T86S8GHEG",
            "name": "sngahane",
            "is_restricted": false,
            "is_ultra_restricted": false
        }
    }
]