[
    {
        "client_msg_id": "98e8324e-dd30-4910-bdd2-56b643867c89",
        "type": "message",
        "text": "Was trying `Create HPT instance`, i am passing something wrong. However, i am hitting the render limit and get below error:\n```\nFailed to create DAG. Failed to parse param hyperparameter_tuning_spec. Received: {u'retries': u'2', u'workflow_constructor': u'MagicRecsLollyDagConstructor', u'hyperparameter_tuning_spec': {u'tuning_method': u'Random', u'max_trials': u'5', u'configuration_space': {u'save_resume': {u'OptionsParameter': {u'options': [{u'value': u'True'}]}}, u'beta': {u'IntRangeParameter': {u'max': u'4', u'min': u'1'}}, u'bit_precision': {u'IntRangeParameter': {u'max': u'10', u'min': u'35'}}, u'use_adaptive': {u'OptionsParameter': {u'options': [{u'value': u'True'}]}}, u'learner_type': {u'OptionsParameter': {u'options': [{u'value': u'BINARY_OGD'}]}}, u'adaptive_option': {u'OptionsParameter': {u'options': [{u'value': u'SQRT_MOMENT2'}]}}, u'lambda2': {u'FloatRangeParameter': {u'max': u'0.0010', u'min': u'0.0001'}}, u'loss_function': {u'OptionsParameter': {u'options': [{u'value': u'logistic'}]}}}, u'optimizing_metric': u'rce', u'num_workers': u'5'}, u'workflow_static_arguments': {u'lolly_template': {u'path': u'hdfs:\/\/\/user\/dseal\/lolly_template.yaml'}, u'transform_history': {u'path': u'hdfs:\/\/\/atla\/proc\/user\/cassowary\/mr_ml_models\/prod\/weighted_oonc\/lolly\/model\/new_open_or_ntab_click_lr_model\/weighted_open_or_ntab_click\/transform_history.json'}, u'training_data_path': {u'date': u'2018-09-11', u'path': u'hdfs:\/\/\/atla\/proc\/user\/cassowary\/mr_ml_modelling_data\/upperWeightingEngagement\/train\/', u'suffix_type': u'daily'}, u'validation_data_path': {u'date': u'2018-09-11', u'path': u'hdfs:\/\/\/atla\/proc\/user\/cassowary\/mr_ml_modelling_data\/upperWeightingEngagement\/test\/', u'suffix_type': u'daily'}, u'output_path': {u'path': u'hdfs:\/\/\/user\/dseal\/lolly_dag_constr_hpt_test'}, u'model_name': u'hpt_lolly_test'}, ...\n```",
        "user": "W81P6Q3HB",
        "ts": "1537067732.000100",
        "team": "T86S8GHEG",
        "user_team": "T86S8GHEG",
        "source_team": "T86S8GHEG",
        "user_profile": {
            "avatar_hash": "33ca23099495",
            "image_72": "https:\/\/avatars.slack-edge.com\/2018-03-01\/322806966228_33ca23099495fa5d481b_72.jpg",
            "first_name": "Debpriya",
            "real_name": "Debpriya Seal",
            "display_name": "dseal",
            "team": "T86S8GHEG",
            "name": "dseal",
            "is_restricted": false,
            "is_ultra_restricted": false
        },
        "thread_ts": "1537067732.000100",
        "reply_count": 5,
        "reply_users_count": 2,
        "latest_reply": "1537156647.000100",
        "reply_users": [
            "W82UCH2EB",
            "W81P6Q3HB"
        ],
        "replies": [
            {
                "user": "W82UCH2EB",
                "ts": "1537151595.000100"
            },
            {
                "user": "W82UCH2EB",
                "ts": "1537151621.000100"
            },
            {
                "user": "W82UCH2EB",
                "ts": "1537151642.000100"
            },
            {
                "user": "W81P6Q3HB",
                "ts": "1537156616.000100"
            },
            {
                "user": "W81P6Q3HB",
                "ts": "1537156647.000100"
            }
        ],
        "subscribed": false
    },
    {
        "client_msg_id": "7ab6457b-920f-4265-8e4d-0562c452d134",
        "type": "message",
        "text": "Hence, couldn’t figure out what is the cause",
        "user": "W81P6Q3HB",
        "ts": "1537067743.000100",
        "team": "T86S8GHEG",
        "user_team": "T86S8GHEG",
        "source_team": "T86S8GHEG",
        "user_profile": {
            "avatar_hash": "33ca23099495",
            "image_72": "https:\/\/avatars.slack-edge.com\/2018-03-01\/322806966228_33ca23099495fa5d481b_72.jpg",
            "first_name": "Debpriya",
            "real_name": "Debpriya Seal",
            "display_name": "dseal",
            "team": "T86S8GHEG",
            "name": "dseal",
            "is_restricted": false,
            "is_ultra_restricted": false
        }
    }
]