[
    {
        "client_msg_id": "5ca3434b-85c5-4db2-b375-a67113326907",
        "type": "message",
        "text": "Still waiting on permissions",
        "user": "WB8SBCKK6",
        "ts": "1535634111.000100",
        "team": "T86S8GHEG",
        "user_team": "T86S8GHEG",
        "source_team": "T86S8GHEG",
        "user_profile": {
            "avatar_hash": "587934c01ef2",
            "image_72": "https:\/\/avatars.slack-edge.com\/2018-07-10\/397596768390_587934c01ef2d7cf137b_72.jpg",
            "first_name": "Dan",
            "real_name": "Dan Davydov",
            "display_name": "ddavydov",
            "team": "T86S8GHEG",
            "name": "ddavydov",
            "is_restricted": false,
            "is_ultra_restricted": false
        },
        "thread_ts": "1535574000.000100",
        "parent_user_id": "WABQN1VJ9"
    },
    {
        "client_msg_id": "47146ae4-37e0-40d4-bea5-2ccd25dd88e4",
        "type": "message",
        "text": "If you prefer you can share your screen and we can try to debug like that but it might be a tad cumbersome (I’ll tell you which commands to type)",
        "user": "WB8SBCKK6",
        "ts": "1535644020.000100",
        "team": "T86S8GHEG",
        "user_team": "T86S8GHEG",
        "source_team": "T86S8GHEG",
        "user_profile": {
            "avatar_hash": "587934c01ef2",
            "image_72": "https:\/\/avatars.slack-edge.com\/2018-07-10\/397596768390_587934c01ef2d7cf137b_72.jpg",
            "first_name": "Dan",
            "real_name": "Dan Davydov",
            "display_name": "ddavydov",
            "team": "T86S8GHEG",
            "name": "ddavydov",
            "is_restricted": false,
            "is_ultra_restricted": false
        },
        "thread_ts": "1535574000.000100",
        "parent_user_id": "WABQN1VJ9"
    },
    {
        "client_msg_id": "52c036dc-ca13-41e8-8258-c673ee2095cc",
        "type": "message",
        "text": "do you have time tomorrow? I can bring my laptop to where you sit",
        "user": "WABQN1VJ9",
        "ts": "1535648953.000100",
        "team": "T86S8GHEG",
        "user_team": "T86S8GHEG",
        "source_team": "T86S8GHEG",
        "user_profile": {
            "avatar_hash": "gb35f89f65b7",
            "image_72": "https:\/\/secure.gravatar.com\/avatar\/0b35f89f65b72b596044778e2425a84a.jpg?s=72&d=https%3A%2F%2Fa.slack-edge.com%2F5818c%2Fimg%2Favatars%2Fava_0020-72.png",
            "first_name": "Mu",
            "real_name": "Mu Li",
            "display_name": "mul",
            "team": "T86S8GHEG",
            "name": "mul",
            "is_restricted": false,
            "is_ultra_restricted": false
        },
        "thread_ts": "1535574000.000100",
        "parent_user_id": "WABQN1VJ9"
    },
    {
        "client_msg_id": "35a10b6c-de3c-4ead-b313-696cc9f99099",
        "type": "message",
        "text": "Got access",
        "user": "WB8SBCKK6",
        "ts": "1535651294.000100",
        "team": "T86S8GHEG",
        "user_team": "T86S8GHEG",
        "source_team": "T86S8GHEG",
        "user_profile": {
            "avatar_hash": "587934c01ef2",
            "image_72": "https:\/\/avatars.slack-edge.com\/2018-07-10\/397596768390_587934c01ef2d7cf137b_72.jpg",
            "first_name": "Dan",
            "real_name": "Dan Davydov",
            "display_name": "ddavydov",
            "team": "T86S8GHEG",
            "name": "ddavydov",
            "is_restricted": false,
            "is_ultra_restricted": false
        },
        "thread_ts": "1535574000.000100",
        "parent_user_id": "WABQN1VJ9"
    },
    {
        "client_msg_id": "a3ca2be1-35d0-4203-a697-3961b9bf829d",
        "type": "message",
        "text": "```[2018-08-30 17:47:57,954] {{jobs.py:1442}} ERROR - Cannot load the dag bag to handle failure for &lt;TaskInstance: InterestChildCategoryGenerateMauPredictionsDagConstructor_aug_27.generate_feature_op_total 2018-08-25 23:59:00 [queued]&gt;. Setting task to FAILED without callbacks or retries. Do you have enough resources?```",
        "user": "WB8SBCKK6",
        "ts": "1535651296.000100",
        "team": "T86S8GHEG",
        "user_team": "T86S8GHEG",
        "source_team": "T86S8GHEG",
        "user_profile": {
            "avatar_hash": "587934c01ef2",
            "image_72": "https:\/\/avatars.slack-edge.com\/2018-07-10\/397596768390_587934c01ef2d7cf137b_72.jpg",
            "first_name": "Dan",
            "real_name": "Dan Davydov",
            "display_name": "ddavydov",
            "team": "T86S8GHEG",
            "name": "ddavydov",
            "is_restricted": false,
            "is_ultra_restricted": false
        },
        "thread_ts": "1535574000.000100",
        "parent_user_id": "WABQN1VJ9"
    },
    {
        "client_msg_id": "9ff973c5-54f7-49f1-a4d2-86f0a06a70c2",
        "type": "message",
        "text": "i think so because Using almost same set of parameters InterestChildCategoryGenerateMauPredictionsDagConstructor_aug_24_18_20 can succeed",
        "user": "WABQN1VJ9",
        "ts": "1535651358.000100",
        "team": "T86S8GHEG",
        "user_team": "T86S8GHEG",
        "source_team": "T86S8GHEG",
        "user_profile": {
            "avatar_hash": "gb35f89f65b7",
            "image_72": "https:\/\/secure.gravatar.com\/avatar\/0b35f89f65b72b596044778e2425a84a.jpg?s=72&d=https%3A%2F%2Fa.slack-edge.com%2F5818c%2Fimg%2Favatars%2Fava_0020-72.png",
            "first_name": "Mu",
            "real_name": "Mu Li",
            "display_name": "mul",
            "team": "T86S8GHEG",
            "name": "mul",
            "is_restricted": false,
            "is_ultra_restricted": false
        },
        "thread_ts": "1535574000.000100",
        "parent_user_id": "WABQN1VJ9"
    },
    {
        "client_msg_id": "c0b3da62-52d3-4d53-8359-c6d1a5d0f879",
        "type": "message",
        "text": "looks like the workers don’t have the same python file so they can’t run it. Looks like the python file is dynamically generated.",
        "user": "WB8SBCKK6",
        "ts": "1535651536.000100",
        "team": "T86S8GHEG",
        "user_team": "T86S8GHEG",
        "source_team": "T86S8GHEG",
        "user_profile": {
            "avatar_hash": "587934c01ef2",
            "image_72": "https:\/\/avatars.slack-edge.com\/2018-07-10\/397596768390_587934c01ef2d7cf137b_72.jpg",
            "first_name": "Dan",
            "real_name": "Dan Davydov",
            "display_name": "ddavydov",
            "team": "T86S8GHEG",
            "name": "ddavydov",
            "is_restricted": false,
            "is_ultra_restricted": false
        },
        "thread_ts": "1535574000.000100",
        "parent_user_id": "WABQN1VJ9"
    },
    {
        "client_msg_id": "8effe9f6-d2b8-40d8-8dc2-036b1f1e7e1e",
        "type": "message",
        "text": "what should i do?",
        "user": "WABQN1VJ9",
        "ts": "1535651583.000100",
        "team": "T86S8GHEG",
        "user_team": "T86S8GHEG",
        "source_team": "T86S8GHEG",
        "user_profile": {
            "avatar_hash": "gb35f89f65b7",
            "image_72": "https:\/\/secure.gravatar.com\/avatar\/0b35f89f65b72b596044778e2425a84a.jpg?s=72&d=https%3A%2F%2Fa.slack-edge.com%2F5818c%2Fimg%2Favatars%2Fava_0020-72.png",
            "first_name": "Mu",
            "real_name": "Mu Li",
            "display_name": "mul",
            "team": "T86S8GHEG",
            "name": "mul",
            "is_restricted": false,
            "is_ultra_restricted": false
        },
        "thread_ts": "1535574000.000100",
        "parent_user_id": "WABQN1VJ9"
    },
    {
        "client_msg_id": "7fb02f07-b065-4f3d-9377-957cc255f27a",
        "type": "message",
        "text": "sorry still debugging",
        "user": "WB8SBCKK6",
        "ts": "1535651623.000100",
        "team": "T86S8GHEG",
        "user_team": "T86S8GHEG",
        "source_team": "T86S8GHEG",
        "user_profile": {
            "avatar_hash": "587934c01ef2",
            "image_72": "https:\/\/avatars.slack-edge.com\/2018-07-10\/397596768390_587934c01ef2d7cf137b_72.jpg",
            "first_name": "Dan",
            "real_name": "Dan Davydov",
            "display_name": "ddavydov",
            "team": "T86S8GHEG",
            "name": "ddavydov",
            "is_restricted": false,
            "is_ultra_restricted": false
        },
        "thread_ts": "1535574000.000100",
        "parent_user_id": "WABQN1VJ9"
    },
    {
        "client_msg_id": "d408c182-a5d8-4f78-a0c0-d16d9fd351cb",
        "type": "message",
        "text": "I think you’re right Dan",
        "user": "W82UCH2EB",
        "ts": "1535651644.000100",
        "team": "T86S8GHEG",
        "user_team": "T86S8GHEG",
        "source_team": "T86S8GHEG",
        "user_profile": {
            "avatar_hash": "91f21c110d85",
            "image_72": "https:\/\/avatars.slack-edge.com\/2018-05-25\/371711110887_91f21c110d858e612f45_72.jpg",
            "first_name": "Newton",
            "real_name": "Newton Le",
            "display_name": "nle",
            "team": "T86S8GHEG",
            "name": "nle",
            "is_restricted": false,
            "is_ultra_restricted": false
        },
        "thread_ts": "1535574000.000100",
        "parent_user_id": "WABQN1VJ9"
    },
    {
        "client_msg_id": "e792732c-2783-4943-8daa-9b26f4e43953",
        "type": "message",
        "text": "Mu, are you using CeleryWorker?",
        "user": "W82UCH2EB",
        "ts": "1535651650.000100",
        "team": "T86S8GHEG",
        "user_team": "T86S8GHEG",
        "source_team": "T86S8GHEG",
        "user_profile": {
            "avatar_hash": "91f21c110d85",
            "image_72": "https:\/\/avatars.slack-edge.com\/2018-05-25\/371711110887_91f21c110d858e612f45_72.jpg",
            "first_name": "Newton",
            "real_name": "Newton Le",
            "display_name": "nle",
            "team": "T86S8GHEG",
            "name": "nle",
            "is_restricted": false,
            "is_ultra_restricted": false
        },
        "thread_ts": "1535574000.000100",
        "parent_user_id": "WABQN1VJ9"
    },
    {
        "client_msg_id": "ec079ff1-5370-49d1-9ae6-851de5efa47f",
        "type": "message",
        "text": "yeah",
        "user": "WB8SBCKK6",
        "ts": "1535651664.000100",
        "team": "T86S8GHEG",
        "user_team": "T86S8GHEG",
        "source_team": "T86S8GHEG",
        "user_profile": {
            "avatar_hash": "587934c01ef2",
            "image_72": "https:\/\/avatars.slack-edge.com\/2018-07-10\/397596768390_587934c01ef2d7cf137b_72.jpg",
            "first_name": "Dan",
            "real_name": "Dan Davydov",
            "display_name": "ddavydov",
            "team": "T86S8GHEG",
            "name": "ddavydov",
            "is_restricted": false,
            "is_ultra_restricted": false
        },
        "thread_ts": "1535574000.000100",
        "parent_user_id": "WABQN1VJ9"
    },
    {
        "client_msg_id": "adec18e6-8609-46b4-b4b2-ada68efda786",
        "type": "message",
        "text": "in our airflow_cli:\n```\n  if (args.subcommand == 'scheduler'):\n    # do not detect running scheduler for ephemeral instance (which has dag_id set)\n    if args.dag_id is None:\n      detect_running_scheduler()\n    DagConstructorUtils.reconstruct_recorded_dag_instances()\n```",
        "user": "W82UCH2EB",
        "ts": "1535651669.000100",
        "team": "T86S8GHEG",
        "user_team": "T86S8GHEG",
        "source_team": "T86S8GHEG",
        "user_profile": {
            "avatar_hash": "91f21c110d85",
            "image_72": "https:\/\/avatars.slack-edge.com\/2018-05-25\/371711110887_91f21c110d858e612f45_72.jpg",
            "first_name": "Newton",
            "real_name": "Newton Le",
            "display_name": "nle",
            "team": "T86S8GHEG",
            "name": "nle",
            "is_restricted": false,
            "is_ultra_restricted": false
        },
        "thread_ts": "1535574000.000100",
        "parent_user_id": "WABQN1VJ9"
    },
    {
        "client_msg_id": "becf35bb-a596-4766-b51c-3358f63339b5",
        "type": "message",
        "text": "the weird thing though is I think I saw localexecutor in config",
        "user": "WB8SBCKK6",
        "ts": "1535651674.000100",
        "team": "T86S8GHEG",
        "user_team": "T86S8GHEG",
        "source_team": "T86S8GHEG",
        "user_profile": {
            "avatar_hash": "587934c01ef2",
            "image_72": "https:\/\/avatars.slack-edge.com\/2018-07-10\/397596768390_587934c01ef2d7cf137b_72.jpg",
            "first_name": "Dan",
            "real_name": "Dan Davydov",
            "display_name": "ddavydov",
            "team": "T86S8GHEG",
            "name": "ddavydov",
            "is_restricted": false,
            "is_ultra_restricted": false
        },
        "thread_ts": "1535574000.000100",
        "parent_user_id": "WABQN1VJ9"
    },
    {
        "client_msg_id": "e8268612-b1e8-4c3a-989c-82995123a7db",
        "type": "message",
        "text": "oh maybe the workers need to be taken down",
        "user": "W82UCH2EB",
        "ts": "1535651685.000100",
        "team": "T86S8GHEG",
        "user_team": "T86S8GHEG",
        "source_team": "T86S8GHEG",
        "user_profile": {
            "avatar_hash": "91f21c110d85",
            "image_72": "https:\/\/avatars.slack-edge.com\/2018-05-25\/371711110887_91f21c110d858e612f45_72.jpg",
            "first_name": "Newton",
            "real_name": "Newton Le",
            "display_name": "nle",
            "team": "T86S8GHEG",
            "name": "nle",
            "is_restricted": false,
            "is_ultra_restricted": false
        },
        "thread_ts": "1535574000.000100",
        "parent_user_id": "WABQN1VJ9"
    },
    {
        "client_msg_id": "d77085dc-b628-4b38-8d01-0fb1dc16ca3b",
        "type": "message",
        "text": "executor = LocalExecutor",
        "user": "WB8SBCKK6",
        "ts": "1535651695.000100",
        "team": "T86S8GHEG",
        "user_team": "T86S8GHEG",
        "source_team": "T86S8GHEG",
        "user_profile": {
            "avatar_hash": "587934c01ef2",
            "image_72": "https:\/\/avatars.slack-edge.com\/2018-07-10\/397596768390_587934c01ef2d7cf137b_72.jpg",
            "first_name": "Dan",
            "real_name": "Dan Davydov",
            "display_name": "ddavydov",
            "team": "T86S8GHEG",
            "name": "ddavydov",
            "is_restricted": false,
            "is_ultra_restricted": false
        },
        "thread_ts": "1535574000.000100",
        "parent_user_id": "WABQN1VJ9"
    },
    {
        "client_msg_id": "ebfb488d-f445-444e-8188-53c7d08ffb2a",
        "type": "message",
        "text": "right but what if there are worker instances up still",
        "user": "W82UCH2EB",
        "ts": "1535651704.000100",
        "team": "T86S8GHEG",
        "user_team": "T86S8GHEG",
        "source_team": "T86S8GHEG",
        "user_profile": {
            "avatar_hash": "91f21c110d85",
            "image_72": "https:\/\/avatars.slack-edge.com\/2018-05-25\/371711110887_91f21c110d858e612f45_72.jpg",
            "first_name": "Newton",
            "real_name": "Newton Le",
            "display_name": "nle",
            "team": "T86S8GHEG",
            "name": "nle",
            "is_restricted": false,
            "is_ultra_restricted": false
        },
        "thread_ts": "1535574000.000100",
        "parent_user_id": "WABQN1VJ9"
    },
    {
        "client_msg_id": "fe164181-3a14-43a9-920a-e9f585b1b82c",
        "type": "message",
        "text": "i wonder if its possible that the scheduler was started",
        "user": "WB8SBCKK6",
        "ts": "1535651706.000100",
        "team": "T86S8GHEG",
        "user_team": "T86S8GHEG",
        "source_team": "T86S8GHEG",
        "user_profile": {
            "avatar_hash": "587934c01ef2",
            "image_72": "https:\/\/avatars.slack-edge.com\/2018-07-10\/397596768390_587934c01ef2d7cf137b_72.jpg",
            "first_name": "Dan",
            "real_name": "Dan Davydov",
            "display_name": "ddavydov",
            "team": "T86S8GHEG",
            "name": "ddavydov",
            "is_restricted": false,
            "is_ultra_restricted": false
        },
        "thread_ts": "1535574000.000100",
        "parent_user_id": "WABQN1VJ9"
    },
    {
        "client_msg_id": "cde8f5a5-9df6-4f34-941d-9f2f3fa62e02",
        "type": "message",
        "text": "with celery",
        "user": "WB8SBCKK6",
        "ts": "1535651707.000100",
        "team": "T86S8GHEG",
        "user_team": "T86S8GHEG",
        "source_team": "T86S8GHEG",
        "user_profile": {
            "avatar_hash": "587934c01ef2",
            "image_72": "https:\/\/avatars.slack-edge.com\/2018-07-10\/397596768390_587934c01ef2d7cf137b_72.jpg",
            "first_name": "Dan",
            "real_name": "Dan Davydov",
            "display_name": "ddavydov",
            "team": "T86S8GHEG",
            "name": "ddavydov",
            "is_restricted": false,
            "is_ultra_restricted": false
        },
        "thread_ts": "1535574000.000100",
        "parent_user_id": "WABQN1VJ9"
    },
    {
        "client_msg_id": "d44ed186-1aa6-4b64-835f-943403c90bad",
        "type": "message",
        "text": "and then changed to use localexecutor",
        "user": "WB8SBCKK6",
        "ts": "1535651712.000100",
        "team": "T86S8GHEG",
        "user_team": "T86S8GHEG",
        "source_team": "T86S8GHEG",
        "user_profile": {
            "avatar_hash": "587934c01ef2",
            "image_72": "https:\/\/avatars.slack-edge.com\/2018-07-10\/397596768390_587934c01ef2d7cf137b_72.jpg",
            "first_name": "Dan",
            "real_name": "Dan Davydov",
            "display_name": "ddavydov",
            "team": "T86S8GHEG",
            "name": "ddavydov",
            "is_restricted": false,
            "is_ultra_restricted": false
        },
        "thread_ts": "1535574000.000100",
        "parent_user_id": "WABQN1VJ9"
    },
    {
        "client_msg_id": "ab05649c-df01-4bb7-94d8-9ff06bfcf3dd",
        "type": "message",
        "text": "(airflowcfg)",
        "user": "WB8SBCKK6",
        "ts": "1535651718.000100",
        "team": "T86S8GHEG",
        "user_team": "T86S8GHEG",
        "source_team": "T86S8GHEG",
        "user_profile": {
            "avatar_hash": "587934c01ef2",
            "image_72": "https:\/\/avatars.slack-edge.com\/2018-07-10\/397596768390_587934c01ef2d7cf137b_72.jpg",
            "first_name": "Dan",
            "real_name": "Dan Davydov",
            "display_name": "ddavydov",
            "team": "T86S8GHEG",
            "name": "ddavydov",
            "is_restricted": false,
            "is_ultra_restricted": false
        },
        "thread_ts": "1535574000.000100",
        "parent_user_id": "WABQN1VJ9"
    },
    {
        "client_msg_id": "7c2996e9-f492-4440-a348-19d96497cc26",
        "type": "message",
        "text": "something like that",
        "user": "W82UCH2EB",
        "ts": "1535651720.000100",
        "team": "T86S8GHEG",
        "user_team": "T86S8GHEG",
        "source_team": "T86S8GHEG",
        "user_profile": {
            "avatar_hash": "91f21c110d85",
            "image_72": "https:\/\/avatars.slack-edge.com\/2018-05-25\/371711110887_91f21c110d858e612f45_72.jpg",
            "first_name": "Newton",
            "real_name": "Newton Le",
            "display_name": "nle",
            "team": "T86S8GHEG",
            "name": "nle",
            "is_restricted": false,
            "is_ultra_restricted": false
        },
        "thread_ts": "1535574000.000100",
        "parent_user_id": "WABQN1VJ9"
    },
    {
        "client_msg_id": "5753fba4-460b-4bd7-bb1f-3d12e73629bc",
        "type": "message",
        "text": "because it’s definitely sending requests to celery",
        "user": "WB8SBCKK6",
        "ts": "1535651724.000100",
        "team": "T86S8GHEG",
        "user_team": "T86S8GHEG",
        "source_team": "T86S8GHEG",
        "user_profile": {
            "avatar_hash": "587934c01ef2",
            "image_72": "https:\/\/avatars.slack-edge.com\/2018-07-10\/397596768390_587934c01ef2d7cf137b_72.jpg",
            "first_name": "Dan",
            "real_name": "Dan Davydov",
            "display_name": "ddavydov",
            "team": "T86S8GHEG",
            "name": "ddavydov",
            "is_restricted": false,
            "is_ultra_restricted": false
        },
        "thread_ts": "1535574000.000100",
        "parent_user_id": "WABQN1VJ9"
    },
    {
        "client_msg_id": "f961c4f7-8e78-41a4-9dd7-5e7bf572dd6e",
        "type": "message",
        "text": "Honestly I feel like we should standardize on celery everywhere",
        "user": "WB8SBCKK6",
        "ts": "1535651768.000100",
        "team": "T86S8GHEG",
        "user_team": "T86S8GHEG",
        "source_team": "T86S8GHEG",
        "user_profile": {
            "avatar_hash": "587934c01ef2",
            "image_72": "https:\/\/avatars.slack-edge.com\/2018-07-10\/397596768390_587934c01ef2d7cf137b_72.jpg",
            "first_name": "Dan",
            "real_name": "Dan Davydov",
            "display_name": "ddavydov",
            "team": "T86S8GHEG",
            "name": "ddavydov",
            "is_restricted": false,
            "is_ultra_restricted": false
        },
        "thread_ts": "1535574000.000100",
        "parent_user_id": "WABQN1VJ9"
    },
    {
        "client_msg_id": "246fe128-9af0-47e6-b54f-b0273f81c8d5",
        "type": "message",
        "text": "(except maybe local)",
        "user": "WB8SBCKK6",
        "ts": "1535651795.000100",
        "team": "T86S8GHEG",
        "user_team": "T86S8GHEG",
        "source_team": "T86S8GHEG",
        "user_profile": {
            "avatar_hash": "587934c01ef2",
            "image_72": "https:\/\/avatars.slack-edge.com\/2018-07-10\/397596768390_587934c01ef2d7cf137b_72.jpg",
            "first_name": "Dan",
            "real_name": "Dan Davydov",
            "display_name": "ddavydov",
            "team": "T86S8GHEG",
            "name": "ddavydov",
            "is_restricted": false,
            "is_ultra_restricted": false
        },
        "thread_ts": "1535574000.000100",
        "parent_user_id": "WABQN1VJ9"
    },
    {
        "client_msg_id": "dd62fcfa-e241-428f-84da-0b8f1893975f",
        "type": "message",
        "text": "prevents this kind of stuff from happening and simplifies our infra",
        "user": "WB8SBCKK6",
        "ts": "1535651811.000100",
        "team": "T86S8GHEG",
        "user_team": "T86S8GHEG",
        "source_team": "T86S8GHEG",
        "user_profile": {
            "avatar_hash": "587934c01ef2",
            "image_72": "https:\/\/avatars.slack-edge.com\/2018-07-10\/397596768390_587934c01ef2d7cf137b_72.jpg",
            "first_name": "Dan",
            "real_name": "Dan Davydov",
            "display_name": "ddavydov",
            "team": "T86S8GHEG",
            "name": "ddavydov",
            "is_restricted": false,
            "is_ultra_restricted": false
        },
        "thread_ts": "1535574000.000100",
        "parent_user_id": "WABQN1VJ9"
    },
    {
        "client_msg_id": "a082ce62-3f50-4707-b722-27175545df56",
        "type": "message",
        "text": "ads-usermodeling has airflow instances up in devel, prod, and staging",
        "user": "W82UCH2EB",
        "ts": "1535651812.000100",
        "team": "T86S8GHEG",
        "user_team": "T86S8GHEG",
        "source_team": "T86S8GHEG",
        "user_profile": {
            "avatar_hash": "91f21c110d85",
            "image_72": "https:\/\/avatars.slack-edge.com\/2018-05-25\/371711110887_91f21c110d858e612f45_72.jpg",
            "first_name": "Newton",
            "real_name": "Newton Le",
            "display_name": "nle",
            "team": "T86S8GHEG",
            "name": "nle",
            "is_restricted": false,
            "is_ultra_restricted": false
        },
        "thread_ts": "1535574000.000100",
        "parent_user_id": "WABQN1VJ9"
    },
    {
        "client_msg_id": "8e70e2ab-cba3-47f4-adca-b70c44ddeac8",
        "type": "message",
        "text": "“executor”: {\n    “executor”: “CeleryExecutor”,\n    “worker_concurrency”: “16”\n  },",
        "user": "WABQN1VJ9",
        "ts": "1535651825.000100",
        "team": "T86S8GHEG",
        "user_team": "T86S8GHEG",
        "source_team": "T86S8GHEG",
        "user_profile": {
            "avatar_hash": "gb35f89f65b7",
            "image_72": "https:\/\/secure.gravatar.com\/avatar\/0b35f89f65b72b596044778e2425a84a.jpg?s=72&d=https%3A%2F%2Fa.slack-edge.com%2F5818c%2Fimg%2Favatars%2Fava_0020-72.png",
            "first_name": "Mu",
            "real_name": "Mu Li",
            "display_name": "mul",
            "team": "T86S8GHEG",
            "name": "mul",
            "is_restricted": false,
            "is_ultra_restricted": false
        },
        "thread_ts": "1535574000.000100",
        "parent_user_id": "WABQN1VJ9"
    },
    {
        "client_msg_id": "9cd3bdc8-b3db-4bf9-8164-f3b291a7b62a",
        "type": "message",
        "text": "if they somehow share a db",
        "user": "W82UCH2EB",
        "ts": "1535651825.000300",
        "team": "T86S8GHEG",
        "user_team": "T86S8GHEG",
        "source_team": "T86S8GHEG",
        "user_profile": {
            "avatar_hash": "91f21c110d85",
            "image_72": "https:\/\/avatars.slack-edge.com\/2018-05-25\/371711110887_91f21c110d858e612f45_72.jpg",
            "first_name": "Newton",
            "real_name": "Newton Le",
            "display_name": "nle",
            "team": "T86S8GHEG",
            "name": "nle",
            "is_restricted": false,
            "is_ultra_restricted": false
        },
        "thread_ts": "1535574000.000100",
        "parent_user_id": "WABQN1VJ9"
    },
    {
        "client_msg_id": "87368ee6-02ba-46d5-bc8b-1860260a3ed6",
        "type": "message",
        "text": "ah the devel instance uses celery",
        "user": "W82UCH2EB",
        "ts": "1535651855.000100",
        "team": "T86S8GHEG",
        "user_team": "T86S8GHEG",
        "source_team": "T86S8GHEG",
        "user_profile": {
            "avatar_hash": "91f21c110d85",
            "image_72": "https:\/\/avatars.slack-edge.com\/2018-05-25\/371711110887_91f21c110d858e612f45_72.jpg",
            "first_name": "Newton",
            "real_name": "Newton Le",
            "display_name": "nle",
            "team": "T86S8GHEG",
            "name": "nle",
            "is_restricted": false,
            "is_ultra_restricted": false
        },
        "thread_ts": "1535574000.000100",
        "parent_user_id": "WABQN1VJ9"
    },
    {
        "client_msg_id": "41b929f9-673d-4bb3-8060-7c37e9ddf920",
        "type": "message",
        "text": "<@WABQN1VJ9> if you take down the cluster and restart it, it should fix your problem I’m guessing",
        "user": "WB8SBCKK6",
        "ts": "1535651887.000100",
        "team": "T86S8GHEG",
        "user_team": "T86S8GHEG",
        "source_team": "T86S8GHEG",
        "user_profile": {
            "avatar_hash": "587934c01ef2",
            "image_72": "https:\/\/avatars.slack-edge.com\/2018-07-10\/397596768390_587934c01ef2d7cf137b_72.jpg",
            "first_name": "Dan",
            "real_name": "Dan Davydov",
            "display_name": "ddavydov",
            "team": "T86S8GHEG",
            "name": "ddavydov",
            "is_restricted": false,
            "is_ultra_restricted": false
        },
        "thread_ts": "1535574000.000100",
        "parent_user_id": "WABQN1VJ9"
    },
    {
        "client_msg_id": "9b878cad-5802-4e8c-9132-337f97ed7a20",
        "type": "message",
        "text": "so i should run mlwf run server aurora --role ads-usermodeling_devel -y?",
        "user": "WABQN1VJ9",
        "ts": "1535651927.000100",
        "team": "T86S8GHEG",
        "user_team": "T86S8GHEG",
        "source_team": "T86S8GHEG",
        "user_profile": {
            "avatar_hash": "gb35f89f65b7",
            "image_72": "https:\/\/secure.gravatar.com\/avatar\/0b35f89f65b72b596044778e2425a84a.jpg?s=72&d=https%3A%2F%2Fa.slack-edge.com%2F5818c%2Fimg%2Favatars%2Fava_0020-72.png",
            "first_name": "Mu",
            "real_name": "Mu Li",
            "display_name": "mul",
            "team": "T86S8GHEG",
            "name": "mul",
            "is_restricted": false,
            "is_ultra_restricted": false
        },
        "thread_ts": "1535574000.000100",
        "parent_user_id": "WABQN1VJ9"
    },
    {
        "client_msg_id": "eea7303e-3071-418e-853c-d9d47fe68620",
        "type": "message",
        "text": "dan, why will that work?",
        "user": "W82UCH2EB",
        "ts": "1535651938.000100",
        "team": "T86S8GHEG",
        "user_team": "T86S8GHEG",
        "source_team": "T86S8GHEG",
        "user_profile": {
            "avatar_hash": "91f21c110d85",
            "image_72": "https:\/\/avatars.slack-edge.com\/2018-05-25\/371711110887_91f21c110d858e612f45_72.jpg",
            "first_name": "Newton",
            "real_name": "Newton Le",
            "display_name": "nle",
            "team": "T86S8GHEG",
            "name": "nle",
            "is_restricted": false,
            "is_ultra_restricted": false
        },
        "thread_ts": "1535574000.000100",
        "parent_user_id": "WABQN1VJ9"
    },
    {
        "client_msg_id": "56674d41-ae8e-4d37-a723-8d9cfcd7862c",
        "type": "message",
        "text": "looks like dag constructor dags aren’t reconstructed on the workers",
        "user": "W82UCH2EB",
        "ts": "1535651956.000100",
        "team": "T86S8GHEG",
        "user_team": "T86S8GHEG",
        "source_team": "T86S8GHEG",
        "user_profile": {
            "avatar_hash": "91f21c110d85",
            "image_72": "https:\/\/avatars.slack-edge.com\/2018-05-25\/371711110887_91f21c110d858e612f45_72.jpg",
            "first_name": "Newton",
            "real_name": "Newton Le",
            "display_name": "nle",
            "team": "T86S8GHEG",
            "name": "nle",
            "is_restricted": false,
            "is_ultra_restricted": false
        },
        "thread_ts": "1535574000.000100",
        "parent_user_id": "WABQN1VJ9"
    },
    {
        "client_msg_id": "ffee2126-5588-46eb-b12e-c90c74d53312",
        "type": "message",
        "text": "I think it’s a bug on our end",
        "user": "W82UCH2EB",
        "ts": "1535651970.000100",
        "team": "T86S8GHEG",
        "user_team": "T86S8GHEG",
        "source_team": "T86S8GHEG",
        "user_profile": {
            "avatar_hash": "91f21c110d85",
            "image_72": "https:\/\/avatars.slack-edge.com\/2018-05-25\/371711110887_91f21c110d858e612f45_72.jpg",
            "first_name": "Newton",
            "real_name": "Newton Le",
            "display_name": "nle",
            "team": "T86S8GHEG",
            "name": "nle",
            "is_restricted": false,
            "is_ultra_restricted": false
        },
        "thread_ts": "1535574000.000100",
        "parent_user_id": "WABQN1VJ9"
    },
    {
        "client_msg_id": "298190fb-7d93-4662-9c31-cf971f7a3797",
        "type": "message",
        "text": "ah ok sorry",
        "user": "WB8SBCKK6",
        "ts": "1535651977.000100",
        "team": "T86S8GHEG",
        "user_team": "T86S8GHEG",
        "source_team": "T86S8GHEG",
        "user_profile": {
            "avatar_hash": "587934c01ef2",
            "image_72": "https:\/\/avatars.slack-edge.com\/2018-07-10\/397596768390_587934c01ef2d7cf137b_72.jpg",
            "first_name": "Dan",
            "real_name": "Dan Davydov",
            "display_name": "ddavydov",
            "team": "T86S8GHEG",
            "name": "ddavydov",
            "is_restricted": false,
            "is_ultra_restricted": false
        },
        "thread_ts": "1535574000.000100",
        "parent_user_id": "WABQN1VJ9"
    },
    {
        "client_msg_id": "36962dd1-d287-4b91-bc24-32a837342b60",
        "type": "message",
        "text": "```\nif (args.subcommand == 'scheduler'):\n    # do not detect running scheduler for ephemeral instance (which has dag_id set)\n    if args.dag_id is None:\n      detect_running_scheduler()\n    DagConstructorUtils.reconstruct_recorded_dag_instances()\n  elif (args.subcommand == 'worker'):\n    DagConstructorUtils.start_polling_dag_instances()\n```",
        "user": "W82UCH2EB",
        "ts": "1535651995.000100",
        "team": "T86S8GHEG",
        "user_team": "T86S8GHEG",
        "source_team": "T86S8GHEG",
        "user_profile": {
            "avatar_hash": "91f21c110d85",
            "image_72": "https:\/\/avatars.slack-edge.com\/2018-05-25\/371711110887_91f21c110d858e612f45_72.jpg",
            "first_name": "Newton",
            "real_name": "Newton Le",
            "display_name": "nle",
            "team": "T86S8GHEG",
            "name": "nle",
            "is_restricted": false,
            "is_ultra_restricted": false
        },
        "thread_ts": "1535574000.000100",
        "parent_user_id": "WABQN1VJ9"
    },
    {
        "client_msg_id": "b59d012c-a576-4681-82e4-027c8422bea5",
        "type": "message",
        "text": "I thought that the scheduler config was changed from celery to local (since scheduler seems to be running celery)",
        "user": "WB8SBCKK6",
        "ts": "1535651996.000100",
        "team": "T86S8GHEG",
        "user_team": "T86S8GHEG",
        "source_team": "T86S8GHEG",
        "user_profile": {
            "avatar_hash": "587934c01ef2",
            "image_72": "https:\/\/avatars.slack-edge.com\/2018-07-10\/397596768390_587934c01ef2d7cf137b_72.jpg",
            "first_name": "Dan",
            "real_name": "Dan Davydov",
            "display_name": "ddavydov",
            "team": "T86S8GHEG",
            "name": "ddavydov",
            "is_restricted": false,
            "is_ultra_restricted": false
        },
        "thread_ts": "1535574000.000100",
        "parent_user_id": "WABQN1VJ9"
    },
    {
        "client_msg_id": "9b997f54-86ee-477f-9fca-dce2c3ef030c",
        "type": "message",
        "text": "but it looks like there haven’t been any changes recently",
        "user": "WB8SBCKK6",
        "ts": "1535652014.000100",
        "team": "T86S8GHEG",
        "user_team": "T86S8GHEG",
        "source_team": "T86S8GHEG",
        "user_profile": {
            "avatar_hash": "587934c01ef2",
            "image_72": "https:\/\/avatars.slack-edge.com\/2018-07-10\/397596768390_587934c01ef2d7cf137b_72.jpg",
            "first_name": "Dan",
            "real_name": "Dan Davydov",
            "display_name": "ddavydov",
            "team": "T86S8GHEG",
            "name": "ddavydov",
            "is_restricted": false,
            "is_ultra_restricted": false
        },
        "thread_ts": "1535574000.000100",
        "parent_user_id": "WABQN1VJ9"
    },
    {
        "client_msg_id": "aeed617a-ebe4-4d93-893b-6452b978f791",
        "type": "message",
        "text": "yes, if Mu switches back to localexecutor",
        "user": "W82UCH2EB",
        "ts": "1535652020.000100",
        "team": "T86S8GHEG",
        "user_team": "T86S8GHEG",
        "source_team": "T86S8GHEG",
        "user_profile": {
            "avatar_hash": "91f21c110d85",
            "image_72": "https:\/\/avatars.slack-edge.com\/2018-05-25\/371711110887_91f21c110d858e612f45_72.jpg",
            "first_name": "Newton",
            "real_name": "Newton Le",
            "display_name": "nle",
            "team": "T86S8GHEG",
            "name": "nle",
            "is_restricted": false,
            "is_ultra_restricted": false
        },
        "thread_ts": "1535574000.000100",
        "parent_user_id": "WABQN1VJ9"
    },
    {
        "client_msg_id": "0310390e-3ea4-431f-83f2-f19bec2ec638",
        "type": "message",
        "text": "it’ll probably work for now",
        "user": "W82UCH2EB",
        "ts": "1535652023.000100",
        "team": "T86S8GHEG",
        "user_team": "T86S8GHEG",
        "source_team": "T86S8GHEG",
        "user_profile": {
            "avatar_hash": "91f21c110d85",
            "image_72": "https:\/\/avatars.slack-edge.com\/2018-05-25\/371711110887_91f21c110d858e612f45_72.jpg",
            "first_name": "Newton",
            "real_name": "Newton Le",
            "display_name": "nle",
            "team": "T86S8GHEG",
            "name": "nle",
            "is_restricted": false,
            "is_ultra_restricted": false
        },
        "thread_ts": "1535574000.000100",
        "parent_user_id": "WABQN1VJ9"
    },
    {
        "client_msg_id": "6130a694-8c84-4dcb-b8aa-23066e7d03d0",
        "type": "message",
        "text": "while we fix the bug",
        "user": "W82UCH2EB",
        "ts": "1535652026.000100",
        "team": "T86S8GHEG",
        "user_team": "T86S8GHEG",
        "source_team": "T86S8GHEG",
        "user_profile": {
            "avatar_hash": "91f21c110d85",
            "image_72": "https:\/\/avatars.slack-edge.com\/2018-05-25\/371711110887_91f21c110d858e612f45_72.jpg",
            "first_name": "Newton",
            "real_name": "Newton Le",
            "display_name": "nle",
            "team": "T86S8GHEG",
            "name": "nle",
            "is_restricted": false,
            "is_ultra_restricted": false
        },
        "thread_ts": "1535574000.000100",
        "parent_user_id": "WABQN1VJ9"
    },
    {
        "client_msg_id": "8b979bff-d94c-4cac-8aae-a6020667cd86",
        "type": "message",
        "text": "<@WB8SBCKK6> I’ll just make a quick bugfix for this",
        "user": "W82UCH2EB",
        "ts": "1535652797.000100",
        "team": "T86S8GHEG",
        "user_team": "T86S8GHEG",
        "source_team": "T86S8GHEG",
        "user_profile": {
            "avatar_hash": "91f21c110d85",
            "image_72": "https:\/\/avatars.slack-edge.com\/2018-05-25\/371711110887_91f21c110d858e612f45_72.jpg",
            "first_name": "Newton",
            "real_name": "Newton Le",
            "display_name": "nle",
            "team": "T86S8GHEG",
            "name": "nle",
            "is_restricted": false,
            "is_ultra_restricted": false
        },
        "thread_ts": "1535574000.000100",
        "parent_user_id": "WABQN1VJ9"
    },
    {
        "client_msg_id": "58283b81-4e3a-4667-a8ee-2e0b33115b90",
        "type": "message",
        "text": "actually now I don’t know if we can",
        "user": "W82UCH2EB",
        "ts": "1535652858.000100",
        "team": "T86S8GHEG",
        "user_team": "T86S8GHEG",
        "source_team": "T86S8GHEG",
        "user_profile": {
            "avatar_hash": "91f21c110d85",
            "image_72": "https:\/\/avatars.slack-edge.com\/2018-05-25\/371711110887_91f21c110d858e612f45_72.jpg",
            "first_name": "Newton",
            "real_name": "Newton Le",
            "display_name": "nle",
            "team": "T86S8GHEG",
            "name": "nle",
            "is_restricted": false,
            "is_ultra_restricted": false
        },
        "thread_ts": "1535574000.000100",
        "parent_user_id": "WABQN1VJ9"
    },
    {
        "client_msg_id": "0d0204a2-abcf-428a-ab0d-f0d9d79c622b",
        "type": "message",
        "text": "it can handle the reconstruction",
        "user": "W82UCH2EB",
        "ts": "1535652867.000100",
        "team": "T86S8GHEG",
        "user_team": "T86S8GHEG",
        "source_team": "T86S8GHEG",
        "user_profile": {
            "avatar_hash": "91f21c110d85",
            "image_72": "https:\/\/avatars.slack-edge.com\/2018-05-25\/371711110887_91f21c110d858e612f45_72.jpg",
            "first_name": "Newton",
            "real_name": "Newton Le",
            "display_name": "nle",
            "team": "T86S8GHEG",
            "name": "nle",
            "is_restricted": false,
            "is_ultra_restricted": false
        },
        "thread_ts": "1535574000.000100",
        "parent_user_id": "WABQN1VJ9"
    },
    {
        "client_msg_id": "c59b4ab2-e1cd-427f-8493-43bebc9708c2",
        "type": "message",
        "text": "but not a newly constructed one",
        "user": "W82UCH2EB",
        "ts": "1535652875.000100",
        "team": "T86S8GHEG",
        "user_team": "T86S8GHEG",
        "source_team": "T86S8GHEG",
        "user_profile": {
            "avatar_hash": "91f21c110d85",
            "image_72": "https:\/\/avatars.slack-edge.com\/2018-05-25\/371711110887_91f21c110d858e612f45_72.jpg",
            "first_name": "Newton",
            "real_name": "Newton Le",
            "display_name": "nle",
            "team": "T86S8GHEG",
            "name": "nle",
            "is_restricted": false,
            "is_ultra_restricted": false
        },
        "thread_ts": "1535574000.000100",
        "parent_user_id": "WABQN1VJ9"
    },
    {
        "client_msg_id": "98c045ed-4574-4b74-9ee9-25d0e6132aa4",
        "type": "message",
        "text": "talking to xiao now",
        "user": "W82UCH2EB",
        "ts": "1535652944.000100",
        "team": "T86S8GHEG",
        "user_team": "T86S8GHEG",
        "source_team": "T86S8GHEG",
        "user_profile": {
            "avatar_hash": "91f21c110d85",
            "image_72": "https:\/\/avatars.slack-edge.com\/2018-05-25\/371711110887_91f21c110d858e612f45_72.jpg",
            "first_name": "Newton",
            "real_name": "Newton Le",
            "display_name": "nle",
            "team": "T86S8GHEG",
            "name": "nle",
            "is_restricted": false,
            "is_ultra_restricted": false
        },
        "thread_ts": "1535574000.000100",
        "parent_user_id": "WABQN1VJ9"
    },
    {
        "client_msg_id": "4fbc0d4e-d917-453c-9206-21a6284e7b5c",
        "type": "message",
        "text": "actually there’s a mechanism where this could work",
        "user": "W82UCH2EB",
        "ts": "1535653041.000100",
        "team": "T86S8GHEG",
        "user_team": "T86S8GHEG",
        "source_team": "T86S8GHEG",
        "user_profile": {
            "avatar_hash": "91f21c110d85",
            "image_72": "https:\/\/avatars.slack-edge.com\/2018-05-25\/371711110887_91f21c110d858e612f45_72.jpg",
            "first_name": "Newton",
            "real_name": "Newton Le",
            "display_name": "nle",
            "team": "T86S8GHEG",
            "name": "nle",
            "is_restricted": false,
            "is_ultra_restricted": false
        },
        "thread_ts": "1535574000.000100",
        "parent_user_id": "WABQN1VJ9"
    },
    {
        "client_msg_id": "1314d078-a5f0-47e3-95f0-097d92d60b3a",
        "type": "message",
        "text": "the only issue might be if somehow the dag was constructed from the UI",
        "user": "W82UCH2EB",
        "ts": "1535653060.000100",
        "team": "T86S8GHEG",
        "user_team": "T86S8GHEG",
        "source_team": "T86S8GHEG",
        "user_profile": {
            "avatar_hash": "91f21c110d85",
            "image_72": "https:\/\/avatars.slack-edge.com\/2018-05-25\/371711110887_91f21c110d858e612f45_72.jpg",
            "first_name": "Newton",
            "real_name": "Newton Le",
            "display_name": "nle",
            "team": "T86S8GHEG",
            "name": "nle",
            "is_restricted": false,
            "is_ultra_restricted": false
        },
        "thread_ts": "1535574000.000100",
        "parent_user_id": "WABQN1VJ9"
    },
    {
        "client_msg_id": "738b6244-4d67-4efa-9577-c8752bfe8434",
        "type": "message",
        "text": "and then started within seconds",
        "user": "W82UCH2EB",
        "ts": "1535653070.000100",
        "team": "T86S8GHEG",
        "user_team": "T86S8GHEG",
        "source_team": "T86S8GHEG",
        "user_profile": {
            "avatar_hash": "91f21c110d85",
            "image_72": "https:\/\/avatars.slack-edge.com\/2018-05-25\/371711110887_91f21c110d858e612f45_72.jpg",
            "first_name": "Newton",
            "real_name": "Newton Le",
            "display_name": "nle",
            "team": "T86S8GHEG",
            "name": "nle",
            "is_restricted": false,
            "is_ultra_restricted": false
        },
        "thread_ts": "1535574000.000100",
        "parent_user_id": "WABQN1VJ9"
    },
    {
        "client_msg_id": "0bc9ac9c-030b-4764-bb39-b20d321a71de",
        "type": "message",
        "text": "I’m kind of curious about this design vs just having one DAG file that reads all dagconstructors in the DB and generates them. You could use some kind of cachefile to mimic the “last_id” piece although this stateful DAG generation makes me a bit nervous (inconsistent DAG environments could be a pain to debug). Is the issue mainly scale\/load on the DB?",
        "user": "WB8SBCKK6",
        "ts": "1535654864.000100",
        "team": "T86S8GHEG",
        "user_team": "T86S8GHEG",
        "source_team": "T86S8GHEG",
        "user_profile": {
            "avatar_hash": "587934c01ef2",
            "image_72": "https:\/\/avatars.slack-edge.com\/2018-07-10\/397596768390_587934c01ef2d7cf137b_72.jpg",
            "first_name": "Dan",
            "real_name": "Dan Davydov",
            "display_name": "ddavydov",
            "team": "T86S8GHEG",
            "name": "ddavydov",
            "is_restricted": false,
            "is_ultra_restricted": false
        },
        "thread_ts": "1535574000.000100",
        "parent_user_id": "WABQN1VJ9"
    },
    {
        "client_msg_id": "e2f08316-88db-4344-bec4-d8033076a34d",
        "type": "message",
        "text": "does that make sense?",
        "user": "WB8SBCKK6",
        "ts": "1535654919.000100",
        "team": "T86S8GHEG",
        "user_team": "T86S8GHEG",
        "source_team": "T86S8GHEG",
        "user_profile": {
            "avatar_hash": "587934c01ef2",
            "image_72": "https:\/\/avatars.slack-edge.com\/2018-07-10\/397596768390_587934c01ef2d7cf137b_72.jpg",
            "first_name": "Dan",
            "real_name": "Dan Davydov",
            "display_name": "ddavydov",
            "team": "T86S8GHEG",
            "name": "ddavydov",
            "is_restricted": false,
            "is_ultra_restricted": false
        },
        "thread_ts": "1535574000.000100",
        "parent_user_id": "WABQN1VJ9"
    },
    {
        "client_msg_id": "d0cc3cd9-2468-4d63-82dd-ba24ef7f5b51",
        "type": "message",
        "text": "it also keeps dag “deployment” simpler (no additional dagconstructor layer over airflow commands, all dags are deployed only via packer)",
        "user": "WB8SBCKK6",
        "ts": "1535654944.000100",
        "team": "T86S8GHEG",
        "user_team": "T86S8GHEG",
        "source_team": "T86S8GHEG",
        "user_profile": {
            "avatar_hash": "587934c01ef2",
            "image_72": "https:\/\/avatars.slack-edge.com\/2018-07-10\/397596768390_587934c01ef2d7cf137b_72.jpg",
            "first_name": "Dan",
            "real_name": "Dan Davydov",
            "display_name": "ddavydov",
            "team": "T86S8GHEG",
            "name": "ddavydov",
            "is_restricted": false,
            "is_ultra_restricted": false
        },
        "thread_ts": "1535574000.000100",
        "parent_user_id": "WABQN1VJ9"
    },
    {
        "client_msg_id": "4b6eca9b-757f-44bf-8906-d4aea936c1b3",
        "type": "message",
        "text": "Yes it does",
        "user": "W82UCH2EB",
        "ts": "1535655108.000100",
        "team": "T86S8GHEG",
        "user_team": "T86S8GHEG",
        "source_team": "T86S8GHEG",
        "user_profile": {
            "avatar_hash": "91f21c110d85",
            "image_72": "https:\/\/avatars.slack-edge.com\/2018-05-25\/371711110887_91f21c110d858e612f45_72.jpg",
            "first_name": "Newton",
            "real_name": "Newton Le",
            "display_name": "nle",
            "team": "T86S8GHEG",
            "name": "nle",
            "is_restricted": false,
            "is_ultra_restricted": false
        },
        "thread_ts": "1535574000.000100",
        "parent_user_id": "WABQN1VJ9"
    },
    {
        "client_msg_id": "d93c1817-2407-4d3c-8f5c-69f3961a7daa",
        "type": "message",
        "text": "I think you propose a good idea",
        "user": "W82UCH2EB",
        "ts": "1535655112.000100",
        "team": "T86S8GHEG",
        "user_team": "T86S8GHEG",
        "source_team": "T86S8GHEG",
        "user_profile": {
            "avatar_hash": "91f21c110d85",
            "image_72": "https:\/\/avatars.slack-edge.com\/2018-05-25\/371711110887_91f21c110d858e612f45_72.jpg",
            "first_name": "Newton",
            "real_name": "Newton Le",
            "display_name": "nle",
            "team": "T86S8GHEG",
            "name": "nle",
            "is_restricted": false,
            "is_ultra_restricted": false
        },
        "thread_ts": "1535574000.000100",
        "parent_user_id": "WABQN1VJ9"
    },
    {
        "client_msg_id": "14a85caf-888f-4149-bf9f-ec4b5b7aa14b",
        "type": "message",
        "text": "but will airflow automatically refresh this DAG file",
        "user": "W82UCH2EB",
        "ts": "1535655141.000100",
        "team": "T86S8GHEG",
        "user_team": "T86S8GHEG",
        "source_team": "T86S8GHEG",
        "user_profile": {
            "avatar_hash": "91f21c110d85",
            "image_72": "https:\/\/avatars.slack-edge.com\/2018-05-25\/371711110887_91f21c110d858e612f45_72.jpg",
            "first_name": "Newton",
            "real_name": "Newton Le",
            "display_name": "nle",
            "team": "T86S8GHEG",
            "name": "nle",
            "is_restricted": false,
            "is_ultra_restricted": false
        },
        "thread_ts": "1535574000.000100",
        "parent_user_id": "WABQN1VJ9"
    },
    {
        "client_msg_id": "0675ef17-e5c2-42b1-96d8-9f5598d5bb05",
        "type": "message",
        "text": "when it’s not changed?",
        "user": "W82UCH2EB",
        "ts": "1535655147.000100",
        "team": "T86S8GHEG",
        "user_team": "T86S8GHEG",
        "source_team": "T86S8GHEG",
        "user_profile": {
            "avatar_hash": "91f21c110d85",
            "image_72": "https:\/\/avatars.slack-edge.com\/2018-05-25\/371711110887_91f21c110d858e612f45_72.jpg",
            "first_name": "Newton",
            "real_name": "Newton Le",
            "display_name": "nle",
            "team": "T86S8GHEG",
            "name": "nle",
            "is_restricted": false,
            "is_ultra_restricted": false
        },
        "thread_ts": "1535574000.000100",
        "parent_user_id": "WABQN1VJ9"
    },
    {
        "client_msg_id": "e0a46377-6dac-493c-9421-27dd31383064",
        "type": "message",
        "text": "airflow parses all dag files each scheduler loop even if there are no changes",
        "user": "WB8SBCKK6",
        "ts": "1535655157.000100",
        "team": "T86S8GHEG",
        "user_team": "T86S8GHEG",
        "source_team": "T86S8GHEG",
        "user_profile": {
            "avatar_hash": "587934c01ef2",
            "image_72": "https:\/\/avatars.slack-edge.com\/2018-07-10\/397596768390_587934c01ef2d7cf137b_72.jpg",
            "first_name": "Dan",
            "real_name": "Dan Davydov",
            "display_name": "ddavydov",
            "team": "T86S8GHEG",
            "name": "ddavydov",
            "is_restricted": false,
            "is_ultra_restricted": false
        },
        "thread_ts": "1535574000.000100",
        "parent_user_id": "WABQN1VJ9"
    },
    {
        "client_msg_id": "cf0b4f95-b3e4-43a9-b339-053fd990b406",
        "type": "message",
        "text": "(primarily for this specific reason - dynamic dags generated from external sources)",
        "user": "WB8SBCKK6",
        "ts": "1535655168.000100",
        "team": "T86S8GHEG",
        "user_team": "T86S8GHEG",
        "source_team": "T86S8GHEG",
        "user_profile": {
            "avatar_hash": "587934c01ef2",
            "image_72": "https:\/\/avatars.slack-edge.com\/2018-07-10\/397596768390_587934c01ef2d7cf137b_72.jpg",
            "first_name": "Dan",
            "real_name": "Dan Davydov",
            "display_name": "ddavydov",
            "team": "T86S8GHEG",
            "name": "ddavydov",
            "is_restricted": false,
            "is_ultra_restricted": false
        },
        "thread_ts": "1535574000.000100",
        "parent_user_id": "WABQN1VJ9"
    },
    {
        "client_msg_id": "5bc1f638-ca96-4d29-ab8e-9b3e9007aa16",
        "type": "message",
        "text": "strange, I could’ve sworn xiao ran into some code that indicated otherwise",
        "user": "W82UCH2EB",
        "ts": "1535655193.000100",
        "team": "T86S8GHEG",
        "user_team": "T86S8GHEG",
        "source_team": "T86S8GHEG",
        "user_profile": {
            "avatar_hash": "91f21c110d85",
            "image_72": "https:\/\/avatars.slack-edge.com\/2018-05-25\/371711110887_91f21c110d858e612f45_72.jpg",
            "first_name": "Newton",
            "real_name": "Newton Le",
            "display_name": "nle",
            "team": "T86S8GHEG",
            "name": "nle",
            "is_restricted": false,
            "is_ultra_restricted": false
        },
        "thread_ts": "1535574000.000100",
        "parent_user_id": "WABQN1VJ9"
    },
    {
        "client_msg_id": "cd0f3dae-498f-4a52-84a3-36b67896871f",
        "type": "message",
        "text": "let me ask him",
        "user": "W82UCH2EB",
        "ts": "1535655206.000100",
        "team": "T86S8GHEG",
        "user_team": "T86S8GHEG",
        "source_team": "T86S8GHEG",
        "user_profile": {
            "avatar_hash": "91f21c110d85",
            "image_72": "https:\/\/avatars.slack-edge.com\/2018-05-25\/371711110887_91f21c110d858e612f45_72.jpg",
            "first_name": "Newton",
            "real_name": "Newton Le",
            "display_name": "nle",
            "team": "T86S8GHEG",
            "name": "nle",
            "is_restricted": false,
            "is_ultra_restricted": false
        },
        "thread_ts": "1535574000.000100",
        "parent_user_id": "WABQN1VJ9"
    },
    {
        "client_msg_id": "0b16de8a-205f-4feb-9010-57123fb04af9",
        "type": "message",
        "text": "it’s possible it was in the UI",
        "user": "WB8SBCKK6",
        "ts": "1535655218.000100",
        "team": "T86S8GHEG",
        "user_team": "T86S8GHEG",
        "source_team": "T86S8GHEG",
        "user_profile": {
            "avatar_hash": "587934c01ef2",
            "image_72": "https:\/\/avatars.slack-edge.com\/2018-07-10\/397596768390_587934c01ef2d7cf137b_72.jpg",
            "first_name": "Dan",
            "real_name": "Dan Davydov",
            "display_name": "ddavydov",
            "team": "T86S8GHEG",
            "name": "ddavydov",
            "is_restricted": false,
            "is_ultra_restricted": false
        },
        "thread_ts": "1535574000.000100",
        "parent_user_id": "WABQN1VJ9"
    },
    {
        "client_msg_id": "334e8c3c-4b6f-4344-b1cd-811135a63fd6",
        "type": "message",
        "text": "there was a bug with twitter’s setup of airflow that stopped webservers from refreshing",
        "user": "WB8SBCKK6",
        "ts": "1535655228.000100",
        "team": "T86S8GHEG",
        "user_team": "T86S8GHEG",
        "source_team": "T86S8GHEG",
        "user_profile": {
            "avatar_hash": "587934c01ef2",
            "image_72": "https:\/\/avatars.slack-edge.com\/2018-07-10\/397596768390_587934c01ef2d7cf137b_72.jpg",
            "first_name": "Dan",
            "real_name": "Dan Davydov",
            "display_name": "ddavydov",
            "team": "T86S8GHEG",
            "name": "ddavydov",
            "is_restricted": false,
            "is_ultra_restricted": false
        },
        "thread_ts": "1535574000.000100",
        "parent_user_id": "WABQN1VJ9"
    },
    {
        "client_msg_id": "385f62b4-29e7-4321-afbb-68f67700bce1",
        "type": "message",
        "text": "so new dagconstructors wouldn’t have appeared in the UI",
        "user": "WB8SBCKK6",
        "ts": "1535655241.000100",
        "team": "T86S8GHEG",
        "user_team": "T86S8GHEG",
        "source_team": "T86S8GHEG",
        "user_profile": {
            "avatar_hash": "587934c01ef2",
            "image_72": "https:\/\/avatars.slack-edge.com\/2018-07-10\/397596768390_587934c01ef2d7cf137b_72.jpg",
            "first_name": "Dan",
            "real_name": "Dan Davydov",
            "display_name": "ddavydov",
            "team": "T86S8GHEG",
            "name": "ddavydov",
            "is_restricted": false,
            "is_ultra_restricted": false
        },
        "thread_ts": "1535574000.000100",
        "parent_user_id": "WABQN1VJ9"
    },
    {
        "client_msg_id": "144a7965-5f0b-4ef1-a143-396de37be8ff",
        "type": "message",
        "text": "actually maybe nvm I remember the dagconstructor code restarts the webservers",
        "user": "WB8SBCKK6",
        "ts": "1535655259.000100",
        "team": "T86S8GHEG",
        "user_team": "T86S8GHEG",
        "source_team": "T86S8GHEG",
        "user_profile": {
            "avatar_hash": "587934c01ef2",
            "image_72": "https:\/\/avatars.slack-edge.com\/2018-07-10\/397596768390_587934c01ef2d7cf137b_72.jpg",
            "first_name": "Dan",
            "real_name": "Dan Davydov",
            "display_name": "ddavydov",
            "team": "T86S8GHEG",
            "name": "ddavydov",
            "is_restricted": false,
            "is_ultra_restricted": false
        },
        "thread_ts": "1535574000.000100",
        "parent_user_id": "WABQN1VJ9"
    },
    {
        "client_msg_id": "ecbd2f23-f590-4610-bc0f-c26172c65dc9",
        "type": "message",
        "text": "let me know what Xiao says",
        "user": "WB8SBCKK6",
        "ts": "1535655265.000100",
        "team": "T86S8GHEG",
        "user_team": "T86S8GHEG",
        "source_team": "T86S8GHEG",
        "user_profile": {
            "avatar_hash": "587934c01ef2",
            "image_72": "https:\/\/avatars.slack-edge.com\/2018-07-10\/397596768390_587934c01ef2d7cf137b_72.jpg",
            "first_name": "Dan",
            "real_name": "Dan Davydov",
            "display_name": "ddavydov",
            "team": "T86S8GHEG",
            "name": "ddavydov",
            "is_restricted": false,
            "is_ultra_restricted": false
        },
        "thread_ts": "1535574000.000100",
        "parent_user_id": "WABQN1VJ9"
    },
    {
        "client_msg_id": "6241414f-cac2-4500-a6e8-91094e08aeef",
        "type": "message",
        "text": "but if it was only in the UI that would be my guess",
        "user": "WB8SBCKK6",
        "ts": "1535655285.000100",
        "team": "T86S8GHEG",
        "user_team": "T86S8GHEG",
        "source_team": "T86S8GHEG",
        "user_profile": {
            "avatar_hash": "587934c01ef2",
            "image_72": "https:\/\/avatars.slack-edge.com\/2018-07-10\/397596768390_587934c01ef2d7cf137b_72.jpg",
            "first_name": "Dan",
            "real_name": "Dan Davydov",
            "display_name": "ddavydov",
            "team": "T86S8GHEG",
            "name": "ddavydov",
            "is_restricted": false,
            "is_ultra_restricted": false
        },
        "thread_ts": "1535574000.000100",
        "parent_user_id": "WABQN1VJ9"
    },
    {
        "client_msg_id": "20d0153a-61a4-49c1-94d0-b9d2150290bb",
        "type": "message",
        "text": "“I think I’ve seen some related logic. However I’ve never seen the behavior (i.e. it always reloads my dags)”",
        "user": "W82UCH2EB",
        "ts": "1535655311.000100",
        "team": "T86S8GHEG",
        "user_team": "T86S8GHEG",
        "source_team": "T86S8GHEG",
        "user_profile": {
            "avatar_hash": "91f21c110d85",
            "image_72": "https:\/\/avatars.slack-edge.com\/2018-05-25\/371711110887_91f21c110d858e612f45_72.jpg",
            "first_name": "Newton",
            "real_name": "Newton Le",
            "display_name": "nle",
            "team": "T86S8GHEG",
            "name": "nle",
            "is_restricted": false,
            "is_ultra_restricted": false
        },
        "thread_ts": "1535574000.000100",
        "parent_user_id": "WABQN1VJ9"
    },
    {
        "client_msg_id": "0094a542-3c5a-4f6f-a7a8-71538a3223f6",
        "type": "message",
        "text": "so I’m leaning toward you being right Dan",
        "user": "W82UCH2EB",
        "ts": "1535655320.000100",
        "team": "T86S8GHEG",
        "user_team": "T86S8GHEG",
        "source_team": "T86S8GHEG",
        "user_profile": {
            "avatar_hash": "91f21c110d85",
            "image_72": "https:\/\/avatars.slack-edge.com\/2018-05-25\/371711110887_91f21c110d858e612f45_72.jpg",
            "first_name": "Newton",
            "real_name": "Newton Le",
            "display_name": "nle",
            "team": "T86S8GHEG",
            "name": "nle",
            "is_restricted": false,
            "is_ultra_restricted": false
        },
        "thread_ts": "1535574000.000100",
        "parent_user_id": "WABQN1VJ9"
    },
    {
        "client_msg_id": "53e40517-0081-4c18-9e57-af3cd5c832ff",
        "type": "message",
        "text": "sounds good thanks for checkin, I’ll create a ticket for it",
        "user": "WB8SBCKK6",
        "ts": "1535655383.000100",
        "team": "T86S8GHEG",
        "user_team": "T86S8GHEG",
        "source_team": "T86S8GHEG",
        "user_profile": {
            "avatar_hash": "587934c01ef2",
            "image_72": "https:\/\/avatars.slack-edge.com\/2018-07-10\/397596768390_587934c01ef2d7cf137b_72.jpg",
            "first_name": "Dan",
            "real_name": "Dan Davydov",
            "display_name": "ddavydov",
            "team": "T86S8GHEG",
            "name": "ddavydov",
            "is_restricted": false,
            "is_ultra_restricted": false
        },
        "thread_ts": "1535574000.000100",
        "parent_user_id": "WABQN1VJ9"
    },
    {
        "client_msg_id": "1af87dc0-63e9-40c4-9e06-0f99e1ed3d14",
        "type": "message",
        "text": "There might be some scaling issues in the future but I still feel like they should be solved at the DAG level (rather than infra level), e.g. dags timeout if they take too long too parse.",
        "user": "WB8SBCKK6",
        "ts": "1535655436.000100",
        "team": "T86S8GHEG",
        "user_team": "T86S8GHEG",
        "source_team": "T86S8GHEG",
        "user_profile": {
            "avatar_hash": "587934c01ef2",
            "image_72": "https:\/\/avatars.slack-edge.com\/2018-07-10\/397596768390_587934c01ef2d7cf137b_72.jpg",
            "first_name": "Dan",
            "real_name": "Dan Davydov",
            "display_name": "ddavydov",
            "team": "T86S8GHEG",
            "name": "ddavydov",
            "is_restricted": false,
            "is_ultra_restricted": false
        },
        "thread_ts": "1535574000.000100",
        "parent_user_id": "WABQN1VJ9"
    },
    {
        "client_msg_id": "6f0abe53-68c0-4a09-8b42-e76f7968b9b5",
        "type": "message",
        "text": "that indeed could be an issue",
        "user": "W82UCH2EB",
        "ts": "1535655498.000100",
        "team": "T86S8GHEG",
        "user_team": "T86S8GHEG",
        "source_team": "T86S8GHEG",
        "user_profile": {
            "avatar_hash": "91f21c110d85",
            "image_72": "https:\/\/avatars.slack-edge.com\/2018-05-25\/371711110887_91f21c110d858e612f45_72.jpg",
            "first_name": "Newton",
            "real_name": "Newton Le",
            "display_name": "nle",
            "team": "T86S8GHEG",
            "name": "nle",
            "is_restricted": false,
            "is_ultra_restricted": false
        },
        "thread_ts": "1535574000.000100",
        "parent_user_id": "WABQN1VJ9"
    },
    {
        "client_msg_id": "6efc5e1f-0222-4eb0-bd6f-b4f00d76d2df",
        "type": "message",
        "text": "a lot of the dags generated by dag constructors can be quite large",
        "user": "W82UCH2EB",
        "ts": "1535655507.000100",
        "team": "T86S8GHEG",
        "user_team": "T86S8GHEG",
        "source_team": "T86S8GHEG",
        "user_profile": {
            "avatar_hash": "91f21c110d85",
            "image_72": "https:\/\/avatars.slack-edge.com\/2018-05-25\/371711110887_91f21c110d858e612f45_72.jpg",
            "first_name": "Newton",
            "real_name": "Newton Le",
            "display_name": "nle",
            "team": "T86S8GHEG",
            "name": "nle",
            "is_restricted": false,
            "is_ultra_restricted": false
        },
        "thread_ts": "1535574000.000100",
        "parent_user_id": "WABQN1VJ9"
    },
    {
        "client_msg_id": "5faa1030-8489-4932-beaf-a7f42b1eaa85",
        "type": "message",
        "text": "and if there’s only file generating them all, that’s not a lot of time per dag",
        "user": "W82UCH2EB",
        "ts": "1535655517.000100",
        "team": "T86S8GHEG",
        "user_team": "T86S8GHEG",
        "source_team": "T86S8GHEG",
        "user_profile": {
            "avatar_hash": "91f21c110d85",
            "image_72": "https:\/\/avatars.slack-edge.com\/2018-05-25\/371711110887_91f21c110d858e612f45_72.jpg",
            "first_name": "Newton",
            "real_name": "Newton Le",
            "display_name": "nle",
            "team": "T86S8GHEG",
            "name": "nle",
            "is_restricted": false,
            "is_ultra_restricted": false
        },
        "thread_ts": "1535574000.000100",
        "parent_user_id": "WABQN1VJ9"
    },
    {
        "client_msg_id": "b1678f23-b2c8-46d6-85f4-68f1857675f3",
        "type": "message",
        "text": "the current solution is single threaded anyways so shouldn’t be a problem",
        "user": "WB8SBCKK6",
        "ts": "1535655848.000100",
        "team": "T86S8GHEG",
        "user_team": "T86S8GHEG",
        "source_team": "T86S8GHEG",
        "user_profile": {
            "avatar_hash": "587934c01ef2",
            "image_72": "https:\/\/avatars.slack-edge.com\/2018-07-10\/397596768390_587934c01ef2d7cf137b_72.jpg",
            "first_name": "Dan",
            "real_name": "Dan Davydov",
            "display_name": "ddavydov",
            "team": "T86S8GHEG",
            "name": "ddavydov",
            "is_restricted": false,
            "is_ultra_restricted": false
        },
        "thread_ts": "1535574000.000100",
        "parent_user_id": "WABQN1VJ9"
    },
    {
        "client_msg_id": "0902ae11-c02d-4389-be23-650687925805",
        "type": "message",
        "text": "worst case you can create multiple dagconstructors DAGs that handle a subset of DAG parsing",
        "user": "WB8SBCKK6",
        "ts": "1535655862.000100",
        "team": "T86S8GHEG",
        "user_team": "T86S8GHEG",
        "source_team": "T86S8GHEG",
        "user_profile": {
            "avatar_hash": "587934c01ef2",
            "image_72": "https:\/\/avatars.slack-edge.com\/2018-07-10\/397596768390_587934c01ef2d7cf137b_72.jpg",
            "first_name": "Dan",
            "real_name": "Dan Davydov",
            "display_name": "ddavydov",
            "team": "T86S8GHEG",
            "name": "ddavydov",
            "is_restricted": false,
            "is_ultra_restricted": false
        },
        "thread_ts": "1535574000.000100",
        "parent_user_id": "WABQN1VJ9"
    },
    {
        "client_msg_id": "a3dc7c8b-b09b-47d5-b734-49d6d13de1b0",
        "type": "message",
        "text": "(e.g. 16 DAGs that handle 1\/16th of the dagconstructor’d dags each)",
        "user": "WB8SBCKK6",
        "ts": "1535655878.000100",
        "team": "T86S8GHEG",
        "user_team": "T86S8GHEG",
        "source_team": "T86S8GHEG",
        "user_profile": {
            "avatar_hash": "587934c01ef2",
            "image_72": "https:\/\/avatars.slack-edge.com\/2018-07-10\/397596768390_587934c01ef2d7cf137b_72.jpg",
            "first_name": "Dan",
            "real_name": "Dan Davydov",
            "display_name": "ddavydov",
            "team": "T86S8GHEG",
            "name": "ddavydov",
            "is_restricted": false,
            "is_ultra_restricted": false
        },
        "thread_ts": "1535574000.000100",
        "parent_user_id": "WABQN1VJ9"
    }
]