[
    {
        "type": "message",
        "text": "Hey <@W82UCH2EB> or <@W831QSCAK> ’ — anyway you could give me a primer on the monviz stuff.. or tell me which docs you’ve read. I’m not familiar with the language at all",
        "user": "W81EYMXMZ",
        "ts": "1525790450.000030",
        "team": "T86S8GHEG",
        "user_team": "T86S8GHEG",
        "source_team": "T86S8GHEG",
        "user_profile": {
            "avatar_hash": "e4622bf04c06",
            "image_72": "https:\/\/avatars.slack-edge.com\/2019-10-30\/817857030231_e4622bf04c06a878c157_72.jpg",
            "first_name": "Devin",
            "real_name": "Devin Goodsell",
            "display_name": "dgoodsell",
            "team": "T86S8GHEG",
            "name": "dgoodsell",
            "is_restricted": false,
            "is_ultra_restricted": false
        },
        "edited": {
            "user": "W81EYMXMZ",
            "ts": "1525790470.000000"
        },
        "thread_ts": "1525790450.000030",
        "reply_count": 1,
        "reply_users_count": 1,
        "latest_reply": "1525800665.000363",
        "reply_users": [
            "W82UCH2EB"
        ],
        "replies": [
            {
                "user": "W82UCH2EB",
                "ts": "1525800665.000363"
            }
        ],
        "subscribed": false
    },
    {
        "type": "message",
        "text": "```alias devin='airflow\/scripts\/run-aurora.sh $USER'```",
        "user": "W82KEML2J",
        "ts": "1525800029.000191",
        "team": "T86S8GHEG",
        "user_team": "T86S8GHEG",
        "source_team": "T86S8GHEG",
        "user_profile": {
            "avatar_hash": "76cfed1472fd",
            "image_72": "https:\/\/avatars.slack-edge.com\/2018-01-16\/299349490449_76cfed1472fd5cb7033e_72.png",
            "first_name": "Luca",
            "real_name": "Luca Belli",
            "display_name": "lbelli",
            "team": "T86S8GHEG",
            "name": "lbelli",
            "is_restricted": false,
            "is_ultra_restricted": false
        }
    },
    {
        "type": "message",
        "text": "add this to your `~\/.local.bash`",
        "user": "W82KEML2J",
        "ts": "1525800046.000347",
        "team": "T86S8GHEG",
        "user_team": "T86S8GHEG",
        "source_team": "T86S8GHEG",
        "user_profile": {
            "avatar_hash": "76cfed1472fd",
            "image_72": "https:\/\/avatars.slack-edge.com\/2018-01-16\/299349490449_76cfed1472fd5cb7033e_72.png",
            "first_name": "Luca",
            "real_name": "Luca Belli",
            "display_name": "lbelli",
            "team": "T86S8GHEG",
            "name": "lbelli",
            "is_restricted": false,
            "is_ultra_restricted": false
        }
    },
    {
        "type": "message",
        "text": "lol don’t worry",
        "user": "W81EYMXMZ",
        "ts": "1525800046.000474",
        "team": "T86S8GHEG",
        "user_team": "T86S8GHEG",
        "source_team": "T86S8GHEG",
        "user_profile": {
            "avatar_hash": "e4622bf04c06",
            "image_72": "https:\/\/avatars.slack-edge.com\/2019-10-30\/817857030231_e4622bf04c06a878c157_72.jpg",
            "first_name": "Devin",
            "real_name": "Devin Goodsell",
            "display_name": "dgoodsell",
            "team": "T86S8GHEG",
            "name": "dgoodsell",
            "is_restricted": false,
            "is_ultra_restricted": false
        }
    },
    {
        "type": "message",
        "text": "we are releasing a CLI for airflow",
        "user": "W81EYMXMZ",
        "ts": "1525800055.000316",
        "team": "T86S8GHEG",
        "user_team": "T86S8GHEG",
        "source_team": "T86S8GHEG",
        "user_profile": {
            "avatar_hash": "e4622bf04c06",
            "image_72": "https:\/\/avatars.slack-edge.com\/2019-10-30\/817857030231_e4622bf04c06a878c157_72.jpg",
            "first_name": "Devin",
            "real_name": "Devin Goodsell",
            "display_name": "dgoodsell",
            "team": "T86S8GHEG",
            "name": "dgoodsell",
            "is_restricted": false,
            "is_ultra_restricted": false
        }
    },
    {
        "type": "message",
        "text": "called devin",
        "user": "W81EYMXMZ",
        "ts": "1525800064.000271",
        "team": "T86S8GHEG",
        "user_team": "T86S8GHEG",
        "source_team": "T86S8GHEG",
        "user_profile": {
            "avatar_hash": "e4622bf04c06",
            "image_72": "https:\/\/avatars.slack-edge.com\/2019-10-30\/817857030231_e4622bf04c06a878c157_72.jpg",
            "first_name": "Devin",
            "real_name": "Devin Goodsell",
            "display_name": "dgoodsell",
            "team": "T86S8GHEG",
            "name": "dgoodsell",
            "is_restricted": false,
            "is_ultra_restricted": false
        }
    },
    {
        "type": "message",
        "text": "Granted every time i hear this — i think of devin from “The Californians”",
        "user": "W81EYMXMZ",
        "ts": "1525800110.000026",
        "team": "T86S8GHEG",
        "user_team": "T86S8GHEG",
        "source_team": "T86S8GHEG",
        "user_profile": {
            "avatar_hash": "e4622bf04c06",
            "image_72": "https:\/\/avatars.slack-edge.com\/2019-10-30\/817857030231_e4622bf04c06a878c157_72.jpg",
            "first_name": "Devin",
            "real_name": "Devin Goodsell",
            "display_name": "dgoodsell",
            "team": "T86S8GHEG",
            "name": "dgoodsell",
            "is_restricted": false,
            "is_ultra_restricted": false
        }
    },
    {
        "type": "message",
        "text": "<https:\/\/www.youtube.com\/watch?v=Tt-tG6ufH90>",
        "user": "W81EYMXMZ",
        "ts": "1525800110.000404",
        "team": "T86S8GHEG",
        "user_team": "T86S8GHEG",
        "source_team": "T86S8GHEG",
        "user_profile": {
            "avatar_hash": "e4622bf04c06",
            "image_72": "https:\/\/avatars.slack-edge.com\/2019-10-30\/817857030231_e4622bf04c06a878c157_72.jpg",
            "first_name": "Devin",
            "real_name": "Devin Goodsell",
            "display_name": "dgoodsell",
            "team": "T86S8GHEG",
            "name": "dgoodsell",
            "is_restricted": false,
            "is_ultra_restricted": false
        },
        "attachments": [
            {
                "service_name": "YouTube",
                "service_url": "https:\/\/www.youtube.com\/",
                "title": "The Californians: Stuart Has Cancer - SNL",
                "title_link": "https:\/\/www.youtube.com\/watch?v=Tt-tG6ufH90",
                "author_name": "Saturday Night Live",
                "author_link": "https:\/\/www.youtube.com\/user\/SaturdayNightLive",
                "thumb_url": "https:\/\/i.ytimg.com\/vi\/Tt-tG6ufH90\/hqdefault.jpg",
                "thumb_width": 480,
                "thumb_height": 360,
                "fallback": "YouTube Video: The Californians: Stuart Has Cancer - SNL",
                "video_html": "<iframe width=\"400\" height=\"225\" src=\"https:\/\/www.youtube.com\/embed\/Tt-tG6ufH90?feature=oembed&autoplay=1&iv_load_policy=3\" frameborder=\"0\" allow=\"autoplay; encrypted-media\" allowfullscreen><\/iframe>",
                "video_html_width": 400,
                "video_html_height": 225,
                "from_url": "https:\/\/www.youtube.com\/watch?v=Tt-tG6ufH90",
                "service_icon": "https:\/\/a.slack-edge.com\/2089\/img\/unfurl_icons\/youtube.png",
                "id": 1,
                "original_url": "https:\/\/www.youtube.com\/watch?v=Tt-tG6ufH90"
            }
        ]
    },
    {
        "client_msg_id": "81ef5350-4582-4924-9899-45566f1e638b",
        "type": "message",
        "text": "I just went to go\/mon2 and clicked on the Documentation link. If you want to meet for a bit to go over some concepts, feel free to schedule something today.",
        "user": "W82UCH2EB",
        "ts": "1525800665.000363",
        "team": "T86S8GHEG",
        "user_team": "T86S8GHEG",
        "source_team": "T86S8GHEG",
        "user_profile": {
            "avatar_hash": "91f21c110d85",
            "image_72": "https:\/\/avatars.slack-edge.com\/2018-05-25\/371711110887_91f21c110d858e612f45_72.jpg",
            "first_name": "Newton",
            "real_name": "Newton Le",
            "display_name": "nle",
            "team": "T86S8GHEG",
            "name": "nle",
            "is_restricted": false,
            "is_ultra_restricted": false
        },
        "thread_ts": "1525790450.000030",
        "parent_user_id": "W81EYMXMZ"
    },
    {
        "type": "message",
        "text": "<https:\/\/youtu.be\/eCrmuVEClAw?t=6s>",
        "user": "W82KEML2J",
        "ts": "1525802081.000663",
        "team": "T86S8GHEG",
        "user_team": "T86S8GHEG",
        "source_team": "T86S8GHEG",
        "user_profile": {
            "avatar_hash": "76cfed1472fd",
            "image_72": "https:\/\/avatars.slack-edge.com\/2018-01-16\/299349490449_76cfed1472fd5cb7033e_72.png",
            "first_name": "Luca",
            "real_name": "Luca Belli",
            "display_name": "lbelli",
            "team": "T86S8GHEG",
            "name": "lbelli",
            "is_restricted": false,
            "is_ultra_restricted": false
        },
        "attachments": [
            {
                "service_name": "YouTube",
                "service_url": "https:\/\/www.youtube.com\/",
                "title": "Peter is terrible at waiting for things",
                "title_link": "https:\/\/youtu.be\/eCrmuVEClAw?t=6s",
                "author_name": "deathday",
                "author_link": "https:\/\/www.youtube.com\/user\/TheStudioKidA",
                "thumb_url": "https:\/\/i.ytimg.com\/vi\/eCrmuVEClAw\/hqdefault.jpg",
                "thumb_width": 480,
                "thumb_height": 360,
                "fallback": "YouTube Video: Peter is terrible at waiting for things",
                "video_html": "<iframe width=\"400\" height=\"225\" src=\"https:\/\/www.youtube.com\/embed\/eCrmuVEClAw?start=6&feature=oembed&start=6&autoplay=1&iv_load_policy=3\" frameborder=\"0\" allow=\"autoplay; encrypted-media\" allowfullscreen><\/iframe>",
                "video_html_width": 400,
                "video_html_height": 225,
                "from_url": "https:\/\/youtu.be\/eCrmuVEClAw?t=6s",
                "service_icon": "https:\/\/a.slack-edge.com\/2089\/img\/unfurl_icons\/youtube.png",
                "id": 1,
                "original_url": "https:\/\/youtu.be\/eCrmuVEClAw?t=6s"
            }
        ]
    },
    {
        "type": "message",
        "text": "hey wondering why this airflow instance I deployed yesterday has been failing health check: <https:\/\/aurora-smf1.twitter.biz\/scheduler\/ads-prediction\/prod\/airflow>",
        "user": "W81U1DTPF",
        "ts": "1525802566.000012",
        "team": "T86S8GHEG",
        "user_team": "T86S8GHEG",
        "source_team": "T86S8GHEG",
        "user_profile": {
            "avatar_hash": "gcab983eb601",
            "image_72": "https:\/\/secure.gravatar.com\/avatar\/dcab983eb601ece6a7ee6a77a31ce23e.jpg?s=72&d=https%3A%2F%2Fa.slack-edge.com%2Fdf10d%2Fimg%2Favatars%2Fava_0025-72.png",
            "first_name": "Jiyuan",
            "real_name": "Jiyuan Qian",
            "display_name": "jqian",
            "team": "T86S8GHEG",
            "name": "jqian",
            "is_restricted": false,
            "is_ultra_restricted": false
        }
    },
    {
        "type": "message",
        "text": "i see a few errors in the scheduling at the end of the logs",
        "user": "WLFK2FEH4",
        "ts": "1525803123.000747",
        "team": "T86S8GHEG",
        "user_team": "T86S8GHEG",
        "source_team": "T86S8GHEG",
        "user_profile": {
            "avatar_hash": "66655d64349b",
            "image_72": "https:\/\/avatars.slack-edge.com\/2018-01-17\/300438498596_66655d64349b4369c15e_72.jpg",
            "first_name": "Yu Zhou",
            "real_name": "Yu Zhou Lee",
            "display_name": "yuzhoul",
            "team": "T86S8GHEG",
            "name": "yuzhoul",
            "is_restricted": false,
            "is_ultra_restricted": false
        }
    },
    {
        "type": "message",
        "text": "```[2018-05-08 17:25:57,188] {helpers.py:233} INFO - Terminating descendant processes of ['\/opt\/ee\/python\/2.7\/bin\/python2.7 \/var\/lib\/mesos\/slaves\/8062d90b-712d-4410-8b3b-38e0af892326-S13486\/frameworks\/201104070004-0000002563-0000\/executors\/thermos-ads-prediction-prod-airflow-0-f67849a5-5dd5-43db-8f34-56d4bfcba21c\/runs\/b935d8fb-dbb6-40d0-9766-d45c6539e048\/sandbox\/bin\/airflow run tlh_pos_dag_deep_transform latest_date_for_data_op 2018-04-30T00:30:00 --job_id 496 --raw -sd DAGS_FOLDER\/ads_prediction\/tlh_dag.py'] PID: 507479\n[2018-05-08 17:25:57,188] {helpers.py:237} INFO - Terminating descendant process ['\/usr\/lib\/jvm\/java-1.8.0-twitter\/bin\/java', '-Xmx1000m', '-Djava.net.preferIPv4Stack=true', '-Dhadoop.log.dir=\/var\/log\/hadoop', '-Dhadoop.log.file=hadoop.log', '-Dhadoop.home.dir=\/usr\/local\/hadoop-client-2.6.0.t03', '-Dhadoop.id.str=ads-prediction', '-Dhadoop.root.logger=INFO,console', '-Djava.library.path=:\/usr\/lib64:\/usr\/local\/hadoop-client-2.6.0.t03\/lib\/native:\/usr\/lib64\/mecab\/java:\/usr\/local\/hadoop-client-2.6.0.t03\/lib\/native', '-Dhadoop.policy.file=hadoop-policy.xml', '-Djava.net.preferIPv4Stack=true', '-Dhadoop.security.logger=INFO,NullAppender', 'org.apache.hadoop.fs.FsShell', '-test', '-e', '\/smf1\/dwrev\/user\/ads-prediction\/online_training\/training_api_data_hourly_tlh_positive_login\/EXISTS(ads.display_location_display_location=TIMELINE_HOME)&amp;&amp;!EXISTS(meta.ads.charge_on_performance_except_video)&amp;&amp;!EXISTS(meta.ads.charge_on_video_view)&amp;&amp;!EXISTS(meta.is_logged_out_user)&amp;&amp;meta.record_weight_type=positive&gt;0\/data\/2018\/05\/08\/16\/_SUCCESS'] PID: 516573\n[2018-05-08 17:25:57,284] {helpers.py:195} ERROR - \n[2018-05-08 17:25:57,285] {helpers.py:196} INFO - Killed process 512974 with signal 15\n[2018-05-08 17:25:57,285] {helpers.py:242} INFO - Waiting up to 60s for processes to exit...\n[2018-05-08 17:25:57,288] {jobs.py:895} INFO - Examining DAG run &lt;DagRun tlh_video_dag_deep_transform @ 2018-04-06 16:30:00: scheduled__2018-04-06T16:30:00, externally triggered: False&gt;\n[2018-05-08 17:25:57,387] {jobs.py:2592} WARNING - State of this instance has been externally set to None. Taking the poison pill.\n[2018-05-08 17:25:57,490] {jobs.py:1634} INFO - Heartbeating the process manager\n[2018-05-08 17:25:57,491] {jobs.py:1669} INFO - Heartbeating the executor\n[2018-05-08 17:25:57,491] {models.py:4584} INFO - Updating state for &lt;DagRun tlh_video_dag_deep_transform @ 2018-04-06 16:30:00: scheduled__2018-04-06T16:30:00, externally triggered: False&gt; considering 16 task(s)\n[2018-05-08 17:25:57,584] {helpers.py:195} ERROR - \n[2018-05-08 17:25:57,585] {helpers.py:196} INFO - Killed process 516573 with signal 15\n[2018-05-08 17:25:57,585] {helpers.py:242} INFO - Waiting up to 60s for processes to exit...```",
        "user": "WLFK2FEH4",
        "ts": "1525803162.000344",
        "team": "T86S8GHEG",
        "user_team": "T86S8GHEG",
        "source_team": "T86S8GHEG",
        "user_profile": {
            "avatar_hash": "66655d64349b",
            "image_72": "https:\/\/avatars.slack-edge.com\/2018-01-17\/300438498596_66655d64349b4369c15e_72.jpg",
            "first_name": "Yu Zhou",
            "real_name": "Yu Zhou Lee",
            "display_name": "yuzhoul",
            "team": "T86S8GHEG",
            "name": "yuzhoul",
            "is_restricted": false,
            "is_ultra_restricted": false
        }
    },
    {
        "type": "message",
        "text": "this repeats alot",
        "user": "WLFK2FEH4",
        "ts": "1525803165.000602",
        "team": "T86S8GHEG",
        "user_team": "T86S8GHEG",
        "source_team": "T86S8GHEG",
        "user_profile": {
            "avatar_hash": "66655d64349b",
            "image_72": "https:\/\/avatars.slack-edge.com\/2018-01-17\/300438498596_66655d64349b4369c15e_72.jpg",
            "first_name": "Yu Zhou",
            "real_name": "Yu Zhou Lee",
            "display_name": "yuzhoul",
            "team": "T86S8GHEG",
            "name": "yuzhoul",
            "is_restricted": false,
            "is_ultra_restricted": false
        }
    },
    {
        "type": "message",
        "text": "i wonder if it has to do with scheduling",
        "user": "WLFK2FEH4",
        "ts": "1525803169.000604",
        "team": "T86S8GHEG",
        "user_team": "T86S8GHEG",
        "source_team": "T86S8GHEG",
        "user_profile": {
            "avatar_hash": "66655d64349b",
            "image_72": "https:\/\/avatars.slack-edge.com\/2018-01-17\/300438498596_66655d64349b4369c15e_72.jpg",
            "first_name": "Yu Zhou",
            "real_name": "Yu Zhou Lee",
            "display_name": "yuzhoul",
            "team": "T86S8GHEG",
            "name": "yuzhoul",
            "is_restricted": false,
            "is_ultra_restricted": false
        }
    },
    {
        "type": "message",
        "text": "these are scheduled dags?",
        "user": "WLFK2FEH4",
        "ts": "1525803176.000415",
        "team": "T86S8GHEG",
        "user_team": "T86S8GHEG",
        "source_team": "T86S8GHEG",
        "user_profile": {
            "avatar_hash": "66655d64349b",
            "image_72": "https:\/\/avatars.slack-edge.com\/2018-01-17\/300438498596_66655d64349b4369c15e_72.jpg",
            "first_name": "Yu Zhou",
            "real_name": "Yu Zhou Lee",
            "display_name": "yuzhoul",
            "team": "T86S8GHEG",
            "name": "yuzhoul",
            "is_restricted": false,
            "is_ultra_restricted": false
        }
    },
    {
        "type": "message",
        "text": "yea i think so",
        "user": "W81U1DTPF",
        "ts": "1525805159.000397",
        "team": "T86S8GHEG",
        "user_team": "T86S8GHEG",
        "source_team": "T86S8GHEG",
        "user_profile": {
            "avatar_hash": "gcab983eb601",
            "image_72": "https:\/\/secure.gravatar.com\/avatar\/dcab983eb601ece6a7ee6a77a31ce23e.jpg?s=72&d=https%3A%2F%2Fa.slack-edge.com%2Fdf10d%2Fimg%2Favatars%2Fava_0025-72.png",
            "first_name": "Jiyuan",
            "real_name": "Jiyuan Qian",
            "display_name": "jqian",
            "team": "T86S8GHEG",
            "name": "jqian",
            "is_restricted": false,
            "is_ultra_restricted": false
        }
    },
    {
        "type": "message",
        "text": "is it because these dags are blocking health check?",
        "user": "W81U1DTPF",
        "ts": "1525805202.000554",
        "team": "T86S8GHEG",
        "user_team": "T86S8GHEG",
        "source_team": "T86S8GHEG",
        "user_profile": {
            "avatar_hash": "gcab983eb601",
            "image_72": "https:\/\/secure.gravatar.com\/avatar\/dcab983eb601ece6a7ee6a77a31ce23e.jpg?s=72&d=https%3A%2F%2Fa.slack-edge.com%2Fdf10d%2Fimg%2Favatars%2Fava_0025-72.png",
            "first_name": "Jiyuan",
            "real_name": "Jiyuan Qian",
            "display_name": "jqian",
            "team": "T86S8GHEG",
            "name": "jqian",
            "is_restricted": false,
            "is_ultra_restricted": false
        }
    },
    {
        "type": "message",
        "text": "thats my suspicion",
        "user": "WLFK2FEH4",
        "ts": "1525805266.000776",
        "team": "T86S8GHEG",
        "user_team": "T86S8GHEG",
        "source_team": "T86S8GHEG",
        "user_profile": {
            "avatar_hash": "66655d64349b",
            "image_72": "https:\/\/avatars.slack-edge.com\/2018-01-17\/300438498596_66655d64349b4369c15e_72.jpg",
            "first_name": "Yu Zhou",
            "real_name": "Yu Zhou Lee",
            "display_name": "yuzhoul",
            "team": "T86S8GHEG",
            "name": "yuzhoul",
            "is_restricted": false,
            "is_ultra_restricted": false
        }
    },
    {
        "type": "message",
        "text": "the previous reasons why i saw health check fail is because one of the processes fail",
        "user": "WLFK2FEH4",
        "ts": "1525805280.000064",
        "team": "T86S8GHEG",
        "user_team": "T86S8GHEG",
        "source_team": "T86S8GHEG",
        "user_profile": {
            "avatar_hash": "66655d64349b",
            "image_72": "https:\/\/avatars.slack-edge.com\/2018-01-17\/300438498596_66655d64349b4369c15e_72.jpg",
            "first_name": "Yu Zhou",
            "real_name": "Yu Zhou Lee",
            "display_name": "yuzhoul",
            "team": "T86S8GHEG",
            "name": "yuzhoul",
            "is_restricted": false,
            "is_ultra_restricted": false
        }
    },
    {
        "type": "message",
        "text": "i wonder why its a health check problem",
        "user": "WLFK2FEH4",
        "ts": "1525805286.000712",
        "team": "T86S8GHEG",
        "user_team": "T86S8GHEG",
        "source_team": "T86S8GHEG",
        "user_profile": {
            "avatar_hash": "66655d64349b",
            "image_72": "https:\/\/avatars.slack-edge.com\/2018-01-17\/300438498596_66655d64349b4369c15e_72.jpg",
            "first_name": "Yu Zhou",
            "real_name": "Yu Zhou Lee",
            "display_name": "yuzhoul",
            "team": "T86S8GHEG",
            "name": "yuzhoul",
            "is_restricted": false,
            "is_ultra_restricted": false
        }
    },
    {
        "type": "message",
        "text": "plus its been running for 5 hours (ie the latest instance) before it failed",
        "user": "WLFK2FEH4",
        "ts": "1525805295.000149",
        "team": "T86S8GHEG",
        "user_team": "T86S8GHEG",
        "source_team": "T86S8GHEG",
        "user_profile": {
            "avatar_hash": "66655d64349b",
            "image_72": "https:\/\/avatars.slack-edge.com\/2018-01-17\/300438498596_66655d64349b4369c15e_72.jpg",
            "first_name": "Yu Zhou",
            "real_name": "Yu Zhou Lee",
            "display_name": "yuzhoul",
            "team": "T86S8GHEG",
            "name": "yuzhoul",
            "is_restricted": false,
            "is_ultra_restricted": false
        }
    },
    {
        "type": "message",
        "text": "I think it’s because it was throttled?",
        "user": "W81U1DTPF",
        "ts": "1525805344.000684",
        "team": "T86S8GHEG",
        "user_team": "T86S8GHEG",
        "source_team": "T86S8GHEG",
        "user_profile": {
            "avatar_hash": "gcab983eb601",
            "image_72": "https:\/\/secure.gravatar.com\/avatar\/dcab983eb601ece6a7ee6a77a31ce23e.jpg?s=72&d=https%3A%2F%2Fa.slack-edge.com%2Fdf10d%2Fimg%2Favatars%2Fava_0025-72.png",
            "first_name": "Jiyuan",
            "real_name": "Jiyuan Qian",
            "display_name": "jqian",
            "team": "T86S8GHEG",
            "name": "jqian",
            "is_restricted": false,
            "is_ultra_restricted": false
        }
    },
    {
        "type": "message",
        "text": "ill look into it after lunch",
        "user": "WLFK2FEH4",
        "ts": "1525806434.000609",
        "team": "T86S8GHEG",
        "user_team": "T86S8GHEG",
        "source_team": "T86S8GHEG",
        "user_profile": {
            "avatar_hash": "66655d64349b",
            "image_72": "https:\/\/avatars.slack-edge.com\/2018-01-17\/300438498596_66655d64349b4369c15e_72.jpg",
            "first_name": "Yu Zhou",
            "real_name": "Yu Zhou Lee",
            "display_name": "yuzhoul",
            "team": "T86S8GHEG",
            "name": "yuzhoul",
            "is_restricted": false,
            "is_ultra_restricted": false
        }
    },
    {
        "type": "message",
        "text": "cool thanks!",
        "user": "W81U1DTPF",
        "ts": "1525810375.000532",
        "team": "T86S8GHEG",
        "user_team": "T86S8GHEG",
        "source_team": "T86S8GHEG",
        "user_profile": {
            "avatar_hash": "gcab983eb601",
            "image_72": "https:\/\/secure.gravatar.com\/avatar\/dcab983eb601ece6a7ee6a77a31ce23e.jpg?s=72&d=https%3A%2F%2Fa.slack-edge.com%2Fdf10d%2Fimg%2Favatars%2Fava_0025-72.png",
            "first_name": "Jiyuan",
            "real_name": "Jiyuan Qian",
            "display_name": "jqian",
            "team": "T86S8GHEG",
            "name": "jqian",
            "is_restricted": false,
            "is_ultra_restricted": false
        }
    },
    {
        "type": "message",
        "text": "it works if I remove these three dags `tlh_perf_dag_deep_transform`, `tlh_pos_dag_deep_transform` and `tlh_video_dag_deep_transform`",
        "user": "W81U1DTPF",
        "ts": "1525813655.000612",
        "team": "T86S8GHEG",
        "user_team": "T86S8GHEG",
        "source_team": "T86S8GHEG",
        "user_profile": {
            "avatar_hash": "gcab983eb601",
            "image_72": "https:\/\/secure.gravatar.com\/avatar\/dcab983eb601ece6a7ee6a77a31ce23e.jpg?s=72&d=https%3A%2F%2Fa.slack-edge.com%2Fdf10d%2Fimg%2Favatars%2Fava_0025-72.png",
            "first_name": "Jiyuan",
            "real_name": "Jiyuan Qian",
            "display_name": "jqian",
            "team": "T86S8GHEG",
            "name": "jqian",
            "is_restricted": false,
            "is_ultra_restricted": false
        }
    },
    {
        "type": "message",
        "text": "ah",
        "user": "WLFK2FEH4",
        "ts": "1525813676.000118",
        "team": "T86S8GHEG",
        "user_team": "T86S8GHEG",
        "source_team": "T86S8GHEG",
        "user_profile": {
            "avatar_hash": "66655d64349b",
            "image_72": "https:\/\/avatars.slack-edge.com\/2018-01-17\/300438498596_66655d64349b4369c15e_72.jpg",
            "first_name": "Yu Zhou",
            "real_name": "Yu Zhou Lee",
            "display_name": "yuzhoul",
            "team": "T86S8GHEG",
            "name": "yuzhoul",
            "is_restricted": false,
            "is_ultra_restricted": false
        }
    },
    {
        "type": "message",
        "text": "hmm",
        "user": "WLFK2FEH4",
        "ts": "1525813678.000157",
        "team": "T86S8GHEG",
        "user_team": "T86S8GHEG",
        "source_team": "T86S8GHEG",
        "user_profile": {
            "avatar_hash": "66655d64349b",
            "image_72": "https:\/\/avatars.slack-edge.com\/2018-01-17\/300438498596_66655d64349b4369c15e_72.jpg",
            "first_name": "Yu Zhou",
            "real_name": "Yu Zhou Lee",
            "display_name": "yuzhoul",
            "team": "T86S8GHEG",
            "name": "yuzhoul",
            "is_restricted": false,
            "is_ultra_restricted": false
        }
    },
    {
        "type": "message",
        "text": "My guess is that there’s something about there scheduling that’s causing scheduler to be blocked and fail health check",
        "user": "W81U1DTPF",
        "ts": "1525813733.000210",
        "team": "T86S8GHEG",
        "user_team": "T86S8GHEG",
        "source_team": "T86S8GHEG",
        "user_profile": {
            "avatar_hash": "gcab983eb601",
            "image_72": "https:\/\/secure.gravatar.com\/avatar\/dcab983eb601ece6a7ee6a77a31ce23e.jpg?s=72&d=https%3A%2F%2Fa.slack-edge.com%2Fdf10d%2Fimg%2Favatars%2Fava_0025-72.png",
            "first_name": "Jiyuan",
            "real_name": "Jiyuan Qian",
            "display_name": "jqian",
            "team": "T86S8GHEG",
            "name": "jqian",
            "is_restricted": false,
            "is_ultra_restricted": false
        }
    },
    {
        "type": "message",
        "text": "hmm",
        "user": "WLFK2FEH4",
        "ts": "1525813738.000450",
        "team": "T86S8GHEG",
        "user_team": "T86S8GHEG",
        "source_team": "T86S8GHEG",
        "user_profile": {
            "avatar_hash": "66655d64349b",
            "image_72": "https:\/\/avatars.slack-edge.com\/2018-01-17\/300438498596_66655d64349b4369c15e_72.jpg",
            "first_name": "Yu Zhou",
            "real_name": "Yu Zhou Lee",
            "display_name": "yuzhoul",
            "team": "T86S8GHEG",
            "name": "yuzhoul",
            "is_restricted": false,
            "is_ultra_restricted": false
        }
    },
    {
        "type": "message",
        "text": "is this deepbirdv2 thing",
        "user": "WLFK2FEH4",
        "ts": "1525813745.000389",
        "team": "T86S8GHEG",
        "user_team": "T86S8GHEG",
        "source_team": "T86S8GHEG",
        "user_profile": {
            "avatar_hash": "66655d64349b",
            "image_72": "https:\/\/avatars.slack-edge.com\/2018-01-17\/300438498596_66655d64349b4369c15e_72.jpg",
            "first_name": "Yu Zhou",
            "real_name": "Yu Zhou Lee",
            "display_name": "yuzhoul",
            "team": "T86S8GHEG",
            "name": "yuzhoul",
            "is_restricted": false,
            "is_ultra_restricted": false
        }
    },
    {
        "type": "message",
        "text": "wait",
        "user": "WLFK2FEH4",
        "ts": "1525813746.000544",
        "team": "T86S8GHEG",
        "user_team": "T86S8GHEG",
        "source_team": "T86S8GHEG",
        "user_profile": {
            "avatar_hash": "66655d64349b",
            "image_72": "https:\/\/avatars.slack-edge.com\/2018-01-17\/300438498596_66655d64349b4369c15e_72.jpg",
            "first_name": "Yu Zhou",
            "real_name": "Yu Zhou Lee",
            "display_name": "yuzhoul",
            "team": "T86S8GHEG",
            "name": "yuzhoul",
            "is_restricted": false,
            "is_ultra_restricted": false
        }
    },
    {
        "type": "message",
        "text": "hmm",
        "user": "WLFK2FEH4",
        "ts": "1525813747.000458",
        "team": "T86S8GHEG",
        "user_team": "T86S8GHEG",
        "source_team": "T86S8GHEG",
        "user_profile": {
            "avatar_hash": "66655d64349b",
            "image_72": "https:\/\/avatars.slack-edge.com\/2018-01-17\/300438498596_66655d64349b4369c15e_72.jpg",
            "first_name": "Yu Zhou",
            "real_name": "Yu Zhou Lee",
            "display_name": "yuzhoul",
            "team": "T86S8GHEG",
            "name": "yuzhoul",
            "is_restricted": false,
            "is_ultra_restricted": false
        }
    },
    {
        "type": "message",
        "text": "are you piulling from master?",
        "user": "WLFK2FEH4",
        "ts": "1525813751.000104",
        "team": "T86S8GHEG",
        "user_team": "T86S8GHEG",
        "source_team": "T86S8GHEG",
        "user_profile": {
            "avatar_hash": "66655d64349b",
            "image_72": "https:\/\/avatars.slack-edge.com\/2018-01-17\/300438498596_66655d64349b4369c15e_72.jpg",
            "first_name": "Yu Zhou",
            "real_name": "Yu Zhou Lee",
            "display_name": "yuzhoul",
            "team": "T86S8GHEG",
            "name": "yuzhoul",
            "is_restricted": false,
            "is_ultra_restricted": false
        }
    },
    {
        "type": "message",
        "text": "it’s dbv1",
        "user": "W81U1DTPF",
        "ts": "1525813753.000266",
        "team": "T86S8GHEG",
        "user_team": "T86S8GHEG",
        "source_team": "T86S8GHEG",
        "user_profile": {
            "avatar_hash": "gcab983eb601",
            "image_72": "https:\/\/secure.gravatar.com\/avatar\/dcab983eb601ece6a7ee6a77a31ce23e.jpg?s=72&d=https%3A%2F%2Fa.slack-edge.com%2Fdf10d%2Fimg%2Favatars%2Fava_0025-72.png",
            "first_name": "Jiyuan",
            "real_name": "Jiyuan Qian",
            "display_name": "jqian",
            "team": "T86S8GHEG",
            "name": "jqian",
            "is_restricted": false,
            "is_ultra_restricted": false
        }
    },
    {
        "type": "message",
        "text": "ah",
        "user": "WLFK2FEH4",
        "ts": "1525813756.000611",
        "team": "T86S8GHEG",
        "user_team": "T86S8GHEG",
        "source_team": "T86S8GHEG",
        "user_profile": {
            "avatar_hash": "66655d64349b",
            "image_72": "https:\/\/avatars.slack-edge.com\/2018-01-17\/300438498596_66655d64349b4369c15e_72.jpg",
            "first_name": "Yu Zhou",
            "real_name": "Yu Zhou Lee",
            "display_name": "yuzhoul",
            "team": "T86S8GHEG",
            "name": "yuzhoul",
            "is_restricted": false,
            "is_ultra_restricted": false
        }
    },
    {
        "type": "message",
        "text": "the only thing that’s a bit suspicious is that the start date was quite early so it might be trying to start tons of jobs",
        "user": "W81U1DTPF",
        "ts": "1525813796.000145",
        "team": "T86S8GHEG",
        "user_team": "T86S8GHEG",
        "source_team": "T86S8GHEG",
        "user_profile": {
            "avatar_hash": "gcab983eb601",
            "image_72": "https:\/\/secure.gravatar.com\/avatar\/dcab983eb601ece6a7ee6a77a31ce23e.jpg?s=72&d=https%3A%2F%2Fa.slack-edge.com%2Fdf10d%2Fimg%2Favatars%2Fava_0025-72.png",
            "first_name": "Jiyuan",
            "real_name": "Jiyuan Qian",
            "display_name": "jqian",
            "team": "T86S8GHEG",
            "name": "jqian",
            "is_restricted": false,
            "is_ultra_restricted": false
        }
    },
    {
        "type": "message",
        "text": "but there should be a limit of number of jobs it can start",
        "user": "WLFK2FEH4",
        "ts": "1525813853.000340",
        "team": "T86S8GHEG",
        "user_team": "T86S8GHEG",
        "source_team": "T86S8GHEG",
        "user_profile": {
            "avatar_hash": "66655d64349b",
            "image_72": "https:\/\/avatars.slack-edge.com\/2018-01-17\/300438498596_66655d64349b4369c15e_72.jpg",
            "first_name": "Yu Zhou",
            "real_name": "Yu Zhou Lee",
            "display_name": "yuzhoul",
            "team": "T86S8GHEG",
            "name": "yuzhoul",
            "is_restricted": false,
            "is_ultra_restricted": false
        }
    },
    {
        "type": "message",
        "text": "yea.. perhaps that’s for some reason interfering with health check?",
        "user": "W81U1DTPF",
        "ts": "1525813890.000459",
        "team": "T86S8GHEG",
        "user_team": "T86S8GHEG",
        "source_team": "T86S8GHEG",
        "user_profile": {
            "avatar_hash": "gcab983eb601",
            "image_72": "https:\/\/secure.gravatar.com\/avatar\/dcab983eb601ece6a7ee6a77a31ce23e.jpg?s=72&d=https%3A%2F%2Fa.slack-edge.com%2Fdf10d%2Fimg%2Favatars%2Fava_0025-72.png",
            "first_name": "Jiyuan",
            "real_name": "Jiyuan Qian",
            "display_name": "jqian",
            "team": "T86S8GHEG",
            "name": "jqian",
            "is_restricted": false,
            "is_ultra_restricted": false
        }
    },
    {
        "type": "message",
        "text": "i am plannign to investiage",
        "user": "WLFK2FEH4",
        "ts": "1525813905.000230",
        "team": "T86S8GHEG",
        "user_team": "T86S8GHEG",
        "source_team": "T86S8GHEG",
        "user_profile": {
            "avatar_hash": "66655d64349b",
            "image_72": "https:\/\/avatars.slack-edge.com\/2018-01-17\/300438498596_66655d64349b4369c15e_72.jpg",
            "first_name": "Yu Zhou",
            "real_name": "Yu Zhou Lee",
            "display_name": "yuzhoul",
            "team": "T86S8GHEG",
            "name": "yuzhoul",
            "is_restricted": false,
            "is_ultra_restricted": false
        }
    },
    {
        "type": "message",
        "text": "but i have been trying ot finish something up",
        "user": "WLFK2FEH4",
        "ts": "1525813910.000600",
        "team": "T86S8GHEG",
        "user_team": "T86S8GHEG",
        "source_team": "T86S8GHEG",
        "user_profile": {
            "avatar_hash": "66655d64349b",
            "image_72": "https:\/\/avatars.slack-edge.com\/2018-01-17\/300438498596_66655d64349b4369c15e_72.jpg",
            "first_name": "Yu Zhou",
            "real_name": "Yu Zhou Lee",
            "display_name": "yuzhoul",
            "team": "T86S8GHEG",
            "name": "yuzhoul",
            "is_restricted": false,
            "is_ultra_restricted": false
        }
    },
    {
        "type": "message",
        "text": "sure let me know if you find something",
        "user": "W81U1DTPF",
        "ts": "1525813956.000123",
        "team": "T86S8GHEG",
        "user_team": "T86S8GHEG",
        "source_team": "T86S8GHEG",
        "user_profile": {
            "avatar_hash": "gcab983eb601",
            "image_72": "https:\/\/secure.gravatar.com\/avatar\/dcab983eb601ece6a7ee6a77a31ce23e.jpg?s=72&d=https%3A%2F%2Fa.slack-edge.com%2Fdf10d%2Fimg%2Favatars%2Fava_0025-72.png",
            "first_name": "Jiyuan",
            "real_name": "Jiyuan Qian",
            "display_name": "jqian",
            "team": "T86S8GHEG",
            "name": "jqian",
            "is_restricted": false,
            "is_ultra_restricted": false
        }
    },
    {
        "type": "message",
        "text": "yup will do",
        "user": "WLFK2FEH4",
        "ts": "1525813959.000589",
        "team": "T86S8GHEG",
        "user_team": "T86S8GHEG",
        "source_team": "T86S8GHEG",
        "user_profile": {
            "avatar_hash": "66655d64349b",
            "image_72": "https:\/\/avatars.slack-edge.com\/2018-01-17\/300438498596_66655d64349b4369c15e_72.jpg",
            "first_name": "Yu Zhou",
            "real_name": "Yu Zhou Lee",
            "display_name": "yuzhoul",
            "team": "T86S8GHEG",
            "name": "yuzhoul",
            "is_restricted": false,
            "is_ultra_restricted": false
        }
    }
]