[
    {
        "client_msg_id": "d43c7602-e0f4-4154-a724-ce7f0792801f",
        "type": "message",
        "text": "hey folks, I'm trying to setup my user devel airflow instance. The aurora instance keeps dying with\n```\nsqlalchemy.exc.OperationalError: (_mysql_exceptions.OperationalError) (1044, \"Access denied for user 'app.cverma.0'@'%' to database 'cverma_ml_workflow_dev'\")\n```\nI am following the instructions on <https:\/\/docbird.twitter.biz\/ml_workflows\/development_instances.html#>\n\nMesos link: <https:\/\/aurora-smf1.twitter.biz\/scheduler\/cverma\/devel\/airflow?jobView=history>",
        "user": "W813WAF3K",
        "ts": "1550163283.052100",
        "team": "T86S8GHEG",
        "user_team": "T86S8GHEG",
        "source_team": "T86S8GHEG",
        "user_profile": {
            "avatar_hash": "cbf851580834",
            "image_72": "https:\/\/avatars.slack-edge.com\/2018-11-21\/485508874019_cbf85158083401d5708e_72.jpg",
            "first_name": "Chetan",
            "real_name": "Chetan Verma",
            "display_name": "cverma",
            "team": "T86S8GHEG",
            "name": "cverma",
            "is_restricted": false,
            "is_ultra_restricted": false
        }
    },
    {
        "client_msg_id": "b571c758-c8a4-496f-bcf0-efacf4e0ce85",
        "type": "message",
        "text": "ie airflow instance keeps dying due to the same permissions reasons",
        "user": "W813WAF3K",
        "ts": "1550163314.052700",
        "team": "T86S8GHEG",
        "user_team": "T86S8GHEG",
        "source_team": "T86S8GHEG",
        "user_profile": {
            "avatar_hash": "cbf851580834",
            "image_72": "https:\/\/avatars.slack-edge.com\/2018-11-21\/485508874019_cbf85158083401d5708e_72.jpg",
            "first_name": "Chetan",
            "real_name": "Chetan Verma",
            "display_name": "cverma",
            "team": "T86S8GHEG",
            "name": "cverma",
            "is_restricted": false,
            "is_ultra_restricted": false
        },
        "thread_ts": "1550163314.052700",
        "reply_count": 17,
        "reply_users_count": 2,
        "latest_reply": "1550173470.056800",
        "reply_users": [
            "W82UCH2EB",
            "W813WAF3K"
        ],
        "replies": [
            {
                "user": "W82UCH2EB",
                "ts": "1550163357.052900"
            },
            {
                "user": "W813WAF3K",
                "ts": "1550165949.053100"
            },
            {
                "user": "W813WAF3K",
                "ts": "1550166003.053300"
            },
            {
                "user": "W82UCH2EB",
                "ts": "1550166679.053500"
            },
            {
                "user": "W82UCH2EB",
                "ts": "1550166686.053700"
            },
            {
                "user": "W82UCH2EB",
                "ts": "1550166700.053900"
            },
            {
                "user": "W82UCH2EB",
                "ts": "1550166886.054100"
            },
            {
                "user": "W82UCH2EB",
                "ts": "1550166895.054300"
            },
            {
                "user": "W82UCH2EB",
                "ts": "1550166947.054500"
            },
            {
                "user": "W82UCH2EB",
                "ts": "1550166968.054700"
            },
            {
                "user": "W813WAF3K",
                "ts": "1550168964.055000"
            },
            {
                "user": "W813WAF3K",
                "ts": "1550169110.055200"
            },
            {
                "user": "W813WAF3K",
                "ts": "1550169158.055400"
            },
            {
                "user": "W813WAF3K",
                "ts": "1550169221.055600"
            },
            {
                "user": "W813WAF3K",
                "ts": "1550169603.055900"
            },
            {
                "user": "W813WAF3K",
                "ts": "1550170735.056100"
            },
            {
                "user": "W82UCH2EB",
                "ts": "1550173470.056800"
            }
        ],
        "subscribed": false
    },
    {
        "client_msg_id": "1d006579-680e-46f8-a738-28df6fc43013",
        "type": "message",
        "text": "You were able to go through the init process without error?",
        "user": "W82UCH2EB",
        "ts": "1550163357.052900",
        "team": "T86S8GHEG",
        "user_team": "T86S8GHEG",
        "source_team": "T86S8GHEG",
        "user_profile": {
            "avatar_hash": "91f21c110d85",
            "image_72": "https:\/\/avatars.slack-edge.com\/2018-05-25\/371711110887_91f21c110d858e612f45_72.jpg",
            "first_name": "Newton",
            "real_name": "Newton Le",
            "display_name": "nle",
            "team": "T86S8GHEG",
            "name": "nle",
            "is_restricted": false,
            "is_ultra_restricted": false
        },
        "thread_ts": "1550163314.052700",
        "parent_user_id": "W813WAF3K"
    },
    {
        "client_msg_id": "a52fa842-8cb8-49e2-a2f7-a7974c22ae59",
        "type": "message",
        "text": "yes, i was",
        "user": "W813WAF3K",
        "ts": "1550165949.053100",
        "team": "T86S8GHEG",
        "user_team": "T86S8GHEG",
        "source_team": "T86S8GHEG",
        "user_profile": {
            "avatar_hash": "cbf851580834",
            "image_72": "https:\/\/avatars.slack-edge.com\/2018-11-21\/485508874019_cbf85158083401d5708e_72.jpg",
            "first_name": "Chetan",
            "real_name": "Chetan Verma",
            "display_name": "cverma",
            "team": "T86S8GHEG",
            "name": "cverma",
            "is_restricted": false,
            "is_ultra_restricted": false
        },
        "thread_ts": "1550163314.052700",
        "parent_user_id": "W813WAF3K"
    },
    {
        "client_msg_id": "97ce70fa-a5c5-46e3-b849-8618c78f2244",
        "type": "message",
        "text": "i did see this as part of init\n```\nTesting database connection...\nbind [0.0.0.0]:3306: Address already in use\nchannel_setup_fwd_listener_tcpip: cannot listen to port: 3306\nCould not request local forwarding.\nCreating new TSS profile...\nGenerate keytab from LDAP credentials...\nPassword:\nVerify password - Password:\n```\n\nthat's the only slightly suspicious part.",
        "user": "W813WAF3K",
        "ts": "1550166003.053300",
        "team": "T86S8GHEG",
        "user_team": "T86S8GHEG",
        "source_team": "T86S8GHEG",
        "user_profile": {
            "avatar_hash": "cbf851580834",
            "image_72": "https:\/\/avatars.slack-edge.com\/2018-11-21\/485508874019_cbf85158083401d5708e_72.jpg",
            "first_name": "Chetan",
            "real_name": "Chetan Verma",
            "display_name": "cverma",
            "team": "T86S8GHEG",
            "name": "cverma",
            "is_restricted": false,
            "is_ultra_restricted": false
        },
        "thread_ts": "1550163314.052700",
        "parent_user_id": "W813WAF3K"
    },
    {
        "client_msg_id": "0e375087-d783-40c5-886b-a24c510cb7db",
        "type": "message",
        "text": "the error message you pasted suggests maybe the username wasn’t input correctly",
        "user": "W82UCH2EB",
        "ts": "1550166679.053500",
        "team": "T86S8GHEG",
        "user_team": "T86S8GHEG",
        "source_team": "T86S8GHEG",
        "user_profile": {
            "avatar_hash": "91f21c110d85",
            "image_72": "https:\/\/avatars.slack-edge.com\/2018-05-25\/371711110887_91f21c110d858e612f45_72.jpg",
            "first_name": "Newton",
            "real_name": "Newton Le",
            "display_name": "nle",
            "team": "T86S8GHEG",
            "name": "nle",
            "is_restricted": false,
            "is_ultra_restricted": false
        },
        "thread_ts": "1550163314.052700",
        "parent_user_id": "W813WAF3K"
    },
    {
        "client_msg_id": "5f431045-eae9-42a7-89c8-886f3aa97d2d",
        "type": "message",
        "text": "I see some extra characters",
        "user": "W82UCH2EB",
        "ts": "1550166686.053700",
        "team": "T86S8GHEG",
        "user_team": "T86S8GHEG",
        "source_team": "T86S8GHEG",
        "user_profile": {
            "avatar_hash": "91f21c110d85",
            "image_72": "https:\/\/avatars.slack-edge.com\/2018-05-25\/371711110887_91f21c110d858e612f45_72.jpg",
            "first_name": "Newton",
            "real_name": "Newton Le",
            "display_name": "nle",
            "team": "T86S8GHEG",
            "name": "nle",
            "is_restricted": false,
            "is_ultra_restricted": false
        },
        "thread_ts": "1550163314.052700",
        "parent_user_id": "W813WAF3K"
    },
    {
        "client_msg_id": "e1886e2d-5f4f-49d5-98b3-802a7462707e",
        "type": "message",
        "text": "do you think it’s possible you copied\/pasted some extra characters?",
        "user": "W82UCH2EB",
        "ts": "1550166700.053900",
        "team": "T86S8GHEG",
        "user_team": "T86S8GHEG",
        "source_team": "T86S8GHEG",
        "user_profile": {
            "avatar_hash": "91f21c110d85",
            "image_72": "https:\/\/avatars.slack-edge.com\/2018-05-25\/371711110887_91f21c110d858e612f45_72.jpg",
            "first_name": "Newton",
            "real_name": "Newton Le",
            "display_name": "nle",
            "team": "T86S8GHEG",
            "name": "nle",
            "is_restricted": false,
            "is_ultra_restricted": false
        },
        "thread_ts": "1550163314.052700",
        "parent_user_id": "W813WAF3K"
    },
    {
        "client_msg_id": "2a2591ad-fcc9-4d98-9b68-c9e720d1222e",
        "type": "message",
        "text": "you can try to `cat \/var\/lib\/tss\/keys\/cverma\/airflow\/airflow-credentials.txt` to check (don’t paste it here)",
        "user": "W82UCH2EB",
        "ts": "1550166886.054100",
        "team": "T86S8GHEG",
        "user_team": "T86S8GHEG",
        "source_team": "T86S8GHEG",
        "user_profile": {
            "avatar_hash": "91f21c110d85",
            "image_72": "https:\/\/avatars.slack-edge.com\/2018-05-25\/371711110887_91f21c110d858e612f45_72.jpg",
            "first_name": "Newton",
            "real_name": "Newton Le",
            "display_name": "nle",
            "team": "T86S8GHEG",
            "name": "nle",
            "is_restricted": false,
            "is_ultra_restricted": false
        },
        "thread_ts": "1550163314.052700",
        "parent_user_id": "W813WAF3K",
        "reactions": [
            {
                "name": "wink",
                "users": [
                    "W813WAF3K"
                ],
                "count": 1
            }
        ]
    },
    {
        "client_msg_id": "e2728083-ab89-494e-95c7-1cae0d0b957e",
        "type": "message",
        "text": "but the stuff before the `:` should be your username",
        "user": "W82UCH2EB",
        "ts": "1550166895.054300",
        "team": "T86S8GHEG",
        "user_team": "T86S8GHEG",
        "source_team": "T86S8GHEG",
        "user_profile": {
            "avatar_hash": "91f21c110d85",
            "image_72": "https:\/\/avatars.slack-edge.com\/2018-05-25\/371711110887_91f21c110d858e612f45_72.jpg",
            "first_name": "Newton",
            "real_name": "Newton Le",
            "display_name": "nle",
            "team": "T86S8GHEG",
            "name": "nle",
            "is_restricted": false,
            "is_ultra_restricted": false
        },
        "thread_ts": "1550163314.052700",
        "parent_user_id": "W813WAF3K"
    },
    {
        "client_msg_id": "eb106e2f-a1e8-4e9c-b3c3-754c49be9b02",
        "type": "message",
        "text": "and it should only be something like `app.cverma.0`",
        "user": "W82UCH2EB",
        "ts": "1550166947.054500",
        "team": "T86S8GHEG",
        "user_team": "T86S8GHEG",
        "source_team": "T86S8GHEG",
        "user_profile": {
            "avatar_hash": "91f21c110d85",
            "image_72": "https:\/\/avatars.slack-edge.com\/2018-05-25\/371711110887_91f21c110d858e612f45_72.jpg",
            "first_name": "Newton",
            "real_name": "Newton Le",
            "display_name": "nle",
            "team": "T86S8GHEG",
            "name": "nle",
            "is_restricted": false,
            "is_ultra_restricted": false
        },
        "thread_ts": "1550163314.052700",
        "parent_user_id": "W813WAF3K"
    },
    {
        "client_msg_id": "c1a254c2-1e04-45e9-b8c0-11c64cbafe39",
        "type": "message",
        "text": "if it’s incorrect, you can try rerunning the init",
        "user": "W82UCH2EB",
        "ts": "1550166968.054700",
        "team": "T86S8GHEG",
        "user_team": "T86S8GHEG",
        "source_team": "T86S8GHEG",
        "user_profile": {
            "avatar_hash": "91f21c110d85",
            "image_72": "https:\/\/avatars.slack-edge.com\/2018-05-25\/371711110887_91f21c110d858e612f45_72.jpg",
            "first_name": "Newton",
            "real_name": "Newton Le",
            "display_name": "nle",
            "team": "T86S8GHEG",
            "name": "nle",
            "is_restricted": false,
            "is_ultra_restricted": false
        },
        "thread_ts": "1550163314.052700",
        "parent_user_id": "W813WAF3K"
    },
    {
        "client_msg_id": "d8fb1edc-0a7e-4775-aa28-1f27e41074fe",
        "type": "message",
        "text": "i think that's what i had provided",
        "user": "W813WAF3K",
        "ts": "1550168964.055000",
        "team": "T86S8GHEG",
        "user_team": "T86S8GHEG",
        "source_team": "T86S8GHEG",
        "user_profile": {
            "avatar_hash": "cbf851580834",
            "image_72": "https:\/\/avatars.slack-edge.com\/2018-11-21\/485508874019_cbf85158083401d5708e_72.jpg",
            "first_name": "Chetan",
            "real_name": "Chetan Verma",
            "display_name": "cverma",
            "team": "T86S8GHEG",
            "name": "cverma",
            "is_restricted": false,
            "is_ultra_restricted": false
        },
        "thread_ts": "1550163314.052700",
        "parent_user_id": "W813WAF3K"
    },
    {
        "client_msg_id": "ef72b605-3a3b-4369-be5a-2875a2eada4d",
        "type": "message",
        "text": "let me try running `mlwf init devel` again.",
        "user": "W813WAF3K",
        "ts": "1550169110.055200",
        "team": "T86S8GHEG",
        "user_team": "T86S8GHEG",
        "source_team": "T86S8GHEG",
        "user_profile": {
            "avatar_hash": "cbf851580834",
            "image_72": "https:\/\/avatars.slack-edge.com\/2018-11-21\/485508874019_cbf85158083401d5708e_72.jpg",
            "first_name": "Chetan",
            "real_name": "Chetan Verma",
            "display_name": "cverma",
            "team": "T86S8GHEG",
            "name": "cverma",
            "is_restricted": false,
            "is_ultra_restricted": false
        },
        "edited": {
            "user": "W813WAF3K",
            "ts": "1550169262.000000"
        },
        "thread_ts": "1550163314.052700",
        "parent_user_id": "W813WAF3K"
    },
    {
        "client_msg_id": "d966a21b-9a3d-4c26-8c08-c3593b02852d",
        "type": "message",
        "text": "and manually enter user name rather than copy paste it from the ui (in case i somehow copied additional characters.. seems likely but worth testing out)",
        "user": "W813WAF3K",
        "ts": "1550169158.055400",
        "team": "T86S8GHEG",
        "user_team": "T86S8GHEG",
        "source_team": "T86S8GHEG",
        "user_profile": {
            "avatar_hash": "cbf851580834",
            "image_72": "https:\/\/avatars.slack-edge.com\/2018-11-21\/485508874019_cbf85158083401d5708e_72.jpg",
            "first_name": "Chetan",
            "real_name": "Chetan Verma",
            "display_name": "cverma",
            "team": "T86S8GHEG",
            "name": "cverma",
            "is_restricted": false,
            "is_ultra_restricted": false
        },
        "thread_ts": "1550163314.052700",
        "parent_user_id": "W813WAF3K"
    },
    {
        "client_msg_id": "fe76e5b2-0c60-414d-88f0-817d09043898",
        "type": "message",
        "text": "The database password to provide during init should be the rw password, right?",
        "user": "W813WAF3K",
        "ts": "1550169221.055600",
        "team": "T86S8GHEG",
        "user_team": "T86S8GHEG",
        "source_team": "T86S8GHEG",
        "user_profile": {
            "avatar_hash": "cbf851580834",
            "image_72": "https:\/\/avatars.slack-edge.com\/2018-11-21\/485508874019_cbf85158083401d5708e_72.jpg",
            "first_name": "Chetan",
            "real_name": "Chetan Verma",
            "display_name": "cverma",
            "team": "T86S8GHEG",
            "name": "cverma",
            "is_restricted": false,
            "is_ultra_restricted": false
        },
        "thread_ts": "1550163314.052700",
        "parent_user_id": "W813WAF3K"
    },
    {
        "client_msg_id": "bc0b8296-d600-438b-ba2b-2ec2b0c97dc6",
        "type": "message",
        "text": "i think  i found the issue. i had an outdated server config json file, with incorrect database name. let me try fixing that",
        "user": "W813WAF3K",
        "ts": "1550169603.055900",
        "team": "T86S8GHEG",
        "user_team": "T86S8GHEG",
        "source_team": "T86S8GHEG",
        "user_profile": {
            "avatar_hash": "cbf851580834",
            "image_72": "https:\/\/avatars.slack-edge.com\/2018-11-21\/485508874019_cbf85158083401d5708e_72.jpg",
            "first_name": "Chetan",
            "real_name": "Chetan Verma",
            "display_name": "cverma",
            "team": "T86S8GHEG",
            "name": "cverma",
            "is_restricted": false,
            "is_ultra_restricted": false
        },
        "thread_ts": "1550163314.052700",
        "parent_user_id": "W813WAF3K"
    },
    {
        "client_msg_id": "a9e321df-03fa-4f51-be5f-714fc3b45d0f",
        "type": "message",
        "text": "ok - it started working after i fixed the error in json. :facepalm2:\nThanks for your help <@W82UCH2EB>",
        "user": "W813WAF3K",
        "ts": "1550170735.056100",
        "team": "T86S8GHEG",
        "user_team": "T86S8GHEG",
        "source_team": "T86S8GHEG",
        "user_profile": {
            "avatar_hash": "cbf851580834",
            "image_72": "https:\/\/avatars.slack-edge.com\/2018-11-21\/485508874019_cbf85158083401d5708e_72.jpg",
            "first_name": "Chetan",
            "real_name": "Chetan Verma",
            "display_name": "cverma",
            "team": "T86S8GHEG",
            "name": "cverma",
            "is_restricted": false,
            "is_ultra_restricted": false
        },
        "thread_ts": "1550163314.052700",
        "parent_user_id": "W813WAF3K"
    },
    {
        "client_msg_id": "91e8baf9-56e4-4114-96f4-2e98136f6b01",
        "type": "message",
        "text": "<@W82R1ET2T>: See `go\/diff\/274103`",
        "user": "WBQDDUDBK",
        "ts": "1550173302.056300",
        "team": "T86S8GHEG",
        "user_team": "T86S8GHEG",
        "source_team": "T86S8GHEG",
        "user_profile": {
            "avatar_hash": "7ec6eb5aa7c2",
            "image_72": "https:\/\/avatars.slack-edge.com\/2019-10-01\/767169248802_7ec6eb5aa7c24a04802b_72.jpg",
            "first_name": "Jonathan",
            "real_name": "Jonathan Jin",
            "display_name": "jonathanj",
            "team": "T86S8GHEG",
            "name": "jonathanj",
            "is_restricted": false,
            "is_ultra_restricted": false
        },
        "thread_ts": "1550085556.030500",
        "parent_user_id": "WBQDDUDBK"
    },
    {
        "client_msg_id": "3ef8a0a2-6eee-487a-abe3-6014c6b2779c",
        "type": "message",
        "text": "(Also, had no idea that go-link existed, but I kinda dig it)",
        "user": "WBQDDUDBK",
        "ts": "1550173316.056500",
        "team": "T86S8GHEG",
        "user_team": "T86S8GHEG",
        "source_team": "T86S8GHEG",
        "user_profile": {
            "avatar_hash": "7ec6eb5aa7c2",
            "image_72": "https:\/\/avatars.slack-edge.com\/2019-10-01\/767169248802_7ec6eb5aa7c24a04802b_72.jpg",
            "first_name": "Jonathan",
            "real_name": "Jonathan Jin",
            "display_name": "jonathanj",
            "team": "T86S8GHEG",
            "name": "jonathanj",
            "is_restricted": false,
            "is_ultra_restricted": false
        },
        "thread_ts": "1550085556.030500",
        "parent_user_id": "WBQDDUDBK"
    },
    {
        "client_msg_id": "bd28d924-61f8-4e72-8b5a-7722408ad660",
        "type": "message",
        "text": ":thumbsup::skin-tone-3:",
        "user": "W82UCH2EB",
        "ts": "1550173470.056800",
        "team": "T86S8GHEG",
        "user_team": "T86S8GHEG",
        "source_team": "T86S8GHEG",
        "user_profile": {
            "avatar_hash": "91f21c110d85",
            "image_72": "https:\/\/avatars.slack-edge.com\/2018-05-25\/371711110887_91f21c110d858e612f45_72.jpg",
            "first_name": "Newton",
            "real_name": "Newton Le",
            "display_name": "nle",
            "team": "T86S8GHEG",
            "name": "nle",
            "is_restricted": false,
            "is_ultra_restricted": false
        },
        "thread_ts": "1550163314.052700",
        "parent_user_id": "W813WAF3K"
    },
    {
        "client_msg_id": "d830e905-10fa-4bfe-89ff-2d89c4056f44",
        "type": "message",
        "text": "thanks ! i don't have the ownership but :shipit1: !",
        "user": "W82R1ET2T",
        "ts": "1550173551.057000",
        "team": "T86S8GHEG",
        "user_team": "T86S8GHEG",
        "source_team": "T86S8GHEG",
        "user_profile": {
            "avatar_hash": "bc0dff931ac3",
            "image_72": "https:\/\/avatars.slack-edge.com\/2017-12-01\/281526001366_bc0dff931ac325f4e3a2_72.jpg",
            "first_name": "Ikuhiro",
            "real_name": "Ikuhiro Ihara",
            "display_name": "iihara",
            "team": "T86S8GHEG",
            "name": "iihara",
            "is_restricted": false,
            "is_ultra_restricted": false
        },
        "thread_ts": "1550085556.030500",
        "parent_user_id": "WBQDDUDBK"
    },
    {
        "client_msg_id": "bfb0e327-f76c-4eb6-aa12-3ee9ccd55d58",
        "type": "message",
        "text": "Hi, <@W89H645FB>: Phab for review. <https:\/\/phabricator.twitter.biz\/D269748>",
        "user": "W81P6Q3HB",
        "ts": "1550188185.057500",
        "team": "T86S8GHEG",
        "user_team": "T86S8GHEG",
        "source_team": "T86S8GHEG",
        "user_profile": {
            "avatar_hash": "33ca23099495",
            "image_72": "https:\/\/avatars.slack-edge.com\/2018-03-01\/322806966228_33ca23099495fa5d481b_72.jpg",
            "first_name": "Debpriya",
            "real_name": "Debpriya Seal",
            "display_name": "dseal",
            "team": "T86S8GHEG",
            "name": "dseal",
            "is_restricted": false,
            "is_ultra_restricted": false
        },
        "reactions": [
            {
                "name": "eyes",
                "users": [
                    "W82UCH2EB"
                ],
                "count": 1
            }
        ]
    },
    {
        "bot_id": "B8A47HZCL",
        "type": "message",
        "text": "cc\/ <@W82UCH2EB> <@W81EYMXMZ>",
        "user": "W89H645FB",
        "ts": "1550188186.057600",
        "team": "T86S8GHEG",
        "bot_profile": {
            "id": "B8A47HZCL",
            "deleted": false,
            "name": "bot",
            "updated": 1512499948,
            "app_id": "A0F7YS25R",
            "icons": {
                "image_36": "https:\/\/a.slack-edge.com\/80588\/img\/services\/bots_36.png",
                "image_48": "https:\/\/a.slack-edge.com\/80588\/img\/plugins\/bot\/service_48.png",
                "image_72": "https:\/\/a.slack-edge.com\/80588\/img\/services\/bots_72.png"
            },
            "team_id": "T86S8GHEG"
        },
        "attachments": [
            {
                "author_name": "Debpriya Seal",
                "text": "Hi, : Phab for review. <https:\/\/phabricator.twitter.biz\/D269748>",
                "id": 1,
                "author_icon": "https:\/\/avatars.slack-edge.com\/2018-03-01\/322806966228_33ca23099495fa5d481b_72.jpg",
                "fallback": "Hi, : Phab for review. <https:\/\/phabricator.twitter.biz\/D269748>"
            }
        ]
    }
]