[
    {
        "client_msg_id": "4f09bd2b-e6e4-4678-8b36-6810d37d397d",
        "type": "message",
        "text": "should be able to copy\/paste for the core click handler - and reuse via imports where possible?",
        "user": "W81LU64GJ",
        "ts": "1546938764.072400",
        "team": "T86S8GHEG",
        "user_team": "T86S8GHEG",
        "source_team": "T86S8GHEG",
        "user_profile": {
            "avatar_hash": "51c80845c55f",
            "image_72": "https:\/\/avatars.slack-edge.com\/2019-03-06\/569423098722_51c80845c55f7f5fb696_72.jpg",
            "first_name": "Kris",
            "real_name": "Kris Wilson",
            "display_name": "kwilson",
            "team": "T86S8GHEG",
            "name": "kwilson",
            "is_restricted": false,
            "is_ultra_restricted": false
        },
        "thread_ts": "1546906614.071000",
        "parent_user_id": "WCX30BY3W"
    },
    {
        "client_msg_id": "76cd68e4-4559-4cad-8bd0-d8520fd09f54",
        "type": "message",
        "text": "I’m not 100% of your use-case, but I would consider instead tweaking # of retries and set email_on_failure = True (with email being your pagerduty email).",
        "user": "WB8SBCKK6",
        "ts": "1546960539.072600",
        "team": "T86S8GHEG",
        "user_team": "T86S8GHEG",
        "source_team": "T86S8GHEG",
        "user_profile": {
            "avatar_hash": "587934c01ef2",
            "image_72": "https:\/\/avatars.slack-edge.com\/2018-07-10\/397596768390_587934c01ef2d7cf137b_72.jpg",
            "first_name": "Dan",
            "real_name": "Dan Davydov",
            "display_name": "ddavydov",
            "team": "T86S8GHEG",
            "name": "ddavydov",
            "is_restricted": false,
            "is_ultra_restricted": false
        },
        "thread_ts": "1546906614.071000",
        "parent_user_id": "WCX30BY3W"
    },
    {
        "client_msg_id": "05b201b7-f246-4839-8981-6f4f69a8acb3",
        "type": "message",
        "text": "(specifically regarding DAG run success rates)",
        "user": "WB8SBCKK6",
        "ts": "1546960547.072800",
        "team": "T86S8GHEG",
        "user_team": "T86S8GHEG",
        "source_team": "T86S8GHEG",
        "user_profile": {
            "avatar_hash": "587934c01ef2",
            "image_72": "https:\/\/avatars.slack-edge.com\/2018-07-10\/397596768390_587934c01ef2d7cf137b_72.jpg",
            "first_name": "Dan",
            "real_name": "Dan Davydov",
            "display_name": "ddavydov",
            "team": "T86S8GHEG",
            "name": "ddavydov",
            "is_restricted": false,
            "is_ultra_restricted": false
        },
        "edited": {
            "user": "WB8SBCKK6",
            "ts": "1546960552.000000"
        },
        "thread_ts": "1546906614.071000",
        "parent_user_id": "WCX30BY3W"
    },
    {
        "client_msg_id": "ad25402c-d20f-4515-9a10-e6e018f5e20e",
        "type": "message",
        "text": "<@WB8SBCKK6> not sure if I got this correctly but i think you’re saying that failure emails should be sufficient for monitoring?",
        "user": "WCX30BY3W",
        "ts": "1546971428.073100",
        "team": "T86S8GHEG",
        "user_team": "T86S8GHEG",
        "source_team": "T86S8GHEG",
        "user_profile": {
            "avatar_hash": "gfa7fca9566c",
            "image_72": "https:\/\/secure.gravatar.com\/avatar\/afa7fca9566cb1cf179c7448d3c12491.jpg?s=72&d=https%3A%2F%2Fa.slack-edge.com%2Fdf10d%2Fimg%2Favatars%2Fava_0010-72.png",
            "first_name": "Tim",
            "real_name": "Tim Hsu",
            "display_name": "timh",
            "team": "T86S8GHEG",
            "name": "timh",
            "is_restricted": false,
            "is_ultra_restricted": false
        },
        "thread_ts": "1546906614.071000",
        "parent_user_id": "WCX30BY3W"
    },
    {
        "client_msg_id": "10e25c63-6298-42ad-94c9-694ff2a8e6d8",
        "type": "message",
        "text": "correct, would need to hear your use case but generally the failure emails are sufficient",
        "user": "WB8SBCKK6",
        "ts": "1546971468.073300",
        "team": "T86S8GHEG",
        "user_team": "T86S8GHEG",
        "source_team": "T86S8GHEG",
        "user_profile": {
            "avatar_hash": "587934c01ef2",
            "image_72": "https:\/\/avatars.slack-edge.com\/2018-07-10\/397596768390_587934c01ef2d7cf137b_72.jpg",
            "first_name": "Dan",
            "real_name": "Dan Davydov",
            "display_name": "ddavydov",
            "team": "T86S8GHEG",
            "name": "ddavydov",
            "is_restricted": false,
            "is_ultra_restricted": false
        },
        "thread_ts": "1546906614.071000",
        "parent_user_id": "WCX30BY3W"
    },
    {
        "client_msg_id": "1e2ff953-514a-4343-888b-a382c7b472d3",
        "type": "message",
        "text": "reason I wanted to use MonAlerts is 1) more standard for our team; 2) one failure in our DAG wouldn’t be exactly critical, but it would be if for example all DAG runs in the past 24 hours fail, therefore in this case we would want to send out alert if all failed in the past 24 hours",
        "user": "WCX30BY3W",
        "ts": "1546971570.073500",
        "team": "T86S8GHEG",
        "user_team": "T86S8GHEG",
        "source_team": "T86S8GHEG",
        "user_profile": {
            "avatar_hash": "gfa7fca9566c",
            "image_72": "https:\/\/secure.gravatar.com\/avatar\/afa7fca9566cb1cf179c7448d3c12491.jpg?s=72&d=https%3A%2F%2Fa.slack-edge.com%2Fdf10d%2Fimg%2Favatars%2Fava_0010-72.png",
            "first_name": "Tim",
            "real_name": "Tim Hsu",
            "display_name": "timh",
            "team": "T86S8GHEG",
            "name": "timh",
            "is_restricted": false,
            "is_ultra_restricted": false
        },
        "thread_ts": "1546906614.071000",
        "parent_user_id": "WCX30BY3W"
    },
    {
        "client_msg_id": "701f75cb-4fc6-460f-b319-7e8261a5342c",
        "type": "message",
        "text": "Wouldn’t retries handle the case if all failed in past 24 hours?",
        "user": "WB8SBCKK6",
        "ts": "1546971632.073700",
        "team": "T86S8GHEG",
        "user_team": "T86S8GHEG",
        "source_team": "T86S8GHEG",
        "user_profile": {
            "avatar_hash": "587934c01ef2",
            "image_72": "https:\/\/avatars.slack-edge.com\/2018-07-10\/397596768390_587934c01ef2d7cf137b_72.jpg",
            "first_name": "Dan",
            "real_name": "Dan Davydov",
            "display_name": "ddavydov",
            "team": "T86S8GHEG",
            "name": "ddavydov",
            "is_restricted": false,
            "is_ultra_restricted": false
        },
        "thread_ts": "1546906614.071000",
        "parent_user_id": "WCX30BY3W"
    },
    {
        "client_msg_id": "7a505300-49bf-4f22-9425-0164caa2f5a8",
        "type": "message",
        "text": "you can add things like exponential backoff etc, and can make it so that it would only alert after 24 hours of failures",
        "user": "WB8SBCKK6",
        "ts": "1546971654.073900",
        "team": "T86S8GHEG",
        "user_team": "T86S8GHEG",
        "source_team": "T86S8GHEG",
        "user_profile": {
            "avatar_hash": "587934c01ef2",
            "image_72": "https:\/\/avatars.slack-edge.com\/2018-07-10\/397596768390_587934c01ef2d7cf137b_72.jpg",
            "first_name": "Dan",
            "real_name": "Dan Davydov",
            "display_name": "ddavydov",
            "team": "T86S8GHEG",
            "name": "ddavydov",
            "is_restricted": false,
            "is_ultra_restricted": false
        },
        "thread_ts": "1546906614.071000",
        "parent_user_id": "WCX30BY3W"
    },
    {
        "client_msg_id": "426af281-4e37-4393-8a8b-04ea754f73fd",
        "type": "message",
        "text": "i thought retries are only on the operator level, no?",
        "user": "WCX30BY3W",
        "ts": "1546971688.074100",
        "team": "T86S8GHEG",
        "user_team": "T86S8GHEG",
        "source_team": "T86S8GHEG",
        "user_profile": {
            "avatar_hash": "gfa7fca9566c",
            "image_72": "https:\/\/secure.gravatar.com\/avatar\/afa7fca9566cb1cf179c7448d3c12491.jpg?s=72&d=https%3A%2F%2Fa.slack-edge.com%2Fdf10d%2Fimg%2Favatars%2Fava_0010-72.png",
            "first_name": "Tim",
            "real_name": "Tim Hsu",
            "display_name": "timh",
            "team": "T86S8GHEG",
            "name": "timh",
            "is_restricted": false,
            "is_ultra_restricted": false
        },
        "thread_ts": "1546906614.071000",
        "parent_user_id": "WCX30BY3W"
    },
    {
        "client_msg_id": "b466bb0f-6311-4928-af75-bf74d7bd37ad",
        "type": "message",
        "text": "also, can failure emails be integrated w\/ pagerduty?",
        "user": "WCX30BY3W",
        "ts": "1546971710.074300",
        "team": "T86S8GHEG",
        "user_team": "T86S8GHEG",
        "source_team": "T86S8GHEG",
        "user_profile": {
            "avatar_hash": "gfa7fca9566c",
            "image_72": "https:\/\/secure.gravatar.com\/avatar\/afa7fca9566cb1cf179c7448d3c12491.jpg?s=72&d=https%3A%2F%2Fa.slack-edge.com%2Fdf10d%2Fimg%2Favatars%2Fava_0010-72.png",
            "first_name": "Tim",
            "real_name": "Tim Hsu",
            "display_name": "timh",
            "team": "T86S8GHEG",
            "name": "timh",
            "is_restricted": false,
            "is_ultra_restricted": false
        },
        "thread_ts": "1546906614.071000",
        "parent_user_id": "WCX30BY3W"
    },
    {
        "client_msg_id": "ad7fe3b9-a551-48b7-ad31-4621c21ac814",
        "type": "message",
        "text": "you can add retries to default_args so that it applies to all operators in a dag. Pager duty works off emails so it can definitely be integrated.",
        "user": "WB8SBCKK6",
        "ts": "1546971763.074500",
        "team": "T86S8GHEG",
        "user_team": "T86S8GHEG",
        "source_team": "T86S8GHEG",
        "user_profile": {
            "avatar_hash": "587934c01ef2",
            "image_72": "https:\/\/avatars.slack-edge.com\/2018-07-10\/397596768390_587934c01ef2d7cf137b_72.jpg",
            "first_name": "Dan",
            "real_name": "Dan Davydov",
            "display_name": "ddavydov",
            "team": "T86S8GHEG",
            "name": "ddavydov",
            "is_restricted": false,
            "is_ultra_restricted": false
        },
        "thread_ts": "1546906614.071000",
        "parent_user_id": "WCX30BY3W"
    },
    {
        "client_msg_id": "1e0958ea-4657-4d0d-82d9-8ea90e71fcde",
        "type": "message",
        "text": "Note that there are definitely some trade-offs here, I spoke with Briacc earlier about this, I think we need a way for dagruns to send failure emails, not just tasks.",
        "user": "WB8SBCKK6",
        "ts": "1546971842.074700",
        "team": "T86S8GHEG",
        "user_team": "T86S8GHEG",
        "source_team": "T86S8GHEG",
        "user_profile": {
            "avatar_hash": "587934c01ef2",
            "image_72": "https:\/\/avatars.slack-edge.com\/2018-07-10\/397596768390_587934c01ef2d7cf137b_72.jpg",
            "first_name": "Dan",
            "real_name": "Dan Davydov",
            "display_name": "ddavydov",
            "team": "T86S8GHEG",
            "name": "ddavydov",
            "is_restricted": false,
            "is_ultra_restricted": false
        },
        "thread_ts": "1546906614.071000",
        "parent_user_id": "WCX30BY3W"
    },
    {
        "client_msg_id": "e271165a-1c36-4914-a2b5-362ed8cb5b5c",
        "type": "message",
        "text": "But I would try to use either the SLA feature in Airflow or task failure emails to stick with the standard solutions and not have to roll something custom unless you see enough value in it.",
        "user": "WB8SBCKK6",
        "ts": "1546971914.074900",
        "team": "T86S8GHEG",
        "user_team": "T86S8GHEG",
        "source_team": "T86S8GHEG",
        "user_profile": {
            "avatar_hash": "587934c01ef2",
            "image_72": "https:\/\/avatars.slack-edge.com\/2018-07-10\/397596768390_587934c01ef2d7cf137b_72.jpg",
            "first_name": "Dan",
            "real_name": "Dan Davydov",
            "display_name": "ddavydov",
            "team": "T86S8GHEG",
            "name": "ddavydov",
            "is_restricted": false,
            "is_ultra_restricted": false
        },
        "thread_ts": "1546906614.071000",
        "parent_user_id": "WCX30BY3W"
    },
    {
        "client_msg_id": "c118c781-bc92-4024-a0b2-dc0b3137cd78",
        "type": "message",
        "text": "okay, let me think about this more, thanks as always Dan",
        "user": "WCX30BY3W",
        "ts": "1546975023.075100",
        "team": "T86S8GHEG",
        "user_team": "T86S8GHEG",
        "source_team": "T86S8GHEG",
        "user_profile": {
            "avatar_hash": "gfa7fca9566c",
            "image_72": "https:\/\/secure.gravatar.com\/avatar\/afa7fca9566cb1cf179c7448d3c12491.jpg?s=72&d=https%3A%2F%2Fa.slack-edge.com%2Fdf10d%2Fimg%2Favatars%2Fava_0010-72.png",
            "first_name": "Tim",
            "real_name": "Tim Hsu",
            "display_name": "timh",
            "team": "T86S8GHEG",
            "name": "timh",
            "is_restricted": false,
            "is_ultra_restricted": false
        },
        "thread_ts": "1546906614.071000",
        "parent_user_id": "WCX30BY3W"
    },
    {
        "client_msg_id": "62067c37-4037-4c72-ae23-980bd52d506c",
        "type": "message",
        "text": "btw, do you know how other teams are managing the monitoring of airflow tasks?",
        "user": "WCX30BY3W",
        "ts": "1546975038.075300",
        "team": "T86S8GHEG",
        "user_team": "T86S8GHEG",
        "source_team": "T86S8GHEG",
        "user_profile": {
            "avatar_hash": "gfa7fca9566c",
            "image_72": "https:\/\/secure.gravatar.com\/avatar\/afa7fca9566cb1cf179c7448d3c12491.jpg?s=72&d=https%3A%2F%2Fa.slack-edge.com%2Fdf10d%2Fimg%2Favatars%2Fava_0010-72.png",
            "first_name": "Tim",
            "real_name": "Tim Hsu",
            "display_name": "timh",
            "team": "T86S8GHEG",
            "name": "timh",
            "is_restricted": false,
            "is_ultra_restricted": false
        },
        "thread_ts": "1546906614.071000",
        "parent_user_id": "WCX30BY3W"
    },
    {
        "client_msg_id": "c1f75108-85ab-4a41-b2e1-bee6adfc16cf",
        "type": "message",
        "text": "@ bmarcatte would be a good person to ask, but typically I’ve seen pager-duty based solutions at other companies. If you generate some artifact for each run you can also set up some job to check when the latest artifact was generated and alert if it has been too long (this job can e.g. be set up in Airflow).",
        "user": "WB8SBCKK6",
        "ts": "1546976536.075500",
        "team": "T86S8GHEG",
        "user_team": "T86S8GHEG",
        "source_team": "T86S8GHEG",
        "user_profile": {
            "avatar_hash": "587934c01ef2",
            "image_72": "https:\/\/avatars.slack-edge.com\/2018-07-10\/397596768390_587934c01ef2d7cf137b_72.jpg",
            "first_name": "Dan",
            "real_name": "Dan Davydov",
            "display_name": "ddavydov",
            "team": "T86S8GHEG",
            "name": "ddavydov",
            "is_restricted": false,
            "is_ultra_restricted": false
        },
        "edited": {
            "user": "WB8SBCKK6",
            "ts": "1546976541.000000"
        },
        "thread_ts": "1546906614.071000",
        "parent_user_id": "WCX30BY3W",
        "reactions": [
            {
                "name": "thankyou",
                "users": [
                    "WCX30BY3W"
                ],
                "count": 1
            }
        ]
    },
    {
        "client_msg_id": "c56d8255-5b00-4413-b44b-b73fa2883ddf",
        "type": "message",
        "text": "Hello, I would appreciate a review for the following phab: <https:\/\/phabricator.twitter.biz\/D252834>",
        "user": "WCREHULA2",
        "ts": "1546982686.076700",
        "team": "T86S8GHEG",
        "user_team": "T86S8GHEG",
        "source_team": "T86S8GHEG",
        "user_profile": {
            "avatar_hash": "g048b95c54e2",
            "image_72": "https:\/\/secure.gravatar.com\/avatar\/f048b95c54e2b43fcd139c829c6dd9c0.jpg?s=72&d=https%3A%2F%2Fa.slack-edge.com%2Fdf10d%2Fimg%2Favatars%2Fava_0020-72.png",
            "first_name": "Shamanth",
            "real_name": "Shamanth Kumar",
            "display_name": "shamanthk",
            "team": "T86S8GHEG",
            "name": "shamanthk",
            "is_restricted": false,
            "is_ultra_restricted": false
        },
        "reactions": [
            {
                "name": "eyes",
                "users": [
                    "W81LU64GJ"
                ],
                "count": 1
            },
            {
                "name": "ship-it",
                "users": [
                    "W81LU64GJ"
                ],
                "count": 1
            }
        ]
    }
]