[
    {
        "type": "message",
        "text": "Hi, I was able to successfully, host the airlfow instance, however DAG Constr page is giving me below error",
        "files": [
            {
                "id": "FM8PW1XK7",
                "created": 1565495686,
                "timestamp": 1565495686,
                "name": "Screen Shot 2019-08-10 at 8.53.02 PM.png",
                "title": "Screen Shot 2019-08-10 at 8.53.02 PM.png",
                "mimetype": "image\/png",
                "filetype": "png",
                "pretty_type": "PNG",
                "user": "W81P6Q3HB",
                "editable": false,
                "size": 139514,
                "mode": "hosted",
                "is_external": false,
                "external_type": "",
                "is_public": true,
                "public_url_shared": false,
                "display_as_bot": false,
                "username": "",
                "url_private": "https:\/\/files.slack.com\/files-pri\/T7U3XVBLP-FM8PW1XK7\/screen_shot_2019-08-10_at_8.53.02_pm.png?t=xoxe-278892561492-1005149783089-1017423836678-e1e14aa1789ddce7f4decc622097bda8",
                "url_private_download": "https:\/\/files.slack.com\/files-pri\/T7U3XVBLP-FM8PW1XK7\/download\/screen_shot_2019-08-10_at_8.53.02_pm.png?t=xoxe-278892561492-1005149783089-1017423836678-e1e14aa1789ddce7f4decc622097bda8",
                "thumb_64": "https:\/\/files.slack.com\/files-tmb\/T7U3XVBLP-FM8PW1XK7-27f7676450\/screen_shot_2019-08-10_at_8.53.02_pm_64.png?t=xoxe-278892561492-1005149783089-1017423836678-e1e14aa1789ddce7f4decc622097bda8",
                "thumb_80": "https:\/\/files.slack.com\/files-tmb\/T7U3XVBLP-FM8PW1XK7-27f7676450\/screen_shot_2019-08-10_at_8.53.02_pm_80.png?t=xoxe-278892561492-1005149783089-1017423836678-e1e14aa1789ddce7f4decc622097bda8",
                "thumb_360": "https:\/\/files.slack.com\/files-tmb\/T7U3XVBLP-FM8PW1XK7-27f7676450\/screen_shot_2019-08-10_at_8.53.02_pm_360.png?t=xoxe-278892561492-1005149783089-1017423836678-e1e14aa1789ddce7f4decc622097bda8",
                "thumb_360_w": 360,
                "thumb_360_h": 61,
                "thumb_480": "https:\/\/files.slack.com\/files-tmb\/T7U3XVBLP-FM8PW1XK7-27f7676450\/screen_shot_2019-08-10_at_8.53.02_pm_480.png?t=xoxe-278892561492-1005149783089-1017423836678-e1e14aa1789ddce7f4decc622097bda8",
                "thumb_480_w": 480,
                "thumb_480_h": 82,
                "thumb_160": "https:\/\/files.slack.com\/files-tmb\/T7U3XVBLP-FM8PW1XK7-27f7676450\/screen_shot_2019-08-10_at_8.53.02_pm_160.png?t=xoxe-278892561492-1005149783089-1017423836678-e1e14aa1789ddce7f4decc622097bda8",
                "thumb_720": "https:\/\/files.slack.com\/files-tmb\/T7U3XVBLP-FM8PW1XK7-27f7676450\/screen_shot_2019-08-10_at_8.53.02_pm_720.png?t=xoxe-278892561492-1005149783089-1017423836678-e1e14aa1789ddce7f4decc622097bda8",
                "thumb_720_w": 720,
                "thumb_720_h": 123,
                "thumb_800": "https:\/\/files.slack.com\/files-tmb\/T7U3XVBLP-FM8PW1XK7-27f7676450\/screen_shot_2019-08-10_at_8.53.02_pm_800.png?t=xoxe-278892561492-1005149783089-1017423836678-e1e14aa1789ddce7f4decc622097bda8",
                "thumb_800_w": 800,
                "thumb_800_h": 137,
                "thumb_960": "https:\/\/files.slack.com\/files-tmb\/T7U3XVBLP-FM8PW1XK7-27f7676450\/screen_shot_2019-08-10_at_8.53.02_pm_960.png?t=xoxe-278892561492-1005149783089-1017423836678-e1e14aa1789ddce7f4decc622097bda8",
                "thumb_960_w": 960,
                "thumb_960_h": 164,
                "thumb_1024": "https:\/\/files.slack.com\/files-tmb\/T7U3XVBLP-FM8PW1XK7-27f7676450\/screen_shot_2019-08-10_at_8.53.02_pm_1024.png?t=xoxe-278892561492-1005149783089-1017423836678-e1e14aa1789ddce7f4decc622097bda8",
                "thumb_1024_w": 1024,
                "thumb_1024_h": 175,
                "image_exif_rotation": 1,
                "original_w": 2624,
                "original_h": 448,
                "permalink": "https:\/\/twitter.enterprise.slack.com\/files\/W81P6Q3HB\/FM8PW1XK7\/screen_shot_2019-08-10_at_8.53.02_pm.png",
                "permalink_public": "https:\/\/slack-files.com\/T7U3XVBLP-FM8PW1XK7-9f12fae373",
                "is_starred": false,
                "has_rich_preview": false
            }
        ],
        "upload": true,
        "user": "W81P6Q3HB",
        "display_as_bot": false,
        "ts": "1565495689.304600",
        "client_msg_id": "c745d974-91f3-4120-b03d-f3383d0bf7d2",
        "thread_ts": "1565495689.304600",
        "reply_count": 51,
        "reply_users_count": 2,
        "latest_reply": "1565645454.331000",
        "reply_users": [
            "W81P6Q3HB",
            "W831QSCAK"
        ],
        "replies": [
            {
                "user": "W81P6Q3HB",
                "ts": "1565495695.304900"
            },
            {
                "user": "W81P6Q3HB",
                "ts": "1565495713.305100"
            },
            {
                "user": "W831QSCAK",
                "ts": "1565630287.309300"
            },
            {
                "user": "W831QSCAK",
                "ts": "1565630298.309500"
            },
            {
                "user": "W831QSCAK",
                "ts": "1565630550.309800"
            },
            {
                "user": "W831QSCAK",
                "ts": "1565630561.310000"
            },
            {
                "user": "W81P6Q3HB",
                "ts": "1565630568.310200"
            },
            {
                "user": "W81P6Q3HB",
                "ts": "1565630626.310400"
            },
            {
                "user": "W831QSCAK",
                "ts": "1565630658.310600"
            },
            {
                "user": "W831QSCAK",
                "ts": "1565630663.310800"
            },
            {
                "user": "W831QSCAK",
                "ts": "1565630677.311000"
            },
            {
                "user": "W81P6Q3HB",
                "ts": "1565630742.311400"
            },
            {
                "user": "W81P6Q3HB",
                "ts": "1565630757.311800"
            },
            {
                "user": "W831QSCAK",
                "ts": "1565630775.312100"
            },
            {
                "user": "W831QSCAK",
                "ts": "1565630957.312300"
            },
            {
                "user": "W831QSCAK",
                "ts": "1565630984.312500"
            },
            {
                "user": "W81P6Q3HB",
                "ts": "1565631016.312700"
            },
            {
                "user": "W831QSCAK",
                "ts": "1565631024.312900"
            },
            {
                "user": "W81P6Q3HB",
                "ts": "1565631032.313100"
            },
            {
                "user": "W81P6Q3HB",
                "ts": "1565631087.313300"
            },
            {
                "user": "W81P6Q3HB",
                "ts": "1565635726.315100"
            },
            {
                "user": "W831QSCAK",
                "ts": "1565635757.315900"
            },
            {
                "user": "W81P6Q3HB",
                "ts": "1565635771.316100"
            },
            {
                "user": "W81P6Q3HB",
                "ts": "1565635781.316300"
            },
            {
                "user": "W831QSCAK",
                "ts": "1565635787.316700"
            },
            {
                "user": "W81P6Q3HB",
                "ts": "1565635793.316900"
            },
            {
                "user": "W81P6Q3HB",
                "ts": "1565635828.317100"
            },
            {
                "user": "W81P6Q3HB",
                "ts": "1565635836.317300"
            },
            {
                "user": "W81P6Q3HB",
                "ts": "1565635864.318100"
            },
            {
                "user": "W831QSCAK",
                "ts": "1565635872.318300"
            },
            {
                "user": "W831QSCAK",
                "ts": "1565635878.318700"
            },
            {
                "user": "W81P6Q3HB",
                "ts": "1565635883.318900"
            },
            {
                "user": "W831QSCAK",
                "ts": "1565638779.319800"
            },
            {
                "user": "W831QSCAK",
                "ts": "1565638783.320000"
            },
            {
                "user": "W831QSCAK",
                "ts": "1565638788.320200"
            },
            {
                "user": "W81P6Q3HB",
                "ts": "1565640698.325300"
            },
            {
                "user": "W81P6Q3HB",
                "ts": "1565640713.325500"
            },
            {
                "user": "W81P6Q3HB",
                "ts": "1565640716.325700"
            },
            {
                "user": "W831QSCAK",
                "ts": "1565640837.325900"
            },
            {
                "user": "W81P6Q3HB",
                "ts": "1565640888.326100"
            },
            {
                "user": "W81P6Q3HB",
                "ts": "1565640903.326400"
            },
            {
                "user": "W81P6Q3HB",
                "ts": "1565641656.326900"
            },
            {
                "user": "W831QSCAK",
                "ts": "1565641897.327700"
            },
            {
                "user": "W81P6Q3HB",
                "ts": "1565641952.327900"
            },
            {
                "user": "W81P6Q3HB",
                "ts": "1565641957.328100"
            },
            {
                "user": "W81P6Q3HB",
                "ts": "1565641961.328300"
            },
            {
                "user": "W81P6Q3HB",
                "ts": "1565645427.330200"
            },
            {
                "user": "W81P6Q3HB",
                "ts": "1565645427.330400"
            },
            {
                "user": "W81P6Q3HB",
                "ts": "1565645443.330600"
            },
            {
                "user": "W81P6Q3HB",
                "ts": "1565645444.330800"
            },
            {
                "user": "W831QSCAK",
                "ts": "1565645454.331000"
            }
        ],
        "subscribed": false
    },
    {
        "client_msg_id": "7df8d1ae-e339-4da3-bf09-724eb4a24f2e",
        "type": "message",
        "text": "<http:\/\/airflow--prod--frigate.service.smf1.twitter.biz\/admin\/>",
        "user": "W81P6Q3HB",
        "ts": "1565495695.304900",
        "team": "T86S8GHEG",
        "user_team": "T86S8GHEG",
        "source_team": "T86S8GHEG",
        "user_profile": {
            "avatar_hash": "33ca23099495",
            "image_72": "https:\/\/avatars.slack-edge.com\/2018-03-01\/322806966228_33ca23099495fa5d481b_72.jpg",
            "first_name": "Debpriya",
            "real_name": "Debpriya Seal",
            "display_name": "dseal",
            "team": "T86S8GHEG",
            "name": "dseal",
            "is_restricted": false,
            "is_ultra_restricted": false
        },
        "thread_ts": "1565495689.304600",
        "parent_user_id": "W81P6Q3HB"
    },
    {
        "client_msg_id": "e514ca68-4992-4306-a4d9-349e113c9345",
        "type": "message",
        "text": "<https:\/\/cgit.twitter.biz\/source\/tree\/airflow\/server_role_configs\/frigate.json>",
        "user": "W81P6Q3HB",
        "ts": "1565495713.305100",
        "team": "T86S8GHEG",
        "user_team": "T86S8GHEG",
        "source_team": "T86S8GHEG",
        "user_profile": {
            "avatar_hash": "33ca23099495",
            "image_72": "https:\/\/avatars.slack-edge.com\/2018-03-01\/322806966228_33ca23099495fa5d481b_72.jpg",
            "first_name": "Debpriya",
            "real_name": "Debpriya Seal",
            "display_name": "dseal",
            "team": "T86S8GHEG",
            "name": "dseal",
            "is_restricted": false,
            "is_ultra_restricted": false
        },
        "thread_ts": "1565495689.304600",
        "parent_user_id": "W81P6Q3HB"
    }
]