[
    {
        "client_msg_id": "9d4d1fba-2b33-4304-8f7c-a075ce579124",
        "type": "message",
        "text": "Hi workflow experts, I am trying to redeploy our workflow with this command: mlwf run server aurora --role frigate-xgboost",
        "user": "W81LSK3EW",
        "ts": "1578696867.050400",
        "team": "T86S8GHEG",
        "user_team": "T86S8GHEG",
        "source_team": "T86S8GHEG",
        "user_profile": {
            "avatar_hash": "gabbc0f1e3e8",
            "image_72": "https:\/\/secure.gravatar.com\/avatar\/1abbc0f1e3e8941f4f15a55c590b5289.jpg?s=72&d=https%3A%2F%2Fa.slack-edge.com%2Fdf10d%2Fimg%2Favatars%2Fava_0009-72.png",
            "first_name": "Lilong",
            "real_name": "Lilong Jiang",
            "display_name": "lilongj",
            "team": "T86S8GHEG",
            "name": "lilongj",
            "is_restricted": false,
            "is_ultra_restricted": false
        },
        "blocks": [
            {
                "type": "rich_text",
                "block_id": "Hwp",
                "elements": [
                    {
                        "type": "rich_text_section",
                        "elements": [
                            {
                                "type": "text",
                                "text": "Hi workflow experts, I am trying to redeploy our workflow with this command: mlwf run server aurora --role frigate-xgboost"
                            }
                        ]
                    }
                ]
            }
        ]
    },
    {
        "client_msg_id": "913232fe-de39-4706-a4bf-01aefcbbd47e",
        "type": "message",
        "text": "But I encountered one error: ERROR: Could not satisfy all requirements for PyMySQL==0.9.3:\n  PyMySQL==0.9.3",
        "user": "W81LSK3EW",
        "ts": "1578696879.050700",
        "team": "T86S8GHEG",
        "user_team": "T86S8GHEG",
        "source_team": "T86S8GHEG",
        "user_profile": {
            "avatar_hash": "gabbc0f1e3e8",
            "image_72": "https:\/\/secure.gravatar.com\/avatar\/1abbc0f1e3e8941f4f15a55c590b5289.jpg?s=72&d=https%3A%2F%2Fa.slack-edge.com%2Fdf10d%2Fimg%2Favatars%2Fava_0009-72.png",
            "first_name": "Lilong",
            "real_name": "Lilong Jiang",
            "display_name": "lilongj",
            "team": "T86S8GHEG",
            "name": "lilongj",
            "is_restricted": false,
            "is_ultra_restricted": false
        },
        "blocks": [
            {
                "type": "rich_text",
                "block_id": "r=va",
                "elements": [
                    {
                        "type": "rich_text_section",
                        "elements": [
                            {
                                "type": "text",
                                "text": "But I encountered one error: ERROR: Could not satisfy all requirements for PyMySQL==0.9.3:\n  PyMySQL==0.9.3"
                            }
                        ]
                    }
                ]
            }
        ]
    },
    {
        "client_msg_id": "39a37477-469e-48bb-b5af-debe3cd8dd4f",
        "type": "message",
        "text": "Any idea to fix this?",
        "user": "W81LSK3EW",
        "ts": "1578696883.050900",
        "team": "T86S8GHEG",
        "user_team": "T86S8GHEG",
        "source_team": "T86S8GHEG",
        "user_profile": {
            "avatar_hash": "gabbc0f1e3e8",
            "image_72": "https:\/\/secure.gravatar.com\/avatar\/1abbc0f1e3e8941f4f15a55c590b5289.jpg?s=72&d=https%3A%2F%2Fa.slack-edge.com%2Fdf10d%2Fimg%2Favatars%2Fava_0009-72.png",
            "first_name": "Lilong",
            "real_name": "Lilong Jiang",
            "display_name": "lilongj",
            "team": "T86S8GHEG",
            "name": "lilongj",
            "is_restricted": false,
            "is_ultra_restricted": false
        },
        "blocks": [
            {
                "type": "rich_text",
                "block_id": "y9p",
                "elements": [
                    {
                        "type": "rich_text_section",
                        "elements": [
                            {
                                "type": "text",
                                "text": "Any idea to fix this?"
                            }
                        ]
                    }
                ]
            }
        ]
    },
    {
        "client_msg_id": "4f07c59d-da0f-4dd1-b0d9-6dbf37c13072",
        "type": "message",
        "text": "Never mind. It works after I run pants clean",
        "user": "W81LSK3EW",
        "ts": "1578697239.051200",
        "team": "T86S8GHEG",
        "user_team": "T86S8GHEG",
        "source_team": "T86S8GHEG",
        "user_profile": {
            "avatar_hash": "gabbc0f1e3e8",
            "image_72": "https:\/\/secure.gravatar.com\/avatar\/1abbc0f1e3e8941f4f15a55c590b5289.jpg?s=72&d=https%3A%2F%2Fa.slack-edge.com%2Fdf10d%2Fimg%2Favatars%2Fava_0009-72.png",
            "first_name": "Lilong",
            "real_name": "Lilong Jiang",
            "display_name": "lilongj",
            "team": "T86S8GHEG",
            "name": "lilongj",
            "is_restricted": false,
            "is_ultra_restricted": false
        },
        "blocks": [
            {
                "type": "rich_text",
                "block_id": "rvb",
                "elements": [
                    {
                        "type": "rich_text_section",
                        "elements": [
                            {
                                "type": "text",
                                "text": "Never mind. It works after I run pants clean"
                            }
                        ]
                    }
                ]
            }
        ]
    }
]