[
    {
        "client_msg_id": "569feaab-7322-453e-99ba-ed71a591e64d",
        "type": "message",
        "text": "Hi team, hopefully a quick question: Is it possible to have a Python dictionary as one of the XCOM_PUSH_TYPES?",
        "user": "WR1LN5B5L",
        "ts": "1583511431.166800",
        "team": "T86S8GHEG",
        "user_team": "T86S8GHEG",
        "source_team": "T86S8GHEG",
        "user_profile": {
            "avatar_hash": "a950d7b8f082",
            "image_72": "https:\/\/avatars.slack-edge.com\/2019-12-16\/863947905155_a950d7b8f0829e886aa7_72.jpg",
            "first_name": "Milinda",
            "real_name": "Milinda Lakkam",
            "display_name": "mlakkam",
            "team": "T86S8GHEG",
            "name": "mlakkam",
            "is_restricted": false,
            "is_ultra_restricted": false
        },
        "blocks": [
            {
                "type": "rich_text",
                "block_id": "Aopz",
                "elements": [
                    {
                        "type": "rich_text_section",
                        "elements": [
                            {
                                "type": "text",
                                "text": "Hi team, hopefully a quick question: Is it possible to have a Python dictionary as one of the XCOM_PUSH_TYPES?"
                            }
                        ]
                    }
                ]
            }
        ],
        "thread_ts": "1583511431.166800",
        "reply_count": 4,
        "reply_users_count": 2,
        "latest_reply": "1583512110.167500",
        "reply_users": [
            "W82UCH2EB",
            "WR1LN5B5L"
        ],
        "replies": [
            {
                "user": "W82UCH2EB",
                "ts": "1583511557.166900"
            },
            {
                "user": "WR1LN5B5L",
                "ts": "1583511811.167100"
            },
            {
                "user": "W82UCH2EB",
                "ts": "1583512064.167300"
            },
            {
                "user": "WR1LN5B5L",
                "ts": "1583512110.167500"
            }
        ],
        "subscribed": false
    },
    {
        "client_msg_id": "3769ded4-ec1f-430f-88a0-75033c2bfc16",
        "type": "message",
        "text": "yes",
        "user": "W82UCH2EB",
        "ts": "1583511557.166900",
        "team": "T86S8GHEG",
        "user_team": "T86S8GHEG",
        "source_team": "T86S8GHEG",
        "user_profile": {
            "avatar_hash": "91f21c110d85",
            "image_72": "https:\/\/avatars.slack-edge.com\/2018-05-25\/371711110887_91f21c110d858e612f45_72.jpg",
            "first_name": "Newton",
            "real_name": "Newton Le",
            "display_name": "nle",
            "team": "T86S8GHEG",
            "name": "nle",
            "is_restricted": false,
            "is_ultra_restricted": false
        },
        "blocks": [
            {
                "type": "rich_text",
                "block_id": "+hwl",
                "elements": [
                    {
                        "type": "rich_text_section",
                        "elements": [
                            {
                                "type": "text",
                                "text": "yes"
                            }
                        ]
                    }
                ]
            }
        ],
        "thread_ts": "1583511431.166800",
        "parent_user_id": "WR1LN5B5L"
    },
    {
        "client_msg_id": "accf2154-086c-4576-b3e4-b926e5a0cb4c",
        "type": "message",
        "text": "Thank you <@W82UCH2EB>! I define my XCOM_PUSH_TYPES as follows:\n```XCOM_PUSH_TYPES = {\n      'csv_path_with_samples_for_f8': HDFSPath,\n      'population_counts': Dict[str, int],\n      'csv_path_with_pop_sizes': HDFSPath\n  }```\nThe flow fails with the following error: <https:\/\/phabricator.twitter.biz\/P33242>\n\nLink to the error: <http:\/\/airflow--devel--mlakkam.service.smf1.twitter.biz\/admin\/airflow\/log?task_id=all_signups_sampling_task&amp;dag_id=SignupSamplingDagConstructor__dec30_test_xcom_pushes&amp;execution_date=2020-03-06T15%3A21%3A12.431502%2B00%3A00>\n\nDo you know how I can resolve the `Parameterized generics cannot be used with class or instance checks` error?",
        "user": "WR1LN5B5L",
        "ts": "1583511811.167100",
        "team": "T86S8GHEG",
        "user_team": "T86S8GHEG",
        "source_team": "T86S8GHEG",
        "user_profile": {
            "avatar_hash": "a950d7b8f082",
            "image_72": "https:\/\/avatars.slack-edge.com\/2019-12-16\/863947905155_a950d7b8f0829e886aa7_72.jpg",
            "first_name": "Milinda",
            "real_name": "Milinda Lakkam",
            "display_name": "mlakkam",
            "team": "T86S8GHEG",
            "name": "mlakkam",
            "is_restricted": false,
            "is_ultra_restricted": false
        },
        "blocks": [
            {
                "type": "rich_text",
                "block_id": "mXdO",
                "elements": [
                    {
                        "type": "rich_text_section",
                        "elements": [
                            {
                                "type": "text",
                                "text": "Thank you "
                            },
                            {
                                "type": "user",
                                "user_id": "W82UCH2EB"
                            },
                            {
                                "type": "text",
                                "text": "! I define my XCOM_PUSH_TYPES as follows:\n"
                            }
                        ]
                    },
                    {
                        "type": "rich_text_preformatted",
                        "elements": [
                            {
                                "type": "text",
                                "text": "XCOM_PUSH_TYPES = {\n      'csv_path_with_samples_for_f8': HDFSPath,\n      'population_counts': Dict[str, int],\n      'csv_path_with_pop_sizes': HDFSPath\n  }"
                            }
                        ]
                    },
                    {
                        "type": "rich_text_section",
                        "elements": [
                            {
                                "type": "text",
                                "text": "\nThe flow fails with the following error: "
                            },
                            {
                                "type": "link",
                                "url": "https:\/\/phabricator.twitter.biz\/P33242"
                            },
                            {
                                "type": "text",
                                "text": "\n\nLink to the error: "
                            },
                            {
                                "type": "link",
                                "url": "http:\/\/airflow--devel--mlakkam.service.smf1.twitter.biz\/admin\/airflow\/log?task_id=all_signups_sampling_task&dag_id=SignupSamplingDagConstructor__dec30_test_xcom_pushes&execution_date=2020-03-06T15%3A21%3A12.431502%2B00%3A00"
                            },
                            {
                                "type": "text",
                                "text": "\n\nDo you know how I can resolve the "
                            },
                            {
                                "type": "text",
                                "text": "Parameterized generics cannot be used with class or instance checks",
                                "style": {
                                    "code": true
                                }
                            },
                            {
                                "type": "text",
                                "text": " error?"
                            }
                        ]
                    }
                ]
            }
        ],
        "thread_ts": "1583511431.166800",
        "parent_user_id": "WR1LN5B5L"
    },
    {
        "client_msg_id": "7f4cac52-cca2-4cf4-b807-2982e34852ad",
        "type": "message",
        "text": "we dont currently support that. Just use `'population_counts': dict`",
        "user": "W82UCH2EB",
        "ts": "1583512064.167300",
        "team": "T86S8GHEG",
        "user_team": "T86S8GHEG",
        "source_team": "T86S8GHEG",
        "user_profile": {
            "avatar_hash": "91f21c110d85",
            "image_72": "https:\/\/avatars.slack-edge.com\/2018-05-25\/371711110887_91f21c110d858e612f45_72.jpg",
            "first_name": "Newton",
            "real_name": "Newton Le",
            "display_name": "nle",
            "team": "T86S8GHEG",
            "name": "nle",
            "is_restricted": false,
            "is_ultra_restricted": false
        },
        "blocks": [
            {
                "type": "rich_text",
                "block_id": "SdA",
                "elements": [
                    {
                        "type": "rich_text_section",
                        "elements": [
                            {
                                "type": "text",
                                "text": "we dont currently support that. Just use "
                            },
                            {
                                "type": "text",
                                "text": "'population_counts': dict",
                                "style": {
                                    "code": true
                                }
                            }
                        ]
                    }
                ]
            }
        ],
        "thread_ts": "1583511431.166800",
        "parent_user_id": "WR1LN5B5L"
    },
    {
        "client_msg_id": "8c5dcea9-886a-445d-bfed-a3e4e4563069",
        "type": "message",
        "text": "Ah, Got it. Thank you very much!",
        "user": "WR1LN5B5L",
        "ts": "1583512110.167500",
        "team": "T86S8GHEG",
        "user_team": "T86S8GHEG",
        "source_team": "T86S8GHEG",
        "user_profile": {
            "avatar_hash": "a950d7b8f082",
            "image_72": "https:\/\/avatars.slack-edge.com\/2019-12-16\/863947905155_a950d7b8f0829e886aa7_72.jpg",
            "first_name": "Milinda",
            "real_name": "Milinda Lakkam",
            "display_name": "mlakkam",
            "team": "T86S8GHEG",
            "name": "mlakkam",
            "is_restricted": false,
            "is_ultra_restricted": false
        },
        "blocks": [
            {
                "type": "rich_text",
                "block_id": "Vg6Qj",
                "elements": [
                    {
                        "type": "rich_text_section",
                        "elements": [
                            {
                                "type": "text",
                                "text": "Ah, Got it. Thank you very much!"
                            }
                        ]
                    }
                ]
            }
        ],
        "thread_ts": "1583511431.166800",
        "parent_user_id": "WR1LN5B5L"
    },
    {
        "client_msg_id": "dc9eefeb-f7e5-40e7-9065-94b6b5f5597e",
        "type": "message",
        "text": "Hey team! Can I get a review of this? <https:\/\/phabricator.twitter.biz\/D444680>\nHoping to use the skeleton of HCompDagConstructor for the HComp team to run our own workflows and continuing to tweak this in the future without affecting existing pipelines",
        "user": "WHKQF7A4R",
        "ts": "1583517686.171200",
        "team": "T86S8GHEG",
        "user_team": "T86S8GHEG",
        "source_team": "T86S8GHEG",
        "user_profile": {
            "avatar_hash": "8d00fc1d06a0",
            "image_72": "https:\/\/avatars.slack-edge.com\/2019-10-01\/781607491094_8d00fc1d06a00aca7779_72.jpg",
            "first_name": "Evan",
            "real_name": "Evan Hadfield",
            "display_name": "ehadfield",
            "team": "T86S8GHEG",
            "name": "ehadfield",
            "is_restricted": false,
            "is_ultra_restricted": false
        },
        "blocks": [
            {
                "type": "rich_text",
                "block_id": "+V1",
                "elements": [
                    {
                        "type": "rich_text_section",
                        "elements": [
                            {
                                "type": "text",
                                "text": "Hey team! Can I get a review of this? "
                            },
                            {
                                "type": "link",
                                "url": "https:\/\/phabricator.twitter.biz\/D444680"
                            },
                            {
                                "type": "text",
                                "text": "\nHoping to use the skeleton of HCompDagConstructor for the HComp team to run our own workflows and continuing to tweak this in the future without affecting existing pipelines"
                            }
                        ]
                    }
                ]
            }
        ],
        "thread_ts": "1583517686.171200",
        "reply_count": 5,
        "reply_users_count": 2,
        "latest_reply": "1583522564.172700",
        "reply_users": [
            "W81LU64GJ",
            "WHKQF7A4R"
        ],
        "replies": [
            {
                "user": "W81LU64GJ",
                "ts": "1583518196.171400"
            },
            {
                "user": "WHKQF7A4R",
                "ts": "1583518309.171600"
            },
            {
                "user": "WHKQF7A4R",
                "ts": "1583518647.172000"
            },
            {
                "user": "WHKQF7A4R",
                "ts": "1583521194.172500"
            },
            {
                "user": "W81LU64GJ",
                "ts": "1583522564.172700"
            }
        ],
        "subscribed": false,
        "reactions": [
            {
                "name": "eyes",
                "users": [
                    "W81LU64GJ"
                ],
                "count": 1
            }
        ]
    },
    {
        "client_msg_id": "45dc49d7-2afb-4662-b29f-768f8c7c0df5",
        "type": "message",
        "text": "looks like that’s in draft mode? is that intentional?",
        "user": "W81LU64GJ",
        "ts": "1583518196.171400",
        "team": "T86S8GHEG",
        "user_team": "T86S8GHEG",
        "source_team": "T86S8GHEG",
        "user_profile": {
            "avatar_hash": "51c80845c55f",
            "image_72": "https:\/\/avatars.slack-edge.com\/2019-03-06\/569423098722_51c80845c55f7f5fb696_72.jpg",
            "first_name": "Kris",
            "real_name": "Kris Wilson",
            "display_name": "kwilson",
            "team": "T86S8GHEG",
            "name": "kwilson",
            "is_restricted": false,
            "is_ultra_restricted": false
        },
        "blocks": [
            {
                "type": "rich_text",
                "block_id": "Zcpz",
                "elements": [
                    {
                        "type": "rich_text_section",
                        "elements": [
                            {
                                "type": "text",
                                "text": "looks like that’s in draft mode? is that intentional?"
                            }
                        ]
                    }
                ]
            }
        ],
        "thread_ts": "1583517686.171200",
        "parent_user_id": "WHKQF7A4R"
    },
    {
        "client_msg_id": "3ad9d293-8cc1-4bad-b982-21b25abafd9c",
        "type": "message",
        "text": "ah, my b-  let me update without draft",
        "user": "WHKQF7A4R",
        "ts": "1583518309.171600",
        "team": "T86S8GHEG",
        "user_team": "T86S8GHEG",
        "source_team": "T86S8GHEG",
        "user_profile": {
            "avatar_hash": "8d00fc1d06a0",
            "image_72": "https:\/\/avatars.slack-edge.com\/2019-10-01\/781607491094_8d00fc1d06a00aca7779_72.jpg",
            "first_name": "Evan",
            "real_name": "Evan Hadfield",
            "display_name": "ehadfield",
            "team": "T86S8GHEG",
            "name": "ehadfield",
            "is_restricted": false,
            "is_ultra_restricted": false
        },
        "blocks": [
            {
                "type": "rich_text",
                "block_id": "0TvV",
                "elements": [
                    {
                        "type": "rich_text_section",
                        "elements": [
                            {
                                "type": "text",
                                "text": "ah, my b-  let me update without draft"
                            }
                        ]
                    }
                ]
            }
        ],
        "thread_ts": "1583517686.171200",
        "parent_user_id": "WHKQF7A4R"
    },
    {
        "client_msg_id": "77ffe946-720f-4ab5-99d3-fbfd4875f7af",
        "type": "message",
        "text": "quick question -- do you have a bug ticket for the last fix you made? just want to share the details with my team :)",
        "user": "WQG79V8P2",
        "ts": "1583518614.171800",
        "team": "T86S8GHEG",
        "user_team": "T86S8GHEG",
        "source_team": "T86S8GHEG",
        "user_profile": {
            "avatar_hash": "56f7dcf863b0",
            "image_72": "https:\/\/avatars.slack-edge.com\/2019-12-15\/876668365126_56f7dcf863b011255e71_72.png",
            "first_name": "Lucy",
            "real_name": "Lucy Wang",
            "display_name": "lucywang",
            "team": "T86S8GHEG",
            "name": "lucywang",
            "is_restricted": false,
            "is_ultra_restricted": false
        },
        "blocks": [
            {
                "type": "rich_text",
                "block_id": "CCR",
                "elements": [
                    {
                        "type": "rich_text_section",
                        "elements": [
                            {
                                "type": "text",
                                "text": "quick question -- do you have a bug ticket for the last fix you made? just want to share the details with my team :)"
                            }
                        ]
                    }
                ]
            }
        ],
        "thread_ts": "1583247178.094600",
        "parent_user_id": "WQG79V8P2"
    },
    {
        "client_msg_id": "16028ebb-b0ff-489c-8ed5-c18e8f2f0623",
        "type": "message",
        "text": "<@W9C9167J9> updated - thanks",
        "user": "WHKQF7A4R",
        "ts": "1583518647.172000",
        "team": "T86S8GHEG",
        "user_team": "T86S8GHEG",
        "source_team": "T86S8GHEG",
        "user_profile": {
            "avatar_hash": "8d00fc1d06a0",
            "image_72": "https:\/\/avatars.slack-edge.com\/2019-10-01\/781607491094_8d00fc1d06a00aca7779_72.jpg",
            "first_name": "Evan",
            "real_name": "Evan Hadfield",
            "display_name": "ehadfield",
            "team": "T86S8GHEG",
            "name": "ehadfield",
            "is_restricted": false,
            "is_ultra_restricted": false
        },
        "blocks": [
            {
                "type": "rich_text",
                "block_id": "8AT",
                "elements": [
                    {
                        "type": "rich_text_section",
                        "elements": [
                            {
                                "type": "user",
                                "user_id": "W9C9167J9"
                            },
                            {
                                "type": "text",
                                "text": " updated - thanks"
                            }
                        ]
                    }
                ]
            }
        ],
        "thread_ts": "1583517686.171200",
        "parent_user_id": "WHKQF7A4R"
    },
    {
        "client_msg_id": "fe66bec7-78fe-4365-ac02-00a3e03090db",
        "type": "message",
        "text": "Sure, here it is: <https:\/\/jira.twitter.biz\/browse\/CX-18378>",
        "user": "W82UCH2EB",
        "ts": "1583518672.172200",
        "team": "T86S8GHEG",
        "user_team": "T86S8GHEG",
        "source_team": "T86S8GHEG",
        "user_profile": {
            "avatar_hash": "91f21c110d85",
            "image_72": "https:\/\/avatars.slack-edge.com\/2018-05-25\/371711110887_91f21c110d858e612f45_72.jpg",
            "first_name": "Newton",
            "real_name": "Newton Le",
            "display_name": "nle",
            "team": "T86S8GHEG",
            "name": "nle",
            "is_restricted": false,
            "is_ultra_restricted": false
        },
        "blocks": [
            {
                "type": "rich_text",
                "block_id": "F6G",
                "elements": [
                    {
                        "type": "rich_text_section",
                        "elements": [
                            {
                                "type": "text",
                                "text": "Sure, here it is: "
                            },
                            {
                                "type": "link",
                                "url": "https:\/\/jira.twitter.biz\/browse\/CX-18378"
                            }
                        ]
                    }
                ]
            }
        ],
        "thread_ts": "1583247178.094600",
        "parent_user_id": "WQG79V8P2",
        "reactions": [
            {
                "name": "ty",
                "users": [
                    "WQG79V8P2"
                ],
                "count": 1
            }
        ]
    },
    {
        "client_msg_id": "4d616369-bfa2-44bc-8973-e4a10b1abbc0",
        "type": "message",
        "text": "oops *<@W81LU64GJ> sorry",
        "user": "WHKQF7A4R",
        "ts": "1583521194.172500",
        "team": "T86S8GHEG",
        "user_team": "T86S8GHEG",
        "source_team": "T86S8GHEG",
        "user_profile": {
            "avatar_hash": "8d00fc1d06a0",
            "image_72": "https:\/\/avatars.slack-edge.com\/2019-10-01\/781607491094_8d00fc1d06a00aca7779_72.jpg",
            "first_name": "Evan",
            "real_name": "Evan Hadfield",
            "display_name": "ehadfield",
            "team": "T86S8GHEG",
            "name": "ehadfield",
            "is_restricted": false,
            "is_ultra_restricted": false
        },
        "blocks": [
            {
                "type": "rich_text",
                "block_id": "BSmz",
                "elements": [
                    {
                        "type": "rich_text_section",
                        "elements": [
                            {
                                "type": "text",
                                "text": "oops *"
                            },
                            {
                                "type": "user",
                                "user_id": "W81LU64GJ"
                            },
                            {
                                "type": "text",
                                "text": " sorry"
                            }
                        ]
                    }
                ]
            }
        ],
        "thread_ts": "1583517686.171200",
        "parent_user_id": "WHKQF7A4R"
    },
    {
        "client_msg_id": "ef6d2605-eebe-4973-8901-c0f8ab28802b",
        "type": "message",
        "text": ":ship:",
        "user": "W81LU64GJ",
        "ts": "1583522564.172700",
        "team": "T86S8GHEG",
        "user_team": "T86S8GHEG",
        "source_team": "T86S8GHEG",
        "user_profile": {
            "avatar_hash": "51c80845c55f",
            "image_72": "https:\/\/avatars.slack-edge.com\/2019-03-06\/569423098722_51c80845c55f7f5fb696_72.jpg",
            "first_name": "Kris",
            "real_name": "Kris Wilson",
            "display_name": "kwilson",
            "team": "T86S8GHEG",
            "name": "kwilson",
            "is_restricted": false,
            "is_ultra_restricted": false
        },
        "blocks": [
            {
                "type": "rich_text",
                "block_id": "qb4",
                "elements": [
                    {
                        "type": "rich_text_section",
                        "elements": [
                            {
                                "type": "emoji",
                                "name": "ship"
                            }
                        ]
                    }
                ]
            }
        ],
        "thread_ts": "1583517686.171200",
        "parent_user_id": "WHKQF7A4R",
        "reactions": [
            {
                "name": "green_heart",
                "users": [
                    "WHKQF7A4R"
                ],
                "count": 1
            }
        ]
    },
    {
        "client_msg_id": "53ee3f9a-f806-4e2c-a08b-f22288b68127",
        "type": "message",
        "text": "picking this back up since it fell through. Fixing the `TwmlTrainEvalOperator` in <https:\/\/jira.twitter.biz\/browse\/CX-18443> (using the change in <https:\/\/cgit.twitter.biz\/source\/tree\/airflow\/src\/python\/twitter\/airflow\/dag_constructors\/roles\/abuse_detection\/tos_ensemble_train_eval_workflow_dag.py#n187> as a reference)",
        "user": "WAL3VM0GL",
        "ts": "1583534419.173200",
        "team": "T86S8GHEG",
        "user_team": "T86S8GHEG",
        "source_team": "T86S8GHEG",
        "user_profile": {
            "avatar_hash": "8b2dcfbda488",
            "image_72": "https:\/\/avatars.slack-edge.com\/2018-06-28\/390667685750_8b2dcfbda4883669a8c8_72.jpg",
            "first_name": "Gerard",
            "real_name": "Gerard Casas Saez",
            "display_name": "gcasassaez",
            "team": "T86S8GHEG",
            "name": "gcasassaez",
            "is_restricted": false,
            "is_ultra_restricted": false
        },
        "blocks": [
            {
                "type": "rich_text",
                "block_id": "A2LG",
                "elements": [
                    {
                        "type": "rich_text_section",
                        "elements": [
                            {
                                "type": "text",
                                "text": "picking this back up since it fell through. Fixing the "
                            },
                            {
                                "type": "text",
                                "text": "TwmlTrainEvalOperator",
                                "style": {
                                    "code": true
                                }
                            },
                            {
                                "type": "text",
                                "text": " in "
                            },
                            {
                                "type": "link",
                                "url": "https:\/\/jira.twitter.biz\/browse\/CX-18443"
                            },
                            {
                                "type": "text",
                                "text": " (using the change in "
                            },
                            {
                                "type": "link",
                                "url": "https:\/\/cgit.twitter.biz\/source\/tree\/airflow\/src\/python\/twitter\/airflow\/dag_constructors\/roles\/abuse_detection\/tos_ensemble_train_eval_workflow_dag.py#n187"
                            },
                            {
                                "type": "text",
                                "text": " as a reference)"
                            }
                        ]
                    }
                ]
            }
        ],
        "thread_ts": "1581015409.017700",
        "parent_user_id": "W81B9UEV9"
    },
    {
        "client_msg_id": "de3d52df-5dd2-4b76-85d5-ec2c8f63db8b",
        "type": "message",
        "text": "I’m adding a new integration test DAG that runs 4 times a day in our cluster to ensure that no issues  are introduced to the operators needed to do HPT with AX. Which is also how I found this issue again. See: <https:\/\/jira.twitter.biz\/browse\/CX-18407>",
        "user": "WAL3VM0GL",
        "ts": "1583534534.173400",
        "team": "T86S8GHEG",
        "user_team": "T86S8GHEG",
        "source_team": "T86S8GHEG",
        "user_profile": {
            "avatar_hash": "8b2dcfbda488",
            "image_72": "https:\/\/avatars.slack-edge.com\/2018-06-28\/390667685750_8b2dcfbda4883669a8c8_72.jpg",
            "first_name": "Gerard",
            "real_name": "Gerard Casas Saez",
            "display_name": "gcasassaez",
            "team": "T86S8GHEG",
            "name": "gcasassaez",
            "is_restricted": false,
            "is_ultra_restricted": false
        },
        "blocks": [
            {
                "type": "rich_text",
                "block_id": "rV5F5",
                "elements": [
                    {
                        "type": "rich_text_section",
                        "elements": [
                            {
                                "type": "text",
                                "text": "I’m adding a new integration test DAG that runs 4 times a day in our cluster to ensure that no issues  are introduced to the operators needed to do HPT with AX. Which is also how I found this issue again. See: "
                            },
                            {
                                "type": "link",
                                "url": "https:\/\/jira.twitter.biz\/browse\/CX-18407"
                            }
                        ]
                    }
                ]
            }
        ],
        "thread_ts": "1581015409.017700",
        "parent_user_id": "W81B9UEV9"
    },
    {
        "client_msg_id": "448186d8-3ae1-4ecf-ad19-cf5f25be89cc",
        "type": "message",
        "text": "Hi team, I am doing the HPT with mlwf and facing this error:",
        "user": "W9CCKLFGV",
        "ts": "1583541706.174300",
        "team": "T86S8GHEG",
        "user_team": "T86S8GHEG",
        "source_team": "T86S8GHEG",
        "user_profile": {
            "avatar_hash": "gadb4960ecb0",
            "image_72": "https:\/\/secure.gravatar.com\/avatar\/3adb4960ecb02c994ae59ec4578f51dc.jpg?s=72&d=https%3A%2F%2Fa.slack-edge.com%2Fdf10d%2Fimg%2Favatars%2Fava_0002-72.png",
            "first_name": "Jun",
            "real_name": "Jun Xie",
            "display_name": "junx",
            "team": "T86S8GHEG",
            "name": "junx",
            "is_restricted": false,
            "is_ultra_restricted": false
        },
        "blocks": [
            {
                "type": "rich_text",
                "block_id": "Sb1G",
                "elements": [
                    {
                        "type": "rich_text_section",
                        "elements": [
                            {
                                "type": "text",
                                "text": "Hi team, I am doing the HPT with mlwf and facing this error:"
                            }
                        ]
                    }
                ]
            }
        ]
    },
    {
        "client_msg_id": "be3dea40-4a64-4ebb-93c7-88ccbca58587",
        "type": "message",
        "text": "```[2020-03-06 22:44:40,542] {{models.py:1743}} ERROR - 404 Client Error: Not Found for url: <https:\/\/strato.twitter.biz\/column\/MLMetastoreRun\/junx:spam_detection_experiment:spam-model-hpt-workflow:spam_detection_classifier_tuning_axbase_run_20200306T2214094706500000_6cc4356e72498bf4c298f3a34deadf2f_test\/cortex\/mlMetastore\/modelRepo\/mh>\nTraceback (most recent call last):\n  File \"\/var\/lib\/mesos\/slaves\/f21ea4c5-cf37-4828-8189-de606167f1cc-S1755\/frameworks\/201104070004-0000002563-0000\/executors\/thermos-junx-devel-airflow_worker-0-9a1307ea-48bf-4b3e-8a9c-c424f215ad06\/runs\/c5deb67d-8fbf-4ad6-8a56-d2cb39b7defc\/sandbox\/airflow.pex\/.deps\/apache_airflow-1.10.0+twtr26-py2.py3-none-any.whl\/airflow\/models.py\", line 1636, in _run_raw_task\n    result = task_copy.execute(context=context)\n  File \"\/var\/lib\/mesos\/slaves\/f21ea4c5-cf37-4828-8189-de606167f1cc-S1755\/frameworks\/201104070004-0000002563-0000\/executors\/thermos-junx-devel-airflow_worker-0-9a1307ea-48bf-4b3e-8a9c-c424f215ad06\/runs\/c5deb67d-8fbf-4ad6-8a56-d2cb39b7defc\/sandbox\/airflow.pex\/twitter\/airflow\/operators\/ml\/tuning\/deepbirdv2_model_repo_report_operator.py\", line 59, in execute\n    run = client.get_run(run_id)['deepbirdRun']\n  File \"\/var\/lib\/mesos\/slaves\/f21ea4c5-cf37-4828-8189-de606167f1cc-S1755\/frameworks\/201104070004-0000002563-0000\/executors\/thermos-junx-devel-airflow_worker-0-9a1307ea-48bf-4b3e-8a9c-c424f215ad06\/runs\/c5deb67d-8fbf-4ad6-8a56-d2cb39b7defc\/sandbox\/airflow.pex\/com\/twitter\/mlmetastore\/modelrepo\/client\/__init__.py\", line 928, in get_run\n    return self._get_mh_data(column_url)\n  File \"\/var\/lib\/mesos\/slaves\/f21ea4c5-cf37-4828-8189-de606167f1cc-S1755\/frameworks\/201104070004-0000002563-0000\/executors\/thermos-junx-devel-airflow_worker-0-9a1307ea-48bf-4b3e-8a9c-c424f215ad06\/runs\/c5deb67d-8fbf-4ad6-8a56-d2cb39b7defc\/sandbox\/airflow.pex\/com\/twitter\/mlmetastore\/modelrepo\/client\/__init__.py\", line 879, in _get_mh_data\n    response.raise_for_status()\n  File \"\/var\/lib\/mesos\/slaves\/f21ea4c5-cf37-4828-8189-de606167f1cc-S1755\/frameworks\/201104070004-0000002563-0000\/executors\/thermos-junx-devel-airflow_worker-0-9a1307ea-48bf-4b3e-8a9c-c424f215ad06\/runs\/c5deb67d-8fbf-4ad6-8a56-d2cb39b7defc\/sandbox\/airflow.pex\/.deps\/requests-2.22.0-py2.py3-none-any.whl\/requests\/models.py\", line 940, in raise_for_status\n    raise HTTPError(http_error_msg, response=self)```",
        "user": "W9CCKLFGV",
        "ts": "1583541709.174500",
        "team": "T86S8GHEG",
        "user_team": "T86S8GHEG",
        "source_team": "T86S8GHEG",
        "user_profile": {
            "avatar_hash": "gadb4960ecb0",
            "image_72": "https:\/\/secure.gravatar.com\/avatar\/3adb4960ecb02c994ae59ec4578f51dc.jpg?s=72&d=https%3A%2F%2Fa.slack-edge.com%2Fdf10d%2Fimg%2Favatars%2Fava_0002-72.png",
            "first_name": "Jun",
            "real_name": "Jun Xie",
            "display_name": "junx",
            "team": "T86S8GHEG",
            "name": "junx",
            "is_restricted": false,
            "is_ultra_restricted": false
        },
        "blocks": [
            {
                "type": "rich_text",
                "block_id": "uIW",
                "elements": [
                    {
                        "type": "rich_text_preformatted",
                        "elements": [
                            {
                                "type": "text",
                                "text": "[2020-03-06 22:44:40,542] {{models.py:1743}} ERROR - 404 Client Error: Not Found for url: "
                            },
                            {
                                "type": "link",
                                "url": "https:\/\/strato.twitter.biz\/column\/MLMetastoreRun\/junx:spam_detection_experiment:spam-model-hpt-workflow:spam_detection_classifier_tuning_axbase_run_20200306T2214094706500000_6cc4356e72498bf4c298f3a34deadf2f_test\/cortex\/mlMetastore\/modelRepo\/mh"
                            },
                            {
                                "type": "text",
                                "text": "\nTraceback (most recent call last):\n  File \"\/var\/lib\/mesos\/slaves\/f21ea4c5-cf37-4828-8189-de606167f1cc-S1755\/frameworks\/201104070004-0000002563-0000\/executors\/thermos-junx-devel-airflow_worker-0-9a1307ea-48bf-4b3e-8a9c-c424f215ad06\/runs\/c5deb67d-8fbf-4ad6-8a56-d2cb39b7defc\/sandbox\/airflow.pex\/.deps\/apache_airflow-1.10.0+twtr26-py2.py3-none-any.whl\/airflow\/models.py\", line 1636, in _run_raw_task\n    result = task_copy.execute(context=context)\n  File \"\/var\/lib\/mesos\/slaves\/f21ea4c5-cf37-4828-8189-de606167f1cc-S1755\/frameworks\/201104070004-0000002563-0000\/executors\/thermos-junx-devel-airflow_worker-0-9a1307ea-48bf-4b3e-8a9c-c424f215ad06\/runs\/c5deb67d-8fbf-4ad6-8a56-d2cb39b7defc\/sandbox\/airflow.pex\/twitter\/airflow\/operators\/ml\/tuning\/deepbirdv2_model_repo_report_operator.py\", line 59, in execute\n    run = client.get_run(run_id)['deepbirdRun']\n  File \"\/var\/lib\/mesos\/slaves\/f21ea4c5-cf37-4828-8189-de606167f1cc-S1755\/frameworks\/201104070004-0000002563-0000\/executors\/thermos-junx-devel-airflow_worker-0-9a1307ea-48bf-4b3e-8a9c-c424f215ad06\/runs\/c5deb67d-8fbf-4ad6-8a56-d2cb39b7defc\/sandbox\/airflow.pex\/com\/twitter\/mlmetastore\/modelrepo\/client\/__init__.py\", line 928, in get_run\n    return self._get_mh_data(column_url)\n  File \"\/var\/lib\/mesos\/slaves\/f21ea4c5-cf37-4828-8189-de606167f1cc-S1755\/frameworks\/201104070004-0000002563-0000\/executors\/thermos-junx-devel-airflow_worker-0-9a1307ea-48bf-4b3e-8a9c-c424f215ad06\/runs\/c5deb67d-8fbf-4ad6-8a56-d2cb39b7defc\/sandbox\/airflow.pex\/com\/twitter\/mlmetastore\/modelrepo\/client\/__init__.py\", line 879, in _get_mh_data\n    response.raise_for_status()\n  File \"\/var\/lib\/mesos\/slaves\/f21ea4c5-cf37-4828-8189-de606167f1cc-S1755\/frameworks\/201104070004-0000002563-0000\/executors\/thermos-junx-devel-airflow_worker-0-9a1307ea-48bf-4b3e-8a9c-c424f215ad06\/runs\/c5deb67d-8fbf-4ad6-8a56-d2cb39b7defc\/sandbox\/airflow.pex\/.deps\/requests-2.22.0-py2.py3-none-any.whl\/requests\/models.py\", line 940, in raise_for_status\n    raise HTTPError(http_error_msg, response=self)"
                            }
                        ]
                    }
                ]
            }
        ],
        "thread_ts": "1583541709.174500",
        "reply_count": 34,
        "reply_users_count": 3,
        "latest_reply": "1583793445.191700",
        "reply_users": [
            "W9CCKLFGV",
            "WAL3VM0GL",
            "W82UCH2EB"
        ],
        "replies": [
            {
                "user": "W9CCKLFGV",
                "ts": "1583541734.174600"
            },
            {
                "user": "W9CCKLFGV",
                "ts": "1583541800.174800"
            },
            {
                "user": "WAL3VM0GL",
                "ts": "1583541981.175000"
            },
            {
                "user": "WAL3VM0GL",
                "ts": "1583541988.175200"
            },
            {
                "user": "W9CCKLFGV",
                "ts": "1583542071.175400"
            },
            {
                "user": "WAL3VM0GL",
                "ts": "1583542125.175600"
            },
            {
                "user": "W9CCKLFGV",
                "ts": "1583542173.175800"
            },
            {
                "user": "WAL3VM0GL",
                "ts": "1583542841.176000"
            },
            {
                "user": "WAL3VM0GL",
                "ts": "1583542883.176300"
            },
            {
                "user": "W9CCKLFGV",
                "ts": "1583609126.176600"
            },
            {
                "user": "W9CCKLFGV",
                "ts": "1583609139.176800"
            },
            {
                "user": "W9CCKLFGV",
                "ts": "1583609148.177000"
            },
            {
                "user": "W9CCKLFGV",
                "ts": "1583609193.177200"
            },
            {
                "user": "W9CCKLFGV",
                "ts": "1583616819.177400"
            },
            {
                "user": "WAL3VM0GL",
                "ts": "1583768402.179700"
            },
            {
                "user": "W9CCKLFGV",
                "ts": "1583773758.181200"
            },
            {
                "user": "WAL3VM0GL",
                "ts": "1583773784.181500"
            },
            {
                "user": "W9CCKLFGV",
                "ts": "1583773788.181700"
            },
            {
                "user": "W9CCKLFGV",
                "ts": "1583773792.181900"
            },
            {
                "user": "WAL3VM0GL",
                "ts": "1583773803.182100"
            },
            {
                "user": "W9CCKLFGV",
                "ts": "1583773822.182400"
            },
            {
                "user": "WAL3VM0GL",
                "ts": "1583773826.182600"
            },
            {
                "user": "W9CCKLFGV",
                "ts": "1583773860.183100"
            },
            {
                "user": "WAL3VM0GL",
                "ts": "1583773860.183300"
            },
            {
                "user": "W9CCKLFGV",
                "ts": "1583773881.183500"
            },
            {
                "user": "W9CCKLFGV",
                "ts": "1583773903.183700"
            },
            {
                "user": "W9CCKLFGV",
                "ts": "1583773945.183900"
            },
            {
                "user": "WAL3VM0GL",
                "ts": "1583773973.184100"
            },
            {
                "user": "WAL3VM0GL",
                "ts": "1583774034.184300"
            },
            {
                "user": "WAL3VM0GL",
                "ts": "1583776297.185000"
            },
            {
                "user": "W82UCH2EB",
                "ts": "1583776329.185200"
            },
            {
                "user": "WAL3VM0GL",
                "ts": "1583776441.185600"
            },
            {
                "user": "WAL3VM0GL",
                "ts": "1583776517.185800"
            },
            {
                "user": "W9CCKLFGV",
                "ts": "1583793445.191700"
            }
        ],
        "subscribed": false
    },
    {
        "client_msg_id": "efa00877-2b59-425f-9886-9715f43c8cf4",
        "type": "message",
        "text": "The log can be found here: <http:\/\/airflow--devel--junx.service.smf1.twitter.biz\/admin\/airflow\/log?task_id=workflow.trial_0.deepbird_model_repo_report&amp;dag_id=spam_detection_classifier_tuning_ax&amp;execution_date=2020-03-06T22%3A14%3A09.470650%2B00%3A00>",
        "user": "W9CCKLFGV",
        "ts": "1583541734.174600",
        "team": "T86S8GHEG",
        "user_team": "T86S8GHEG",
        "source_team": "T86S8GHEG",
        "user_profile": {
            "avatar_hash": "gadb4960ecb0",
            "image_72": "https:\/\/secure.gravatar.com\/avatar\/3adb4960ecb02c994ae59ec4578f51dc.jpg?s=72&d=https%3A%2F%2Fa.slack-edge.com%2Fdf10d%2Fimg%2Favatars%2Fava_0002-72.png",
            "first_name": "Jun",
            "real_name": "Jun Xie",
            "display_name": "junx",
            "team": "T86S8GHEG",
            "name": "junx",
            "is_restricted": false,
            "is_ultra_restricted": false
        },
        "blocks": [
            {
                "type": "rich_text",
                "block_id": "FWJ",
                "elements": [
                    {
                        "type": "rich_text_section",
                        "elements": [
                            {
                                "type": "text",
                                "text": "The log can be found here: "
                            },
                            {
                                "type": "link",
                                "url": "http:\/\/airflow--devel--junx.service.smf1.twitter.biz\/admin\/airflow\/log?task_id=workflow.trial_0.deepbird_model_repo_report&dag_id=spam_detection_classifier_tuning_ax&execution_date=2020-03-06T22%3A14%3A09.470650%2B00%3A00"
                            }
                        ]
                    }
                ]
            }
        ],
        "thread_ts": "1583541709.174500",
        "parent_user_id": "W9CCKLFGV"
    },
    {
        "client_msg_id": "9cdf19da-2bce-49d1-a85a-4ed051389159",
        "type": "message",
        "text": "I am using the tuner `<http:\/\/TuningMethod.AX|TuningMethod.AX>` and already picked up the fix from this phab (<https:\/\/phabricator.twitter.biz\/D445116>)",
        "user": "W9CCKLFGV",
        "ts": "1583541800.174800",
        "team": "T86S8GHEG",
        "user_team": "T86S8GHEG",
        "source_team": "T86S8GHEG",
        "user_profile": {
            "avatar_hash": "gadb4960ecb0",
            "image_72": "https:\/\/secure.gravatar.com\/avatar\/3adb4960ecb02c994ae59ec4578f51dc.jpg?s=72&d=https%3A%2F%2Fa.slack-edge.com%2Fdf10d%2Fimg%2Favatars%2Fava_0002-72.png",
            "first_name": "Jun",
            "real_name": "Jun Xie",
            "display_name": "junx",
            "team": "T86S8GHEG",
            "name": "junx",
            "is_restricted": false,
            "is_ultra_restricted": false
        },
        "blocks": [
            {
                "type": "rich_text",
                "block_id": "DFH",
                "elements": [
                    {
                        "type": "rich_text_section",
                        "elements": [
                            {
                                "type": "text",
                                "text": "I am using the tuner "
                            },
                            {
                                "type": "text",
                                "text": "TuningMethod.AX",
                                "style": {
                                    "code": true
                                }
                            },
                            {
                                "type": "text",
                                "text": " and already picked up the fix from this phab ("
                            },
                            {
                                "type": "link",
                                "url": "https:\/\/phabricator.twitter.biz\/D445116"
                            },
                            {
                                "type": "text",
                                "text": ")"
                            }
                        ]
                    }
                ]
            }
        ],
        "thread_ts": "1583541709.174500",
        "parent_user_id": "W9CCKLFGV"
    },
    {
        "client_msg_id": "fc1e815b-9ca1-4ffa-be2e-1354a28d686d",
        "type": "message",
        "text": "did you pick this one up? <https:\/\/phabricator.twitter.biz\/D446578>",
        "user": "WAL3VM0GL",
        "ts": "1583541981.175000",
        "team": "T86S8GHEG",
        "user_team": "T86S8GHEG",
        "source_team": "T86S8GHEG",
        "user_profile": {
            "avatar_hash": "8b2dcfbda488",
            "image_72": "https:\/\/avatars.slack-edge.com\/2018-06-28\/390667685750_8b2dcfbda4883669a8c8_72.jpg",
            "first_name": "Gerard",
            "real_name": "Gerard Casas Saez",
            "display_name": "gcasassaez",
            "team": "T86S8GHEG",
            "name": "gcasassaez",
            "is_restricted": false,
            "is_ultra_restricted": false
        },
        "blocks": [
            {
                "type": "rich_text",
                "block_id": "VtjD",
                "elements": [
                    {
                        "type": "rich_text_section",
                        "elements": [
                            {
                                "type": "text",
                                "text": "did you pick this one up? "
                            },
                            {
                                "type": "link",
                                "url": "https:\/\/phabricator.twitter.biz\/D446578"
                            }
                        ]
                    }
                ]
            }
        ],
        "thread_ts": "1583541709.174500",
        "parent_user_id": "W9CCKLFGV"
    },
    {
        "client_msg_id": "fa7847d6-aa56-46e2-8099-ab9733a55f43",
        "type": "message",
        "text": "(just landed today)",
        "user": "WAL3VM0GL",
        "ts": "1583541988.175200",
        "team": "T86S8GHEG",
        "user_team": "T86S8GHEG",
        "source_team": "T86S8GHEG",
        "user_profile": {
            "avatar_hash": "8b2dcfbda488",
            "image_72": "https:\/\/avatars.slack-edge.com\/2018-06-28\/390667685750_8b2dcfbda4883669a8c8_72.jpg",
            "first_name": "Gerard",
            "real_name": "Gerard Casas Saez",
            "display_name": "gcasassaez",
            "team": "T86S8GHEG",
            "name": "gcasassaez",
            "is_restricted": false,
            "is_ultra_restricted": false
        },
        "blocks": [
            {
                "type": "rich_text",
                "block_id": "RHog",
                "elements": [
                    {
                        "type": "rich_text_section",
                        "elements": [
                            {
                                "type": "text",
                                "text": "(just landed today)"
                            }
                        ]
                    }
                ]
            }
        ],
        "thread_ts": "1583541709.174500",
        "parent_user_id": "W9CCKLFGV"
    },
    {
        "client_msg_id": "bf207bb4-a504-4bdb-82af-9ea5c294ad9f",
        "type": "message",
        "text": "checking..",
        "user": "W9CCKLFGV",
        "ts": "1583542071.175400",
        "team": "T86S8GHEG",
        "user_team": "T86S8GHEG",
        "source_team": "T86S8GHEG",
        "user_profile": {
            "avatar_hash": "gadb4960ecb0",
            "image_72": "https:\/\/secure.gravatar.com\/avatar\/3adb4960ecb02c994ae59ec4578f51dc.jpg?s=72&d=https%3A%2F%2Fa.slack-edge.com%2Fdf10d%2Fimg%2Favatars%2Fava_0002-72.png",
            "first_name": "Jun",
            "real_name": "Jun Xie",
            "display_name": "junx",
            "team": "T86S8GHEG",
            "name": "junx",
            "is_restricted": false,
            "is_ultra_restricted": false
        },
        "blocks": [
            {
                "type": "rich_text",
                "block_id": "gty=f",
                "elements": [
                    {
                        "type": "rich_text_section",
                        "elements": [
                            {
                                "type": "text",
                                "text": "checking.."
                            }
                        ]
                    }
                ]
            }
        ],
        "thread_ts": "1583541709.174500",
        "parent_user_id": "W9CCKLFGV"
    },
    {
        "client_msg_id": "c86ed2a1-1708-4d01-b0b6-b9a9399591fc",
        "type": "message",
        "text": "from the error, it should be fixed w the Phab I landed today. I apologize for the inconvinience, adding a new integration DAG that should catch all those bugs early on",
        "user": "WAL3VM0GL",
        "ts": "1583542125.175600",
        "team": "T86S8GHEG",
        "user_team": "T86S8GHEG",
        "source_team": "T86S8GHEG",
        "user_profile": {
            "avatar_hash": "8b2dcfbda488",
            "image_72": "https:\/\/avatars.slack-edge.com\/2018-06-28\/390667685750_8b2dcfbda4883669a8c8_72.jpg",
            "first_name": "Gerard",
            "real_name": "Gerard Casas Saez",
            "display_name": "gcasassaez",
            "team": "T86S8GHEG",
            "name": "gcasassaez",
            "is_restricted": false,
            "is_ultra_restricted": false
        },
        "blocks": [
            {
                "type": "rich_text",
                "block_id": "MmeaQ",
                "elements": [
                    {
                        "type": "rich_text_section",
                        "elements": [
                            {
                                "type": "text",
                                "text": "from the error, it should be fixed w the Phab I landed today. I apologize for the inconvinience, adding a new integration DAG that should catch all those bugs early on"
                            }
                        ]
                    }
                ]
            }
        ],
        "thread_ts": "1583541709.174500",
        "parent_user_id": "W9CCKLFGV",
        "reactions": [
            {
                "name": "firethumb",
                "users": [
                    "W81LU64GJ"
                ],
                "count": 1
            }
        ]
    },
    {
        "client_msg_id": "e4e1bb22-6319-4a7e-aeb5-dea74147a0ee",
        "type": "message",
        "text": "no, I have not got that one. will try it out. Thank you for the information, Gerard!",
        "user": "W9CCKLFGV",
        "ts": "1583542173.175800",
        "team": "T86S8GHEG",
        "user_team": "T86S8GHEG",
        "source_team": "T86S8GHEG",
        "user_profile": {
            "avatar_hash": "gadb4960ecb0",
            "image_72": "https:\/\/secure.gravatar.com\/avatar\/3adb4960ecb02c994ae59ec4578f51dc.jpg?s=72&d=https%3A%2F%2Fa.slack-edge.com%2Fdf10d%2Fimg%2Favatars%2Fava_0002-72.png",
            "first_name": "Jun",
            "real_name": "Jun Xie",
            "display_name": "junx",
            "team": "T86S8GHEG",
            "name": "junx",
            "is_restricted": false,
            "is_ultra_restricted": false
        },
        "blocks": [
            {
                "type": "rich_text",
                "block_id": "3E7h",
                "elements": [
                    {
                        "type": "rich_text_section",
                        "elements": [
                            {
                                "type": "text",
                                "text": "no, I have not got that one. will try it out. Thank you for the information, Gerard!"
                            }
                        ]
                    }
                ]
            }
        ],
        "thread_ts": "1583541709.174500",
        "parent_user_id": "W9CCKLFGV"
    },
    {
        "client_msg_id": "e1eadf0d-1c40-4c0a-a63f-9042e9be1319",
        "type": "message",
        "text": "no problem, if you want to check for reliability on HPT DAG, you can check <http:\/\/airflow--prod--mlwf-integration.service.smf1.twitter.biz\/admin\/airflow\/tree?dag_id=mlwf_tuning_integration>",
        "user": "WAL3VM0GL",
        "ts": "1583542841.176000",
        "team": "T86S8GHEG",
        "user_team": "T86S8GHEG",
        "source_team": "T86S8GHEG",
        "user_profile": {
            "avatar_hash": "8b2dcfbda488",
            "image_72": "https:\/\/avatars.slack-edge.com\/2018-06-28\/390667685750_8b2dcfbda4883669a8c8_72.jpg",
            "first_name": "Gerard",
            "real_name": "Gerard Casas Saez",
            "display_name": "gcasassaez",
            "team": "T86S8GHEG",
            "name": "gcasassaez",
            "is_restricted": false,
            "is_ultra_restricted": false
        },
        "blocks": [
            {
                "type": "rich_text",
                "block_id": "NI\/",
                "elements": [
                    {
                        "type": "rich_text_section",
                        "elements": [
                            {
                                "type": "text",
                                "text": "no problem, if you want to check for reliability on HPT DAG, you can check "
                            },
                            {
                                "type": "link",
                                "url": "http:\/\/airflow--prod--mlwf-integration.service.smf1.twitter.biz\/admin\/airflow\/tree?dag_id=mlwf_tuning_integration"
                            }
                        ]
                    }
                ]
            }
        ],
        "thread_ts": "1583541709.174500",
        "parent_user_id": "W9CCKLFGV"
    },
    {
        "client_msg_id": "6624a21a-13ab-46ec-9598-2df8dc27fbd8",
        "type": "message",
        "text": "Im monitoring this one closely. apologies for the breaking part, hope this will make it easier to track for us as well",
        "user": "WAL3VM0GL",
        "ts": "1583542883.176300",
        "team": "T86S8GHEG",
        "user_team": "T86S8GHEG",
        "source_team": "T86S8GHEG",
        "user_profile": {
            "avatar_hash": "8b2dcfbda488",
            "image_72": "https:\/\/avatars.slack-edge.com\/2018-06-28\/390667685750_8b2dcfbda4883669a8c8_72.jpg",
            "first_name": "Gerard",
            "real_name": "Gerard Casas Saez",
            "display_name": "gcasassaez",
            "team": "T86S8GHEG",
            "name": "gcasassaez",
            "is_restricted": false,
            "is_ultra_restricted": false
        },
        "edited": {
            "user": "WAL3VM0GL",
            "ts": "1583542905.000000"
        },
        "blocks": [
            {
                "type": "rich_text",
                "block_id": "n3i",
                "elements": [
                    {
                        "type": "rich_text_section",
                        "elements": [
                            {
                                "type": "text",
                                "text": "Im monitoring this one closely. apologies for the breaking part, hope this will make it easier to track for us as well"
                            }
                        ]
                    }
                ]
            }
        ],
        "thread_ts": "1583541709.174500",
        "parent_user_id": "W9CCKLFGV"
    },
    {
        "type": "message",
        "subtype": "message_changed",
        "hidden": true,
        "message": {
            "client_msg_id": "6624a21a-13ab-46ec-9598-2df8dc27fbd8",
            "type": "message",
            "text": "Im monitoring this one closely. apologies for the breaking part, hope this will make it easier to track for us as well",
            "user": "WAL3VM0GL",
            "team": "T86S8GHEG",
            "edited": {
                "user": "WAL3VM0GL",
                "ts": "1583542905.000000"
            },
            "blocks": [
                {
                    "type": "rich_text",
                    "block_id": "n3i",
                    "elements": [
                        {
                            "type": "rich_text_section",
                            "elements": [
                                {
                                    "type": "text",
                                    "text": "Im monitoring this one closely. apologies for the breaking part, hope this will make it easier to track for us as well"
                                }
                            ]
                        }
                    ]
                }
            ],
            "thread_ts": "1583541709.174500",
            "parent_user_id": "W9CCKLFGV",
            "ts": "1583542883.176300",
            "source_team": "E7U3XVBLP",
            "user_team": "E7U3XVBLP"
        },
        "channel": "C8FULTBU1",
        "ts": "1583542906.176500",
        "original": {
            "client_msg_id": "6624a21a-13ab-46ec-9598-2df8dc27fbd8",
            "type": "message",
            "text": "Im monitoring this one closely. apologies for the bugs",
            "user": "WAL3VM0GL",
            "ts": "1583542883.176300",
            "team": "T86S8GHEG",
            "user_team": "T86S8GHEG",
            "source_team": "T86S8GHEG",
            "user_profile": {
                "avatar_hash": "8b2dcfbda488",
                "image_72": "https:\/\/avatars.slack-edge.com\/2018-06-28\/390667685750_8b2dcfbda4883669a8c8_72.jpg",
                "first_name": "Gerard",
                "real_name": "Gerard Casas Saez",
                "display_name": "gcasassaez",
                "team": "T86S8GHEG",
                "name": "gcasassaez",
                "is_restricted": false,
                "is_ultra_restricted": false
            },
            "blocks": [
                {
                    "type": "rich_text",
                    "block_id": "7BM6",
                    "elements": [
                        {
                            "type": "rich_text_section",
                            "elements": [
                                {
                                    "type": "text",
                                    "text": "Im monitoring this one closely. apologies for the bugs"
                                }
                            ]
                        }
                    ]
                }
            ]
        },
        "edited_by": "WAL3VM0GL"
    }
]