[
    {
        "client_msg_id": "a947005d-0021-4e35-bfa3-92884b6b0d6c",
        "type": "message",
        "text": "<@WDJL9R90E> can you try to import pyhive (<https:\/\/confluence.twitter.biz\/display\/STREAMCOMPT\/Pyhive>) ?",
        "user": "W81H197B4",
        "ts": "1543574785.000900",
        "team": "T86S8GHEG",
        "user_team": "T86S8GHEG",
        "source_team": "T86S8GHEG",
        "user_profile": {
            "avatar_hash": "3c5dfa6fbf3e",
            "image_72": "https:\/\/avatars.slack-edge.com\/2019-04-15\/611937986839_3c5dfa6fbf3ec1db389d_72.jpg",
            "first_name": "Alexandre",
            "real_name": "Alexandre Lung-Yut-Fong",
            "display_name": "alungyutfong",
            "team": "T86S8GHEG",
            "name": "alungyutfong",
            "is_restricted": false,
            "is_ultra_restricted": false
        }
    },
    {
        "client_msg_id": "a106d829-4a8f-4688-8a00-5e81e33f4ef5",
        "type": "message",
        "text": "<@W81H197B4> Thank you",
        "user": "WDJL9R90E",
        "ts": "1543575384.001100",
        "team": "T86S8GHEG",
        "user_team": "T86S8GHEG",
        "source_team": "T86S8GHEG",
        "user_profile": {
            "avatar_hash": "g2f5de849404",
            "image_72": "https:\/\/secure.gravatar.com\/avatar\/12f5de8494047c671697c4d9db1e1543.jpg?s=72&d=https%3A%2F%2Fa.slack-edge.com%2Fdf10d%2Fimg%2Favatars%2Fava_0019-72.png",
            "first_name": "Jeff",
            "real_name": "Jeff de Jong",
            "display_name": "jdejong",
            "team": "T86S8GHEG",
            "name": "jdejong",
            "is_restricted": false,
            "is_ultra_restricted": false
        }
    },
    {
        "client_msg_id": "4ab53961-1970-4b08-a445-e93de45a691a",
        "type": "message",
        "text": "I have a phab to add a some commonly used analytics libraries in pycx. Currently, a couple of a us maintain a separate branch to launch this. Could someone take a look and comment? <https:\/\/phabricator.twitter.biz\/D248045> :pray::skin-tone-4:",
        "user": "WBLV04XEK",
        "ts": "1543622257.002300",
        "team": "T86S8GHEG",
        "user_team": "T86S8GHEG",
        "source_team": "T86S8GHEG",
        "user_profile": {
            "avatar_hash": "a8d9557a675d",
            "image_72": "https:\/\/avatars.slack-edge.com\/2018-09-10\/434343469334_a8d9557a675daa533873_72.jpg",
            "first_name": "Sayan",
            "real_name": "Sayan Sanyal",
            "display_name": "ssanyal",
            "team": "T86S8GHEG",
            "name": "ssanyal",
            "is_restricted": false,
            "is_ultra_restricted": false
        }
    }
]