[
    {
        "client_msg_id": "404343ed-f4ec-4881-9f22-088eecf9254f",
        "type": "message",
        "text": "<@WAY72R08P>, the failure happens in the mlstack tutorial that the Cortex team adapted for pycx which can be found on HDFS at `\/smf1\/dw2\/user\/cortex\/summit-tutorials\/Preparing-dataset-with-PyCX-tutorial-v2.ipynb` (It fails when writing the training data in the \"Data Split\" section)",
        "user": "WLD10HFNY",
        "ts": "1541777962.182700",
        "team": "T86S8GHEG",
        "user_team": "T86S8GHEG",
        "source_team": "T86S8GHEG",
        "user_profile": {
            "avatar_hash": "gc40223510f0",
            "image_72": "https:\/\/secure.gravatar.com\/avatar\/3c40223510f08c9e59f54c774368ceee.jpg?s=72&d=https%3A%2F%2Fa.slack-edge.com%2F5818c%2Fimg%2Favatars%2Fava_0007-72.png",
            "first_name": "Michael",
            "real_name": "Michael Kralka",
            "display_name": "mkralka",
            "team": "T86S8GHEG",
            "name": "mkralka",
            "is_restricted": false,
            "is_ultra_restricted": false
        },
        "thread_ts": "1541721552.181500",
        "parent_user_id": "WLD10HFNY",
        "reactions": [
            {
                "name": "+1",
                "users": [
                    "WAY72R08P"
                ],
                "count": 1
            }
        ]
    },
    {
        "client_msg_id": "29eee928-2727-4253-8a5c-575730d73962",
        "type": "message",
        "text": "<@W81LS208J> doing a bit of digging, it appears an older version of `ThriftSchemaConverter` is being used (without your changes from <https:\/\/phabricator.twitter.biz\/D231966>).",
        "user": "WLD10HFNY",
        "ts": "1541789679.183000",
        "team": "T86S8GHEG",
        "user_team": "T86S8GHEG",
        "source_team": "T86S8GHEG",
        "user_profile": {
            "avatar_hash": "gc40223510f0",
            "image_72": "https:\/\/secure.gravatar.com\/avatar\/3c40223510f08c9e59f54c774368ceee.jpg?s=72&d=https%3A%2F%2Fa.slack-edge.com%2F5818c%2Fimg%2Favatars%2Fava_0007-72.png",
            "first_name": "Michael",
            "real_name": "Michael Kralka",
            "display_name": "mkralka",
            "team": "T86S8GHEG",
            "name": "mkralka",
            "is_restricted": false,
            "is_ultra_restricted": false
        },
        "thread_ts": "1541721552.181500",
        "parent_user_id": "WLD10HFNY"
    },
    {
        "client_msg_id": "bc95f9de-620e-47eb-b228-0ad7ec20671d",
        "type": "message",
        "text": "Is there anything I need to do to be using the latest code in source?",
        "user": "WLD10HFNY",
        "ts": "1541789701.183200",
        "team": "T86S8GHEG",
        "user_team": "T86S8GHEG",
        "source_team": "T86S8GHEG",
        "user_profile": {
            "avatar_hash": "gc40223510f0",
            "image_72": "https:\/\/secure.gravatar.com\/avatar\/3c40223510f08c9e59f54c774368ceee.jpg?s=72&d=https%3A%2F%2Fa.slack-edge.com%2F5818c%2Fimg%2Favatars%2Fava_0007-72.png",
            "first_name": "Michael",
            "real_name": "Michael Kralka",
            "display_name": "mkralka",
            "team": "T86S8GHEG",
            "name": "mkralka",
            "is_restricted": false,
            "is_ultra_restricted": false
        },
        "thread_ts": "1541721552.181500",
        "parent_user_id": "WLD10HFNY"
    },
    {
        "client_msg_id": "66f17003-95a8-4053-802b-4e970fae4115",
        "type": "message",
        "text": "Sorry for late reply. I will bring up the policy but it would be better if we have JIRA associated with all these issues especially from power users.\nSo this particular issue: usersource_flat is defined here in eagleeye <https:\/\/eagleeye.twitter.biz\/data\/usersource\/usersource_flat\/detail>\n\n1) It is parquet dataset\n2) I see there are some holes\n3) Recently we found that parquet doesn’t handle empty structure and throws some exception.",
        "user": "W81LS208J",
        "ts": "1541790618.183600",
        "team": "T86S8GHEG",
        "user_team": "T86S8GHEG",
        "source_team": "T86S8GHEG",
        "user_profile": {
            "avatar_hash": "585c44555baf",
            "image_72": "https:\/\/avatars.slack-edge.com\/2018-03-23\/334679814401_585c44555baf50befc85_72.jpg",
            "first_name": "Kunal",
            "real_name": "Kunal Trivedi",
            "display_name": "ktrivedi",
            "team": "T86S8GHEG",
            "name": "ktrivedi",
            "is_restricted": false,
            "is_ultra_restricted": false
        },
        "thread_ts": "1541633145.130000",
        "parent_user_id": "W81JMP2LB"
    },
    {
        "client_msg_id": "6b0d5a62-ef05-45ec-8374-4bcc2943036f",
        "type": "message",
        "text": "Can you open a jira on CX assign to me .. have your code and date-range you were trying to read.",
        "user": "W81LS208J",
        "ts": "1541790644.183800",
        "team": "T86S8GHEG",
        "user_team": "T86S8GHEG",
        "source_team": "T86S8GHEG",
        "user_profile": {
            "avatar_hash": "585c44555baf",
            "image_72": "https:\/\/avatars.slack-edge.com\/2018-03-23\/334679814401_585c44555baf50befc85_72.jpg",
            "first_name": "Kunal",
            "real_name": "Kunal Trivedi",
            "display_name": "ktrivedi",
            "team": "T86S8GHEG",
            "name": "ktrivedi",
            "is_restricted": false,
            "is_ultra_restricted": false
        },
        "thread_ts": "1541633145.130000",
        "parent_user_id": "W81JMP2LB"
    },
    {
        "client_msg_id": "5faef312-a9ab-4a4a-ac06-a287c73d41bd",
        "type": "message",
        "text": "i will try to respond by next week",
        "user": "W81LS208J",
        "ts": "1541790650.184000",
        "team": "T86S8GHEG",
        "user_team": "T86S8GHEG",
        "source_team": "T86S8GHEG",
        "user_profile": {
            "avatar_hash": "585c44555baf",
            "image_72": "https:\/\/avatars.slack-edge.com\/2018-03-23\/334679814401_585c44555baf50befc85_72.jpg",
            "first_name": "Kunal",
            "real_name": "Kunal Trivedi",
            "display_name": "ktrivedi",
            "team": "T86S8GHEG",
            "name": "ktrivedi",
            "is_restricted": false,
            "is_ultra_restricted": false
        },
        "thread_ts": "1541633145.130000",
        "parent_user_id": "W81JMP2LB"
    },
    {
        "client_msg_id": "dbe1bab7-511e-43b3-ac09-c57e9a3069d4",
        "type": "message",
        "text": "let me quickly check the datasource version",
        "user": "W81LS208J",
        "ts": "1541790967.184200",
        "team": "T86S8GHEG",
        "user_team": "T86S8GHEG",
        "source_team": "T86S8GHEG",
        "user_profile": {
            "avatar_hash": "585c44555baf",
            "image_72": "https:\/\/avatars.slack-edge.com\/2018-03-23\/334679814401_585c44555baf50befc85_72.jpg",
            "first_name": "Kunal",
            "real_name": "Kunal Trivedi",
            "display_name": "ktrivedi",
            "team": "T86S8GHEG",
            "name": "ktrivedi",
            "is_restricted": false,
            "is_ultra_restricted": false
        },
        "thread_ts": "1541721552.181500",
        "parent_user_id": "WLD10HFNY"
    },
    {
        "client_msg_id": "C75203BB-878F-4D51-A386-B9D1A6634CB6",
        "type": "message",
        "text": "Will do, thanks",
        "user": "W81JMP2LB",
        "ts": "1541790974.184500",
        "team": "T86S8GHEG",
        "user_team": "T86S8GHEG",
        "source_team": "T86S8GHEG",
        "user_profile": {
            "avatar_hash": "gafe94e405a3",
            "image_72": "https:\/\/secure.gravatar.com\/avatar\/cafe94e405a31f58896317b79403b6f4.jpg?s=72&d=https%3A%2F%2Fa.slack-edge.com%2Fdf10d%2Fimg%2Favatars%2Fava_0022-72.png",
            "first_name": "Fiona",
            "real_name": "Fiona Pigott",
            "display_name": "fpigott",
            "team": "T86S8GHEG",
            "name": "fpigott",
            "is_restricted": false,
            "is_ultra_restricted": false
        },
        "thread_ts": "1541633145.130000",
        "parent_user_id": "W81JMP2LB"
    },
    {
        "client_msg_id": "790433e7-293a-4220-8580-86283be37c40",
        "type": "message",
        "text": "okay,.,, on me.. i pushed the datasources in packer but didn’t make it live..",
        "user": "W81LS208J",
        "ts": "1541791164.184700",
        "team": "T86S8GHEG",
        "user_team": "T86S8GHEG",
        "source_team": "T86S8GHEG",
        "user_profile": {
            "avatar_hash": "585c44555baf",
            "image_72": "https:\/\/avatars.slack-edge.com\/2018-03-23\/334679814401_585c44555baf50befc85_72.jpg",
            "first_name": "Kunal",
            "real_name": "Kunal Trivedi",
            "display_name": "ktrivedi",
            "team": "T86S8GHEG",
            "name": "ktrivedi",
            "is_restricted": false,
            "is_ultra_restricted": false
        },
        "thread_ts": "1541721552.181500",
        "parent_user_id": "WLD10HFNY"
    },
    {
        "client_msg_id": "ff4ec172-36ca-4300-ad80-bdc6cf50d4f2",
        "type": "message",
        "text": "and code downloads `live`",
        "user": "W81LS208J",
        "ts": "1541791208.184900",
        "team": "T86S8GHEG",
        "user_team": "T86S8GHEG",
        "source_team": "T86S8GHEG",
        "user_profile": {
            "avatar_hash": "585c44555baf",
            "image_72": "https:\/\/avatars.slack-edge.com\/2018-03-23\/334679814401_585c44555baf50befc85_72.jpg",
            "first_name": "Kunal",
            "real_name": "Kunal Trivedi",
            "display_name": "ktrivedi",
            "team": "T86S8GHEG",
            "name": "ktrivedi",
            "is_restricted": false,
            "is_ultra_restricted": false
        },
        "thread_ts": "1541721552.181500",
        "parent_user_id": "WLD10HFNY"
    },
    {
        "client_msg_id": "ef31b6d2-7510-45ea-8a71-c0d56964215f",
        "type": "message",
        "text": "just pushed it `live`",
        "user": "W81LS208J",
        "ts": "1541791212.185100",
        "team": "T86S8GHEG",
        "user_team": "T86S8GHEG",
        "source_team": "T86S8GHEG",
        "user_profile": {
            "avatar_hash": "585c44555baf",
            "image_72": "https:\/\/avatars.slack-edge.com\/2018-03-23\/334679814401_585c44555baf50befc85_72.jpg",
            "first_name": "Kunal",
            "real_name": "Kunal Trivedi",
            "display_name": "ktrivedi",
            "team": "T86S8GHEG",
            "name": "ktrivedi",
            "is_restricted": false,
            "is_ultra_restricted": false
        },
        "thread_ts": "1541721552.181500",
        "parent_user_id": "WLD10HFNY"
    },
    {
        "client_msg_id": "0bd0e55f-28bf-4a70-b9d4-fa25a5e25fd7",
        "type": "message",
        "text": "you have to kill current notebook and then relaunch",
        "user": "W81LS208J",
        "ts": "1541791237.185300",
        "team": "T86S8GHEG",
        "user_team": "T86S8GHEG",
        "source_team": "T86S8GHEG",
        "user_profile": {
            "avatar_hash": "585c44555baf",
            "image_72": "https:\/\/avatars.slack-edge.com\/2018-03-23\/334679814401_585c44555baf50befc85_72.jpg",
            "first_name": "Kunal",
            "real_name": "Kunal Trivedi",
            "display_name": "ktrivedi",
            "team": "T86S8GHEG",
            "name": "ktrivedi",
            "is_restricted": false,
            "is_ultra_restricted": false
        },
        "thread_ts": "1541721552.181500",
        "parent_user_id": "WLD10HFNY"
    },
    {
        "client_msg_id": "ce0f5179-181d-4054-9134-1010a5d2f3f7",
        "type": "message",
        "text": "I just followed the bouncing ball to this exact spot! :slightly_smiling_face:",
        "user": "WLD10HFNY",
        "ts": "1541791263.185500",
        "team": "T86S8GHEG",
        "user_team": "T86S8GHEG",
        "source_team": "T86S8GHEG",
        "user_profile": {
            "avatar_hash": "gc40223510f0",
            "image_72": "https:\/\/secure.gravatar.com\/avatar\/3c40223510f08c9e59f54c774368ceee.jpg?s=72&d=https%3A%2F%2Fa.slack-edge.com%2F5818c%2Fimg%2Favatars%2Fava_0007-72.png",
            "first_name": "Michael",
            "real_name": "Michael Kralka",
            "display_name": "mkralka",
            "team": "T86S8GHEG",
            "name": "mkralka",
            "is_restricted": false,
            "is_ultra_restricted": false
        },
        "thread_ts": "1541721552.181500",
        "parent_user_id": "WLD10HFNY"
    },
    {
        "client_msg_id": "1f2fd4fa-dac9-423f-af86-7c5af80c80a2",
        "type": "message",
        "text": "I'll give it a try. Thanks!",
        "user": "WLD10HFNY",
        "ts": "1541791274.185700",
        "team": "T86S8GHEG",
        "user_team": "T86S8GHEG",
        "source_team": "T86S8GHEG",
        "user_profile": {
            "avatar_hash": "gc40223510f0",
            "image_72": "https:\/\/secure.gravatar.com\/avatar\/3c40223510f08c9e59f54c774368ceee.jpg?s=72&d=https%3A%2F%2Fa.slack-edge.com%2F5818c%2Fimg%2Favatars%2Fava_0007-72.png",
            "first_name": "Michael",
            "real_name": "Michael Kralka",
            "display_name": "mkralka",
            "team": "T86S8GHEG",
            "name": "mkralka",
            "is_restricted": false,
            "is_ultra_restricted": false
        },
        "thread_ts": "1541721552.181500",
        "parent_user_id": "WLD10HFNY"
    }
]