[
    {
        "type": "message",
        "subtype": "channel_join",
        "ts": "1518530471.000496",
        "user": "W8161FH4G",
        "text": "<@W8161FH4G> has joined the channel"
    },
    {
        "type": "message",
        "text": "Morning pycx team. Was trying to follow some of the simple pycx tutorials (using spark) and am running into the following errors. Wondering if this is a known issue and what if anything I am doing wrong.",
        "user": "W8161FH4G",
        "ts": "1518530549.000338",
        "team": "T86S8GHEG",
        "user_team": "T86S8GHEG",
        "source_team": "T86S8GHEG",
        "user_profile": {
            "avatar_hash": "03515ead527c",
            "image_72": "https:\/\/avatars.slack-edge.com\/2017-12-18\/288029147377_03515ead527c51f67089_72.png",
            "first_name": "Nick",
            "real_name": "Nick Matheson",
            "display_name": "nmatheson",
            "team": "T86S8GHEG",
            "name": "nmatheson",
            "is_restricted": false,
            "is_ultra_restricted": false
        }
    },
    {
        "type": "message",
        "text": "Errors:",
        "user": "W8161FH4G",
        "ts": "1518530551.000294",
        "team": "T86S8GHEG",
        "user_team": "T86S8GHEG",
        "source_team": "T86S8GHEG",
        "user_profile": {
            "avatar_hash": "03515ead527c",
            "image_72": "https:\/\/avatars.slack-edge.com\/2017-12-18\/288029147377_03515ead527c51f67089_72.png",
            "first_name": "Nick",
            "real_name": "Nick Matheson",
            "display_name": "nmatheson",
            "team": "T86S8GHEG",
            "name": "nmatheson",
            "is_restricted": false,
            "is_ultra_restricted": false
        }
    },
    {
        "type": "message",
        "text": "From dw2:",
        "user": "W8161FH4G",
        "ts": "1518530575.000397",
        "team": "T86S8GHEG",
        "user_team": "T86S8GHEG",
        "source_team": "T86S8GHEG",
        "user_profile": {
            "avatar_hash": "03515ead527c",
            "image_72": "https:\/\/avatars.slack-edge.com\/2017-12-18\/288029147377_03515ead527c51f67089_72.png",
            "first_name": "Nick",
            "real_name": "Nick Matheson",
            "display_name": "nmatheson",
            "team": "T86S8GHEG",
            "name": "nmatheson",
            "is_restricted": false,
            "is_ultra_restricted": false
        }
    },
    {
        "type": "message",
        "text": "Exception in thread “main” java.lang.UnsupportedClassVersionError: org\/apache\/spark\/network\/util\/ByteUnit : Unsupported major.minor version 52.0\n\tat java.lang.ClassLoader.defineClass1(Native Method)\n\tat java.lang.ClassLoader.defineClass(ClassLoader.java:800)\n\tat java.security.SecureClassLoader.defineClass(SecureClassLoader.java:142)\n\tat java.net.URLClassLoader.defineClass(URLClassLoader.java:449)\n\tat java.net.URLClassLoader.access$100(URLClassLoader.java:71)\n\tat java.net.URLClassLoader$1.run(URLClassLoader.java:361)\n\tat java.net.URLClassLoader$1.run(URLClassLoader.java:355)\n\tat java.security.AccessController.doPrivileged(Native Method)\n\tat java.net.URLClassLoader.findClass(URLClassLoader.java:354)\n\tat java.lang.ClassLoader.loadClass(ClassLoader.java:425)\n\tat sun.misc.Launcher$AppClassLoader.loadClass(Launcher.java:308)\n\tat java.lang.ClassLoader.loadClass(ClassLoader.java:358)\n\tat org.apache.spark.internal.config.package$.&lt;init&gt;(package.scala:41)\n\tat org.apache.spark.internal.config.package$.&lt;clinit&gt;(package.scala)\n\tat org.apache.spark.deploy.yarn.ApplicationMaster.&lt;init&gt;(ApplicationMaster.scala:79)\n\tat org.apache.spark.deploy.yarn.ApplicationMaster$$anonfun$main$1.apply$mcV$sp(ApplicationMaster.scala:789)\n\tat org.apache.spark.deploy.SparkHadoopUtil$$anon$2.run(SparkHadoopUtil.scala:67)\n\tat org.apache.spark.deploy.SparkHadoopUtil$$anon$2.run(SparkHadoopUtil.scala:66)\n\tat java.security.AccessController.doPrivileged(Native Method)\n\tat javax.security.auth.Subject.doAs(Subject.java:415)\n\tat org.apache.hadoop.security.UserGroupInformation.doAs(UserGroupInformation.java:1645)\n\tat org.apache.spark.deploy.SparkHadoopUtil.runAsSparkUser(SparkHadoopUtil.scala:66)\n\tat org.apache.spark.deploy.yarn.ApplicationMaster$.main(ApplicationMaster.scala:788)\n\tat org.apache.spark.deploy.yarn.ExecutorLauncher$.main(ApplicationMaster.scala:811)\n\tat org.apache.spark.deploy.yarn.ExecutorLauncher.main(ApplicationMaster.scala)",
        "user": "W8161FH4G",
        "ts": "1518530576.000502",
        "team": "T86S8GHEG",
        "user_team": "T86S8GHEG",
        "source_team": "T86S8GHEG",
        "user_profile": {
            "avatar_hash": "03515ead527c",
            "image_72": "https:\/\/avatars.slack-edge.com\/2017-12-18\/288029147377_03515ead527c51f67089_72.png",
            "first_name": "Nick",
            "real_name": "Nick Matheson",
            "display_name": "nmatheson",
            "team": "T86S8GHEG",
            "name": "nmatheson",
            "is_restricted": false,
            "is_ultra_restricted": false
        }
    },
    {
        "type": "message",
        "text": "(looks like a lib from java 1.8 running on a 1.7 jvm)",
        "user": "W8161FH4G",
        "ts": "1518530599.000352",
        "team": "T86S8GHEG",
        "user_team": "T86S8GHEG",
        "source_team": "T86S8GHEG",
        "user_profile": {
            "avatar_hash": "03515ead527c",
            "image_72": "https:\/\/avatars.slack-edge.com\/2017-12-18\/288029147377_03515ead527c51f67089_72.png",
            "first_name": "Nick",
            "real_name": "Nick Matheson",
            "display_name": "nmatheson",
            "team": "T86S8GHEG",
            "name": "nmatheson",
            "is_restricted": false,
            "is_ultra_restricted": false
        }
    },
    {
        "type": "message",
        "text": "Simple pycx command line from tutorial:",
        "user": "W8161FH4G",
        "ts": "1518530624.000333",
        "team": "T86S8GHEG",
        "user_team": "T86S8GHEG",
        "source_team": "T86S8GHEG",
        "user_profile": {
            "avatar_hash": "03515ead527c",
            "image_72": "https:\/\/avatars.slack-edge.com\/2017-12-18\/288029147377_03515ead527c51f67089_72.png",
            "first_name": "Nick",
            "real_name": "Nick Matheson",
            "display_name": "nmatheson",
            "team": "T86S8GHEG",
            "name": "nmatheson",
            "is_restricted": false,
            "is_ultra_restricted": false
        }
    },
    {
        "type": "message",
        "text": "pycx spark --cluster atla notebook cortex-core\/pycx\/src\/python --allocator yarn -E 10 -M 7 --kill",
        "user": "W8161FH4G",
        "ts": "1518530624.000555",
        "team": "T86S8GHEG",
        "user_team": "T86S8GHEG",
        "source_team": "T86S8GHEG",
        "user_profile": {
            "avatar_hash": "03515ead527c",
            "image_72": "https:\/\/avatars.slack-edge.com\/2017-12-18\/288029147377_03515ead527c51f67089_72.png",
            "first_name": "Nick",
            "real_name": "Nick Matheson",
            "display_name": "nmatheson",
            "team": "T86S8GHEG",
            "name": "nmatheson",
            "is_restricted": false,
            "is_ultra_restricted": false
        }
    },
    {
        "type": "message",
        "text": "Just trying to run the first two commands from the DAL tutorial page:",
        "user": "W8161FH4G",
        "ts": "1518530652.000054",
        "team": "T86S8GHEG",
        "user_team": "T86S8GHEG",
        "source_team": "T86S8GHEG",
        "user_profile": {
            "avatar_hash": "03515ead527c",
            "image_72": "https:\/\/avatars.slack-edge.com\/2017-12-18\/288029147377_03515ead527c51f67089_72.png",
            "first_name": "Nick",
            "real_name": "Nick Matheson",
            "display_name": "nmatheson",
            "team": "T86S8GHEG",
            "name": "nmatheson",
            "is_restricted": false,
            "is_ultra_restricted": false
        }
    },
    {
        "type": "message",
        "text": "import cortex_core.pycx.src.python.libs.twitter.data as dal\n\n# All sources matching this role\ndal.role(“tweetsource”).printTable()",
        "user": "W8161FH4G",
        "ts": "1518530652.000315",
        "team": "T86S8GHEG",
        "user_team": "T86S8GHEG",
        "source_team": "T86S8GHEG",
        "user_profile": {
            "avatar_hash": "03515ead527c",
            "image_72": "https:\/\/avatars.slack-edge.com\/2017-12-18\/288029147377_03515ead527c51f67089_72.png",
            "first_name": "Nick",
            "real_name": "Nick Matheson",
            "display_name": "nmatheson",
            "team": "T86S8GHEG",
            "name": "nmatheson",
            "is_restricted": false,
            "is_ultra_restricted": false
        }
    },
    {
        "type": "message",
        "text": "Hey pycx peeps wondering if you have any thoughts on my question from early this morning?",
        "user": "W8161FH4G",
        "ts": "1518549301.000220",
        "team": "T86S8GHEG",
        "user_team": "T86S8GHEG",
        "source_team": "T86S8GHEG",
        "user_profile": {
            "avatar_hash": "03515ead527c",
            "image_72": "https:\/\/avatars.slack-edge.com\/2017-12-18\/288029147377_03515ead527c51f67089_72.png",
            "first_name": "Nick",
            "real_name": "Nick Matheson",
            "display_name": "nmatheson",
            "team": "T86S8GHEG",
            "name": "nmatheson",
            "is_restricted": false,
            "is_ultra_restricted": false
        }
    },
    {
        "type": "message",
        "text": "<@W8161FH4G> are u on the cortex slack? pycx chan on there is more active",
        "user": "W81LDDNPM",
        "ts": "1518550059.000407",
        "team": "T86S8GHEG",
        "user_team": "T86S8GHEG",
        "source_team": "T86S8GHEG",
        "user_profile": {
            "avatar_hash": "g86e75ed44d8",
            "image_72": "https:\/\/secure.gravatar.com\/avatar\/586e75ed44d83e02aa496a0c3d6ffc3d.jpg?s=72&d=https%3A%2F%2Fa.slack-edge.com%2Fdf10d%2Fimg%2Favatars%2Fava_0016-72.png",
            "first_name": "Kovas",
            "real_name": "Kovas Boguta",
            "display_name": "kboguta",
            "team": "T86S8GHEG",
            "name": "kboguta",
            "is_restricted": false,
            "is_ultra_restricted": false
        }
    },
    {
        "type": "message",
        "text": "Cool, thanks for the heads up, I was before the we switch the company over but think it got lost in the shuffle.",
        "user": "W8161FH4G",
        "ts": "1518550098.000004",
        "team": "T86S8GHEG",
        "user_team": "T86S8GHEG",
        "source_team": "T86S8GHEG",
        "user_profile": {
            "avatar_hash": "03515ead527c",
            "image_72": "https:\/\/avatars.slack-edge.com\/2017-12-18\/288029147377_03515ead527c51f67089_72.png",
            "first_name": "Nick",
            "real_name": "Nick Matheson",
            "display_name": "nmatheson",
            "team": "T86S8GHEG",
            "name": "nmatheson",
            "is_restricted": false,
            "is_ultra_restricted": false
        }
    },
    {
        "type": "message",
        "subtype": "channel_join",
        "ts": "1518573090.000269",
        "user": "W81SSMB1Q",
        "text": "<@W81SSMB1Q> has joined the channel"
    }
]