[
    {
        "type": "message",
        "text": "",
        "files": [
            {
                "id": "F9SFRPR8D",
                "created": 1521483090,
                "timestamp": 1521483090,
                "name": "-.md",
                "title": "Untitled",
                "mimetype": "text\/plain",
                "filetype": "markdown",
                "pretty_type": "Markdown (raw)",
                "user": "W81HPGJTF",
                "editable": true,
                "size": 3153,
                "mode": "snippet",
                "is_external": false,
                "external_type": "",
                "is_public": true,
                "public_url_shared": false,
                "display_as_bot": false,
                "username": "",
                "url_private": "https:\/\/files.slack.com\/files-pri\/T7U3XVBLP-F9SFRPR8D\/-.md?t=xoxe-278892561492-1005149783089-1017423836678-e1e14aa1789ddce7f4decc622097bda8",
                "url_private_download": "https:\/\/files.slack.com\/files-pri\/T7U3XVBLP-F9SFRPR8D\/download\/-.md?t=xoxe-278892561492-1005149783089-1017423836678-e1e14aa1789ddce7f4decc622097bda8",
                "permalink": "https:\/\/twitter.enterprise.slack.com\/files\/W81HPGJTF\/F9SFRPR8D\/-.md",
                "permalink_public": "https:\/\/slack-files.com\/T7U3XVBLP-F9SFRPR8D-1ae15802cf",
                "edit_link": "https:\/\/twitter.enterprise.slack.com\/files\/W81HPGJTF\/F9SFRPR8D\/-.md\/edit",
                "is_starred": false,
                "has_rich_preview": false
            }
        ],
        "upload": true,
        "user": "W81HPGJTF",
        "display_as_bot": false,
        "ts": "1521483091.000199"
    },
    {
        "type": "message",
        "text": "Hi all, I am having a bit of an issue selecting data from a dataset of ours in spark",
        "user": "W81HPGJTF",
        "ts": "1521483106.000123",
        "team": "T86S8GHEG",
        "user_team": "T86S8GHEG",
        "source_team": "T86S8GHEG",
        "user_profile": {
            "avatar_hash": "0da9567a6272",
            "image_72": "https:\/\/avatars.slack-edge.com\/2017-12-01\/279827564912_0da9567a62721a5401ab_72.jpg",
            "first_name": "Aaron",
            "real_name": "Aaron Gonzales",
            "display_name": "agonzales",
            "team": "T86S8GHEG",
            "name": "agonzales",
            "is_restricted": false,
            "is_ultra_restricted": false
        }
    },
    {
        "type": "message",
        "text": "the above snippet has the input and output",
        "user": "W81HPGJTF",
        "ts": "1521483116.000720",
        "team": "T86S8GHEG",
        "user_team": "T86S8GHEG",
        "source_team": "T86S8GHEG",
        "user_profile": {
            "avatar_hash": "0da9567a6272",
            "image_72": "https:\/\/avatars.slack-edge.com\/2017-12-01\/279827564912_0da9567a62721a5401ab_72.jpg",
            "first_name": "Aaron",
            "real_name": "Aaron Gonzales",
            "display_name": "agonzales",
            "team": "T86S8GHEG",
            "name": "agonzales",
            "is_restricted": false,
            "is_ultra_restricted": false
        }
    },
    {
        "type": "message",
        "subtype": "file_comment",
        "text": "<@W81HPGJTF> commented on <@W81HPGJTF>’s file <https:\/\/twitter.enterprise.slack.com\/files\/W81HPGJTF\/F9SFRPR8D\/-.md|Untitled>: <@W81JMP2LB>",
        "file": {
            "id": "F9SFRPR8D",
            "created": 1521483090,
            "timestamp": 1521483090,
            "name": "-.md",
            "title": "Untitled",
            "mimetype": "text\/plain",
            "filetype": "markdown",
            "pretty_type": "Markdown (raw)",
            "user": "W81HPGJTF",
            "editable": true,
            "size": 3153,
            "mode": "snippet",
            "is_external": false,
            "external_type": "",
            "is_public": true,
            "public_url_shared": false,
            "display_as_bot": false,
            "username": "",
            "url_private": "https:\/\/files.slack.com\/files-pri\/T7U3XVBLP-F9SFRPR8D\/-.md?t=xoxe-278892561492-1005149783089-1017423836678-e1e14aa1789ddce7f4decc622097bda8",
            "url_private_download": "https:\/\/files.slack.com\/files-pri\/T7U3XVBLP-F9SFRPR8D\/download\/-.md?t=xoxe-278892561492-1005149783089-1017423836678-e1e14aa1789ddce7f4decc622097bda8",
            "permalink": "https:\/\/twitter.enterprise.slack.com\/files\/W81HPGJTF\/F9SFRPR8D\/-.md",
            "permalink_public": "https:\/\/slack-files.com\/T7U3XVBLP-F9SFRPR8D-1ae15802cf",
            "edit_link": "https:\/\/twitter.enterprise.slack.com\/files\/W81HPGJTF\/F9SFRPR8D\/-.md\/edit",
            "is_starred": false,
            "has_rich_preview": false
        },
        "files": [
            {
                "id": "F9SFRPR8D",
                "created": 1521483090,
                "timestamp": 1521483090,
                "name": "-.md",
                "title": "Untitled",
                "mimetype": "text\/plain",
                "filetype": "markdown",
                "pretty_type": "Markdown (raw)",
                "user": "W81HPGJTF",
                "editable": true,
                "size": 3153,
                "mode": "snippet",
                "is_external": false,
                "external_type": "",
                "is_public": true,
                "public_url_shared": false,
                "display_as_bot": false,
                "username": "",
                "url_private": "https:\/\/files.slack.com\/files-pri\/T7U3XVBLP-F9SFRPR8D\/-.md?t=xoxe-278892561492-1005149783089-1017423836678-e1e14aa1789ddce7f4decc622097bda8",
                "url_private_download": "https:\/\/files.slack.com\/files-pri\/T7U3XVBLP-F9SFRPR8D\/download\/-.md?t=xoxe-278892561492-1005149783089-1017423836678-e1e14aa1789ddce7f4decc622097bda8",
                "permalink": "https:\/\/twitter.enterprise.slack.com\/files\/W81HPGJTF\/F9SFRPR8D\/-.md",
                "permalink_public": "https:\/\/slack-files.com\/T7U3XVBLP-F9SFRPR8D-1ae15802cf",
                "edit_link": "https:\/\/twitter.enterprise.slack.com\/files\/W81HPGJTF\/F9SFRPR8D\/-.md\/edit",
                "is_starred": false,
                "has_rich_preview": false
            }
        ],
        "comment": {
            "id": "Fc9SFS70HK",
            "created": 1521483129,
            "timestamp": 1521483129,
            "user": "W81HPGJTF",
            "is_intro": false,
            "comment": "<@W81JMP2LB>"
        },
        "is_intro": false,
        "ts": "1521483129.000421"
    },
    {
        "type": "message",
        "subtype": "channel_join",
        "ts": "1521483136.000299",
        "user": "W81JMP2LB",
        "text": "<@W81JMP2LB> has joined the channel",
        "inviter": "W81HPGJTF"
    },
    {
        "type": "message",
        "text": "working with this data is fine in presto",
        "user": "W81HPGJTF",
        "ts": "1521483159.000089",
        "team": "T86S8GHEG",
        "user_team": "T86S8GHEG",
        "source_team": "T86S8GHEG",
        "user_profile": {
            "avatar_hash": "0da9567a6272",
            "image_72": "https:\/\/avatars.slack-edge.com\/2017-12-01\/279827564912_0da9567a62721a5401ab_72.jpg",
            "first_name": "Aaron",
            "real_name": "Aaron Gonzales",
            "display_name": "agonzales",
            "team": "T86S8GHEG",
            "name": "agonzales",
            "is_restricted": false,
            "is_ultra_restricted": false
        }
    },
    {
        "type": "message",
        "text": "and also, i don’t see our `datehour` partition column in this dataframe",
        "user": "W81HPGJTF",
        "ts": "1521483180.000146",
        "team": "T86S8GHEG",
        "user_team": "T86S8GHEG",
        "source_team": "T86S8GHEG",
        "user_profile": {
            "avatar_hash": "0da9567a6272",
            "image_72": "https:\/\/avatars.slack-edge.com\/2017-12-01\/279827564912_0da9567a62721a5401ab_72.jpg",
            "first_name": "Aaron",
            "real_name": "Aaron Gonzales",
            "display_name": "agonzales",
            "team": "T86S8GHEG",
            "name": "agonzales",
            "is_restricted": false,
            "is_ultra_restricted": false
        }
    },
    {
        "type": "message",
        "text": "any thoughts?",
        "user": "W81HPGJTF",
        "ts": "1521483182.000784",
        "team": "T86S8GHEG",
        "user_team": "T86S8GHEG",
        "source_team": "T86S8GHEG",
        "user_profile": {
            "avatar_hash": "0da9567a6272",
            "image_72": "https:\/\/avatars.slack-edge.com\/2017-12-01\/279827564912_0da9567a62721a5401ab_72.jpg",
            "first_name": "Aaron",
            "real_name": "Aaron Gonzales",
            "display_name": "agonzales",
            "team": "T86S8GHEG",
            "name": "agonzales",
            "is_restricted": false,
            "is_ultra_restricted": false
        }
    }
]