[
    {
        "type": "message",
        "text": "hi all, is there a trick to getting matplotlib working in pycx notebooks?",
        "user": "W81HPGJTF",
        "ts": "1521647655.000136",
        "team": "T86S8GHEG",
        "user_team": "T86S8GHEG",
        "source_team": "T86S8GHEG",
        "user_profile": {
            "avatar_hash": "0da9567a6272",
            "image_72": "https:\/\/avatars.slack-edge.com\/2017-12-01\/279827564912_0da9567a62721a5401ab_72.jpg",
            "first_name": "Aaron",
            "real_name": "Aaron Gonzales",
            "display_name": "agonzales",
            "team": "T86S8GHEG",
            "name": "agonzales",
            "is_restricted": false,
            "is_ultra_restricted": false
        }
    },
    {
        "type": "message",
        "text": "or any interactive plotting?",
        "user": "W81HPGJTF",
        "ts": "1521647660.000921",
        "team": "T86S8GHEG",
        "user_team": "T86S8GHEG",
        "source_team": "T86S8GHEG",
        "user_profile": {
            "avatar_hash": "0da9567a6272",
            "image_72": "https:\/\/avatars.slack-edge.com\/2017-12-01\/279827564912_0da9567a62721a5401ab_72.jpg",
            "first_name": "Aaron",
            "real_name": "Aaron Gonzales",
            "display_name": "agonzales",
            "team": "T86S8GHEG",
            "name": "agonzales",
            "is_restricted": false,
            "is_ultra_restricted": false
        }
    },
    {
        "type": "message",
        "text": "wait, ignore all of that; my recent restart of my instance seems to have fixed my lack of output… :woohoo:",
        "user": "W81HPGJTF",
        "ts": "1521647721.000251",
        "team": "T86S8GHEG",
        "user_team": "T86S8GHEG",
        "source_team": "T86S8GHEG",
        "user_profile": {
            "avatar_hash": "0da9567a6272",
            "image_72": "https:\/\/avatars.slack-edge.com\/2017-12-01\/279827564912_0da9567a62721a5401ab_72.jpg",
            "first_name": "Aaron",
            "real_name": "Aaron Gonzales",
            "display_name": "agonzales",
            "team": "T86S8GHEG",
            "name": "agonzales",
            "is_restricted": false,
            "is_ultra_restricted": false
        },
        "thread_ts": "1521647721.000251",
        "reply_count": 1,
        "reply_users_count": 1,
        "latest_reply": "1521654044.000522",
        "reply_users": [
            "WLFK4KDHC"
        ],
        "replies": [
            {
                "user": "WLFK4KDHC",
                "ts": "1521654044.000522"
            }
        ],
        "subscribed": false
    },
    {
        "type": "message",
        "text": ":+1:",
        "user": "WLFK4KDHC",
        "ts": "1521654044.000522",
        "team": "T86S8GHEG",
        "user_team": "T86S8GHEG",
        "source_team": "T86S8GHEG",
        "user_profile": {
            "avatar_hash": "4f2b69c97d9d",
            "image_72": "https:\/\/avatars.slack-edge.com\/2017-12-18\/289302739670_4f2b69c97d9d702c2a63_72.jpg",
            "first_name": "Tony",
            "real_name": "Tony Zhou",
            "display_name": "tzhou",
            "team": "T86S8GHEG",
            "name": "tzhou",
            "is_restricted": false,
            "is_ultra_restricted": false
        },
        "thread_ts": "1521647721.000251",
        "parent_user_id": "W81HPGJTF"
    }
]