[
    {
        "type": "message",
        "text": "<https:\/\/twitter.com\/njgoldbaum\/status\/991766762105516032>",
        "user": "WLD0VBYAG",
        "ts": "1525461569.000057",
        "team": "T86S8GHEG",
        "user_team": "T86S8GHEG",
        "source_team": "T86S8GHEG",
        "user_profile": {
            "avatar_hash": "05628168650a",
            "image_72": "https:\/\/avatars.slack-edge.com\/2018-04-26\/354229354194_05628168650a9d6705d7_72.jpg",
            "first_name": "Samuel",
            "real_name": "Samuel Ngahane",
            "display_name": "sngahane",
            "team": "T86S8GHEG",
            "name": "sngahane",
            "is_restricted": false,
            "is_ultra_restricted": false
        },
        "attachments": [
            {
                "fallback": "<https:\/\/twitter.com\/njgoldbaum|@njgoldbaum>: <https:\/\/pbs.twimg.com\/media\/DcN2mmmX4AUUMmf.jpg>",
                "ts": 1525290596,
                "author_name": "Nathan Goldbaum",
                "author_link": "https:\/\/twitter.com\/njgoldbaum\/status\/991766762105516032",
                "author_icon": "https:\/\/pbs.twimg.com\/profile_images\/860146128343453696\/l4mo64PH_normal.jpg",
                "author_subname": "@njgoldbaum",
                "text": "<https:\/\/pbs.twimg.com\/media\/DcN2mmmX4AUUMmf.jpg>",
                "service_name": "twitter",
                "service_url": "https:\/\/twitter.com\/",
                "from_url": "https:\/\/twitter.com\/njgoldbaum\/status\/991766762105516032",
                "image_url": "https:\/\/pbs.twimg.com\/media\/DcN2mmmX4AUUMmf.jpg",
                "image_width": 750,
                "image_height": 500,
                "image_bytes": 68918,
                "id": 1,
                "original_url": "https:\/\/twitter.com\/njgoldbaum\/status\/991766762105516032",
                "footer": "Twitter",
                "footer_icon": "https:\/\/a.slack-edge.com\/80588\/img\/services\/twitter_pixel_snapped_32.png"
            }
        ]
    },
    {
        "type": "message",
        "text": "Lol",
        "user": "WL22M3N82",
        "ts": "1525461604.000168",
        "team": "T86S8GHEG",
        "user_team": "T86S8GHEG",
        "source_team": "T86S8GHEG",
        "user_profile": {
            "avatar_hash": "10f0cdc4e033",
            "image_72": "https:\/\/avatars.slack-edge.com\/2018-01-29\/305921446465_10f0cdc4e033e987a9d4_72.jpg",
            "first_name": "Nicolas",
            "real_name": "Nicolas Koumchatzky",
            "display_name": "nkoumchatzky",
            "team": "T86S8GHEG",
            "name": "nkoumchatzky",
            "is_restricted": false,
            "is_ultra_restricted": false
        }
    },
    {
        "type": "message",
        "text": "lol",
        "user": "W81LDDNPM",
        "ts": "1525461604.000333",
        "team": "T86S8GHEG",
        "user_team": "T86S8GHEG",
        "source_team": "T86S8GHEG",
        "user_profile": {
            "avatar_hash": "g86e75ed44d8",
            "image_72": "https:\/\/secure.gravatar.com\/avatar\/586e75ed44d83e02aa496a0c3d6ffc3d.jpg?s=72&d=https%3A%2F%2Fa.slack-edge.com%2Fdf10d%2Fimg%2Favatars%2Fava_0016-72.png",
            "first_name": "Kovas",
            "real_name": "Kovas Boguta",
            "display_name": "kboguta",
            "team": "T86S8GHEG",
            "name": "kboguta",
            "is_restricted": false,
            "is_ultra_restricted": false
        }
    },
    {
        "type": "message",
        "text": "this is the best part",
        "user": "W82KEML2J",
        "ts": "1525470290.000133",
        "team": "T86S8GHEG",
        "user_team": "T86S8GHEG",
        "source_team": "T86S8GHEG",
        "user_profile": {
            "avatar_hash": "76cfed1472fd",
            "image_72": "https:\/\/avatars.slack-edge.com\/2018-01-16\/299349490449_76cfed1472fd5cb7033e_72.png",
            "first_name": "Luca",
            "real_name": "Luca Belli",
            "display_name": "lbelli",
            "team": "T86S8GHEG",
            "name": "lbelli",
            "is_restricted": false,
            "is_ultra_restricted": false
        }
    },
    {
        "type": "message",
        "text": "<https:\/\/twitter.com\/njgoldbaum\/status\/991789853623947264?s=20>",
        "user": "W82KEML2J",
        "ts": "1525470292.000218",
        "team": "T86S8GHEG",
        "user_team": "T86S8GHEG",
        "source_team": "T86S8GHEG",
        "user_profile": {
            "avatar_hash": "76cfed1472fd",
            "image_72": "https:\/\/avatars.slack-edge.com\/2018-01-16\/299349490449_76cfed1472fd5cb7033e_72.png",
            "first_name": "Luca",
            "real_name": "Luca Belli",
            "display_name": "lbelli",
            "team": "T86S8GHEG",
            "name": "lbelli",
            "is_restricted": false,
            "is_ultra_restricted": false
        },
        "attachments": [
            {
                "fallback": "<https:\/\/twitter.com\/njgoldbaum|@njgoldbaum>: Oh god what have I done. <https:\/\/pbs.twimg.com\/media\/DcOLnUoWkAU_Zq1.jpg>",
                "ts": 1525296102,
                "author_name": "Nathan Goldbaum",
                "author_link": "https:\/\/twitter.com\/njgoldbaum\/status\/991789853623947264",
                "author_icon": "https:\/\/pbs.twimg.com\/profile_images\/860146128343453696\/l4mo64PH_normal.jpg",
                "author_subname": "@njgoldbaum",
                "text": "Oh god what have I done. <https:\/\/pbs.twimg.com\/media\/DcOLnUoWkAU_Zq1.jpg>",
                "service_name": "twitter",
                "service_url": "https:\/\/twitter.com\/",
                "from_url": "https:\/\/twitter.com\/njgoldbaum\/status\/991789853623947264?s=20",
                "image_url": "https:\/\/pbs.twimg.com\/media\/DcOLnUoWkAU_Zq1.jpg",
                "image_width": 1199,
                "image_height": 335,
                "image_bytes": 29951,
                "id": 1,
                "original_url": "https:\/\/twitter.com\/njgoldbaum\/status\/991789853623947264?s=20",
                "footer": "Twitter",
                "footer_icon": "https:\/\/a.slack-edge.com\/80588\/img\/services\/twitter_pixel_snapped_32.png"
            }
        ],
        "reactions": [
            {
                "name": "like",
                "users": [
                    "W82KAA0T0"
                ],
                "count": 1
            }
        ]
    },
    {
        "type": "message",
        "text": "the guy is a famous data science python person",
        "user": "W82KEML2J",
        "ts": "1525470342.000388",
        "team": "T86S8GHEG",
        "user_team": "T86S8GHEG",
        "source_team": "T86S8GHEG",
        "user_profile": {
            "avatar_hash": "76cfed1472fd",
            "image_72": "https:\/\/avatars.slack-edge.com\/2018-01-16\/299349490449_76cfed1472fd5cb7033e_72.png",
            "first_name": "Luca",
            "real_name": "Luca Belli",
            "display_name": "lbelli",
            "team": "T86S8GHEG",
            "name": "lbelli",
            "is_restricted": false,
            "is_ultra_restricted": false
        }
    }
]