[
    {
        "client_msg_id": "ad701aa5-c508-4b67-90f1-9600225f3109",
        "type": "message",
        "text": "just seeing if <@W81LU64GJ> has any insight on the interact thing (see previous comments)",
        "user": "W82KEML2J",
        "ts": "1541176715.079100",
        "team": "T86S8GHEG",
        "user_team": "T86S8GHEG",
        "source_team": "T86S8GHEG",
        "user_profile": {
            "avatar_hash": "76cfed1472fd",
            "image_72": "https:\/\/avatars.slack-edge.com\/2018-01-16\/299349490449_76cfed1472fd5cb7033e_72.png",
            "first_name": "Luca",
            "real_name": "Luca Belli",
            "display_name": "lbelli",
            "team": "T86S8GHEG",
            "name": "lbelli",
            "is_restricted": false,
            "is_ultra_restricted": false
        },
        "thread_ts": "1541097582.044200",
        "parent_user_id": "WBKQBLQSU"
    },
    {
        "client_msg_id": "631efed4-dad2-4284-8c6d-a93c6e70890e",
        "type": "message",
        "text": "what was the q again?",
        "user": "W81LU64GJ",
        "ts": "1541178720.079300",
        "team": "T86S8GHEG",
        "user_team": "T86S8GHEG",
        "source_team": "T86S8GHEG",
        "user_profile": {
            "avatar_hash": "51c80845c55f",
            "image_72": "https:\/\/avatars.slack-edge.com\/2019-03-06\/569423098722_51c80845c55f7f5fb696_72.jpg",
            "first_name": "Kris",
            "real_name": "Kris Wilson",
            "display_name": "kwilson",
            "team": "T86S8GHEG",
            "name": "kwilson",
            "is_restricted": false,
            "is_ultra_restricted": false
        },
        "thread_ts": "1541097582.044200",
        "parent_user_id": "WBKQBLQSU"
    },
    {
        "client_msg_id": "65c641bc-876f-4a8e-baac-d903ca325142",
        "type": "message",
        "text": "<https:\/\/ipywidgets.readthedocs.io\/en\/stable\/user_install.html>",
        "user": "WBKQBLQSU",
        "ts": "1541178833.079500",
        "team": "T86S8GHEG",
        "user_team": "T86S8GHEG",
        "source_team": "T86S8GHEG",
        "user_profile": {
            "avatar_hash": "84c620fd04ca",
            "image_72": "https:\/\/avatars.slack-edge.com\/2019-06-05\/645231002434_84c620fd04ca6b363e6c_72.png",
            "first_name": "Redwan",
            "real_name": "Redwan Rahman",
            "display_name": "rrahman",
            "team": "T86S8GHEG",
            "name": "rrahman",
            "is_restricted": false,
            "is_ultra_restricted": false
        },
        "thread_ts": "1541097582.044200",
        "parent_user_id": "WBKQBLQSU"
    },
    {
        "client_msg_id": "2dad046c-c04b-4810-a46f-513bb37e07bf",
        "type": "message",
        "text": "he wants to be able to use this with pycx I believe",
        "user": "WBKQBLQSU",
        "ts": "1541178851.079700",
        "team": "T86S8GHEG",
        "user_team": "T86S8GHEG",
        "source_team": "T86S8GHEG",
        "user_profile": {
            "avatar_hash": "84c620fd04ca",
            "image_72": "https:\/\/avatars.slack-edge.com\/2019-06-05\/645231002434_84c620fd04ca6b363e6c_72.png",
            "first_name": "Redwan",
            "real_name": "Redwan Rahman",
            "display_name": "rrahman",
            "team": "T86S8GHEG",
            "name": "rrahman",
            "is_restricted": false,
            "is_ultra_restricted": false
        },
        "thread_ts": "1541097582.044200",
        "parent_user_id": "WBKQBLQSU"
    },
    {
        "client_msg_id": "81aafa8f-1d76-4137-9b4e-27f3eccdbfff",
        "type": "message",
        "text": "yeah. so basically they are installed",
        "user": "W82KEML2J",
        "ts": "1541178863.079900",
        "team": "T86S8GHEG",
        "user_team": "T86S8GHEG",
        "source_team": "T86S8GHEG",
        "user_profile": {
            "avatar_hash": "76cfed1472fd",
            "image_72": "https:\/\/avatars.slack-edge.com\/2018-01-16\/299349490449_76cfed1472fd5cb7033e_72.png",
            "first_name": "Luca",
            "real_name": "Luca Belli",
            "display_name": "lbelli",
            "team": "T86S8GHEG",
            "name": "lbelli",
            "is_restricted": false,
            "is_ultra_restricted": false
        },
        "thread_ts": "1541097582.044200",
        "parent_user_id": "WBKQBLQSU"
    },
    {
        "client_msg_id": "2b1e9e91-baee-472a-a621-d7b569df6fed",
        "type": "message",
        "text": "but you need to enable in order for the front end to actually do things",
        "user": "W82KEML2J",
        "ts": "1541178878.080100",
        "team": "T86S8GHEG",
        "user_team": "T86S8GHEG",
        "source_team": "T86S8GHEG",
        "user_profile": {
            "avatar_hash": "76cfed1472fd",
            "image_72": "https:\/\/avatars.slack-edge.com\/2018-01-16\/299349490449_76cfed1472fd5cb7033e_72.png",
            "first_name": "Luca",
            "real_name": "Luca Belli",
            "display_name": "lbelli",
            "team": "T86S8GHEG",
            "name": "lbelli",
            "is_restricted": false,
            "is_ultra_restricted": false
        },
        "thread_ts": "1541097582.044200",
        "parent_user_id": "WBKQBLQSU"
    },
    {
        "client_msg_id": "adcf67b0-3c16-4d3c-b0ef-57bab65e9eeb",
        "type": "message",
        "text": "locally you can do `jupyter nbextension enable --py widgetsnbextension`",
        "user": "W82KEML2J",
        "ts": "1541178899.080300",
        "team": "T86S8GHEG",
        "user_team": "T86S8GHEG",
        "source_team": "T86S8GHEG",
        "user_profile": {
            "avatar_hash": "76cfed1472fd",
            "image_72": "https:\/\/avatars.slack-edge.com\/2018-01-16\/299349490449_76cfed1472fd5cb7033e_72.png",
            "first_name": "Luca",
            "real_name": "Luca Belli",
            "display_name": "lbelli",
            "team": "T86S8GHEG",
            "name": "lbelli",
            "is_restricted": false,
            "is_ultra_restricted": false
        },
        "thread_ts": "1541097582.044200",
        "parent_user_id": "WBKQBLQSU"
    },
    {
        "client_msg_id": "80234b87-e73a-48ba-90e6-50e05a7afedc",
        "type": "message",
        "text": "is there a way to make this happen on mesos?",
        "user": "W82KEML2J",
        "ts": "1541178909.080500",
        "team": "T86S8GHEG",
        "user_team": "T86S8GHEG",
        "source_team": "T86S8GHEG",
        "user_profile": {
            "avatar_hash": "76cfed1472fd",
            "image_72": "https:\/\/avatars.slack-edge.com\/2018-01-16\/299349490449_76cfed1472fd5cb7033e_72.png",
            "first_name": "Luca",
            "real_name": "Luca Belli",
            "display_name": "lbelli",
            "team": "T86S8GHEG",
            "name": "lbelli",
            "is_restricted": false,
            "is_ultra_restricted": false
        },
        "edited": {
            "user": "W82KEML2J",
            "ts": "1541178913.000000"
        },
        "thread_ts": "1541097582.044200",
        "parent_user_id": "WBKQBLQSU"
    },
    {
        "client_msg_id": "13b1e332-9575-4603-8e92-1d57c049e473",
        "type": "message",
        "text": "it looks like this might already be getting setup in the code? <https:\/\/cgit.twitter.biz\/source\/tree\/cortex-core\/pycx\/src\/python\/pycx_libs\/backends\/mesos_notebook.py#n29>",
        "user": "W81LU64GJ",
        "ts": "1541179217.080800",
        "team": "T86S8GHEG",
        "user_team": "T86S8GHEG",
        "source_team": "T86S8GHEG",
        "user_profile": {
            "avatar_hash": "51c80845c55f",
            "image_72": "https:\/\/avatars.slack-edge.com\/2019-03-06\/569423098722_51c80845c55f7f5fb696_72.jpg",
            "first_name": "Kris",
            "real_name": "Kris Wilson",
            "display_name": "kwilson",
            "team": "T86S8GHEG",
            "name": "kwilson",
            "is_restricted": false,
            "is_ultra_restricted": false
        },
        "thread_ts": "1541097582.044200",
        "parent_user_id": "WBKQBLQSU"
    },
    {
        "client_msg_id": "d0552e83-48fc-4db3-b20c-ccad79f84811",
        "type": "message",
        "text": "hm, maybe not actually used",
        "user": "W81LU64GJ",
        "ts": "1541179378.081000",
        "team": "T86S8GHEG",
        "user_team": "T86S8GHEG",
        "source_team": "T86S8GHEG",
        "user_profile": {
            "avatar_hash": "51c80845c55f",
            "image_72": "https:\/\/avatars.slack-edge.com\/2019-03-06\/569423098722_51c80845c55f7f5fb696_72.jpg",
            "first_name": "Kris",
            "real_name": "Kris Wilson",
            "display_name": "kwilson",
            "team": "T86S8GHEG",
            "name": "kwilson",
            "is_restricted": false,
            "is_ultra_restricted": false
        },
        "thread_ts": "1541097582.044200",
        "parent_user_id": "WBKQBLQSU"
    },
    {
        "client_msg_id": "b8268453-348b-4206-885e-fbab8bd4f4fc",
        "type": "message",
        "text": "Hi team, I scored 45M tweets and tried to retrieve my model score. With the following comment, i can only get up to 10k tweets.. ```from libs_v2.spark import Dataset\n\nds = Dataset(sc)\ncaptured = ds.thrift(\"com.twitter.cortex_core.spark.capturedprediction\",\n                     \"<viewfs:\/\/hadoop-dw2-nn.smf1.twitter.com\/user\/tianyil\/TosModelScores\/2018_10_01\/>\")\n``` Anyone know what's going on?",
        "user": "W823KLP0V",
        "ts": "1541180655.082500",
        "team": "T86S8GHEG",
        "user_team": "T86S8GHEG",
        "source_team": "T86S8GHEG",
        "user_profile": {
            "avatar_hash": "c5b196ccfd58",
            "image_72": "https:\/\/avatars.slack-edge.com\/2017-12-01\/279995833584_c5b196ccfd5894716582_72.jpg",
            "first_name": "Linda",
            "real_name": "Linda Liu",
            "display_name": "tianyil",
            "team": "T86S8GHEG",
            "name": "tianyil",
            "is_restricted": false,
            "is_ultra_restricted": false
        },
        "thread_ts": "1541180655.082500",
        "reply_count": 13,
        "reply_users_count": 2,
        "latest_reply": "1541181584.087200",
        "reply_users": [
            "WCCSJ1ZQW",
            "W823KLP0V"
        ],
        "replies": [
            {
                "user": "WCCSJ1ZQW",
                "ts": "1541181102.084500"
            },
            {
                "user": "WCCSJ1ZQW",
                "ts": "1541181156.084700"
            },
            {
                "user": "W823KLP0V",
                "ts": "1541181274.084900"
            },
            {
                "user": "W823KLP0V",
                "ts": "1541181283.085100"
            },
            {
                "user": "WCCSJ1ZQW",
                "ts": "1541181411.085300"
            },
            {
                "user": "WCCSJ1ZQW",
                "ts": "1541181434.085600"
            },
            {
                "user": "W823KLP0V",
                "ts": "1541181452.085800"
            },
            {
                "user": "W823KLP0V",
                "ts": "1541181461.086000"
            },
            {
                "user": "W823KLP0V",
                "ts": "1541181469.086200"
            },
            {
                "user": "WCCSJ1ZQW",
                "ts": "1541181483.086400"
            },
            {
                "user": "W823KLP0V",
                "ts": "1541181486.086600"
            },
            {
                "user": "WCCSJ1ZQW",
                "ts": "1541181571.087000"
            },
            {
                "user": "WCCSJ1ZQW",
                "ts": "1541181584.087200"
            }
        ],
        "subscribed": false
    },
    {
        "client_msg_id": "962e9f32-96e5-49f6-a7e0-c76f3fe613fb",
        "type": "message",
        "text": "try to see if `ds.thrift` takes additional argument that controls limits of records read",
        "user": "WCCSJ1ZQW",
        "ts": "1541181024.083300",
        "team": "T86S8GHEG",
        "user_team": "T86S8GHEG",
        "source_team": "T86S8GHEG",
        "user_profile": {
            "avatar_hash": "20665e140010",
            "image_72": "https:\/\/avatars.slack-edge.com\/2018-09-10\/433126659541_20665e140010a374cf87_72.png",
            "first_name": "Yu Hua",
            "real_name": "Yu Hua Cheng",
            "display_name": "yuhuac",
            "team": "T86S8GHEG",
            "name": "yuhuac",
            "is_restricted": false,
            "is_ultra_restricted": false
        }
    },
    {
        "client_msg_id": "9cf9a989-f383-4a1c-be81-29d7ad1c0e05",
        "type": "message",
        "text": "```from ipywidgets import interact, interactive, fixed, interact_manual\nimport ipywidgets as widgets\n\ndef f(x):\n    return x\n\ninteract(f, x=10);```",
        "user": "W82KEML2J",
        "ts": "1541181044.083400",
        "team": "T86S8GHEG",
        "user_team": "T86S8GHEG",
        "source_team": "T86S8GHEG",
        "user_profile": {
            "avatar_hash": "76cfed1472fd",
            "image_72": "https:\/\/avatars.slack-edge.com\/2018-01-16\/299349490449_76cfed1472fd5cb7033e_72.png",
            "first_name": "Luca",
            "real_name": "Luca Belli",
            "display_name": "lbelli",
            "team": "T86S8GHEG",
            "name": "lbelli",
            "is_restricted": false,
            "is_ultra_restricted": false
        },
        "thread_ts": "1541097582.044200",
        "parent_user_id": "WBKQBLQSU"
    },
    {
        "client_msg_id": "2067c503-22b9-4efc-989c-5d7e7cf85097",
        "type": "message",
        "text": "if you try this it won’t show any widget",
        "user": "W82KEML2J",
        "ts": "1541181058.083600",
        "team": "T86S8GHEG",
        "user_team": "T86S8GHEG",
        "source_team": "T86S8GHEG",
        "user_profile": {
            "avatar_hash": "76cfed1472fd",
            "image_72": "https:\/\/avatars.slack-edge.com\/2018-01-16\/299349490449_76cfed1472fd5cb7033e_72.png",
            "first_name": "Luca",
            "real_name": "Luca Belli",
            "display_name": "lbelli",
            "team": "T86S8GHEG",
            "name": "lbelli",
            "is_restricted": false,
            "is_ultra_restricted": false
        },
        "thread_ts": "1541097582.044200",
        "parent_user_id": "WBKQBLQSU"
    },
    {
        "client_msg_id": "ab075ce9-7ca0-430d-8bc0-04761bcf48f8",
        "type": "message",
        "text": "but there is no problem in importing the python part",
        "user": "W82KEML2J",
        "ts": "1541181067.083800",
        "team": "T86S8GHEG",
        "user_team": "T86S8GHEG",
        "source_team": "T86S8GHEG",
        "user_profile": {
            "avatar_hash": "76cfed1472fd",
            "image_72": "https:\/\/avatars.slack-edge.com\/2018-01-16\/299349490449_76cfed1472fd5cb7033e_72.png",
            "first_name": "Luca",
            "real_name": "Luca Belli",
            "display_name": "lbelli",
            "team": "T86S8GHEG",
            "name": "lbelli",
            "is_restricted": false,
            "is_ultra_restricted": false
        },
        "thread_ts": "1541097582.044200",
        "parent_user_id": "WBKQBLQSU"
    },
    {
        "client_msg_id": "a2ca7b01-158a-4c06-bab9-ec025eb6ec34",
        "type": "message",
        "text": "i think it’s mostly js",
        "user": "W82KEML2J",
        "ts": "1541181075.084000",
        "team": "T86S8GHEG",
        "user_team": "T86S8GHEG",
        "source_team": "T86S8GHEG",
        "user_profile": {
            "avatar_hash": "76cfed1472fd",
            "image_72": "https:\/\/avatars.slack-edge.com\/2018-01-16\/299349490449_76cfed1472fd5cb7033e_72.png",
            "first_name": "Luca",
            "real_name": "Luca Belli",
            "display_name": "lbelli",
            "team": "T86S8GHEG",
            "name": "lbelli",
            "is_restricted": false,
            "is_ultra_restricted": false
        },
        "thread_ts": "1541097582.044200",
        "parent_user_id": "WBKQBLQSU"
    },
    {
        "client_msg_id": "4185ff43-f6b2-4e27-801b-05bd4ea4be3b",
        "type": "message",
        "text": "try to see if `ds.thrift` takes additional argument that controls limits of records read",
        "user": "WCCSJ1ZQW",
        "ts": "1541181102.084500",
        "team": "T86S8GHEG",
        "user_team": "T86S8GHEG",
        "source_team": "T86S8GHEG",
        "user_profile": {
            "avatar_hash": "20665e140010",
            "image_72": "https:\/\/avatars.slack-edge.com\/2018-09-10\/433126659541_20665e140010a374cf87_72.png",
            "first_name": "Yu Hua",
            "real_name": "Yu Hua Cheng",
            "display_name": "yuhuac",
            "team": "T86S8GHEG",
            "name": "yuhuac",
            "is_restricted": false,
            "is_ultra_restricted": false
        },
        "thread_ts": "1541180655.082500",
        "parent_user_id": "W823KLP0V"
    },
    {
        "client_msg_id": "4888916c-44d8-4998-a723-952038b1b068",
        "type": "message",
        "text": "Also if you actually shovel 45M into your notebook, it'll definitely freeze when reading into memory, so probably start with 1M is a good idea :slightly_smiling_face:",
        "user": "WCCSJ1ZQW",
        "ts": "1541181156.084700",
        "team": "T86S8GHEG",
        "user_team": "T86S8GHEG",
        "source_team": "T86S8GHEG",
        "user_profile": {
            "avatar_hash": "20665e140010",
            "image_72": "https:\/\/avatars.slack-edge.com\/2018-09-10\/433126659541_20665e140010a374cf87_72.png",
            "first_name": "Yu Hua",
            "real_name": "Yu Hua Cheng",
            "display_name": "yuhuac",
            "team": "T86S8GHEG",
            "name": "yuhuac",
            "is_restricted": false,
            "is_ultra_restricted": false
        },
        "thread_ts": "1541180655.082500",
        "parent_user_id": "W823KLP0V"
    },
    {
        "client_msg_id": "b526e2e9-cf42-482f-a9a7-b61e3cd83070",
        "type": "message",
        "text": "When I do ?ds.thrift it indicates that the path is `~\/.pex\/code\/af8edbf6877b00312e4738363768243a55ab2c13\/libs_v2\/spark\/__init__.py` but in my local I don't have that path",
        "user": "W823KLP0V",
        "ts": "1541181274.084900",
        "team": "T86S8GHEG",
        "user_team": "T86S8GHEG",
        "source_team": "T86S8GHEG",
        "user_profile": {
            "avatar_hash": "c5b196ccfd58",
            "image_72": "https:\/\/avatars.slack-edge.com\/2017-12-01\/279995833584_c5b196ccfd5894716582_72.jpg",
            "first_name": "Linda",
            "real_name": "Linda Liu",
            "display_name": "tianyil",
            "team": "T86S8GHEG",
            "name": "tianyil",
            "is_restricted": false,
            "is_ultra_restricted": false
        },
        "thread_ts": "1541180655.082500",
        "parent_user_id": "W823KLP0V"
    },
    {
        "client_msg_id": "f013256b-faae-4841-bc8d-d481e04e8f22",
        "type": "message",
        "text": "do you know where it is? the function",
        "user": "W823KLP0V",
        "ts": "1541181283.085100",
        "team": "T86S8GHEG",
        "user_team": "T86S8GHEG",
        "source_team": "T86S8GHEG",
        "user_profile": {
            "avatar_hash": "c5b196ccfd58",
            "image_72": "https:\/\/avatars.slack-edge.com\/2017-12-01\/279995833584_c5b196ccfd5894716582_72.jpg",
            "first_name": "Linda",
            "real_name": "Linda Liu",
            "display_name": "tianyil",
            "team": "T86S8GHEG",
            "name": "tianyil",
            "is_restricted": false,
            "is_ultra_restricted": false
        },
        "thread_ts": "1541180655.082500",
        "parent_user_id": "W823KLP0V"
    },
    {
        "client_msg_id": "68883b40-36a1-4dec-b3ff-6ddd142ac2b2",
        "type": "message",
        "text": "try `ds.thrift?` in your python notebook",
        "user": "WCCSJ1ZQW",
        "ts": "1541181411.085300",
        "team": "T86S8GHEG",
        "user_team": "T86S8GHEG",
        "source_team": "T86S8GHEG",
        "user_profile": {
            "avatar_hash": "20665e140010",
            "image_72": "https:\/\/avatars.slack-edge.com\/2018-09-10\/433126659541_20665e140010a374cf87_72.png",
            "first_name": "Yu Hua",
            "real_name": "Yu Hua Cheng",
            "display_name": "yuhuac",
            "team": "T86S8GHEG",
            "name": "yuhuac",
            "is_restricted": false,
            "is_ultra_restricted": false
        },
        "thread_ts": "1541180655.082500",
        "parent_user_id": "W823KLP0V"
    },
    {
        "client_msg_id": "224d1eee-1a4d-491f-9550-6aa17b494386",
        "type": "message",
        "text": "with question mark in the end you will see the description of the method",
        "user": "WCCSJ1ZQW",
        "ts": "1541181434.085600",
        "team": "T86S8GHEG",
        "user_team": "T86S8GHEG",
        "source_team": "T86S8GHEG",
        "user_profile": {
            "avatar_hash": "20665e140010",
            "image_72": "https:\/\/avatars.slack-edge.com\/2018-09-10\/433126659541_20665e140010a374cf87_72.png",
            "first_name": "Yu Hua",
            "real_name": "Yu Hua Cheng",
            "display_name": "yuhuac",
            "team": "T86S8GHEG",
            "name": "yuhuac",
            "is_restricted": false,
            "is_ultra_restricted": false
        },
        "thread_ts": "1541180655.082500",
        "parent_user_id": "W823KLP0V"
    },
    {
        "client_msg_id": "d302b9de-eb2e-488d-ac25-3e5f544eb0ba",
        "type": "message",
        "text": "the same pop up show up",
        "user": "W823KLP0V",
        "ts": "1541181452.085800",
        "team": "T86S8GHEG",
        "user_team": "T86S8GHEG",
        "source_team": "T86S8GHEG",
        "user_profile": {
            "avatar_hash": "c5b196ccfd58",
            "image_72": "https:\/\/avatars.slack-edge.com\/2017-12-01\/279995833584_c5b196ccfd5894716582_72.jpg",
            "first_name": "Linda",
            "real_name": "Linda Liu",
            "display_name": "tianyil",
            "team": "T86S8GHEG",
            "name": "tianyil",
            "is_restricted": false,
            "is_ultra_restricted": false
        },
        "thread_ts": "1541180655.082500",
        "parent_user_id": "W823KLP0V"
    },
    {
        "client_msg_id": "db73adce-758d-4dc2-9bff-2de49a7093a0",
        "type": "message",
        "text": "i see the description",
        "user": "W823KLP0V",
        "ts": "1541181461.086000",
        "team": "T86S8GHEG",
        "user_team": "T86S8GHEG",
        "source_team": "T86S8GHEG",
        "user_profile": {
            "avatar_hash": "c5b196ccfd58",
            "image_72": "https:\/\/avatars.slack-edge.com\/2017-12-01\/279995833584_c5b196ccfd5894716582_72.jpg",
            "first_name": "Linda",
            "real_name": "Linda Liu",
            "display_name": "tianyil",
            "team": "T86S8GHEG",
            "name": "tianyil",
            "is_restricted": false,
            "is_ultra_restricted": false
        },
        "thread_ts": "1541180655.082500",
        "parent_user_id": "W823KLP0V"
    },
    {
        "client_msg_id": "d9bdf767-9e45-4d2a-bbf2-234569b9d175",
        "type": "message",
        "text": "there is no code there",
        "user": "W823KLP0V",
        "ts": "1541181469.086200",
        "team": "T86S8GHEG",
        "user_team": "T86S8GHEG",
        "source_team": "T86S8GHEG",
        "user_profile": {
            "avatar_hash": "c5b196ccfd58",
            "image_72": "https:\/\/avatars.slack-edge.com\/2017-12-01\/279995833584_c5b196ccfd5894716582_72.jpg",
            "first_name": "Linda",
            "real_name": "Linda Liu",
            "display_name": "tianyil",
            "team": "T86S8GHEG",
            "name": "tianyil",
            "is_restricted": false,
            "is_ultra_restricted": false
        },
        "thread_ts": "1541180655.082500",
        "parent_user_id": "W823KLP0V"
    },
    {
        "client_msg_id": "8da09a72-73d0-41fd-bac6-9bcae4037005",
        "type": "message",
        "text": "haha I see, give me a sec let me try too",
        "user": "WCCSJ1ZQW",
        "ts": "1541181483.086400",
        "team": "T86S8GHEG",
        "user_team": "T86S8GHEG",
        "source_team": "T86S8GHEG",
        "user_profile": {
            "avatar_hash": "20665e140010",
            "image_72": "https:\/\/avatars.slack-edge.com\/2018-09-10\/433126659541_20665e140010a374cf87_72.png",
            "first_name": "Yu Hua",
            "real_name": "Yu Hua Cheng",
            "display_name": "yuhuac",
            "team": "T86S8GHEG",
            "name": "yuhuac",
            "is_restricted": false,
            "is_ultra_restricted": false
        },
        "thread_ts": "1541180655.082500",
        "parent_user_id": "W823KLP0V"
    },
    {
        "client_msg_id": "9c829965-39bc-49be-9198-32111090664a",
        "type": "message",
        "text": "```Signature: ds.thrift(clazz, path, suffix='')\nDocstring: &lt;no docstring&gt;\nFile:      ~\/.pex\/code\/af8edbf6877b00312e4738363768243a55ab2c13\/libs_v2\/spark\/__init__.py\nType:      method```",
        "user": "W823KLP0V",
        "ts": "1541181486.086600",
        "team": "T86S8GHEG",
        "user_team": "T86S8GHEG",
        "source_team": "T86S8GHEG",
        "user_profile": {
            "avatar_hash": "c5b196ccfd58",
            "image_72": "https:\/\/avatars.slack-edge.com\/2017-12-01\/279995833584_c5b196ccfd5894716582_72.jpg",
            "first_name": "Linda",
            "real_name": "Linda Liu",
            "display_name": "tianyil",
            "team": "T86S8GHEG",
            "name": "tianyil",
            "is_restricted": false,
            "is_ultra_restricted": false
        },
        "thread_ts": "1541180655.082500",
        "parent_user_id": "W823KLP0V"
    },
    {
        "client_msg_id": "75fecfe9-e399-4d39-bcf9-ef08b879e5b9",
        "type": "message",
        "text": "yeah, I think this is something we’ll have to fix in the launcher logic - would you mind filing a go\/j\/CX ticket against component=PyCX for this?",
        "user": "W81LU64GJ",
        "ts": "1541181522.086800",
        "team": "T86S8GHEG",
        "user_team": "T86S8GHEG",
        "source_team": "T86S8GHEG",
        "user_profile": {
            "avatar_hash": "51c80845c55f",
            "image_72": "https:\/\/avatars.slack-edge.com\/2019-03-06\/569423098722_51c80845c55f7f5fb696_72.jpg",
            "first_name": "Kris",
            "real_name": "Kris Wilson",
            "display_name": "kwilson",
            "team": "T86S8GHEG",
            "name": "kwilson",
            "is_restricted": false,
            "is_ultra_restricted": false
        },
        "thread_ts": "1541097582.044200",
        "parent_user_id": "WBKQBLQSU"
    },
    {
        "client_msg_id": "b29ec8e2-1db6-48e0-a0f5-2f9aac5b6217",
        "type": "message",
        "text": "nice, so this means ds.thrift takes at most 3 args, and there's no limit option",
        "user": "WCCSJ1ZQW",
        "ts": "1541181571.087000",
        "team": "T86S8GHEG",
        "user_team": "T86S8GHEG",
        "source_team": "T86S8GHEG",
        "user_profile": {
            "avatar_hash": "20665e140010",
            "image_72": "https:\/\/avatars.slack-edge.com\/2018-09-10\/433126659541_20665e140010a374cf87_72.png",
            "first_name": "Yu Hua",
            "real_name": "Yu Hua Cheng",
            "display_name": "yuhuac",
            "team": "T86S8GHEG",
            "name": "yuhuac",
            "is_restricted": false,
            "is_ultra_restricted": false
        },
        "thread_ts": "1541180655.082500",
        "parent_user_id": "W823KLP0V"
    },
    {
        "client_msg_id": "0c9543ac-6551-4791-8a21-19fb9b7f0a59",
        "type": "message",
        "text": "let's try other things, give me a sec",
        "user": "WCCSJ1ZQW",
        "ts": "1541181584.087200",
        "team": "T86S8GHEG",
        "user_team": "T86S8GHEG",
        "source_team": "T86S8GHEG",
        "user_profile": {
            "avatar_hash": "20665e140010",
            "image_72": "https:\/\/avatars.slack-edge.com\/2018-09-10\/433126659541_20665e140010a374cf87_72.png",
            "first_name": "Yu Hua",
            "real_name": "Yu Hua Cheng",
            "display_name": "yuhuac",
            "team": "T86S8GHEG",
            "name": "yuhuac",
            "is_restricted": false,
            "is_ultra_restricted": false
        },
        "thread_ts": "1541180655.082500",
        "parent_user_id": "W823KLP0V"
    },
    {
        "client_msg_id": "c1873b20-60a6-4a7c-934a-e782d4be7597",
        "type": "message",
        "text": "It doesn't seem like thrift is the one that limits the # of rows: <https:\/\/cgit.twitter.biz\/source\/tree\/cortex-core\/pycx\/src\/python\/libs_v2\/spark\/__init__.py#n84>",
        "user": "W823KLP0V",
        "ts": "1541181732.087800",
        "team": "T86S8GHEG",
        "user_team": "T86S8GHEG",
        "source_team": "T86S8GHEG",
        "user_profile": {
            "avatar_hash": "c5b196ccfd58",
            "image_72": "https:\/\/avatars.slack-edge.com\/2017-12-01\/279995833584_c5b196ccfd5894716582_72.jpg",
            "first_name": "Linda",
            "real_name": "Linda Liu",
            "display_name": "tianyil",
            "team": "T86S8GHEG",
            "name": "tianyil",
            "is_restricted": false,
            "is_ultra_restricted": false
        },
        "thread_ts": "1541181732.087800",
        "reply_count": 29,
        "reply_users_count": 2,
        "latest_reply": "1541183226.093800",
        "reply_users": [
            "W823KLP0V",
            "WCCSJ1ZQW"
        ],
        "replies": [
            {
                "user": "W823KLP0V",
                "ts": "1541181824.087900"
            },
            {
                "user": "WCCSJ1ZQW",
                "ts": "1541181847.088100"
            },
            {
                "user": "WCCSJ1ZQW",
                "ts": "1541181866.088300"
            },
            {
                "user": "WCCSJ1ZQW",
                "ts": "1541182055.088500"
            },
            {
                "user": "W823KLP0V",
                "ts": "1541182073.088700"
            },
            {
                "user": "WCCSJ1ZQW",
                "ts": "1541182081.088900"
            },
            {
                "user": "W823KLP0V",
                "ts": "1541182120.089100"
            },
            {
                "user": "WCCSJ1ZQW",
                "ts": "1541182206.089500"
            },
            {
                "user": "W823KLP0V",
                "ts": "1541182379.089700"
            },
            {
                "user": "W823KLP0V",
                "ts": "1541182449.089900"
            },
            {
                "user": "WCCSJ1ZQW",
                "ts": "1541182492.090100"
            },
            {
                "user": "WCCSJ1ZQW",
                "ts": "1541182583.090400"
            },
            {
                "user": "W823KLP0V",
                "ts": "1541182617.090600"
            },
            {
                "user": "W823KLP0V",
                "ts": "1541182630.090800"
            },
            {
                "user": "W823KLP0V",
                "ts": "1541182644.091000"
            },
            {
                "user": "WCCSJ1ZQW",
                "ts": "1541182677.091200"
            },
            {
                "user": "W823KLP0V",
                "ts": "1541182724.091400"
            },
            {
                "user": "WCCSJ1ZQW",
                "ts": "1541182725.091600"
            },
            {
                "user": "W823KLP0V",
                "ts": "1541182747.091800"
            },
            {
                "user": "WCCSJ1ZQW",
                "ts": "1541182770.092000"
            },
            {
                "user": "WCCSJ1ZQW",
                "ts": "1541182787.092200"
            },
            {
                "user": "WCCSJ1ZQW",
                "ts": "1541182791.092400"
            },
            {
                "user": "WCCSJ1ZQW",
                "ts": "1541182796.092600"
            },
            {
                "user": "WCCSJ1ZQW",
                "ts": "1541183135.092800"
            },
            {
                "user": "WCCSJ1ZQW",
                "ts": "1541183138.093000"
            },
            {
                "user": "WCCSJ1ZQW",
                "ts": "1541183165.093200"
            },
            {
                "user": "WCCSJ1ZQW",
                "ts": "1541183177.093400"
            },
            {
                "user": "W823KLP0V",
                "ts": "1541183195.093600"
            },
            {
                "user": "WCCSJ1ZQW",
                "ts": "1541183226.093800"
            }
        ],
        "subscribed": false
    },
    {
        "client_msg_id": "2777fdf5-0e00-4417-a3d9-3c9ef12920bf",
        "type": "message",
        "text": "cc: <@WCCSJ1ZQW>",
        "user": "W823KLP0V",
        "ts": "1541181824.087900",
        "team": "T86S8GHEG",
        "user_team": "T86S8GHEG",
        "source_team": "T86S8GHEG",
        "user_profile": {
            "avatar_hash": "c5b196ccfd58",
            "image_72": "https:\/\/avatars.slack-edge.com\/2017-12-01\/279995833584_c5b196ccfd5894716582_72.jpg",
            "first_name": "Linda",
            "real_name": "Linda Liu",
            "display_name": "tianyil",
            "team": "T86S8GHEG",
            "name": "tianyil",
            "is_restricted": false,
            "is_ultra_restricted": false
        },
        "thread_ts": "1541181732.087800",
        "parent_user_id": "W823KLP0V"
    },
    {
        "client_msg_id": "6aed80a6-635f-4624-8e43-cf5ca1ce480c",
        "type": "message",
        "text": "yes I'm looking at the same thing too",
        "user": "WCCSJ1ZQW",
        "ts": "1541181847.088100",
        "team": "T86S8GHEG",
        "user_team": "T86S8GHEG",
        "source_team": "T86S8GHEG",
        "user_profile": {
            "avatar_hash": "20665e140010",
            "image_72": "https:\/\/avatars.slack-edge.com\/2018-09-10\/433126659541_20665e140010a374cf87_72.png",
            "first_name": "Yu Hua",
            "real_name": "Yu Hua Cheng",
            "display_name": "yuhuac",
            "team": "T86S8GHEG",
            "name": "yuhuac",
            "is_restricted": false,
            "is_ultra_restricted": false
        },
        "thread_ts": "1541181732.087800",
        "parent_user_id": "W823KLP0V"
    },
    {
        "client_msg_id": "0fd7468b-1f81-487d-b7eb-a0083b96000a",
        "type": "message",
        "text": "eventually it's trying to init with `SQLContext(context)`",
        "user": "WCCSJ1ZQW",
        "ts": "1541181866.088300",
        "team": "T86S8GHEG",
        "user_team": "T86S8GHEG",
        "source_team": "T86S8GHEG",
        "user_profile": {
            "avatar_hash": "20665e140010",
            "image_72": "https:\/\/avatars.slack-edge.com\/2018-09-10\/433126659541_20665e140010a374cf87_72.png",
            "first_name": "Yu Hua",
            "real_name": "Yu Hua Cheng",
            "display_name": "yuhuac",
            "team": "T86S8GHEG",
            "name": "yuhuac",
            "is_restricted": false,
            "is_ultra_restricted": false
        },
        "thread_ts": "1541181732.087800",
        "parent_user_id": "W823KLP0V"
    },
    {
        "client_msg_id": "b143a8a1-65b8-4a77-aaf3-c38c18765e8c",
        "type": "message",
        "text": "not trying to question you, but are you sure you have 45M capture records in that file?",
        "user": "WCCSJ1ZQW",
        "ts": "1541182055.088500",
        "team": "T86S8GHEG",
        "user_team": "T86S8GHEG",
        "source_team": "T86S8GHEG",
        "user_profile": {
            "avatar_hash": "20665e140010",
            "image_72": "https:\/\/avatars.slack-edge.com\/2018-09-10\/433126659541_20665e140010a374cf87_72.png",
            "first_name": "Yu Hua",
            "real_name": "Yu Hua Cheng",
            "display_name": "yuhuac",
            "team": "T86S8GHEG",
            "name": "yuhuac",
            "is_restricted": false,
            "is_ultra_restricted": false
        },
        "thread_ts": "1541181732.087800",
        "parent_user_id": "W823KLP0V"
    },
    {
        "client_msg_id": "7081ee82-97c1-45a4-8c06-b976b16793ec",
        "type": "message",
        "text": "<http:\/\/smf1-aff-06-sr1.prod.twitter.com:1338\/logs\/tianyil-devel-test_linda_1-0-3912f3b8-ba00-4ca8-9803-3cef67dedbf2\/test_linda_1\/0\/stdout>",
        "user": "W823KLP0V",
        "ts": "1541182073.088700",
        "team": "T86S8GHEG",
        "user_team": "T86S8GHEG",
        "source_team": "T86S8GHEG",
        "user_profile": {
            "avatar_hash": "c5b196ccfd58",
            "image_72": "https:\/\/avatars.slack-edge.com\/2017-12-01\/279995833584_c5b196ccfd5894716582_72.jpg",
            "first_name": "Linda",
            "real_name": "Linda Liu",
            "display_name": "tianyil",
            "team": "T86S8GHEG",
            "name": "tianyil",
            "is_restricted": false,
            "is_ultra_restricted": false
        },
        "thread_ts": "1541181732.087800",
        "parent_user_id": "W823KLP0V"
    },
    {
        "client_msg_id": "99e89724-07b7-4845-b976-a9028caeb2c6",
        "type": "message",
        "text": "btw I didn't know they have this ds.thrift thing to read capture.lzo, really nice!",
        "user": "WCCSJ1ZQW",
        "ts": "1541182081.088900",
        "team": "T86S8GHEG",
        "user_team": "T86S8GHEG",
        "source_team": "T86S8GHEG",
        "user_profile": {
            "avatar_hash": "20665e140010",
            "image_72": "https:\/\/avatars.slack-edge.com\/2018-09-10\/433126659541_20665e140010a374cf87_72.png",
            "first_name": "Yu Hua",
            "real_name": "Yu Hua Cheng",
            "display_name": "yuhuac",
            "team": "T86S8GHEG",
            "name": "yuhuac",
            "is_restricted": false,
            "is_ultra_restricted": false
        },
        "thread_ts": "1541181732.087800",
        "parent_user_id": "W823KLP0V"
    },
    {
        "client_msg_id": "a0b78159-7858-4c15-849c-a6b55ed6ee3e",
        "type": "message",
        "text": "this shows that the model read 44M tweets and if there is no reading errors then it will score every tweet",
        "user": "W823KLP0V",
        "ts": "1541182120.089100",
        "team": "T86S8GHEG",
        "user_team": "T86S8GHEG",
        "source_team": "T86S8GHEG",
        "user_profile": {
            "avatar_hash": "c5b196ccfd58",
            "image_72": "https:\/\/avatars.slack-edge.com\/2017-12-01\/279995833584_c5b196ccfd5894716582_72.jpg",
            "first_name": "Linda",
            "real_name": "Linda Liu",
            "display_name": "tianyil",
            "team": "T86S8GHEG",
            "name": "tianyil",
            "is_restricted": false,
            "is_ultra_restricted": false
        },
        "thread_ts": "1541181732.087800",
        "parent_user_id": "W823KLP0V"
    },
    {
        "client_msg_id": "cb6e4a41-0cfb-4866-9390-ae4464c00b10",
        "type": "message",
        "text": "<https:\/\/jira.twitter.biz\/browse\/CX-12014>",
        "user": "W82KEML2J",
        "ts": "1541182169.089300",
        "team": "T86S8GHEG",
        "user_team": "T86S8GHEG",
        "source_team": "T86S8GHEG",
        "user_profile": {
            "avatar_hash": "76cfed1472fd",
            "image_72": "https:\/\/avatars.slack-edge.com\/2018-01-16\/299349490449_76cfed1472fd5cb7033e_72.png",
            "first_name": "Luca",
            "real_name": "Luca Belli",
            "display_name": "lbelli",
            "team": "T86S8GHEG",
            "name": "lbelli",
            "is_restricted": false,
            "is_ultra_restricted": false
        },
        "thread_ts": "1541097582.044200",
        "parent_user_id": "WBKQBLQSU"
    },
    {
        "client_msg_id": "1e832191-3f35-4c43-8a91-675166f44191",
        "type": "message",
        "text": "would you mind share your deepbird command that runs this prediction?",
        "user": "WCCSJ1ZQW",
        "ts": "1541182206.089500",
        "team": "T86S8GHEG",
        "user_team": "T86S8GHEG",
        "source_team": "T86S8GHEG",
        "user_profile": {
            "avatar_hash": "20665e140010",
            "image_72": "https:\/\/avatars.slack-edge.com\/2018-09-10\/433126659541_20665e140010a374cf87_72.png",
            "first_name": "Yu Hua",
            "real_name": "Yu Hua Cheng",
            "display_name": "yuhuac",
            "team": "T86S8GHEG",
            "name": "yuhuac",
            "is_restricted": false,
            "is_ultra_restricted": false
        },
        "thread_ts": "1541181732.087800",
        "parent_user_id": "W823KLP0V"
    },
    {
        "client_msg_id": "6c543bd9-fa94-400d-b17f-e3cf3965696b",
        "type": "message",
        "text": "yes",
        "user": "W823KLP0V",
        "ts": "1541182379.089700",
        "team": "T86S8GHEG",
        "user_team": "T86S8GHEG",
        "source_team": "T86S8GHEG",
        "user_profile": {
            "avatar_hash": "c5b196ccfd58",
            "image_72": "https:\/\/avatars.slack-edge.com\/2017-12-01\/279995833584_c5b196ccfd5894716582_72.jpg",
            "first_name": "Linda",
            "real_name": "Linda Liu",
            "display_name": "tianyil",
            "team": "T86S8GHEG",
            "name": "tianyil",
            "is_restricted": false,
            "is_ultra_restricted": false
        },
        "thread_ts": "1541181732.087800",
        "parent_user_id": "W823KLP0V"
    },
    {
        "client_msg_id": "c9032a4c-f950-4674-9e8d-5bb7031d1105",
        "type": "message",
        "text": "deepbird run_model --execute_on mesos --mesos.name test2 --outputPath viewfs:\/\/\/user\/tianyil\/TosModelScores1\/captured.lzo --run Capture --predictionLabels att_score --da viewfs:\/\/\/user\/tianyil\/TosModelScores\/data viewfs:\/\/\/user\/abuse-detection\/models\/tos-tweet-entity-v1 -v --verbose",
        "user": "W823KLP0V",
        "ts": "1541182449.089900",
        "team": "T86S8GHEG",
        "user_team": "T86S8GHEG",
        "source_team": "T86S8GHEG",
        "user_profile": {
            "avatar_hash": "c5b196ccfd58",
            "image_72": "https:\/\/avatars.slack-edge.com\/2017-12-01\/279995833584_c5b196ccfd5894716582_72.jpg",
            "first_name": "Linda",
            "real_name": "Linda Liu",
            "display_name": "tianyil",
            "team": "T86S8GHEG",
            "name": "tianyil",
            "is_restricted": false,
            "is_ultra_restricted": false
        },
        "thread_ts": "1541181732.087800",
        "parent_user_id": "W823KLP0V"
    },
    {
        "client_msg_id": "c48e2ac6-e420-4e0c-b0d6-21e92f60d4a4",
        "type": "message",
        "text": "thanks!",
        "user": "WCCSJ1ZQW",
        "ts": "1541182492.090100",
        "team": "T86S8GHEG",
        "user_team": "T86S8GHEG",
        "source_team": "T86S8GHEG",
        "user_profile": {
            "avatar_hash": "20665e140010",
            "image_72": "https:\/\/avatars.slack-edge.com\/2018-09-10\/433126659541_20665e140010a374cf87_72.png",
            "first_name": "Yu Hua",
            "real_name": "Yu Hua Cheng",
            "display_name": "yuhuac",
            "team": "T86S8GHEG",
            "name": "yuhuac",
            "is_restricted": false,
            "is_ultra_restricted": false
        },
        "thread_ts": "1541181732.087800",
        "parent_user_id": "W823KLP0V"
    },
    {
        "client_msg_id": "6b043d39-6267-4346-bea3-abc2eb6ddc1e",
        "type": "message",
        "text": "`viewfs:\/\/\/user\/tianyil\/TosModelScores\/data ` no file exists tho",
        "user": "WCCSJ1ZQW",
        "ts": "1541182583.090400",
        "team": "T86S8GHEG",
        "user_team": "T86S8GHEG",
        "source_team": "T86S8GHEG",
        "user_profile": {
            "avatar_hash": "20665e140010",
            "image_72": "https:\/\/avatars.slack-edge.com\/2018-09-10\/433126659541_20665e140010a374cf87_72.png",
            "first_name": "Yu Hua",
            "real_name": "Yu Hua Cheng",
            "display_name": "yuhuac",
            "team": "T86S8GHEG",
            "name": "yuhuac",
            "is_restricted": false,
            "is_ultra_restricted": false
        },
        "thread_ts": "1541181732.087800",
        "parent_user_id": "W823KLP0V"
    },
    {
        "client_msg_id": "077f4dc6-1433-4903-a85e-9edb893ebfb5",
        "type": "message",
        "text": "oh this is an old command I lost the newest one I did",
        "user": "W823KLP0V",
        "ts": "1541182617.090600",
        "team": "T86S8GHEG",
        "user_team": "T86S8GHEG",
        "source_team": "T86S8GHEG",
        "user_profile": {
            "avatar_hash": "c5b196ccfd58",
            "image_72": "https:\/\/avatars.slack-edge.com\/2017-12-01\/279995833584_c5b196ccfd5894716582_72.jpg",
            "first_name": "Linda",
            "real_name": "Linda Liu",
            "display_name": "tianyil",
            "team": "T86S8GHEG",
            "name": "tianyil",
            "is_restricted": false,
            "is_ultra_restricted": false
        },
        "thread_ts": "1541181732.087800",
        "parent_user_id": "W823KLP0V"
    },
    {
        "client_msg_id": "719728df-b295-4a8e-9677-9b64b8a623d0",
        "type": "message",
        "text": "I might got rate limit by the deeper run model side",
        "user": "W823KLP0V",
        "ts": "1541182630.090800",
        "team": "T86S8GHEG",
        "user_team": "T86S8GHEG",
        "source_team": "T86S8GHEG",
        "user_profile": {
            "avatar_hash": "c5b196ccfd58",
            "image_72": "https:\/\/avatars.slack-edge.com\/2017-12-01\/279995833584_c5b196ccfd5894716582_72.jpg",
            "first_name": "Linda",
            "real_name": "Linda Liu",
            "display_name": "tianyil",
            "team": "T86S8GHEG",
            "name": "tianyil",
            "is_restricted": false,
            "is_ultra_restricted": false
        },
        "thread_ts": "1541181732.087800",
        "parent_user_id": "W823KLP0V"
    },
    {
        "client_msg_id": "6893150f-23b5-4963-9e6b-ed1bc90ac0d7",
        "type": "message",
        "text": "<https:\/\/docbird.twitter.biz\/cortex-deepbird\/faq.html?highlight=rate%20limit#evaluating-a-model-on-new-data>",
        "user": "W823KLP0V",
        "ts": "1541182644.091000",
        "team": "T86S8GHEG",
        "user_team": "T86S8GHEG",
        "source_team": "T86S8GHEG",
        "user_profile": {
            "avatar_hash": "c5b196ccfd58",
            "image_72": "https:\/\/avatars.slack-edge.com\/2017-12-01\/279995833584_c5b196ccfd5894716582_72.jpg",
            "first_name": "Linda",
            "real_name": "Linda Liu",
            "display_name": "tianyil",
            "team": "T86S8GHEG",
            "name": "tianyil",
            "is_restricted": false,
            "is_ultra_restricted": false
        },
        "thread_ts": "1541181732.087800",
        "parent_user_id": "W823KLP0V"
    },
    {
        "client_msg_id": "42d6cb79-714d-4563-86cf-c6d9229c3901",
        "type": "message",
        "text": "yeah I'm curious the number of rows in the dataset you passed in",
        "user": "WCCSJ1ZQW",
        "ts": "1541182677.091200",
        "team": "T86S8GHEG",
        "user_team": "T86S8GHEG",
        "source_team": "T86S8GHEG",
        "user_profile": {
            "avatar_hash": "20665e140010",
            "image_72": "https:\/\/avatars.slack-edge.com\/2018-09-10\/433126659541_20665e140010a374cf87_72.png",
            "first_name": "Yu Hua",
            "real_name": "Yu Hua Cheng",
            "display_name": "yuhuac",
            "team": "T86S8GHEG",
            "name": "yuhuac",
            "is_restricted": false,
            "is_ultra_restricted": false
        },
        "thread_ts": "1541181732.087800",
        "parent_user_id": "W823KLP0V"
    },
    {
        "client_msg_id": "b1cce3d0-4a80-4b54-a821-f11f18a69948",
        "type": "message",
        "text": "You can see the # of data passed in from this link to the scoring services: <http:\/\/smf1-aff-06-sr1.prod.twitter.com:1338\/logs\/tianyil-devel-test_linda_1-0-3912f3b8-ba00-4ca8-9803-3cef67dedbf2\/test_linda_1\/0\/stdout>",
        "user": "W823KLP0V",
        "ts": "1541182724.091400",
        "team": "T86S8GHEG",
        "user_team": "T86S8GHEG",
        "source_team": "T86S8GHEG",
        "user_profile": {
            "avatar_hash": "c5b196ccfd58",
            "image_72": "https:\/\/avatars.slack-edge.com\/2017-12-01\/279995833584_c5b196ccfd5894716582_72.jpg",
            "first_name": "Linda",
            "real_name": "Linda Liu",
            "display_name": "tianyil",
            "team": "T86S8GHEG",
            "name": "tianyil",
            "is_restricted": false,
            "is_ultra_restricted": false
        },
        "thread_ts": "1541181732.087800",
        "parent_user_id": "W823KLP0V"
    },
    {
        "client_msg_id": "8fb249c5-864f-486a-b06b-b5091615250f",
        "type": "message",
        "text": "because I did this capture things before through the same command but I got no limits whatsoever",
        "user": "WCCSJ1ZQW",
        "ts": "1541182725.091600",
        "team": "T86S8GHEG",
        "user_team": "T86S8GHEG",
        "source_team": "T86S8GHEG",
        "user_profile": {
            "avatar_hash": "20665e140010",
            "image_72": "https:\/\/avatars.slack-edge.com\/2018-09-10\/433126659541_20665e140010a374cf87_72.png",
            "first_name": "Yu Hua",
            "real_name": "Yu Hua Cheng",
            "display_name": "yuhuac",
            "team": "T86S8GHEG",
            "name": "yuhuac",
            "is_restricted": false,
            "is_ultra_restricted": false
        },
        "thread_ts": "1541181732.087800",
        "parent_user_id": "W823KLP0V"
    },
    {
        "client_msg_id": "1fe1509e-44a0-4a46-b7c3-5c1478fffd87",
        "type": "message",
        "text": "hmmm what's the number of score did you get?",
        "user": "W823KLP0V",
        "ts": "1541182747.091800",
        "team": "T86S8GHEG",
        "user_team": "T86S8GHEG",
        "source_team": "T86S8GHEG",
        "user_profile": {
            "avatar_hash": "c5b196ccfd58",
            "image_72": "https:\/\/avatars.slack-edge.com\/2017-12-01\/279995833584_c5b196ccfd5894716582_72.jpg",
            "first_name": "Linda",
            "real_name": "Linda Liu",
            "display_name": "tianyil",
            "team": "T86S8GHEG",
            "name": "tianyil",
            "is_restricted": false,
            "is_ultra_restricted": false
        },
        "thread_ts": "1541181732.087800",
        "parent_user_id": "W823KLP0V"
    },
    {
        "client_msg_id": "602e5cb9-dc05-4a3c-86bd-ad46e53a44bd",
        "type": "message",
        "text": "yeah because I was womdering if that 45M was coming from training, so that's why I asked for the command you ran",
        "user": "WCCSJ1ZQW",
        "ts": "1541182770.092000",
        "team": "T86S8GHEG",
        "user_team": "T86S8GHEG",
        "source_team": "T86S8GHEG",
        "user_profile": {
            "avatar_hash": "20665e140010",
            "image_72": "https:\/\/avatars.slack-edge.com\/2018-09-10\/433126659541_20665e140010a374cf87_72.png",
            "first_name": "Yu Hua",
            "real_name": "Yu Hua Cheng",
            "display_name": "yuhuac",
            "team": "T86S8GHEG",
            "name": "yuhuac",
            "is_restricted": false,
            "is_ultra_restricted": false
        },
        "thread_ts": "1541181732.087800",
        "parent_user_id": "W823KLP0V"
    },
    {
        "client_msg_id": "438f7dc2-5c1d-4336-a256-64515b37b9de",
        "type": "message",
        "text": "but the one you ran was only making prediction on pre-trained mode",
        "user": "WCCSJ1ZQW",
        "ts": "1541182787.092200",
        "team": "T86S8GHEG",
        "user_team": "T86S8GHEG",
        "source_team": "T86S8GHEG",
        "user_profile": {
            "avatar_hash": "20665e140010",
            "image_72": "https:\/\/avatars.slack-edge.com\/2018-09-10\/433126659541_20665e140010a374cf87_72.png",
            "first_name": "Yu Hua",
            "real_name": "Yu Hua Cheng",
            "display_name": "yuhuac",
            "team": "T86S8GHEG",
            "name": "yuhuac",
            "is_restricted": false,
            "is_ultra_restricted": false
        },
        "thread_ts": "1541181732.087800",
        "parent_user_id": "W823KLP0V"
    },
    {
        "client_msg_id": "d44fa59c-dfb6-4272-932d-f272415fa102",
        "type": "message",
        "text": "so I was wrong",
        "user": "WCCSJ1ZQW",
        "ts": "1541182791.092400",
        "team": "T86S8GHEG",
        "user_team": "T86S8GHEG",
        "source_team": "T86S8GHEG",
        "user_profile": {
            "avatar_hash": "20665e140010",
            "image_72": "https:\/\/avatars.slack-edge.com\/2018-09-10\/433126659541_20665e140010a374cf87_72.png",
            "first_name": "Yu Hua",
            "real_name": "Yu Hua Cheng",
            "display_name": "yuhuac",
            "team": "T86S8GHEG",
            "name": "yuhuac",
            "is_restricted": false,
            "is_ultra_restricted": false
        },
        "thread_ts": "1541181732.087800",
        "parent_user_id": "W823KLP0V"
    },
    {
        "client_msg_id": "816a3227-9c2e-4593-bccd-4903bdd953fd",
        "type": "message",
        "text": "let me check my previous result",
        "user": "WCCSJ1ZQW",
        "ts": "1541182796.092600",
        "team": "T86S8GHEG",
        "user_team": "T86S8GHEG",
        "source_team": "T86S8GHEG",
        "user_profile": {
            "avatar_hash": "20665e140010",
            "image_72": "https:\/\/avatars.slack-edge.com\/2018-09-10\/433126659541_20665e140010a374cf87_72.png",
            "first_name": "Yu Hua",
            "real_name": "Yu Hua Cheng",
            "display_name": "yuhuac",
            "team": "T86S8GHEG",
            "name": "yuhuac",
            "is_restricted": false,
            "is_ultra_restricted": false
        },
        "thread_ts": "1541181732.087800",
        "parent_user_id": "W823KLP0V"
    },
    {
        "client_msg_id": "7e5e38ec-f012-44d0-9369-72c61ed558ed",
        "type": "message",
        "text": "there's a `--maxSize` optional flag in `deepbird run_model`",
        "user": "WCCSJ1ZQW",
        "ts": "1541183135.092800",
        "team": "T86S8GHEG",
        "user_team": "T86S8GHEG",
        "source_team": "T86S8GHEG",
        "user_profile": {
            "avatar_hash": "20665e140010",
            "image_72": "https:\/\/avatars.slack-edge.com\/2018-09-10\/433126659541_20665e140010a374cf87_72.png",
            "first_name": "Yu Hua",
            "real_name": "Yu Hua Cheng",
            "display_name": "yuhuac",
            "team": "T86S8GHEG",
            "name": "yuhuac",
            "is_restricted": false,
            "is_ultra_restricted": false
        },
        "thread_ts": "1541181732.087800",
        "parent_user_id": "W823KLP0V"
    },
    {
        "client_msg_id": "64f891b3-c8dc-4a4e-9ee6-da779fd19bf9",
        "type": "message",
        "text": "that might be it",
        "user": "WCCSJ1ZQW",
        "ts": "1541183138.093000",
        "team": "T86S8GHEG",
        "user_team": "T86S8GHEG",
        "source_team": "T86S8GHEG",
        "user_profile": {
            "avatar_hash": "20665e140010",
            "image_72": "https:\/\/avatars.slack-edge.com\/2018-09-10\/433126659541_20665e140010a374cf87_72.png",
            "first_name": "Yu Hua",
            "real_name": "Yu Hua Cheng",
            "display_name": "yuhuac",
            "team": "T86S8GHEG",
            "name": "yuhuac",
            "is_restricted": false,
            "is_ultra_restricted": false
        },
        "thread_ts": "1541181732.087800",
        "parent_user_id": "W823KLP0V"
    },
    {
        "client_msg_id": "afaff809-2ceb-4a0b-8d86-fa59bd1763e0",
        "type": "message",
        "text": "I'm checking if that defaults to 10k, but this was the command I did before",
        "user": "WCCSJ1ZQW",
        "ts": "1541183165.093200",
        "team": "T86S8GHEG",
        "user_team": "T86S8GHEG",
        "source_team": "T86S8GHEG",
        "user_profile": {
            "avatar_hash": "20665e140010",
            "image_72": "https:\/\/avatars.slack-edge.com\/2018-09-10\/433126659541_20665e140010a374cf87_72.png",
            "first_name": "Yu Hua",
            "real_name": "Yu Hua Cheng",
            "display_name": "yuhuac",
            "team": "T86S8GHEG",
            "name": "yuhuac",
            "is_restricted": false,
            "is_ultra_restricted": false
        },
        "thread_ts": "1541181732.087800",
        "parent_user_id": "W823KLP0V"
    },
    {
        "client_msg_id": "749aec46-fe09-4dc2-842a-702a9444b883",
        "type": "message",
        "text": "```\ndeepbird run_model \\\n  --execute_on mesos \\\n  --mesos.cluster smf1 \\\n  --mesos.ram 40 \\\n  --mesos.cpus 16 \\\n  --mesos.name score-tos-tweet-entity-v1 \\\n  --mesos.disk 30 \\\n  --mesos.env devel \\\n  --maxSize 100000000.0 \\\n  --run Capture \\\n  --basisInterface Capture \\\n  --datasetURL viewfs:\/\/\/user\/abuse-detection\/training\/tos\/v1\/validate\/data_records\/data \\\nviewfs:\/\/\/user\/yuhuac\/abuse_tos\/tos-tweet-entity-v1\n```",
        "user": "WCCSJ1ZQW",
        "ts": "1541183177.093400",
        "team": "T86S8GHEG",
        "user_team": "T86S8GHEG",
        "source_team": "T86S8GHEG",
        "user_profile": {
            "avatar_hash": "20665e140010",
            "image_72": "https:\/\/avatars.slack-edge.com\/2018-09-10\/433126659541_20665e140010a374cf87_72.png",
            "first_name": "Yu Hua",
            "real_name": "Yu Hua Cheng",
            "display_name": "yuhuac",
            "team": "T86S8GHEG",
            "name": "yuhuac",
            "is_restricted": false,
            "is_ultra_restricted": false
        },
        "thread_ts": "1541181732.087800",
        "parent_user_id": "W823KLP0V"
    },
    {
        "client_msg_id": "1c82822b-1760-4225-999b-d5aabf787dff",
        "type": "message",
        "text": "Nice thank you!!",
        "user": "W823KLP0V",
        "ts": "1541183195.093600",
        "team": "T86S8GHEG",
        "user_team": "T86S8GHEG",
        "source_team": "T86S8GHEG",
        "user_profile": {
            "avatar_hash": "c5b196ccfd58",
            "image_72": "https:\/\/avatars.slack-edge.com\/2017-12-01\/279995833584_c5b196ccfd5894716582_72.jpg",
            "first_name": "Linda",
            "real_name": "Linda Liu",
            "display_name": "tianyil",
            "team": "T86S8GHEG",
            "name": "tianyil",
            "is_restricted": false,
            "is_ultra_restricted": false
        },
        "thread_ts": "1541181732.087800",
        "parent_user_id": "W823KLP0V"
    },
    {
        "client_msg_id": "78281ef8-c2c0-41f4-82c5-6eea0a127aff",
        "type": "message",
        "text": "let me know if that's the real problem after you try! Sorry was detouring you all around",
        "user": "WCCSJ1ZQW",
        "ts": "1541183226.093800",
        "team": "T86S8GHEG",
        "user_team": "T86S8GHEG",
        "source_team": "T86S8GHEG",
        "user_profile": {
            "avatar_hash": "20665e140010",
            "image_72": "https:\/\/avatars.slack-edge.com\/2018-09-10\/433126659541_20665e140010a374cf87_72.png",
            "first_name": "Yu Hua",
            "real_name": "Yu Hua Cheng",
            "display_name": "yuhuac",
            "team": "T86S8GHEG",
            "name": "yuhuac",
            "is_restricted": false,
            "is_ultra_restricted": false
        },
        "thread_ts": "1541181732.087800",
        "parent_user_id": "W823KLP0V"
    },
    {
        "client_msg_id": "8ba231ac-6ae4-40ab-b35c-cc36da142c1e",
        "type": "message",
        "text": "thx",
        "user": "W81LU64GJ",
        "ts": "1541184448.094000",
        "team": "T86S8GHEG",
        "user_team": "T86S8GHEG",
        "source_team": "T86S8GHEG",
        "user_profile": {
            "avatar_hash": "51c80845c55f",
            "image_72": "https:\/\/avatars.slack-edge.com\/2019-03-06\/569423098722_51c80845c55f7f5fb696_72.jpg",
            "first_name": "Kris",
            "real_name": "Kris Wilson",
            "display_name": "kwilson",
            "team": "T86S8GHEG",
            "name": "kwilson",
            "is_restricted": false,
            "is_ultra_restricted": false
        },
        "thread_ts": "1541097582.044200",
        "parent_user_id": "WBKQBLQSU"
    },
    {
        "client_msg_id": "4c4e54ec-7d6f-41a8-b184-b4c0d1bdbd02",
        "type": "message",
        "text": "Hello PyCx Users: There is a bug in Notebook where it keeps it running even after idle timeout. Some of you had started notebook as part of cortex summit. I had to manually kill your Spark Context (Your Notebook is still running and those Mesos instances are still hogging a resources).\nSo it would be good if you can clean up your notebook too. We are working on fixing this issue.\ncc: <@W81LU64GJ>",
        "user": "W81LS208J",
        "ts": "1541195910.096100",
        "team": "T86S8GHEG",
        "user_team": "T86S8GHEG",
        "source_team": "T86S8GHEG",
        "user_profile": {
            "avatar_hash": "585c44555baf",
            "image_72": "https:\/\/avatars.slack-edge.com\/2018-03-23\/334679814401_585c44555baf50befc85_72.jpg",
            "first_name": "Kunal",
            "real_name": "Kunal Trivedi",
            "display_name": "ktrivedi",
            "team": "T86S8GHEG",
            "name": "ktrivedi",
            "is_restricted": false,
            "is_ultra_restricted": false
        }
    },
    {
        "client_msg_id": "5eaea8a5-5042-43d6-8458-c579979a8b29",
        "type": "message",
        "text": "Moderators: Feel free to at-channel if you find it necessary",
        "user": "W81LS208J",
        "ts": "1541195934.096600",
        "team": "T86S8GHEG",
        "user_team": "T86S8GHEG",
        "source_team": "T86S8GHEG",
        "user_profile": {
            "avatar_hash": "585c44555baf",
            "image_72": "https:\/\/avatars.slack-edge.com\/2018-03-23\/334679814401_585c44555baf50befc85_72.jpg",
            "first_name": "Kunal",
            "real_name": "Kunal Trivedi",
            "display_name": "ktrivedi",
            "team": "T86S8GHEG",
            "name": "ktrivedi",
            "is_restricted": false,
            "is_ultra_restricted": false
        }
    }
]