[
    {
        "client_msg_id": "7ffc4f32-ee18-44d2-abc7-0a7161d51870",
        "type": "message",
        "text": "I am not sure if we have this built in yet <@WLDES09NC>?",
        "user": "W81EYMXMZ",
        "ts": "1532444158.000309",
        "team": "T86S8GHEG",
        "user_team": "T86S8GHEG",
        "source_team": "T86S8GHEG",
        "user_profile": {
            "avatar_hash": "e4622bf04c06",
            "image_72": "https:\/\/avatars.slack-edge.com\/2019-10-30\/817857030231_e4622bf04c06a878c157_72.jpg",
            "first_name": "Devin",
            "real_name": "Devin Goodsell",
            "display_name": "dgoodsell",
            "team": "T86S8GHEG",
            "name": "dgoodsell",
            "is_restricted": false,
            "is_ultra_restricted": false
        }
    },
    {
        "type": "message",
        "text": "I don’t think we have that yet <@W81QK6ATV> <@W81EYMXMZ> ",
        "user": "WLDES09NC",
        "ts": "1532444244.000256",
        "team": "T86S8GHEG",
        "user_team": "T86S8GHEG",
        "source_team": "T86S8GHEG",
        "user_profile": {
            "avatar_hash": "g1ce47f813bd",
            "image_72": "https:\/\/secure.gravatar.com\/avatar\/e1ce47f813bd01b49467bf43fa9db25b.jpg?s=72&d=https%3A%2F%2Fa.slack-edge.com%2F5818c%2Fimg%2Favatars%2Fava_0003-72.png",
            "first_name": "Tural",
            "real_name": "Tural Badirkhanli",
            "display_name": "tbadirkhanli",
            "team": "T86S8GHEG",
            "name": "tbadirkhanli",
            "is_restricted": false,
            "is_ultra_restricted": false
        }
    },
    {
        "client_msg_id": "b1efdf74-1f64-448d-a157-ef34ef193b19",
        "type": "message",
        "text": "I see.",
        "user": "W81QK6ATV",
        "ts": "1532448965.000535",
        "team": "T86S8GHEG",
        "user_team": "T86S8GHEG",
        "source_team": "T86S8GHEG",
        "user_profile": {
            "avatar_hash": "gf867b9ce72d",
            "image_72": "https:\/\/secure.gravatar.com\/avatar\/4f867b9ce72de24efcba75bca32ed1b3.jpg?s=72&d=https%3A%2F%2Fa.slack-edge.com%2Fdf10d%2Fimg%2Favatars%2Fava_0020-72.png",
            "first_name": "Rumen",
            "real_name": "Rumen Paletov",
            "display_name": "rpaletov",
            "team": "T86S8GHEG",
            "name": "rpaletov",
            "is_restricted": false,
            "is_ultra_restricted": false
        }
    },
    {
        "client_msg_id": "275d92f0-f911-4b97-b273-dded18278775",
        "type": "message",
        "text": "<@WLDES09NC> do you have plans to add it in the future?",
        "user": "W81QK6ATV",
        "ts": "1532448967.000176",
        "team": "T86S8GHEG",
        "user_team": "T86S8GHEG",
        "source_team": "T86S8GHEG",
        "user_profile": {
            "avatar_hash": "gf867b9ce72d",
            "image_72": "https:\/\/secure.gravatar.com\/avatar\/4f867b9ce72de24efcba75bca32ed1b3.jpg?s=72&d=https%3A%2F%2Fa.slack-edge.com%2Fdf10d%2Fimg%2Favatars%2Fava_0020-72.png",
            "first_name": "Rumen",
            "real_name": "Rumen Paletov",
            "display_name": "rpaletov",
            "team": "T86S8GHEG",
            "name": "rpaletov",
            "is_restricted": false,
            "is_ultra_restricted": false
        },
        "edited": {
            "user": "W81QK6ATV",
            "ts": "1532449001.000000"
        }
    },
    {
        "client_msg_id": "25a41030-f07f-4ca8-a010-4d75d0c371d2",
        "type": "message",
        "text": "<@W81QK6ATV> yes, we would consider to add that if that is a need for you. Can you pls file a ticket at go\/pycx-ticket?",
        "user": "WLDES09NC",
        "ts": "1532450227.000152",
        "team": "T86S8GHEG",
        "user_team": "T86S8GHEG",
        "source_team": "T86S8GHEG",
        "user_profile": {
            "avatar_hash": "g1ce47f813bd",
            "image_72": "https:\/\/secure.gravatar.com\/avatar\/e1ce47f813bd01b49467bf43fa9db25b.jpg?s=72&d=https%3A%2F%2Fa.slack-edge.com%2F5818c%2Fimg%2Favatars%2Fava_0003-72.png",
            "first_name": "Tural",
            "real_name": "Tural Badirkhanli",
            "display_name": "tbadirkhanli",
            "team": "T86S8GHEG",
            "name": "tbadirkhanli",
            "is_restricted": false,
            "is_ultra_restricted": false
        },
        "thread_ts": "1532450227.000152",
        "reply_count": 1,
        "reply_users_count": 1,
        "latest_reply": "1532450779.000456",
        "reply_users": [
            "W81QK6ATV"
        ],
        "replies": [
            {
                "user": "W81QK6ATV",
                "ts": "1532450779.000456"
            }
        ],
        "subscribed": false
    },
    {
        "client_msg_id": "8e07e0c4-047d-4c7f-b06c-acd6b722570e",
        "type": "message",
        "text": "sure, thanks <@WLDES09NC>!",
        "user": "W81QK6ATV",
        "ts": "1532450250.000547",
        "team": "T86S8GHEG",
        "user_team": "T86S8GHEG",
        "source_team": "T86S8GHEG",
        "user_profile": {
            "avatar_hash": "gf867b9ce72d",
            "image_72": "https:\/\/secure.gravatar.com\/avatar\/4f867b9ce72de24efcba75bca32ed1b3.jpg?s=72&d=https%3A%2F%2Fa.slack-edge.com%2Fdf10d%2Fimg%2Favatars%2Fava_0020-72.png",
            "first_name": "Rumen",
            "real_name": "Rumen Paletov",
            "display_name": "rpaletov",
            "team": "T86S8GHEG",
            "name": "rpaletov",
            "is_restricted": false,
            "is_ultra_restricted": false
        },
        "reactions": [
            {
                "name": "+1",
                "users": [
                    "WLDES09NC"
                ],
                "count": 1
            }
        ]
    },
    {
        "client_msg_id": "38e2a76b-2f66-487b-876e-7e1d324bba77",
        "type": "message",
        "text": "<https:\/\/jira.twitter.biz\/browse\/CX-10792>",
        "user": "W81QK6ATV",
        "ts": "1532450779.000456",
        "team": "T86S8GHEG",
        "user_team": "T86S8GHEG",
        "source_team": "T86S8GHEG",
        "user_profile": {
            "avatar_hash": "gf867b9ce72d",
            "image_72": "https:\/\/secure.gravatar.com\/avatar\/4f867b9ce72de24efcba75bca32ed1b3.jpg?s=72&d=https%3A%2F%2Fa.slack-edge.com%2Fdf10d%2Fimg%2Favatars%2Fava_0020-72.png",
            "first_name": "Rumen",
            "real_name": "Rumen Paletov",
            "display_name": "rpaletov",
            "team": "T86S8GHEG",
            "name": "rpaletov",
            "is_restricted": false,
            "is_ultra_restricted": false
        },
        "thread_ts": "1532450227.000152",
        "parent_user_id": "WLDES09NC"
    },
    {
        "client_msg_id": "2f61ddef-6d04-428f-b7de-623a3d7e88a9",
        "type": "message",
        "text": "I’m trying to read a tsv from HDFS using tensorflow, which should work as long as some environment variables are set (including HADOOP_HDFS_HOME). So, I set those environment variables on the mesos machine (by exporting them on bash via “aurora task ssh smf1\/jbaxter\/devel\/pycx-notebook”, and confirmed they are set from the notebook using os.environ, but then when I try to actually read the data, tensorflow is complaining that the environment variable isn’t set. Does anyone know what’s going on?",
        "user": "W81LHU811",
        "ts": "1532455436.000342",
        "team": "T86S8GHEG",
        "user_team": "T86S8GHEG",
        "source_team": "T86S8GHEG",
        "user_profile": {
            "avatar_hash": "3414c868877b",
            "image_72": "https:\/\/avatars.slack-edge.com\/2017-12-14\/286333000817_3414c868877b6fa85bf6_72.jpg",
            "first_name": "Jay",
            "real_name": "Jay Baxter",
            "display_name": "jbaxter",
            "team": "T86S8GHEG",
            "name": "jbaxter",
            "is_restricted": false,
            "is_ultra_restricted": false
        }
    },
    {
        "client_msg_id": "31cdfdb7-bbec-432a-b57c-896f3b8db1bb",
        "type": "message",
        "text": "For error message, see the last cell of this notebook: <http:\/\/nbviewer.prod.nbviewer.service.atla.twitter.com\/url\/ton-staging.smf1.twitter.com\/notebooks\/jbaxter\/2018-07-19_Load_Co-embeddings\/2018-07-24_17-59-13\/2018-07-19_Load_Co-embeddings.ipynb>",
        "user": "W81LHU811",
        "ts": "1532455447.000195",
        "team": "T86S8GHEG",
        "user_team": "T86S8GHEG",
        "source_team": "T86S8GHEG",
        "user_profile": {
            "avatar_hash": "3414c868877b",
            "image_72": "https:\/\/avatars.slack-edge.com\/2017-12-14\/286333000817_3414c868877b6fa85bf6_72.jpg",
            "first_name": "Jay",
            "real_name": "Jay Baxter",
            "display_name": "jbaxter",
            "team": "T86S8GHEG",
            "name": "jbaxter",
            "is_restricted": false,
            "is_ultra_restricted": false
        }
    },
    {
        "client_msg_id": "b95c860f-6c0c-4e57-80f6-404d08e6af86",
        "type": "message",
        "text": "maybe <@W81EZ626P> knows about this?",
        "user": "W81LHU811",
        "ts": "1532455472.000277",
        "team": "T86S8GHEG",
        "user_team": "T86S8GHEG",
        "source_team": "T86S8GHEG",
        "user_profile": {
            "avatar_hash": "3414c868877b",
            "image_72": "https:\/\/avatars.slack-edge.com\/2017-12-14\/286333000817_3414c868877b6fa85bf6_72.jpg",
            "first_name": "Jay",
            "real_name": "Jay Baxter",
            "display_name": "jbaxter",
            "team": "T86S8GHEG",
            "name": "jbaxter",
            "is_restricted": false,
            "is_ultra_restricted": false
        }
    },
    {
        "type": "message",
        "subtype": "channel_join",
        "ts": "1532455475.000219",
        "user": "W81EZ626P",
        "text": "<@W81EZ626P> has joined the channel",
        "inviter": "W81LHU811"
    },
    {
        "client_msg_id": "ac6aacfa-9813-401b-ae70-152268178a1a",
        "type": "message",
        "text": "<@W81LHU811> are you using pycxv2&gt;",
        "user": "W81EZ626P",
        "ts": "1532455648.000578",
        "team": "T86S8GHEG",
        "user_team": "T86S8GHEG",
        "source_team": "T86S8GHEG",
        "user_profile": {
            "avatar_hash": "bb903008f72f",
            "image_72": "https:\/\/avatars.slack-edge.com\/2019-02-05\/542203016800_bb903008f72fbebfcd01_72.png",
            "first_name": "Dan",
            "real_name": "Dan Shiebler",
            "display_name": "dshiebler",
            "team": "T86S8GHEG",
            "name": "dshiebler",
            "is_restricted": false,
            "is_ultra_restricted": false
        }
    },
    {
        "client_msg_id": "9d15ada2-9117-4e6c-804f-59313d4a161c",
        "type": "message",
        "text": "yeah",
        "user": "W81LHU811",
        "ts": "1532455654.000027",
        "team": "T86S8GHEG",
        "user_team": "T86S8GHEG",
        "source_team": "T86S8GHEG",
        "user_profile": {
            "avatar_hash": "3414c868877b",
            "image_72": "https:\/\/avatars.slack-edge.com\/2017-12-14\/286333000817_3414c868877b6fa85bf6_72.jpg",
            "first_name": "Jay",
            "real_name": "Jay Baxter",
            "display_name": "jbaxter",
            "team": "T86S8GHEG",
            "name": "jbaxter",
            "is_restricted": false,
            "is_ultra_restricted": false
        }
    },
    {
        "client_msg_id": "b2a71d4d-19a3-4551-a297-6585b18cab66",
        "type": "message",
        "text": "I just do",
        "user": "W81EZ626P",
        "ts": "1532455660.000470",
        "team": "T86S8GHEG",
        "user_team": "T86S8GHEG",
        "source_team": "T86S8GHEG",
        "user_profile": {
            "avatar_hash": "bb903008f72f",
            "image_72": "https:\/\/avatars.slack-edge.com\/2019-02-05\/542203016800_bb903008f72fbebfcd01_72.png",
            "first_name": "Dan",
            "real_name": "Dan Shiebler",
            "display_name": "dshiebler",
            "team": "T86S8GHEG",
            "name": "dshiebler",
            "is_restricted": false,
            "is_ultra_restricted": false
        }
    },
    {
        "client_msg_id": "5e7e0aeb-1bf1-44bc-9b89-f9ae0c6a63e3",
        "type": "message",
        "text": "```import os\nimport subprocess\nfrom tqdm import tqdm\nfrom collections import Counter\nfrom scipy.stats import pearsonr\n\nos.environ[\"HADOOP_CONF_DIR\"] = \"\/etc\/hadoop\/hadoop-conf-dw2-smf1\"\nos.environ[\"JAVA_HOME\"] = \"\/usr\/lib\/jvm\/java-1.8.0-twitter\"\nos.environ[\"HADOOP_HDFS_HOME\"] = \"\/usr\/local\/hadoop\"\nos.environ[\"LD_LIBRARY_PATH\"] = (\n    os.environ[\"HADOOP_HDFS_HOME\"] + \"\/lib\/native:\" +\n    os.environ[\"JAVA_HOME\"] + \"\/jre\/lib\/amd64\/server:\" + os.environ[\"LD_LIBRARY_PATH\"])\nos.environ[\"CLASSPATH\"] = subprocess.check_output(\n    os.environ[\"HADOOP_HDFS_HOME\"] + \"\/bin\/hadoop classpath --glob\" , shell=True, encoding='utf8')\n\nfrom twitter.cortex.deepbird.util.data_record_handler import DataRecordGenerator\nimport tensorflow as tf\n```",
        "user": "W81EZ626P",
        "ts": "1532455662.000191",
        "team": "T86S8GHEG",
        "user_team": "T86S8GHEG",
        "source_team": "T86S8GHEG",
        "user_profile": {
            "avatar_hash": "bb903008f72f",
            "image_72": "https:\/\/avatars.slack-edge.com\/2019-02-05\/542203016800_bb903008f72fbebfcd01_72.png",
            "first_name": "Dan",
            "real_name": "Dan Shiebler",
            "display_name": "dshiebler",
            "team": "T86S8GHEG",
            "name": "dshiebler",
            "is_restricted": false,
            "is_ultra_restricted": false
        }
    },
    {
        "client_msg_id": "44d48494-3ef2-48c0-b08e-56bd452a37ad",
        "type": "message",
        "text": "at the top of the notebook",
        "user": "W81EZ626P",
        "ts": "1532455667.000533",
        "team": "T86S8GHEG",
        "user_team": "T86S8GHEG",
        "source_team": "T86S8GHEG",
        "user_profile": {
            "avatar_hash": "bb903008f72f",
            "image_72": "https:\/\/avatars.slack-edge.com\/2019-02-05\/542203016800_bb903008f72fbebfcd01_72.png",
            "first_name": "Dan",
            "real_name": "Dan Shiebler",
            "display_name": "dshiebler",
            "team": "T86S8GHEG",
            "name": "dshiebler",
            "is_restricted": false,
            "is_ultra_restricted": false
        }
    },
    {
        "client_msg_id": "bff6c22a-a994-45bc-b5a5-e4f36d9b39be",
        "type": "message",
        "text": "and that works fine",
        "user": "W81EZ626P",
        "ts": "1532455671.000172",
        "team": "T86S8GHEG",
        "user_team": "T86S8GHEG",
        "source_team": "T86S8GHEG",
        "user_profile": {
            "avatar_hash": "bb903008f72f",
            "image_72": "https:\/\/avatars.slack-edge.com\/2019-02-05\/542203016800_bb903008f72fbebfcd01_72.png",
            "first_name": "Dan",
            "real_name": "Dan Shiebler",
            "display_name": "dshiebler",
            "team": "T86S8GHEG",
            "name": "dshiebler",
            "is_restricted": false,
            "is_ultra_restricted": false
        }
    },
    {
        "client_msg_id": "67d945d2-9b1b-40d0-b17c-a16ab7b7b34a",
        "type": "message",
        "text": "^^in case anyone else is familiar, that didn’t fix any issues for me. currently poking around for workarounds",
        "user": "W81LHU811",
        "ts": "1532456973.000385",
        "team": "T86S8GHEG",
        "user_team": "T86S8GHEG",
        "source_team": "T86S8GHEG",
        "user_profile": {
            "avatar_hash": "3414c868877b",
            "image_72": "https:\/\/avatars.slack-edge.com\/2017-12-14\/286333000817_3414c868877b6fa85bf6_72.jpg",
            "first_name": "Jay",
            "real_name": "Jay Baxter",
            "display_name": "jbaxter",
            "team": "T86S8GHEG",
            "name": "jbaxter",
            "is_restricted": false,
            "is_ultra_restricted": false
        }
    },
    {
        "client_msg_id": "fcfbb3be-f45c-42de-9e9b-ea5f29ddaf4e",
        "type": "message",
        "text": "<@W81LHU811> I’m not sure whether spark and tensorflow HDFS play nicely",
        "user": "W81EZ626P",
        "ts": "1532458116.000474",
        "team": "T86S8GHEG",
        "user_team": "T86S8GHEG",
        "source_team": "T86S8GHEG",
        "user_profile": {
            "avatar_hash": "bb903008f72f",
            "image_72": "https:\/\/avatars.slack-edge.com\/2019-02-05\/542203016800_bb903008f72fbebfcd01_72.png",
            "first_name": "Dan",
            "real_name": "Dan Shiebler",
            "display_name": "dshiebler",
            "team": "T86S8GHEG",
            "name": "dshiebler",
            "is_restricted": false,
            "is_ultra_restricted": false
        }
    },
    {
        "client_msg_id": "a383a468-e73b-4f25-a801-ecd334958070",
        "type": "message",
        "text": "I’ve been using pycxv2 without spark exclusively",
        "user": "W81EZ626P",
        "ts": "1532458125.000346",
        "team": "T86S8GHEG",
        "user_team": "T86S8GHEG",
        "source_team": "T86S8GHEG",
        "user_profile": {
            "avatar_hash": "bb903008f72f",
            "image_72": "https:\/\/avatars.slack-edge.com\/2019-02-05\/542203016800_bb903008f72fbebfcd01_72.png",
            "first_name": "Dan",
            "real_name": "Dan Shiebler",
            "display_name": "dshiebler",
            "team": "T86S8GHEG",
            "name": "dshiebler",
            "is_restricted": false,
            "is_ultra_restricted": false
        }
    },
    {
        "client_msg_id": "7c479397-4d0b-4925-9448-44f7ad17aa55",
        "type": "message",
        "text": "also, note that you need to import tensorflow\/twml after you set the HADOOP_HDFS_HOME variable, not before",
        "user": "W81EZ626P",
        "ts": "1532458177.000203",
        "team": "T86S8GHEG",
        "user_team": "T86S8GHEG",
        "source_team": "T86S8GHEG",
        "user_profile": {
            "avatar_hash": "bb903008f72f",
            "image_72": "https:\/\/avatars.slack-edge.com\/2019-02-05\/542203016800_bb903008f72fbebfcd01_72.png",
            "first_name": "Dan",
            "real_name": "Dan Shiebler",
            "display_name": "dshiebler",
            "team": "T86S8GHEG",
            "name": "dshiebler",
            "is_restricted": false,
            "is_ultra_restricted": false
        }
    },
    {
        "client_msg_id": "7ae100b2-3cb4-4e28-9d63-6f11897fbaac",
        "type": "message",
        "text": "seems that spark plays fine with it, but setting the variable before importing tensorflow was key",
        "user": "W81LHU811",
        "ts": "1532458490.000278",
        "team": "T86S8GHEG",
        "user_team": "T86S8GHEG",
        "source_team": "T86S8GHEG",
        "user_profile": {
            "avatar_hash": "3414c868877b",
            "image_72": "https:\/\/avatars.slack-edge.com\/2017-12-14\/286333000817_3414c868877b6fa85bf6_72.jpg",
            "first_name": "Jay",
            "real_name": "Jay Baxter",
            "display_name": "jbaxter",
            "team": "T86S8GHEG",
            "name": "jbaxter",
            "is_restricted": false,
            "is_ultra_restricted": false
        }
    },
    {
        "client_msg_id": "7a5d1372-a1d6-40b6-aecb-28e4f1cffaae",
        "type": "message",
        "text": "thanks!",
        "user": "W81LHU811",
        "ts": "1532458492.000104",
        "team": "T86S8GHEG",
        "user_team": "T86S8GHEG",
        "source_team": "T86S8GHEG",
        "user_profile": {
            "avatar_hash": "3414c868877b",
            "image_72": "https:\/\/avatars.slack-edge.com\/2017-12-14\/286333000817_3414c868877b6fa85bf6_72.jpg",
            "first_name": "Jay",
            "real_name": "Jay Baxter",
            "display_name": "jbaxter",
            "team": "T86S8GHEG",
            "name": "jbaxter",
            "is_restricted": false,
            "is_ultra_restricted": false
        }
    },
    {
        "client_msg_id": "aed10c4b-9cfc-4be1-84ab-741f22a6f655",
        "type": "message",
        "text": ":+1:",
        "user": "W81EZ626P",
        "ts": "1532458927.000071",
        "team": "T86S8GHEG",
        "user_team": "T86S8GHEG",
        "source_team": "T86S8GHEG",
        "user_profile": {
            "avatar_hash": "bb903008f72f",
            "image_72": "https:\/\/avatars.slack-edge.com\/2019-02-05\/542203016800_bb903008f72fbebfcd01_72.png",
            "first_name": "Dan",
            "real_name": "Dan Shiebler",
            "display_name": "dshiebler",
            "team": "T86S8GHEG",
            "name": "dshiebler",
            "is_restricted": false,
            "is_ultra_restricted": false
        }
    },
    {
        "client_msg_id": "4974be53-aa33-45d8-9e7c-0868c710139d",
        "type": "message",
        "text": "<@W81LHU811> this fix is already available in the pycxv2 testing-v2 release channel if you use that (thanks <@W81EZ626P> for this fix)",
        "user": "WLDES09NC",
        "ts": "1532467216.000155",
        "team": "T86S8GHEG",
        "user_team": "T86S8GHEG",
        "source_team": "T86S8GHEG",
        "user_profile": {
            "avatar_hash": "g1ce47f813bd",
            "image_72": "https:\/\/secure.gravatar.com\/avatar\/e1ce47f813bd01b49467bf43fa9db25b.jpg?s=72&d=https%3A%2F%2Fa.slack-edge.com%2F5818c%2Fimg%2Favatars%2Fava_0003-72.png",
            "first_name": "Tural",
            "real_name": "Tural Badirkhanli",
            "display_name": "tbadirkhanli",
            "team": "T86S8GHEG",
            "name": "tbadirkhanli",
            "is_restricted": false,
            "is_ultra_restricted": false
        }
    }
]