[
    {
        "type": "message",
        "subtype": "bot_add",
        "text": "added an integration to this channel: <https:\/\/twitter.slack.com\/services\/BCQBELM43|PagerDuty>",
        "user": "W81EYMXMZ",
        "bot_id": "BCQBELM43",
        "bot_link": "<https:\/\/twitter.slack.com\/services\/BCQBELM43|PagerDuty>",
        "ts": "1536592509.000100"
    },
    {
        "type": "message",
        "subtype": "channel_join",
        "ts": "1536592630.000200",
        "user": "W869WNH0V",
        "text": "<@W869WNH0V> has joined the channel",
        "inviter": "W81EYMXMZ"
    }
]