[
    {
        "type": "message",
        "text": "<@WLFK4KDHC> if I need to add a conda package, do i need to update the conda-packages.yaml and push it to master?",
        "user": "W82SJMVQF",
        "ts": "1523637082.000108",
        "team": "T86S8GHEG",
        "user_team": "T86S8GHEG",
        "source_team": "T86S8GHEG",
        "user_profile": {
            "avatar_hash": "g05cc1a3c2e0",
            "image_72": "https:\/\/secure.gravatar.com\/avatar\/405cc1a3c2e0427eb0fe056036bdc87f.jpg?s=72&d=https%3A%2F%2Fa.slack-edge.com%2Fdf10d%2Fimg%2Favatars%2Fava_0006-72.png",
            "first_name": "Eting",
            "real_name": "Eting Yuan",
            "display_name": "eyuan",
            "team": "T86S8GHEG",
            "name": "eyuan",
            "is_restricted": false,
            "is_ultra_restricted": false
        },
        "thread_ts": "1523637082.000108",
        "reply_count": 5,
        "reply_users_count": 2,
        "latest_reply": "1523654251.000334",
        "reply_users": [
            "WLFK4KDHC",
            "W82SJMVQF"
        ],
        "replies": [
            {
                "user": "WLFK4KDHC",
                "ts": "1523639779.000477"
            },
            {
                "user": "W82SJMVQF",
                "ts": "1523647900.000128"
            },
            {
                "user": "WLFK4KDHC",
                "ts": "1523654211.000242"
            },
            {
                "user": "WLFK4KDHC",
                "ts": "1523654219.000100"
            },
            {
                "user": "WLFK4KDHC",
                "ts": "1523654251.000334"
            }
        ],
        "subscribed": false
    },
    {
        "type": "message",
        "text": "changes on local branches seem not working.",
        "user": "W82SJMVQF",
        "ts": "1523637103.000061",
        "team": "T86S8GHEG",
        "user_team": "T86S8GHEG",
        "source_team": "T86S8GHEG",
        "user_profile": {
            "avatar_hash": "g05cc1a3c2e0",
            "image_72": "https:\/\/secure.gravatar.com\/avatar\/405cc1a3c2e0427eb0fe056036bdc87f.jpg?s=72&d=https%3A%2F%2Fa.slack-edge.com%2Fdf10d%2Fimg%2Favatars%2Fava_0006-72.png",
            "first_name": "Eting",
            "real_name": "Eting Yuan",
            "display_name": "eyuan",
            "team": "T86S8GHEG",
            "name": "eyuan",
            "is_restricted": false,
            "is_ultra_restricted": false
        }
    },
    {
        "type": "message",
        "text": "You will need to update conda-packages.yaml, but you should make it work first in branch",
        "user": "WLFK4KDHC",
        "ts": "1523639779.000477",
        "team": "T86S8GHEG",
        "user_team": "T86S8GHEG",
        "source_team": "T86S8GHEG",
        "user_profile": {
            "avatar_hash": "4f2b69c97d9d",
            "image_72": "https:\/\/avatars.slack-edge.com\/2017-12-18\/289302739670_4f2b69c97d9d702c2a63_72.jpg",
            "first_name": "Tony",
            "real_name": "Tony Zhou",
            "display_name": "tzhou",
            "team": "T86S8GHEG",
            "name": "tzhou",
            "is_restricted": false,
            "is_ultra_restricted": false
        },
        "thread_ts": "1523637082.000108",
        "parent_user_id": "W82SJMVQF"
    },
    {
        "type": "message",
        "text": "i just tried to build my package and pushed to smf1. it worked until it died at the last step",
        "user": "W82SJMVQF",
        "ts": "1523647900.000128",
        "team": "T86S8GHEG",
        "user_team": "T86S8GHEG",
        "source_team": "T86S8GHEG",
        "user_profile": {
            "avatar_hash": "g05cc1a3c2e0",
            "image_72": "https:\/\/secure.gravatar.com\/avatar\/405cc1a3c2e0427eb0fe056036bdc87f.jpg?s=72&d=https%3A%2F%2Fa.slack-edge.com%2Fdf10d%2Fimg%2Favatars%2Fava_0006-72.png",
            "first_name": "Eting",
            "real_name": "Eting Yuan",
            "display_name": "eyuan",
            "team": "T86S8GHEG",
            "name": "eyuan",
            "is_restricted": false,
            "is_ultra_restricted": false
        },
        "thread_ts": "1523637082.000108",
        "parent_user_id": "W82SJMVQF"
    },
    {
        "type": "message",
        "text": "Are you able to share the logs?",
        "user": "WLFK4KDHC",
        "ts": "1523654211.000242",
        "team": "T86S8GHEG",
        "user_team": "T86S8GHEG",
        "source_team": "T86S8GHEG",
        "user_profile": {
            "avatar_hash": "4f2b69c97d9d",
            "image_72": "https:\/\/avatars.slack-edge.com\/2017-12-18\/289302739670_4f2b69c97d9d702c2a63_72.jpg",
            "first_name": "Tony",
            "real_name": "Tony Zhou",
            "display_name": "tzhou",
            "team": "T86S8GHEG",
            "name": "tzhou",
            "is_restricted": false,
            "is_ultra_restricted": false
        },
        "thread_ts": "1523637082.000108",
        "parent_user_id": "W82SJMVQF"
    },
    {
        "type": "message",
        "text": "go\/paste",
        "user": "WLFK4KDHC",
        "ts": "1523654219.000100",
        "team": "T86S8GHEG",
        "user_team": "T86S8GHEG",
        "source_team": "T86S8GHEG",
        "user_profile": {
            "avatar_hash": "4f2b69c97d9d",
            "image_72": "https:\/\/avatars.slack-edge.com\/2017-12-18\/289302739670_4f2b69c97d9d702c2a63_72.jpg",
            "first_name": "Tony",
            "real_name": "Tony Zhou",
            "display_name": "tzhou",
            "team": "T86S8GHEG",
            "name": "tzhou",
            "is_restricted": false,
            "is_ultra_restricted": false
        },
        "thread_ts": "1523637082.000108",
        "parent_user_id": "W82SJMVQF"
    },
    {
        "type": "message",
        "text": "I tried to look and the machine seemed to be torn down already",
        "user": "WLFK4KDHC",
        "ts": "1523654251.000334",
        "team": "T86S8GHEG",
        "user_team": "T86S8GHEG",
        "source_team": "T86S8GHEG",
        "user_profile": {
            "avatar_hash": "4f2b69c97d9d",
            "image_72": "https:\/\/avatars.slack-edge.com\/2017-12-18\/289302739670_4f2b69c97d9d702c2a63_72.jpg",
            "first_name": "Tony",
            "real_name": "Tony Zhou",
            "display_name": "tzhou",
            "team": "T86S8GHEG",
            "name": "tzhou",
            "is_restricted": false,
            "is_ultra_restricted": false
        },
        "thread_ts": "1523637082.000108",
        "parent_user_id": "W82SJMVQF"
    }
]