[
    {
        "client_msg_id": "3e4f8fd6-82b4-4d49-b330-11c5e69019b0",
        "type": "message",
        "text": "Thanks for this! I’ve been working through this. Just as an FYI, there’s a typo on the very last line: cat \/var\/libs\/tss\/keys\/$USER\/pycx\/db.credentials.yml “lib” instead of “libs”",
        "user": "WC5KN6JJH",
        "ts": "1557772885.178400",
        "team": "T86S8GHEG",
        "user_team": "T86S8GHEG",
        "source_team": "T86S8GHEG",
        "user_profile": {
            "avatar_hash": "44f5cf3fda74",
            "image_72": "https:\/\/avatars.slack-edge.com\/2020-02-10\/933178751218_44f5cf3fda74dad43ae0_72.png",
            "first_name": "Ryan",
            "real_name": "Ryan Sommers",
            "display_name": "rsommers",
            "team": "T86S8GHEG",
            "name": "rsommers",
            "is_restricted": false,
            "is_ultra_restricted": false
        },
        "thread_ts": "1557516365.174300",
        "parent_user_id": "WC5KN6JJH"
    },
    {
        "client_msg_id": "196478ff-59e5-481e-997a-7e8c30d62ed5",
        "type": "message",
        "text": "And I’m not 100% sure I did it all right, but my TSS material ended up not having a destination nor any metadata on it from the profile…",
        "user": "WC5KN6JJH",
        "ts": "1557772903.178600",
        "team": "T86S8GHEG",
        "user_team": "T86S8GHEG",
        "source_team": "T86S8GHEG",
        "user_profile": {
            "avatar_hash": "44f5cf3fda74",
            "image_72": "https:\/\/avatars.slack-edge.com\/2020-02-10\/933178751218_44f5cf3fda74dad43ae0_72.png",
            "first_name": "Ryan",
            "real_name": "Ryan Sommers",
            "display_name": "rsommers",
            "team": "T86S8GHEG",
            "name": "rsommers",
            "is_restricted": false,
            "is_ultra_restricted": false
        },
        "thread_ts": "1557516365.174300",
        "parent_user_id": "WC5KN6JJH"
    },
    {
        "client_msg_id": "e687018f-14d8-4c33-aeb9-985eb040c031",
        "type": "message",
        "text": "hey pycx team, are the gpu mesos instances available for people to use?",
        "user": "WCX30BY3W",
        "ts": "1557789337.179700",
        "team": "T86S8GHEG",
        "user_team": "T86S8GHEG",
        "source_team": "T86S8GHEG",
        "user_profile": {
            "avatar_hash": "gfa7fca9566c",
            "image_72": "https:\/\/secure.gravatar.com\/avatar\/afa7fca9566cb1cf179c7448d3c12491.jpg?s=72&d=https%3A%2F%2Fa.slack-edge.com%2Fdf10d%2Fimg%2Favatars%2Fava_0010-72.png",
            "first_name": "Tim",
            "real_name": "Tim Hsu",
            "display_name": "timh",
            "team": "T86S8GHEG",
            "name": "timh",
            "is_restricted": false,
            "is_ultra_restricted": false
        },
        "thread_ts": "1557789337.179700",
        "reply_count": 2,
        "reply_users_count": 2,
        "latest_reply": "1557789757.180700",
        "reply_users": [
            "WCX30BY3W",
            "WG6VAR3KQ"
        ],
        "replies": [
            {
                "user": "WCX30BY3W",
                "ts": "1557789637.180400"
            },
            {
                "user": "WG6VAR3KQ",
                "ts": "1557789757.180700"
            }
        ],
        "subscribed": false
    },
    {
        "client_msg_id": "159e3c45-d1cf-48b2-913b-7342d0971e7a",
        "type": "message",
        "text": "tried running with `-u cortex-m40` but got `Subject timh is not permitted to JobScopedRpcPermission{rpc=createJob, permittedJob=IJobKey{role=cortex-m40, environment=devel, name=timh_notebook}}.`",
        "user": "WCX30BY3W",
        "ts": "1557789357.180300",
        "team": "T86S8GHEG",
        "user_team": "T86S8GHEG",
        "source_team": "T86S8GHEG",
        "user_profile": {
            "avatar_hash": "gfa7fca9566c",
            "image_72": "https:\/\/secure.gravatar.com\/avatar\/afa7fca9566cb1cf179c7448d3c12491.jpg?s=72&d=https%3A%2F%2Fa.slack-edge.com%2Fdf10d%2Fimg%2Favatars%2Fava_0010-72.png",
            "first_name": "Tim",
            "real_name": "Tim Hsu",
            "display_name": "timh",
            "team": "T86S8GHEG",
            "name": "timh",
            "is_restricted": false,
            "is_ultra_restricted": false
        },
        "thread_ts": "1557789357.180300",
        "reply_count": 10,
        "reply_users_count": 2,
        "latest_reply": "1557863423.196300",
        "reply_users": [
            "W82UCH2EB",
            "WCX30BY3W"
        ],
        "replies": [
            {
                "user": "W82UCH2EB",
                "ts": "1557790268.182500"
            },
            {
                "user": "W82UCH2EB",
                "ts": "1557790414.182700"
            },
            {
                "user": "WCX30BY3W",
                "ts": "1557861771.194900"
            },
            {
                "user": "WCX30BY3W",
                "ts": "1557861782.195100"
            },
            {
                "user": "W82UCH2EB",
                "ts": "1557863377.195300"
            },
            {
                "user": "W82UCH2EB",
                "ts": "1557863380.195500"
            },
            {
                "user": "WCX30BY3W",
                "ts": "1557863404.195700"
            },
            {
                "user": "WCX30BY3W",
                "ts": "1557863410.195900"
            },
            {
                "user": "W82UCH2EB",
                "ts": "1557863420.196100"
            },
            {
                "user": "WCX30BY3W",
                "ts": "1557863423.196300"
            }
        ],
        "subscribed": false
    },
    {
        "client_msg_id": "b9edfc48-3b2b-48a0-ab67-bfd74d2f89ef",
        "type": "message",
        "text": "<@W89H645FB> do i just apply for access to these roles in idm",
        "user": "WCX30BY3W",
        "ts": "1557789637.180400",
        "team": "T86S8GHEG",
        "user_team": "T86S8GHEG",
        "source_team": "T86S8GHEG",
        "user_profile": {
            "avatar_hash": "gfa7fca9566c",
            "image_72": "https:\/\/secure.gravatar.com\/avatar\/afa7fca9566cb1cf179c7448d3c12491.jpg?s=72&d=https%3A%2F%2Fa.slack-edge.com%2Fdf10d%2Fimg%2Favatars%2Fava_0010-72.png",
            "first_name": "Tim",
            "real_name": "Tim Hsu",
            "display_name": "timh",
            "team": "T86S8GHEG",
            "name": "timh",
            "is_restricted": false,
            "is_ultra_restricted": false
        },
        "thread_ts": "1557789337.179700",
        "parent_user_id": "WCX30BY3W"
    },
    {
        "bot_id": "B8A47HZCL",
        "type": "message",
        "text": "cc\/ <@W82UCH2EB> <@W81EYMXMZ>",
        "user": "W89H645FB",
        "ts": "1557789637.180600",
        "team": "T86S8GHEG",
        "bot_profile": {
            "id": "B8A47HZCL",
            "deleted": false,
            "name": "bot",
            "updated": 1512499948,
            "app_id": "A0F7YS25R",
            "icons": {
                "image_36": "https:\/\/a.slack-edge.com\/80588\/img\/services\/bots_36.png",
                "image_48": "https:\/\/a.slack-edge.com\/80588\/img\/plugins\/bot\/service_48.png",
                "image_72": "https:\/\/a.slack-edge.com\/80588\/img\/services\/bots_72.png"
            },
            "team_id": "T86S8GHEG"
        },
        "attachments": [
            {
                "author_name": "Tim Hsu",
                "text": " do i just apply for access to these roles in idm",
                "id": 1,
                "author_icon": "https:\/\/secure.gravatar.com\/avatar\/afa7fca9566cb1cf179c7448d3c12491.jpg?s=72&d=https%3A%2F%2Fa.slack-edge.com%2F00b63%2Fimg%2Favatars%2Fava_0010-72.png",
                "fallback": " do i just apply for access to these roles in idm"
            }
        ]
    },
    {
        "client_msg_id": "5560da55-8439-42aa-80c2-7320ada7e6e5",
        "type": "message",
        "text": "i think so",
        "user": "WG6VAR3KQ",
        "ts": "1557789757.180700",
        "team": "T86S8GHEG",
        "user_team": "T86S8GHEG",
        "source_team": "T86S8GHEG",
        "user_profile": {
            "avatar_hash": "9be1b5b62448",
            "image_72": "https:\/\/avatars.slack-edge.com\/2019-02-26\/562776877158_9be1b5b6244839b4af23_72.jpg",
            "first_name": "Daniel",
            "real_name": "Daniel Erenrich",
            "display_name": "derenrich",
            "team": "T86S8GHEG",
            "name": "derenrich",
            "is_restricted": false,
            "is_ultra_restricted": false
        },
        "thread_ts": "1557789337.179700",
        "parent_user_id": "WCX30BY3W"
    },
    {
        "client_msg_id": "1d1e4f98-f188-4c6e-8196-db65c0e81d22",
        "type": "message",
        "text": "<@WCX30BY3W> you will need the idm access, but what do you want to do with gpus on pycx :confused:",
        "user": "W81BJEAGZ",
        "ts": "1557789972.181400",
        "team": "T86S8GHEG",
        "user_team": "T86S8GHEG",
        "source_team": "T86S8GHEG",
        "user_profile": {
            "avatar_hash": "45f9fa184373",
            "image_72": "https:\/\/avatars.slack-edge.com\/2019-04-25\/620857384023_45f9fa184373c2c504f5_72.jpg",
            "first_name": "Pavan",
            "real_name": "Pavan Yalamanchili",
            "display_name": "pyalamanchili",
            "team": "T86S8GHEG",
            "name": "pyalamanchili",
            "is_restricted": false,
            "is_ultra_restricted": false
        },
        "thread_ts": "1557789972.181400",
        "reply_count": 26,
        "reply_users_count": 3,
        "latest_reply": "1557858377.194700",
        "reply_users": [
            "WCX30BY3W",
            "W81BJEAGZ",
            "W81LS208J"
        ],
        "replies": [
            {
                "user": "WCX30BY3W",
                "ts": "1557790666.182900"
            },
            {
                "user": "WCX30BY3W",
                "ts": "1557790707.183100"
            },
            {
                "user": "W81BJEAGZ",
                "ts": "1557790750.183300"
            },
            {
                "user": "W81BJEAGZ",
                "ts": "1557790775.183500"
            },
            {
                "user": "WCX30BY3W",
                "ts": "1557790787.183700"
            },
            {
                "user": "W81LS208J",
                "ts": "1557844563.185900"
            },
            {
                "user": "W81BJEAGZ",
                "ts": "1557846412.186100"
            },
            {
                "user": "W81BJEAGZ",
                "ts": "1557846436.186300"
            },
            {
                "user": "W81BJEAGZ",
                "ts": "1557846496.186500"
            },
            {
                "user": "W81BJEAGZ",
                "ts": "1557846526.186700"
            },
            {
                "user": "W81LS208J",
                "ts": "1557846548.186900"
            },
            {
                "user": "W81BJEAGZ",
                "ts": "1557846562.187100"
            },
            {
                "user": "W81BJEAGZ",
                "ts": "1557846588.187300"
            },
            {
                "user": "W81LS208J",
                "ts": "1557846596.187500"
            },
            {
                "user": "W81LS208J",
                "ts": "1557846663.187700"
            },
            {
                "user": "W81BJEAGZ",
                "ts": "1557846682.187900"
            },
            {
                "user": "W81LS208J",
                "ts": "1557846693.188100"
            },
            {
                "user": "W81BJEAGZ",
                "ts": "1557846700.188300"
            },
            {
                "user": "W81BJEAGZ",
                "ts": "1557846732.188500"
            },
            {
                "user": "W81LS208J",
                "ts": "1557846738.188700"
            },
            {
                "user": "W81BJEAGZ",
                "ts": "1557846776.188900"
            },
            {
                "user": "W81BJEAGZ",
                "ts": "1557846822.189100"
            },
            {
                "user": "W81LS208J",
                "ts": "1557846839.189300"
            },
            {
                "user": "WCX30BY3W",
                "ts": "1557858222.194100"
            },
            {
                "user": "W81BJEAGZ",
                "ts": "1557858359.194500"
            },
            {
                "user": "WCX30BY3W",
                "ts": "1557858377.194700"
            }
        ],
        "subscribed": false
    },
    {
        "client_msg_id": "491e37da-46cd-42be-9430-f94d62db6384",
        "type": "message",
        "text": "most of the usecases on pycx dont benefit from gpu acceleration",
        "user": "W81BJEAGZ",
        "ts": "1557789991.181900",
        "team": "T86S8GHEG",
        "user_team": "T86S8GHEG",
        "source_team": "T86S8GHEG",
        "user_profile": {
            "avatar_hash": "45f9fa184373",
            "image_72": "https:\/\/avatars.slack-edge.com\/2019-04-25\/620857384023_45f9fa184373c2c504f5_72.jpg",
            "first_name": "Pavan",
            "real_name": "Pavan Yalamanchili",
            "display_name": "pyalamanchili",
            "team": "T86S8GHEG",
            "name": "pyalamanchili",
            "is_restricted": false,
            "is_ultra_restricted": false
        },
        "thread_ts": "1557789991.181900",
        "reply_count": 3,
        "reply_users_count": 2,
        "latest_reply": "1557804061.184600",
        "reply_users": [
            "WCX30BY3W",
            "W81BJEAGZ"
        ],
        "replies": [
            {
                "user": "WCX30BY3W",
                "ts": "1557801078.184200"
            },
            {
                "user": "W81BJEAGZ",
                "ts": "1557804039.184400"
            },
            {
                "user": "W81BJEAGZ",
                "ts": "1557804061.184600"
            }
        ],
        "subscribed": false
    },
    {
        "client_msg_id": "930a8554-b804-4d95-81ac-c00c60bce0cf",
        "type": "message",
        "text": "Tim did you try:\n```\n  -g, --gpus INTEGER              Number of GPUs on mesos instance  [default:\n                                  0]\n  --gpu-type [m40|k80]            GPU to run notebook with\n```",
        "user": "W82UCH2EB",
        "ts": "1557790268.182500",
        "team": "T86S8GHEG",
        "user_team": "T86S8GHEG",
        "source_team": "T86S8GHEG",
        "user_profile": {
            "avatar_hash": "91f21c110d85",
            "image_72": "https:\/\/avatars.slack-edge.com\/2018-05-25\/371711110887_91f21c110d858e612f45_72.jpg",
            "first_name": "Newton",
            "real_name": "Newton Le",
            "display_name": "nle",
            "team": "T86S8GHEG",
            "name": "nle",
            "is_restricted": false,
            "is_ultra_restricted": false
        },
        "thread_ts": "1557789357.180300",
        "parent_user_id": "WCX30BY3W"
    },
    {
        "client_msg_id": "a5b61b27-eefc-4fbd-b856-96317c0c2015",
        "type": "message",
        "text": "also, pavan’s right and you need idm access",
        "user": "W82UCH2EB",
        "ts": "1557790414.182700",
        "team": "T86S8GHEG",
        "user_team": "T86S8GHEG",
        "source_team": "T86S8GHEG",
        "user_profile": {
            "avatar_hash": "91f21c110d85",
            "image_72": "https:\/\/avatars.slack-edge.com\/2018-05-25\/371711110887_91f21c110d858e612f45_72.jpg",
            "first_name": "Newton",
            "real_name": "Newton Le",
            "display_name": "nle",
            "team": "T86S8GHEG",
            "name": "nle",
            "is_restricted": false,
            "is_ultra_restricted": false
        },
        "thread_ts": "1557789357.180300",
        "parent_user_id": "WCX30BY3W"
    },
    {
        "client_msg_id": "956a5e1f-1c7c-4594-8e6f-227bbbddc5e9",
        "type": "message",
        "text": "oh is it not encouraged?",
        "user": "WCX30BY3W",
        "ts": "1557790666.182900",
        "team": "T86S8GHEG",
        "user_team": "T86S8GHEG",
        "source_team": "T86S8GHEG",
        "user_profile": {
            "avatar_hash": "gfa7fca9566c",
            "image_72": "https:\/\/secure.gravatar.com\/avatar\/afa7fca9566cb1cf179c7448d3c12491.jpg?s=72&d=https%3A%2F%2Fa.slack-edge.com%2Fdf10d%2Fimg%2Favatars%2Fava_0010-72.png",
            "first_name": "Tim",
            "real_name": "Tim Hsu",
            "display_name": "timh",
            "team": "T86S8GHEG",
            "name": "timh",
            "is_restricted": false,
            "is_ultra_restricted": false
        },
        "thread_ts": "1557789972.181400",
        "parent_user_id": "W81BJEAGZ"
    },
    {
        "client_msg_id": "ea741710-e9f5-45a4-a884-b5ea7eb2d78e",
        "type": "message",
        "text": "doing some feature engineering work thru model selection, thought i could iterate faster with gpu but definitely not a requirement",
        "user": "WCX30BY3W",
        "ts": "1557790707.183100",
        "team": "T86S8GHEG",
        "user_team": "T86S8GHEG",
        "source_team": "T86S8GHEG",
        "user_profile": {
            "avatar_hash": "gfa7fca9566c",
            "image_72": "https:\/\/secure.gravatar.com\/avatar\/afa7fca9566cb1cf179c7448d3c12491.jpg?s=72&d=https%3A%2F%2Fa.slack-edge.com%2Fdf10d%2Fimg%2Favatars%2Fava_0010-72.png",
            "first_name": "Tim",
            "real_name": "Tim Hsu",
            "display_name": "timh",
            "team": "T86S8GHEG",
            "name": "timh",
            "is_restricted": false,
            "is_ultra_restricted": false
        },
        "thread_ts": "1557789972.181400",
        "parent_user_id": "W81BJEAGZ"
    },
    {
        "client_msg_id": "6e293160-397f-4d26-aeeb-5abdaa36fc98",
        "type": "message",
        "text": "Asking because we have limited gpu resources",
        "user": "W81BJEAGZ",
        "ts": "1557790750.183300",
        "team": "T86S8GHEG",
        "user_team": "T86S8GHEG",
        "source_team": "T86S8GHEG",
        "user_profile": {
            "avatar_hash": "45f9fa184373",
            "image_72": "https:\/\/avatars.slack-edge.com\/2019-04-25\/620857384023_45f9fa184373c2c504f5_72.jpg",
            "first_name": "Pavan",
            "real_name": "Pavan Yalamanchili",
            "display_name": "pyalamanchili",
            "team": "T86S8GHEG",
            "name": "pyalamanchili",
            "is_restricted": false,
            "is_ultra_restricted": false
        },
        "thread_ts": "1557789972.181400",
        "parent_user_id": "W81BJEAGZ"
    },
    {
        "client_msg_id": "2929a611-4a69-4113-b22b-14a0f223cc7a",
        "type": "message",
        "text": "And usually people forget to kill their notebooks",
        "user": "W81BJEAGZ",
        "ts": "1557790775.183500",
        "team": "T86S8GHEG",
        "user_team": "T86S8GHEG",
        "source_team": "T86S8GHEG",
        "user_profile": {
            "avatar_hash": "45f9fa184373",
            "image_72": "https:\/\/avatars.slack-edge.com\/2019-04-25\/620857384023_45f9fa184373c2c504f5_72.jpg",
            "first_name": "Pavan",
            "real_name": "Pavan Yalamanchili",
            "display_name": "pyalamanchili",
            "team": "T86S8GHEG",
            "name": "pyalamanchili",
            "is_restricted": false,
            "is_ultra_restricted": false
        },
        "thread_ts": "1557789972.181400",
        "parent_user_id": "W81BJEAGZ"
    },
    {
        "client_msg_id": "ecd27dd7-cefe-4cf3-8a71-d8c716efe626",
        "type": "message",
        "text": "i see, i’ll stick to google colab then",
        "user": "WCX30BY3W",
        "ts": "1557790787.183700",
        "team": "T86S8GHEG",
        "user_team": "T86S8GHEG",
        "source_team": "T86S8GHEG",
        "user_profile": {
            "avatar_hash": "gfa7fca9566c",
            "image_72": "https:\/\/secure.gravatar.com\/avatar\/afa7fca9566cb1cf179c7448d3c12491.jpg?s=72&d=https%3A%2F%2Fa.slack-edge.com%2Fdf10d%2Fimg%2Favatars%2Fava_0010-72.png",
            "first_name": "Tim",
            "real_name": "Tim Hsu",
            "display_name": "timh",
            "team": "T86S8GHEG",
            "name": "timh",
            "is_restricted": false,
            "is_ultra_restricted": false
        },
        "thread_ts": "1557789972.181400",
        "parent_user_id": "W81BJEAGZ"
    },
    {
        "client_msg_id": "41c722f5-649c-4467-b28f-327bd51dcc99",
        "type": "message",
        "text": "kind of curious what most of the use cases are pycx are?",
        "user": "WCX30BY3W",
        "ts": "1557801078.184200",
        "team": "T86S8GHEG",
        "user_team": "T86S8GHEG",
        "source_team": "T86S8GHEG",
        "user_profile": {
            "avatar_hash": "gfa7fca9566c",
            "image_72": "https:\/\/secure.gravatar.com\/avatar\/afa7fca9566cb1cf179c7448d3c12491.jpg?s=72&d=https%3A%2F%2Fa.slack-edge.com%2Fdf10d%2Fimg%2Favatars%2Fava_0010-72.png",
            "first_name": "Tim",
            "real_name": "Tim Hsu",
            "display_name": "timh",
            "team": "T86S8GHEG",
            "name": "timh",
            "is_restricted": false,
            "is_ultra_restricted": false
        },
        "thread_ts": "1557789991.181900",
        "parent_user_id": "W81BJEAGZ"
    },
    {
        "client_msg_id": "7b5122f7-4eb0-4147-97d8-eb4fee7114b9",
        "type": "message",
        "text": "Data analysis",
        "user": "W81BJEAGZ",
        "ts": "1557804039.184400",
        "team": "T86S8GHEG",
        "user_team": "T86S8GHEG",
        "source_team": "T86S8GHEG",
        "user_profile": {
            "avatar_hash": "45f9fa184373",
            "image_72": "https:\/\/avatars.slack-edge.com\/2019-04-25\/620857384023_45f9fa184373c2c504f5_72.jpg",
            "first_name": "Pavan",
            "real_name": "Pavan Yalamanchili",
            "display_name": "pyalamanchili",
            "team": "T86S8GHEG",
            "name": "pyalamanchili",
            "is_restricted": false,
            "is_ultra_restricted": false
        },
        "thread_ts": "1557789991.181900",
        "parent_user_id": "W81BJEAGZ"
    },
    {
        "client_msg_id": "0c42dc21-8e0e-488c-8fc9-90e53d9aa021",
        "type": "message",
        "text": "And people running predictions on a few samples at a time",
        "user": "W81BJEAGZ",
        "ts": "1557804061.184600",
        "team": "T86S8GHEG",
        "user_team": "T86S8GHEG",
        "source_team": "T86S8GHEG",
        "user_profile": {
            "avatar_hash": "45f9fa184373",
            "image_72": "https:\/\/avatars.slack-edge.com\/2019-04-25\/620857384023_45f9fa184373c2c504f5_72.jpg",
            "first_name": "Pavan",
            "real_name": "Pavan Yalamanchili",
            "display_name": "pyalamanchili",
            "team": "T86S8GHEG",
            "name": "pyalamanchili",
            "is_restricted": false,
            "is_ultra_restricted": false
        },
        "thread_ts": "1557789991.181900",
        "parent_user_id": "W81BJEAGZ"
    },
    {
        "client_msg_id": "3216c352-65d3-4f79-82ef-e1cdd7fb71ac",
        "type": "message",
        "text": "getting this error whenever using UDF, any idea what’s the problem?\n```\nPy4JJavaError: An error occurred while calling o276.collectToPython.\n: org.apache.spark.SparkException: Job aborted due to stage failure: Task 73 in stage 2.0 failed 4 times, most recent failure: Lost task 73.3 in stage 2.0 (TID 402, <http:\/\/smf1-ant-22-sr1.prod.twitter.com|smf1-ant-22-sr1.prod.twitter.com>, executor 5): java.io.InvalidClassException: scala.collection.immutable.Stream; local class incompatible: stream classdesc serialVersionUID = -7538636679644622426, local class serialVersionUID = 4897901117128916054\n```",
        "user": "WCX30BY3W",
        "ts": "1557811793.185200",
        "team": "T86S8GHEG",
        "user_team": "T86S8GHEG",
        "source_team": "T86S8GHEG",
        "user_profile": {
            "avatar_hash": "gfa7fca9566c",
            "image_72": "https:\/\/secure.gravatar.com\/avatar\/afa7fca9566cb1cf179c7448d3c12491.jpg?s=72&d=https%3A%2F%2Fa.slack-edge.com%2Fdf10d%2Fimg%2Favatars%2Fava_0010-72.png",
            "first_name": "Tim",
            "real_name": "Tim Hsu",
            "display_name": "timh",
            "team": "T86S8GHEG",
            "name": "timh",
            "is_restricted": false,
            "is_ultra_restricted": false
        },
        "thread_ts": "1557811793.185200",
        "reply_count": 7,
        "reply_users_count": 5,
        "latest_reply": "1557858224.194300",
        "reply_users": [
            "W81R5E4Q2",
            "W81H197B4",
            "WC5KN6JJH",
            "W82SJMVQF",
            "WCX30BY3W"
        ],
        "replies": [
            {
                "user": "W81R5E4Q2",
                "ts": "1557841097.185300"
            },
            {
                "user": "W81H197B4",
                "ts": "1557843446.185500"
            },
            {
                "user": "WC5KN6JJH",
                "ts": "1557854376.189500"
            },
            {
                "user": "W82SJMVQF",
                "ts": "1557858013.193400"
            },
            {
                "user": "W82SJMVQF",
                "ts": "1557858076.193700"
            },
            {
                "user": "WCX30BY3W",
                "ts": "1557858101.193900"
            },
            {
                "user": "W82SJMVQF",
                "ts": "1557858224.194300"
            }
        ],
        "subscribed": false
    }
]