[
    {
        "client_msg_id": "39e62068-1a91-490c-a545-4d94b077a8f8",
        "type": "message",
        "text": "The issue is YYYY is the \"week year\" I believe, like last day of 2018 is like part of the first week of 2019",
        "user": "W81H197B4",
        "ts": "1565768526.466100",
        "team": "T86S8GHEG",
        "user_team": "T86S8GHEG",
        "source_team": "T86S8GHEG",
        "user_profile": {
            "avatar_hash": "3c5dfa6fbf3e",
            "image_72": "https:\/\/avatars.slack-edge.com\/2019-04-15\/611937986839_3c5dfa6fbf3ec1db389d_72.jpg",
            "first_name": "Alexandre",
            "real_name": "Alexandre Lung-Yut-Fong",
            "display_name": "alungyutfong",
            "team": "T86S8GHEG",
            "name": "alungyutfong",
            "is_restricted": false,
            "is_ultra_restricted": false
        },
        "thread_ts": "1565726312.448300",
        "parent_user_id": "W81JMP2LB"
    },
    {
        "client_msg_id": "8feb0618-d9ba-4a48-9a0d-567ea3711c4f",
        "type": "message",
        "text": "my pycx is scrubbing data immediately upon notebook reload, is this intended behavior?",
        "user": "WJJK91QJK",
        "ts": "1565793386.466600",
        "team": "T86S8GHEG",
        "user_team": "T86S8GHEG",
        "source_team": "T86S8GHEG",
        "user_profile": {
            "avatar_hash": "1d57651679db",
            "image_72": "https:\/\/avatars.slack-edge.com\/2019-06-24\/663603999330_1d57651679dba3c053a7_72.jpg",
            "first_name": "George",
            "real_name": "George Berry",
            "display_name": "gberry",
            "team": "T86S8GHEG",
            "name": "gberry",
            "is_restricted": false,
            "is_ultra_restricted": false
        },
        "thread_ts": "1565793386.466600",
        "reply_count": 38,
        "reply_users_count": 2,
        "latest_reply": "1565796786.475000",
        "reply_users": [
            "W81LS208J",
            "WJJK91QJK"
        ],
        "replies": [
            {
                "user": "W81LS208J",
                "ts": "1565793961.466700"
            },
            {
                "user": "WJJK91QJK",
                "ts": "1565793974.466900"
            },
            {
                "user": "WJJK91QJK",
                "ts": "1565793978.467100"
            },
            {
                "user": "W81LS208J",
                "ts": "1565794826.467900"
            },
            {
                "user": "WJJK91QJK",
                "ts": "1565794888.468100"
            },
            {
                "user": "WJJK91QJK",
                "ts": "1565794912.468300"
            },
            {
                "user": "WJJK91QJK",
                "ts": "1565794920.468500"
            },
            {
                "user": "W81LS208J",
                "ts": "1565794935.468700"
            },
            {
                "user": "W81LS208J",
                "ts": "1565794937.468900"
            },
            {
                "user": "W81LS208J",
                "ts": "1565794939.469100"
            },
            {
                "user": "WJJK91QJK",
                "ts": "1565794951.469300"
            },
            {
                "user": "WJJK91QJK",
                "ts": "1565794954.469500"
            },
            {
                "user": "WJJK91QJK",
                "ts": "1565794964.469700"
            },
            {
                "user": "W81LS208J",
                "ts": "1565795010.469900"
            },
            {
                "user": "W81LS208J",
                "ts": "1565795029.470100"
            },
            {
                "user": "W81LS208J",
                "ts": "1565795038.470300"
            },
            {
                "user": "W81LS208J",
                "ts": "1565795045.470500"
            },
            {
                "user": "WJJK91QJK",
                "ts": "1565795122.470700"
            },
            {
                "user": "WJJK91QJK",
                "ts": "1565795139.470900"
            },
            {
                "user": "W81LS208J",
                "ts": "1565795177.471100"
            },
            {
                "user": "WJJK91QJK",
                "ts": "1565795201.471400"
            },
            {
                "user": "WJJK91QJK",
                "ts": "1565795209.471600"
            },
            {
                "user": "W81LS208J",
                "ts": "1565795230.471800"
            },
            {
                "user": "WJJK91QJK",
                "ts": "1565795299.472000"
            },
            {
                "user": "W81LS208J",
                "ts": "1565795415.472200"
            },
            {
                "user": "WJJK91QJK",
                "ts": "1565795467.472400"
            },
            {
                "user": "W81LS208J",
                "ts": "1565795508.472600"
            },
            {
                "user": "WJJK91QJK",
                "ts": "1565795547.472800"
            },
            {
                "user": "W81LS208J",
                "ts": "1565795562.473000"
            },
            {
                "user": "W81LS208J",
                "ts": "1565795576.473200"
            },
            {
                "user": "WJJK91QJK",
                "ts": "1565795576.473400"
            },
            {
                "user": "WJJK91QJK",
                "ts": "1565795580.473600"
            },
            {
                "user": "W81LS208J",
                "ts": "1565795585.473800"
            },
            {
                "user": "WJJK91QJK",
                "ts": "1565795592.474000"
            },
            {
                "user": "WJJK91QJK",
                "ts": "1565796710.474400"
            },
            {
                "user": "W81LS208J",
                "ts": "1565796750.474600"
            },
            {
                "user": "WJJK91QJK",
                "ts": "1565796768.474800"
            },
            {
                "user": "W81LS208J",
                "ts": "1565796786.475000"
            }
        ],
        "subscribed": false
    },
    {
        "client_msg_id": "f2d734b2-37da-4dc3-822c-47fc0e80cd29",
        "type": "message",
        "text": "You need to update your MDE and\/or master",
        "user": "W81LS208J",
        "ts": "1565793961.466700",
        "team": "T86S8GHEG",
        "user_team": "T86S8GHEG",
        "source_team": "T86S8GHEG",
        "user_profile": {
            "avatar_hash": "585c44555baf",
            "image_72": "https:\/\/avatars.slack-edge.com\/2018-03-23\/334679814401_585c44555baf50befc85_72.jpg",
            "first_name": "Kunal",
            "real_name": "Kunal Trivedi",
            "display_name": "ktrivedi",
            "team": "T86S8GHEG",
            "name": "ktrivedi",
            "is_restricted": false,
            "is_ultra_restricted": false
        },
        "thread_ts": "1565793386.466600",
        "parent_user_id": "WJJK91QJK"
    },
    {
        "client_msg_id": "6b8cff2f-99fd-4351-b338-c635544242b6",
        "type": "message",
        "text": "i’m on master and MDE is updated",
        "user": "WJJK91QJK",
        "ts": "1565793974.466900",
        "team": "T86S8GHEG",
        "user_team": "T86S8GHEG",
        "source_team": "T86S8GHEG",
        "user_profile": {
            "avatar_hash": "1d57651679db",
            "image_72": "https:\/\/avatars.slack-edge.com\/2019-06-24\/663603999330_1d57651679dba3c053a7_72.jpg",
            "first_name": "George",
            "real_name": "George Berry",
            "display_name": "gberry",
            "team": "T86S8GHEG",
            "name": "gberry",
            "is_restricted": false,
            "is_ultra_restricted": false
        },
        "thread_ts": "1565793386.466600",
        "parent_user_id": "WJJK91QJK"
    },
    {
        "client_msg_id": "f7e1981f-ffc6-49f6-ae8f-e1a5910a41a5",
        "type": "message",
        "text": "do i need to rebuild",
        "user": "WJJK91QJK",
        "ts": "1565793978.467100",
        "team": "T86S8GHEG",
        "user_team": "T86S8GHEG",
        "source_team": "T86S8GHEG",
        "user_profile": {
            "avatar_hash": "1d57651679db",
            "image_72": "https:\/\/avatars.slack-edge.com\/2019-06-24\/663603999330_1d57651679dba3c053a7_72.jpg",
            "first_name": "George",
            "real_name": "George Berry",
            "display_name": "gberry",
            "team": "T86S8GHEG",
            "name": "gberry",
            "is_restricted": false,
            "is_ultra_restricted": false
        },
        "thread_ts": "1565793386.466600",
        "parent_user_id": "WJJK91QJK"
    },
    {
        "client_msg_id": "EB180121-4470-4272-85C5-DB270592E69D",
        "type": "message",
        "text": "no.publish() isn’t perm. though is it? I thought the links expired after a time",
        "user": "WC5KN6JJH",
        "ts": "1565794662.467700",
        "team": "T86S8GHEG",
        "user_team": "T86S8GHEG",
        "source_team": "T86S8GHEG",
        "user_profile": {
            "avatar_hash": "44f5cf3fda74",
            "image_72": "https:\/\/avatars.slack-edge.com\/2020-02-10\/933178751218_44f5cf3fda74dad43ae0_72.png",
            "first_name": "Ryan",
            "real_name": "Ryan Sommers",
            "display_name": "rsommers",
            "team": "T86S8GHEG",
            "name": "rsommers",
            "is_restricted": false,
            "is_ultra_restricted": false
        },
        "thread_ts": "1565736994.461200",
        "parent_user_id": "W81BJEAGZ"
    },
    {
        "client_msg_id": "499b1fb1-37b0-4d4f-a756-151e2d2a71f2",
        "type": "message",
        "text": "Can you share your MDE hash ?",
        "user": "W81LS208J",
        "ts": "1565794826.467900",
        "team": "T86S8GHEG",
        "user_team": "T86S8GHEG",
        "source_team": "T86S8GHEG",
        "user_profile": {
            "avatar_hash": "585c44555baf",
            "image_72": "https:\/\/avatars.slack-edge.com\/2018-03-23\/334679814401_585c44555baf50befc85_72.jpg",
            "first_name": "Kunal",
            "real_name": "Kunal Trivedi",
            "display_name": "ktrivedi",
            "team": "T86S8GHEG",
            "name": "ktrivedi",
            "is_restricted": false,
            "is_ultra_restricted": false
        },
        "thread_ts": "1565793386.466600",
        "parent_user_id": "WJJK91QJK"
    },
    {
        "client_msg_id": "878845ab-2178-4b71-8a87-1773ca5ac6b2",
        "type": "message",
        "text": "runner git sha:",
        "user": "WJJK91QJK",
        "ts": "1565794888.468100",
        "team": "T86S8GHEG",
        "user_team": "T86S8GHEG",
        "source_team": "T86S8GHEG",
        "user_profile": {
            "avatar_hash": "1d57651679db",
            "image_72": "https:\/\/avatars.slack-edge.com\/2019-06-24\/663603999330_1d57651679dba3c053a7_72.jpg",
            "first_name": "George",
            "real_name": "George Berry",
            "display_name": "gberry",
            "team": "T86S8GHEG",
            "name": "gberry",
            "is_restricted": false,
            "is_ultra_restricted": false
        },
        "thread_ts": "1565793386.466600",
        "parent_user_id": "WJJK91QJK"
    },
    {
        "client_msg_id": "e7658405-4dd6-43e6-ae9a-cd4c997154ef",
        "type": "message",
        "text": "d1bf36e320f574bee2a38edc0aa8c2254f4b8ee8",
        "user": "WJJK91QJK",
        "ts": "1565794912.468300",
        "team": "T86S8GHEG",
        "user_team": "T86S8GHEG",
        "source_team": "T86S8GHEG",
        "user_profile": {
            "avatar_hash": "1d57651679db",
            "image_72": "https:\/\/avatars.slack-edge.com\/2019-06-24\/663603999330_1d57651679dba3c053a7_72.jpg",
            "first_name": "George",
            "real_name": "George Berry",
            "display_name": "gberry",
            "team": "T86S8GHEG",
            "name": "gberry",
            "is_restricted": false,
            "is_ultra_restricted": false
        },
        "thread_ts": "1565793386.466600",
        "parent_user_id": "WJJK91QJK"
    },
    {
        "client_msg_id": "3564fccb-1fb8-4282-ba8e-34eacba6733e",
        "type": "message",
        "text": "repo sha: 77b61647f7e484e83ecc64ee74bc405dcabc370c",
        "user": "WJJK91QJK",
        "ts": "1565794920.468500",
        "team": "T86S8GHEG",
        "user_team": "T86S8GHEG",
        "source_team": "T86S8GHEG",
        "user_profile": {
            "avatar_hash": "1d57651679db",
            "image_72": "https:\/\/avatars.slack-edge.com\/2019-06-24\/663603999330_1d57651679dba3c053a7_72.jpg",
            "first_name": "George",
            "real_name": "George Berry",
            "display_name": "gberry",
            "team": "T86S8GHEG",
            "name": "gberry",
            "is_restricted": false,
            "is_ultra_restricted": false
        },
        "thread_ts": "1565793386.466600",
        "parent_user_id": "WJJK91QJK"
    },
    {
        "client_msg_id": "6108c6e7-2a95-452f-88b0-8d0ce7dbfba0",
        "type": "message",
        "text": "more `which pycx`",
        "user": "W81LS208J",
        "ts": "1565794935.468700",
        "team": "T86S8GHEG",
        "user_team": "T86S8GHEG",
        "source_team": "T86S8GHEG",
        "user_profile": {
            "avatar_hash": "585c44555baf",
            "image_72": "https:\/\/avatars.slack-edge.com\/2018-03-23\/334679814401_585c44555baf50befc85_72.jpg",
            "first_name": "Kunal",
            "real_name": "Kunal Trivedi",
            "display_name": "ktrivedi",
            "team": "T86S8GHEG",
            "name": "ktrivedi",
            "is_restricted": false,
            "is_ultra_restricted": false
        },
        "thread_ts": "1565793386.466600",
        "parent_user_id": "WJJK91QJK"
    },
    {
        "client_msg_id": "ec0d8020-f827-4ae0-93ef-89f7f89a86a2",
        "type": "message",
        "text": "and it should be",
        "user": "W81LS208J",
        "ts": "1565794937.468900",
        "team": "T86S8GHEG",
        "user_team": "T86S8GHEG",
        "source_team": "T86S8GHEG",
        "user_profile": {
            "avatar_hash": "585c44555baf",
            "image_72": "https:\/\/avatars.slack-edge.com\/2018-03-23\/334679814401_585c44555baf50befc85_72.jpg",
            "first_name": "Kunal",
            "real_name": "Kunal Trivedi",
            "display_name": "ktrivedi",
            "team": "T86S8GHEG",
            "name": "ktrivedi",
            "is_restricted": false,
            "is_ultra_restricted": false
        },
        "thread_ts": "1565793386.466600",
        "parent_user_id": "WJJK91QJK"
    },
    {
        "client_msg_id": "52e788f1-f8a0-4b03-bf31-0f1af6272b89",
        "type": "message",
        "text": "9ed2ef57177cd982cece712176a0aa86789953e8c3e7e73be61f4cafd9d5253a",
        "user": "W81LS208J",
        "ts": "1565794939.469100",
        "team": "T86S8GHEG",
        "user_team": "T86S8GHEG",
        "source_team": "T86S8GHEG",
        "user_profile": {
            "avatar_hash": "585c44555baf",
            "image_72": "https:\/\/avatars.slack-edge.com\/2018-03-23\/334679814401_585c44555baf50befc85_72.jpg",
            "first_name": "Kunal",
            "real_name": "Kunal Trivedi",
            "display_name": "ktrivedi",
            "team": "T86S8GHEG",
            "name": "ktrivedi",
            "is_restricted": false,
            "is_ultra_restricted": false
        },
        "thread_ts": "1565793386.466600",
        "parent_user_id": "WJJK91QJK"
    },
    {
        "client_msg_id": "12cd3bd1-694e-44ec-9f64-e839174e7349",
        "type": "message",
        "text": "what does that mean?",
        "user": "WJJK91QJK",
        "ts": "1565794951.469300",
        "team": "T86S8GHEG",
        "user_team": "T86S8GHEG",
        "source_team": "T86S8GHEG",
        "user_profile": {
            "avatar_hash": "1d57651679db",
            "image_72": "https:\/\/avatars.slack-edge.com\/2019-06-24\/663603999330_1d57651679dba3c053a7_72.jpg",
            "first_name": "George",
            "real_name": "George Berry",
            "display_name": "gberry",
            "team": "T86S8GHEG",
            "name": "gberry",
            "is_restricted": false,
            "is_ultra_restricted": false
        },
        "thread_ts": "1565793386.466600",
        "parent_user_id": "WJJK91QJK"
    },
    {
        "client_msg_id": "d0c378ce-2a2a-48b1-bb03-6f2b24f09819",
        "type": "message",
        "text": "how do i update it?",
        "user": "WJJK91QJK",
        "ts": "1565794954.469500",
        "team": "T86S8GHEG",
        "user_team": "T86S8GHEG",
        "source_team": "T86S8GHEG",
        "user_profile": {
            "avatar_hash": "1d57651679db",
            "image_72": "https:\/\/avatars.slack-edge.com\/2019-06-24\/663603999330_1d57651679dba3c053a7_72.jpg",
            "first_name": "George",
            "real_name": "George Berry",
            "display_name": "gberry",
            "team": "T86S8GHEG",
            "name": "gberry",
            "is_restricted": false,
            "is_ultra_restricted": false
        },
        "thread_ts": "1565793386.466600",
        "parent_user_id": "WJJK91QJK"
    },
    {
        "client_msg_id": "6173a922-9608-4370-9f95-3cb47cefc642",
        "type": "message",
        "text": "which pycx: `\/opt\/twitter_mde\/bin\/pycx`",
        "user": "WJJK91QJK",
        "ts": "1565794964.469700",
        "team": "T86S8GHEG",
        "user_team": "T86S8GHEG",
        "source_team": "T86S8GHEG",
        "user_profile": {
            "avatar_hash": "1d57651679db",
            "image_72": "https:\/\/avatars.slack-edge.com\/2019-06-24\/663603999330_1d57651679dba3c053a7_72.jpg",
            "first_name": "George",
            "real_name": "George Berry",
            "display_name": "gberry",
            "team": "T86S8GHEG",
            "name": "gberry",
            "is_restricted": false,
            "is_ultra_restricted": false
        },
        "thread_ts": "1565793386.466600",
        "parent_user_id": "WJJK91QJK"
    },
    {
        "client_msg_id": "2383da2a-0ee9-4c10-bfa3-7748f49c710c",
        "type": "message",
        "text": "I gave you 2 commands together (its bash command) sorry for confusion",
        "user": "W81LS208J",
        "ts": "1565795010.469900",
        "team": "T86S8GHEG",
        "user_team": "T86S8GHEG",
        "source_team": "T86S8GHEG",
        "user_profile": {
            "avatar_hash": "585c44555baf",
            "image_72": "https:\/\/avatars.slack-edge.com\/2018-03-23\/334679814401_585c44555baf50befc85_72.jpg",
            "first_name": "Kunal",
            "real_name": "Kunal Trivedi",
            "display_name": "ktrivedi",
            "team": "T86S8GHEG",
            "name": "ktrivedi",
            "is_restricted": false,
            "is_ultra_restricted": false
        },
        "thread_ts": "1565793386.466600",
        "parent_user_id": "WJJK91QJK"
    },
    {
        "client_msg_id": "f7abfa46-b9a6-404e-a3cb-e52f47ca13da",
        "type": "message",
        "text": "just open `vi \/opt\/twitter_mde\/bin\/pycx` and look or the hash",
        "user": "W81LS208J",
        "ts": "1565795029.470100",
        "team": "T86S8GHEG",
        "user_team": "T86S8GHEG",
        "source_team": "T86S8GHEG",
        "user_profile": {
            "avatar_hash": "585c44555baf",
            "image_72": "https:\/\/avatars.slack-edge.com\/2018-03-23\/334679814401_585c44555baf50befc85_72.jpg",
            "first_name": "Kunal",
            "real_name": "Kunal Trivedi",
            "display_name": "ktrivedi",
            "team": "T86S8GHEG",
            "name": "ktrivedi",
            "is_restricted": false,
            "is_ultra_restricted": false
        },
        "thread_ts": "1565793386.466600",
        "parent_user_id": "WJJK91QJK"
    },
    {
        "client_msg_id": "a56710a2-db32-40d5-b7de-c7a191b992d3",
        "type": "message",
        "text": "if you are running from master, how are you running ?",
        "user": "W81LS208J",
        "ts": "1565795038.470300",
        "team": "T86S8GHEG",
        "user_team": "T86S8GHEG",
        "source_team": "T86S8GHEG",
        "user_profile": {
            "avatar_hash": "585c44555baf",
            "image_72": "https:\/\/avatars.slack-edge.com\/2018-03-23\/334679814401_585c44555baf50befc85_72.jpg",
            "first_name": "Kunal",
            "real_name": "Kunal Trivedi",
            "display_name": "ktrivedi",
            "team": "T86S8GHEG",
            "name": "ktrivedi",
            "is_restricted": false,
            "is_ultra_restricted": false
        },
        "thread_ts": "1565793386.466600",
        "parent_user_id": "WJJK91QJK"
    },
    {
        "client_msg_id": "489b7af6-af41-4dda-94d9-cd61887188a8",
        "type": "message",
        "text": "you need to update master (git pull)",
        "user": "W81LS208J",
        "ts": "1565795045.470500",
        "team": "T86S8GHEG",
        "user_team": "T86S8GHEG",
        "source_team": "T86S8GHEG",
        "user_profile": {
            "avatar_hash": "585c44555baf",
            "image_72": "https:\/\/avatars.slack-edge.com\/2018-03-23\/334679814401_585c44555baf50befc85_72.jpg",
            "first_name": "Kunal",
            "real_name": "Kunal Trivedi",
            "display_name": "ktrivedi",
            "team": "T86S8GHEG",
            "name": "ktrivedi",
            "is_restricted": false,
            "is_ultra_restricted": false
        },
        "thread_ts": "1565793386.466600",
        "parent_user_id": "WJJK91QJK"
    },
    {
        "client_msg_id": "36880140-6f3c-4a1e-b0a6-81703e842eba",
        "type": "message",
        "text": "before i posted here i git pulled and updated mde. then i looked at the thread from a few days ago about someone having a similar problem. the advice in that thread was to run `cortex\/notebook\/bin\/pycx --create-new`. i ran this and let it run for awhile. after about 20 minutes it hung.",
        "user": "WJJK91QJK",
        "ts": "1565795122.470700",
        "team": "T86S8GHEG",
        "user_team": "T86S8GHEG",
        "source_team": "T86S8GHEG",
        "user_profile": {
            "avatar_hash": "1d57651679db",
            "image_72": "https:\/\/avatars.slack-edge.com\/2019-06-24\/663603999330_1d57651679dba3c053a7_72.jpg",
            "first_name": "George",
            "real_name": "George Berry",
            "display_name": "gberry",
            "team": "T86S8GHEG",
            "name": "gberry",
            "is_restricted": false,
            "is_ultra_restricted": false
        },
        "thread_ts": "1565793386.466600",
        "parent_user_id": "WJJK91QJK"
    },
    {
        "client_msg_id": "307f300f-48a7-4afa-8fd3-12bad30ea515",
        "type": "message",
        "text": "i double checked that pycx was still scrubbing output",
        "user": "WJJK91QJK",
        "ts": "1565795139.470900",
        "team": "T86S8GHEG",
        "user_team": "T86S8GHEG",
        "source_team": "T86S8GHEG",
        "user_profile": {
            "avatar_hash": "1d57651679db",
            "image_72": "https:\/\/avatars.slack-edge.com\/2019-06-24\/663603999330_1d57651679dba3c053a7_72.jpg",
            "first_name": "George",
            "real_name": "George Berry",
            "display_name": "gberry",
            "team": "T86S8GHEG",
            "name": "gberry",
            "is_restricted": false,
            "is_ultra_restricted": false
        },
        "thread_ts": "1565793386.466600",
        "parent_user_id": "WJJK91QJK"
    },
    {
        "client_msg_id": "f92be6f2-4e5a-496d-aca6-24e2fd2bf46d",
        "type": "message",
        "text": "If you had updated MDE then your hash should be `9ed2ef57177cd982cece712176a0aa86789953e8c3e7e73be61f4cafd9d5253a` in \/opt\/twitter_mde\/bin\/pycx",
        "user": "W81LS208J",
        "ts": "1565795177.471100",
        "team": "T86S8GHEG",
        "user_team": "T86S8GHEG",
        "source_team": "T86S8GHEG",
        "user_profile": {
            "avatar_hash": "585c44555baf",
            "image_72": "https:\/\/avatars.slack-edge.com\/2018-03-23\/334679814401_585c44555baf50befc85_72.jpg",
            "first_name": "Kunal",
            "real_name": "Kunal Trivedi",
            "display_name": "ktrivedi",
            "team": "T86S8GHEG",
            "name": "ktrivedi",
            "is_restricted": false,
            "is_ultra_restricted": false
        },
        "thread_ts": "1565793386.466600",
        "parent_user_id": "WJJK91QJK"
    },
    {
        "client_msg_id": "eb1beb0f-8059-436a-9d38-59d076718aad",
        "type": "message",
        "text": "mde was updated 11 minutes ago",
        "user": "WJJK91QJK",
        "ts": "1565795201.471400",
        "team": "T86S8GHEG",
        "user_team": "T86S8GHEG",
        "source_team": "T86S8GHEG",
        "user_profile": {
            "avatar_hash": "1d57651679db",
            "image_72": "https:\/\/avatars.slack-edge.com\/2019-06-24\/663603999330_1d57651679dba3c053a7_72.jpg",
            "first_name": "George",
            "real_name": "George Berry",
            "display_name": "gberry",
            "team": "T86S8GHEG",
            "name": "gberry",
            "is_restricted": false,
            "is_ultra_restricted": false
        },
        "thread_ts": "1565793386.466600",
        "parent_user_id": "WJJK91QJK"
    },
    {
        "client_msg_id": "0f20118e-0900-4884-8587-e689d71761b8",
        "type": "message",
        "text": "thanks for the help, i will look to see if there is an MDE problem",
        "user": "WJJK91QJK",
        "ts": "1565795209.471600",
        "team": "T86S8GHEG",
        "user_team": "T86S8GHEG",
        "source_team": "T86S8GHEG",
        "user_profile": {
            "avatar_hash": "1d57651679db",
            "image_72": "https:\/\/avatars.slack-edge.com\/2019-06-24\/663603999330_1d57651679dba3c053a7_72.jpg",
            "first_name": "George",
            "real_name": "George Berry",
            "display_name": "gberry",
            "team": "T86S8GHEG",
            "name": "gberry",
            "is_restricted": false,
            "is_ultra_restricted": false
        },
        "thread_ts": "1565793386.466600",
        "parent_user_id": "WJJK91QJK"
    },
    {
        "client_msg_id": "eeb33cba-b5e6-4cf4-bfab-802d9ca37bc8",
        "type": "message",
        "text": "but if you do `git pull`, what’s the head git-sha ?",
        "user": "W81LS208J",
        "ts": "1565795230.471800",
        "team": "T86S8GHEG",
        "user_team": "T86S8GHEG",
        "source_team": "T86S8GHEG",
        "user_profile": {
            "avatar_hash": "585c44555baf",
            "image_72": "https:\/\/avatars.slack-edge.com\/2018-03-23\/334679814401_585c44555baf50befc85_72.jpg",
            "first_name": "Kunal",
            "real_name": "Kunal Trivedi",
            "display_name": "ktrivedi",
            "team": "T86S8GHEG",
            "name": "ktrivedi",
            "is_restricted": false,
            "is_ultra_restricted": false
        },
        "thread_ts": "1565793386.466600",
        "parent_user_id": "WJJK91QJK"
    },
    {
        "client_msg_id": "06a3741e-81e4-41f8-9bfc-65eed1487ac1",
        "type": "message",
        "text": "`7fad658d8dd758deac8efbb99b8b1213f78f2766`",
        "user": "WJJK91QJK",
        "ts": "1565795299.472000",
        "team": "T86S8GHEG",
        "user_team": "T86S8GHEG",
        "source_team": "T86S8GHEG",
        "user_profile": {
            "avatar_hash": "1d57651679db",
            "image_72": "https:\/\/avatars.slack-edge.com\/2019-06-24\/663603999330_1d57651679dba3c053a7_72.jpg",
            "first_name": "George",
            "real_name": "George Berry",
            "display_name": "gberry",
            "team": "T86S8GHEG",
            "name": "gberry",
            "is_restricted": false,
            "is_ultra_restricted": false
        },
        "thread_ts": "1565793386.466600",
        "parent_user_id": "WJJK91QJK"
    },
    {
        "client_msg_id": "c08a4faf-48f7-4fa2-aeb9-89096bf3495f",
        "type": "message",
        "text": "okay then .\/cortex\/notebook\/bin\/pycx --create-new should work and should not scrub notebook on reconnect",
        "user": "W81LS208J",
        "ts": "1565795415.472200",
        "team": "T86S8GHEG",
        "user_team": "T86S8GHEG",
        "source_team": "T86S8GHEG",
        "user_profile": {
            "avatar_hash": "585c44555baf",
            "image_72": "https:\/\/avatars.slack-edge.com\/2018-03-23\/334679814401_585c44555baf50befc85_72.jpg",
            "first_name": "Kunal",
            "real_name": "Kunal Trivedi",
            "display_name": "ktrivedi",
            "team": "T86S8GHEG",
            "name": "ktrivedi",
            "is_restricted": false,
            "is_ultra_restricted": false
        },
        "thread_ts": "1565793386.466600",
        "parent_user_id": "WJJK91QJK"
    },
    {
        "client_msg_id": "d7e331eb-0310-44f2-8bf0-2e8a16d51b25",
        "type": "message",
        "text": "okay i will try running that command again",
        "user": "WJJK91QJK",
        "ts": "1565795467.472400",
        "team": "T86S8GHEG",
        "user_team": "T86S8GHEG",
        "source_team": "T86S8GHEG",
        "user_profile": {
            "avatar_hash": "1d57651679db",
            "image_72": "https:\/\/avatars.slack-edge.com\/2019-06-24\/663603999330_1d57651679dba3c053a7_72.jpg",
            "first_name": "George",
            "real_name": "George Berry",
            "display_name": "gberry",
            "team": "T86S8GHEG",
            "name": "gberry",
            "is_restricted": false,
            "is_ultra_restricted": false
        },
        "thread_ts": "1565793386.466600",
        "parent_user_id": "WJJK91QJK"
    },
    {
        "client_msg_id": "1e9e53a4-0d21-4e5c-92b2-78f5ee1bb859",
        "type": "message",
        "text": "but we highly encourage that you use PyCX via MDE… force update MDE and see if you can have correct hash",
        "user": "W81LS208J",
        "ts": "1565795508.472600",
        "team": "T86S8GHEG",
        "user_team": "T86S8GHEG",
        "source_team": "T86S8GHEG",
        "user_profile": {
            "avatar_hash": "585c44555baf",
            "image_72": "https:\/\/avatars.slack-edge.com\/2018-03-23\/334679814401_585c44555baf50befc85_72.jpg",
            "first_name": "Kunal",
            "real_name": "Kunal Trivedi",
            "display_name": "ktrivedi",
            "team": "T86S8GHEG",
            "name": "ktrivedi",
            "is_restricted": false,
            "is_ultra_restricted": false
        },
        "thread_ts": "1565793386.466600",
        "parent_user_id": "WJJK91QJK"
    },
    {
        "client_msg_id": "e547ae82-417e-41f9-b33f-8e6aab3cf7b0",
        "type": "message",
        "text": "does forcing an update mean hitting the “update” button, or something else?",
        "user": "WJJK91QJK",
        "ts": "1565795547.472800",
        "team": "T86S8GHEG",
        "user_team": "T86S8GHEG",
        "source_team": "T86S8GHEG",
        "user_profile": {
            "avatar_hash": "1d57651679db",
            "image_72": "https:\/\/avatars.slack-edge.com\/2019-06-24\/663603999330_1d57651679dba3c053a7_72.jpg",
            "first_name": "George",
            "real_name": "George Berry",
            "display_name": "gberry",
            "team": "T86S8GHEG",
            "name": "gberry",
            "is_restricted": false,
            "is_ultra_restricted": false
        },
        "thread_ts": "1565793386.466600",
        "parent_user_id": "WJJK91QJK"
    },
    {
        "client_msg_id": "089d831e-330b-49c0-a09f-de73623c1f89",
        "type": "message",
        "text": "yes forcing == update button",
        "user": "W81LS208J",
        "ts": "1565795562.473000",
        "team": "T86S8GHEG",
        "user_team": "T86S8GHEG",
        "source_team": "T86S8GHEG",
        "user_profile": {
            "avatar_hash": "585c44555baf",
            "image_72": "https:\/\/avatars.slack-edge.com\/2018-03-23\/334679814401_585c44555baf50befc85_72.jpg",
            "first_name": "Kunal",
            "real_name": "Kunal Trivedi",
            "display_name": "ktrivedi",
            "team": "T86S8GHEG",
            "name": "ktrivedi",
            "is_restricted": false,
            "is_ultra_restricted": false
        },
        "thread_ts": "1565793386.466600",
        "parent_user_id": "WJJK91QJK"
    },
    {
        "client_msg_id": "503320ef-2bb2-4075-bf33-723c6b3d3b49",
        "type": "message",
        "text": "but for now to unblock yourself run it from master",
        "user": "W81LS208J",
        "ts": "1565795576.473200",
        "team": "T86S8GHEG",
        "user_team": "T86S8GHEG",
        "source_team": "T86S8GHEG",
        "user_profile": {
            "avatar_hash": "585c44555baf",
            "image_72": "https:\/\/avatars.slack-edge.com\/2018-03-23\/334679814401_585c44555baf50befc85_72.jpg",
            "first_name": "Kunal",
            "real_name": "Kunal Trivedi",
            "display_name": "ktrivedi",
            "team": "T86S8GHEG",
            "name": "ktrivedi",
            "is_restricted": false,
            "is_ultra_restricted": false
        },
        "thread_ts": "1565793386.466600",
        "parent_user_id": "WJJK91QJK"
    },
    {
        "client_msg_id": "ce724813-d3d5-4927-a75f-bb31f4f4c872",
        "type": "message",
        "text": "i have done this 4 or 5 times and i have the hash i sent to you before",
        "user": "WJJK91QJK",
        "ts": "1565795576.473400",
        "team": "T86S8GHEG",
        "user_team": "T86S8GHEG",
        "source_team": "T86S8GHEG",
        "user_profile": {
            "avatar_hash": "1d57651679db",
            "image_72": "https:\/\/avatars.slack-edge.com\/2019-06-24\/663603999330_1d57651679dba3c053a7_72.jpg",
            "first_name": "George",
            "real_name": "George Berry",
            "display_name": "gberry",
            "team": "T86S8GHEG",
            "name": "gberry",
            "is_restricted": false,
            "is_ultra_restricted": false
        },
        "thread_ts": "1565793386.466600",
        "parent_user_id": "WJJK91QJK"
    },
    {
        "client_msg_id": "955e0c12-4660-4dbd-bb23-e8f489cd83ce",
        "type": "message",
        "text": "this might be a question for the MDE folks",
        "user": "WJJK91QJK",
        "ts": "1565795580.473600",
        "team": "T86S8GHEG",
        "user_team": "T86S8GHEG",
        "source_team": "T86S8GHEG",
        "user_profile": {
            "avatar_hash": "1d57651679db",
            "image_72": "https:\/\/avatars.slack-edge.com\/2019-06-24\/663603999330_1d57651679dba3c053a7_72.jpg",
            "first_name": "George",
            "real_name": "George Berry",
            "display_name": "gberry",
            "team": "T86S8GHEG",
            "name": "gberry",
            "is_restricted": false,
            "is_ultra_restricted": false
        },
        "thread_ts": "1565793386.466600",
        "parent_user_id": "WJJK91QJK"
    },
    {
        "client_msg_id": "76345931-279d-4e15-a95c-089e35483143",
        "type": "message",
        "text": "yes",
        "user": "W81LS208J",
        "ts": "1565795585.473800",
        "team": "T86S8GHEG",
        "user_team": "T86S8GHEG",
        "source_team": "T86S8GHEG",
        "user_profile": {
            "avatar_hash": "585c44555baf",
            "image_72": "https:\/\/avatars.slack-edge.com\/2018-03-23\/334679814401_585c44555baf50befc85_72.jpg",
            "first_name": "Kunal",
            "real_name": "Kunal Trivedi",
            "display_name": "ktrivedi",
            "team": "T86S8GHEG",
            "name": "ktrivedi",
            "is_restricted": false,
            "is_ultra_restricted": false
        },
        "thread_ts": "1565793386.466600",
        "parent_user_id": "WJJK91QJK"
    },
    {
        "client_msg_id": "a7915fe9-4279-436a-baf1-1c147c5e7fdb",
        "type": "message",
        "text": "cool, thanks",
        "user": "WJJK91QJK",
        "ts": "1565795592.474000",
        "team": "T86S8GHEG",
        "user_team": "T86S8GHEG",
        "source_team": "T86S8GHEG",
        "user_profile": {
            "avatar_hash": "1d57651679db",
            "image_72": "https:\/\/avatars.slack-edge.com\/2019-06-24\/663603999330_1d57651679dba3c053a7_72.jpg",
            "first_name": "George",
            "real_name": "George Berry",
            "display_name": "gberry",
            "team": "T86S8GHEG",
            "name": "gberry",
            "is_restricted": false,
            "is_ultra_restricted": false
        },
        "thread_ts": "1565793386.466600",
        "parent_user_id": "WJJK91QJK"
    },
    {
        "client_msg_id": "60acb780-caf9-4122-bdff-b876cec43558",
        "type": "message",
        "text": "<@WC5KN6JJH>: No its not permanent .. we are putting TTL on it. Would like to have your input. Want to take offline ?",
        "user": "W81LS208J",
        "ts": "1565796505.474200",
        "team": "T86S8GHEG",
        "user_team": "T86S8GHEG",
        "source_team": "T86S8GHEG",
        "user_profile": {
            "avatar_hash": "585c44555baf",
            "image_72": "https:\/\/avatars.slack-edge.com\/2018-03-23\/334679814401_585c44555baf50befc85_72.jpg",
            "first_name": "Kunal",
            "real_name": "Kunal Trivedi",
            "display_name": "ktrivedi",
            "team": "T86S8GHEG",
            "name": "ktrivedi",
            "is_restricted": false,
            "is_ultra_restricted": false
        },
        "thread_ts": "1565736994.461200",
        "parent_user_id": "W81BJEAGZ"
    },
    {
        "client_msg_id": "874b62f4-d732-4fc0-9073-b75386b3c572",
        "type": "message",
        "text": "i’m not sure why, but it works!",
        "user": "WJJK91QJK",
        "ts": "1565796710.474400",
        "team": "T86S8GHEG",
        "user_team": "T86S8GHEG",
        "source_team": "T86S8GHEG",
        "user_profile": {
            "avatar_hash": "1d57651679db",
            "image_72": "https:\/\/avatars.slack-edge.com\/2019-06-24\/663603999330_1d57651679dba3c053a7_72.jpg",
            "first_name": "George",
            "real_name": "George Berry",
            "display_name": "gberry",
            "team": "T86S8GHEG",
            "name": "gberry",
            "is_restricted": false,
            "is_ultra_restricted": false
        },
        "thread_ts": "1565793386.466600",
        "parent_user_id": "WJJK91QJK"
    },
    {
        "client_msg_id": "52ed2f95-9163-4cea-8f09-63c46726d2c0",
        "type": "message",
        "text": "okay. from master it will work as it has a fix… once you have correct MDE, it should work from MDE as well",
        "user": "W81LS208J",
        "ts": "1565796750.474600",
        "team": "T86S8GHEG",
        "user_team": "T86S8GHEG",
        "source_team": "T86S8GHEG",
        "user_profile": {
            "avatar_hash": "585c44555baf",
            "image_72": "https:\/\/avatars.slack-edge.com\/2018-03-23\/334679814401_585c44555baf50befc85_72.jpg",
            "first_name": "Kunal",
            "real_name": "Kunal Trivedi",
            "display_name": "ktrivedi",
            "team": "T86S8GHEG",
            "name": "ktrivedi",
            "is_restricted": false,
            "is_ultra_restricted": false
        },
        "thread_ts": "1565793386.466600",
        "parent_user_id": "WJJK91QJK"
    },
    {
        "client_msg_id": "042c09d9-adee-46f3-80f1-8614b7edb52a",
        "type": "message",
        "text": "okay cool, makes sense, thanks for the debugging help",
        "user": "WJJK91QJK",
        "ts": "1565796768.474800",
        "team": "T86S8GHEG",
        "user_team": "T86S8GHEG",
        "source_team": "T86S8GHEG",
        "user_profile": {
            "avatar_hash": "1d57651679db",
            "image_72": "https:\/\/avatars.slack-edge.com\/2019-06-24\/663603999330_1d57651679dba3c053a7_72.jpg",
            "first_name": "George",
            "real_name": "George Berry",
            "display_name": "gberry",
            "team": "T86S8GHEG",
            "name": "gberry",
            "is_restricted": false,
            "is_ultra_restricted": false
        },
        "thread_ts": "1565793386.466600",
        "parent_user_id": "WJJK91QJK"
    },
    {
        "client_msg_id": "34efea0c-1bdc-474e-9ddd-04a8cfd894d4",
        "type": "message",
        "text": "if you have this git=sha edc94e581de8662d99a8337de08c0045ad76f361 (which i believe you have) then it fixes the issue",
        "user": "W81LS208J",
        "ts": "1565796786.475000",
        "team": "T86S8GHEG",
        "user_team": "T86S8GHEG",
        "source_team": "T86S8GHEG",
        "user_profile": {
            "avatar_hash": "585c44555baf",
            "image_72": "https:\/\/avatars.slack-edge.com\/2018-03-23\/334679814401_585c44555baf50befc85_72.jpg",
            "first_name": "Kunal",
            "real_name": "Kunal Trivedi",
            "display_name": "ktrivedi",
            "team": "T86S8GHEG",
            "name": "ktrivedi",
            "is_restricted": false,
            "is_ultra_restricted": false
        },
        "thread_ts": "1565793386.466600",
        "parent_user_id": "WJJK91QJK"
    },
    {
        "client_msg_id": "4B35C9E7-A528-4112-9B62-3890D55B0FF5",
        "type": "message",
        "text": "no worries :) I just wanted to confirm, the OP was asking about a perm link.",
        "user": "WC5KN6JJH",
        "ts": "1565796821.475700",
        "team": "T86S8GHEG",
        "user_team": "T86S8GHEG",
        "source_team": "T86S8GHEG",
        "user_profile": {
            "avatar_hash": "44f5cf3fda74",
            "image_72": "https:\/\/avatars.slack-edge.com\/2020-02-10\/933178751218_44f5cf3fda74dad43ae0_72.png",
            "first_name": "Ryan",
            "real_name": "Ryan Sommers",
            "display_name": "rsommers",
            "team": "T86S8GHEG",
            "name": "rsommers",
            "is_restricted": false,
            "is_ultra_restricted": false
        },
        "thread_ts": "1565736994.461200",
        "parent_user_id": "W81BJEAGZ"
    },
    {
        "client_msg_id": "b4b497da-1221-4add-b747-fcc23ba96bce",
        "type": "message",
        "text": "Yes that is true. Yes perm link would be hard to provide due to GDPR\/PDP",
        "user": "W81LS208J",
        "ts": "1565796853.475900",
        "team": "T86S8GHEG",
        "user_team": "T86S8GHEG",
        "source_team": "T86S8GHEG",
        "user_profile": {
            "avatar_hash": "585c44555baf",
            "image_72": "https:\/\/avatars.slack-edge.com\/2018-03-23\/334679814401_585c44555baf50befc85_72.jpg",
            "first_name": "Kunal",
            "real_name": "Kunal Trivedi",
            "display_name": "ktrivedi",
            "team": "T86S8GHEG",
            "name": "ktrivedi",
            "is_restricted": false,
            "is_ultra_restricted": false
        },
        "thread_ts": "1565736994.461200",
        "parent_user_id": "W81BJEAGZ"
    },
    {
        "client_msg_id": "7daf0691-c2df-4268-aa2e-5fc334dbb040",
        "type": "message",
        "text": "huh, fascinating. thanks for clearing that up!",
        "user": "W81JMP2LB",
        "ts": "1565800170.476100",
        "team": "T86S8GHEG",
        "user_team": "T86S8GHEG",
        "source_team": "T86S8GHEG",
        "user_profile": {
            "avatar_hash": "gafe94e405a3",
            "image_72": "https:\/\/secure.gravatar.com\/avatar\/cafe94e405a31f58896317b79403b6f4.jpg?s=72&d=https%3A%2F%2Fa.slack-edge.com%2Fdf10d%2Fimg%2Favatars%2Fava_0022-72.png",
            "first_name": "Fiona",
            "real_name": "Fiona Pigott",
            "display_name": "fpigott",
            "team": "T86S8GHEG",
            "name": "fpigott",
            "is_restricted": false,
            "is_ultra_restricted": false
        },
        "thread_ts": "1565726312.448300",
        "parent_user_id": "W81JMP2LB"
    },
    {
        "client_msg_id": "45a8b2f7-85d4-4db0-81dd-5813a8f127ba",
        "type": "message",
        "text": "android users were once all logged out because of this ;p",
        "user": "W81H197B4",
        "ts": "1565800208.476300",
        "team": "T86S8GHEG",
        "user_team": "T86S8GHEG",
        "source_team": "T86S8GHEG",
        "user_profile": {
            "avatar_hash": "3c5dfa6fbf3e",
            "image_72": "https:\/\/avatars.slack-edge.com\/2019-04-15\/611937986839_3c5dfa6fbf3ec1db389d_72.jpg",
            "first_name": "Alexandre",
            "real_name": "Alexandre Lung-Yut-Fong",
            "display_name": "alungyutfong",
            "team": "T86S8GHEG",
            "name": "alungyutfong",
            "is_restricted": false,
            "is_ultra_restricted": false
        },
        "thread_ts": "1565726312.448300",
        "parent_user_id": "W81JMP2LB"
    },
    {
        "client_msg_id": "b696d8e1-5585-47b9-bd6e-3962ab5a4ec0",
        "type": "message",
        "text": "wow I'm glad I'm not the only one",
        "user": "W81JMP2LB",
        "ts": "1565800220.476500",
        "team": "T86S8GHEG",
        "user_team": "T86S8GHEG",
        "source_team": "T86S8GHEG",
        "user_profile": {
            "avatar_hash": "gafe94e405a3",
            "image_72": "https:\/\/secure.gravatar.com\/avatar\/cafe94e405a31f58896317b79403b6f4.jpg?s=72&d=https%3A%2F%2Fa.slack-edge.com%2Fdf10d%2Fimg%2Favatars%2Fava_0022-72.png",
            "first_name": "Fiona",
            "real_name": "Fiona Pigott",
            "display_name": "fpigott",
            "team": "T86S8GHEG",
            "name": "fpigott",
            "is_restricted": false,
            "is_ultra_restricted": false
        },
        "thread_ts": "1565726312.448300",
        "parent_user_id": "W81JMP2LB"
    },
    {
        "client_msg_id": "2ea126ff-226e-4af0-83f4-7fc075922f61",
        "type": "message",
        "text": "(corresponding JIRA for history <https:\/\/jira.twitter.biz\/browse\/IM-1652>)",
        "user": "W81H197B4",
        "ts": "1565800516.476700",
        "team": "T86S8GHEG",
        "user_team": "T86S8GHEG",
        "source_team": "T86S8GHEG",
        "user_profile": {
            "avatar_hash": "3c5dfa6fbf3e",
            "image_72": "https:\/\/avatars.slack-edge.com\/2019-04-15\/611937986839_3c5dfa6fbf3ec1db389d_72.jpg",
            "first_name": "Alexandre",
            "real_name": "Alexandre Lung-Yut-Fong",
            "display_name": "alungyutfong",
            "team": "T86S8GHEG",
            "name": "alungyutfong",
            "is_restricted": false,
            "is_ultra_restricted": false
        },
        "thread_ts": "1565726312.448300",
        "parent_user_id": "W81JMP2LB"
    },
    {
        "client_msg_id": "fd9b4160-980a-443a-abf4-19aae3f20135",
        "type": "message",
        "text": ":joy:",
        "user": "W81HPGJTF",
        "ts": "1565801029.476900",
        "team": "T86S8GHEG",
        "user_team": "T86S8GHEG",
        "source_team": "T86S8GHEG",
        "user_profile": {
            "avatar_hash": "0da9567a6272",
            "image_72": "https:\/\/avatars.slack-edge.com\/2017-12-01\/279827564912_0da9567a62721a5401ab_72.jpg",
            "first_name": "Aaron",
            "real_name": "Aaron Gonzales",
            "display_name": "agonzales",
            "team": "T86S8GHEG",
            "name": "agonzales",
            "is_restricted": false,
            "is_ultra_restricted": false
        },
        "thread_ts": "1565726312.448300",
        "parent_user_id": "W81JMP2LB"
    },
    {
        "client_msg_id": "2bbea2ab-2800-45c1-8bee-e1a3a97e45a3",
        "type": "message",
        "text": "Hi, I am having difficulty using `--add_libs_target`. I am running the command ```pycx  \\\n  --create-new \\\n  --local_port 8889 \\\n  --add_libs_target cortex-core\/entity-embeddings\/sandbox\/src\/python\/twml_models\/news_split:news_split_with_deps``` and seeing this error ```Traceback (most recent call last):\n  File \"\/opt\/twitter_mde\/package\/PyCX-v2\/9ed2ef57177cd982cece712176a0aa86789953e8c3e7e73be61f4cafd9d5253a\/pycx\/.bootstrap\/pex\/pex.py\", line 352, in execute\n  File \"\/opt\/twitter_mde\/package\/PyCX-v2\/9ed2ef57177cd982cece712176a0aa86789953e8c3e7e73be61f4cafd9d5253a\/pycx\/.bootstrap\/pex\/pex.py\", line 284, in _wrap_coverage\n  File \"\/opt\/twitter_mde\/package\/PyCX-v2\/9ed2ef57177cd982cece712176a0aa86789953e8c3e7e73be61f4cafd9d5253a\/pycx\/.bootstrap\/pex\/pex.py\", line 315, in _wrap_profiling\n  File \"\/opt\/twitter_mde\/package\/PyCX-v2\/9ed2ef57177cd982cece712176a0aa86789953e8c3e7e73be61f4cafd9d5253a\/pycx\/.bootstrap\/pex\/pex.py\", line 397, in _execute\n  File \"\/opt\/twitter_mde\/package\/PyCX-v2\/9ed2ef57177cd982cece712176a0aa86789953e8c3e7e73be61f4cafd9d5253a\/pycx\/.bootstrap\/pex\/pex.py\", line 495, in execute_entry\n  File \"\/opt\/twitter_mde\/package\/PyCX-v2\/9ed2ef57177cd982cece712176a0aa86789953e8c3e7e73be61f4cafd9d5253a\/pycx\/.bootstrap\/pex\/pex.py\", line 502, in execute_module\n  File \"\/opt\/twitter_mde\/package\/eepython27\/5b6cba205efb49e9425b5681895fd458121062e1c309cc4abfa76b585ab83fa8\/lib\/python2.7\/runpy.py\", line 192, in run_module\n    fname, loader, pkg_name)\n  File \"\/opt\/twitter_mde\/package\/eepython27\/5b6cba205efb49e9425b5681895fd458121062e1c309cc4abfa76b585ab83fa8\/lib\/python2.7\/runpy.py\", line 72, in _run_code\n    exec code in run_globals\n  File \"\/Users\/dshiebler\/.pex\/code\/46d895122f5b74c7964710b82f6de6bc9cc53413\/pycx_launcher\/pycx_launcher.py\", line 495, in &lt;module&gt;\n    pycx_launcher()\n  File \"\/Users\/dshiebler\/.pex\/install\/click-6.7-py2.py3-none-any.whl.6d9ff910081ac14222b6215822bc2664662de745\/click-6.7-py2.py3-none-any.whl\/click\/core.py\", line 722, in __call__\n    return self.main(*args, **kwargs)\n  File \"\/Users\/dshiebler\/.pex\/install\/click-6.7-py2.py3-none-any.whl.6d9ff910081ac14222b6215822bc2664662de745\/click-6.7-py2.py3-none-any.whl\/click\/core.py\", line 697, in main\n    rv = self.invoke(ctx)\n  File \"\/Users\/dshiebler\/.pex\/install\/click-6.7-py2.py3-none-any.whl.6d9ff910081ac14222b6215822bc2664662de745\/click-6.7-py2.py3-none-any.whl\/click\/core.py\", line 895, in invoke\n    return ctx.invoke(self.callback, **ctx.params)\n  File \"\/Users\/dshiebler\/.pex\/install\/click-6.7-py2.py3-none-any.whl.6d9ff910081ac14222b6215822bc2664662de745\/click-6.7-py2.py3-none-any.whl\/click\/core.py\", line 535, in invoke\n    return callback(*args, **kwargs)\n  File \"\/Users\/dshiebler\/.pex\/code\/46d895122f5b74c7964710b82f6de6bc9cc53413\/pycx_launcher\/pycx_launcher.py\", line 310, in pycx_launcher\n    build_and_upload(user, targets, False, dc)\n  File \"\/Users\/dshiebler\/.pex\/code\/46d895122f5b74c7964710b82f6de6bc9cc53413\/pycx_launcher\/build_and_deploy.py\", line 139, in build_and_upload\n    target.upload(dc, user)\n  File \"\/Users\/dshiebler\/.pex\/code\/46d895122f5b74c7964710b82f6de6bc9cc53413\/pycx_launcher\/build_and_deploy.py\", line 101, in upload\n    if self.force_rebuild or _needs_upload(self.artifact_path, self.signature, self.uploaded_path):\n  File \"\/Users\/dshiebler\/.pex\/code\/46d895122f5b74c7964710b82f6de6bc9cc53413\/pycx_launcher\/build_and_deploy.py\", line 38, in artifact_path\n    artifacts\nAssertionError: needed exactly one artifact for package news_split_with_deps, but found: []```. For context this dep is here <https:\/\/cgit.twitter.biz\/source\/tree\/cortex-core\/entity-embeddings\/sandbox\/src\/python\/twml_models\/news_split\/BUILD#n30>",
        "user": "W81EZ626P",
        "ts": "1565814331.478300",
        "team": "T86S8GHEG",
        "user_team": "T86S8GHEG",
        "source_team": "T86S8GHEG",
        "user_profile": {
            "avatar_hash": "bb903008f72f",
            "image_72": "https:\/\/avatars.slack-edge.com\/2019-02-05\/542203016800_bb903008f72fbebfcd01_72.png",
            "first_name": "Dan",
            "real_name": "Dan Shiebler",
            "display_name": "dshiebler",
            "team": "T86S8GHEG",
            "name": "dshiebler",
            "is_restricted": false,
            "is_ultra_restricted": false
        },
        "thread_ts": "1565814331.478300",
        "reply_count": 3,
        "reply_users_count": 2,
        "latest_reply": "1565815044.479500",
        "reply_users": [
            "WG9RP9PEH",
            "W81EZ626P"
        ],
        "replies": [
            {
                "user": "WG9RP9PEH",
                "ts": "1565814965.479100"
            },
            {
                "user": "WG9RP9PEH",
                "ts": "1565814976.479300"
            },
            {
                "user": "W81EZ626P",
                "ts": "1565815044.479500"
            }
        ],
        "subscribed": false
    },
    {
        "client_msg_id": "07593f5f-0636-4769-bf53-28b6ec9096b4",
        "type": "message",
        "text": "<@W89H645FB> ^",
        "user": "W81EZ626P",
        "ts": "1565814337.478500",
        "team": "T86S8GHEG",
        "user_team": "T86S8GHEG",
        "source_team": "T86S8GHEG",
        "user_profile": {
            "avatar_hash": "bb903008f72f",
            "image_72": "https:\/\/avatars.slack-edge.com\/2019-02-05\/542203016800_bb903008f72fbebfcd01_72.png",
            "first_name": "Dan",
            "real_name": "Dan Shiebler",
            "display_name": "dshiebler",
            "team": "T86S8GHEG",
            "name": "dshiebler",
            "is_restricted": false,
            "is_ultra_restricted": false
        }
    },
    {
        "bot_id": "B8A47HZCL",
        "type": "message",
        "text": "cc\/ <@W831QSCAK>",
        "user": "W89H645FB",
        "ts": "1565814337.478600",
        "team": "T86S8GHEG",
        "bot_profile": {
            "id": "B8A47HZCL",
            "deleted": false,
            "name": "bot",
            "updated": 1512499948,
            "app_id": "A0F7YS25R",
            "icons": {
                "image_36": "https:\/\/a.slack-edge.com\/80588\/img\/services\/bots_36.png",
                "image_48": "https:\/\/a.slack-edge.com\/80588\/img\/plugins\/bot\/service_48.png",
                "image_72": "https:\/\/a.slack-edge.com\/80588\/img\/services\/bots_72.png"
            },
            "team_id": "T86S8GHEG"
        },
        "attachments": [
            {
                "author_name": "Dan Shiebler",
                "text": " ^",
                "id": 1,
                "author_icon": "https:\/\/avatars.slack-edge.com\/2019-02-05\/542203016800_bb903008f72fbebfcd01_72.png",
                "fallback": " ^"
            }
        ]
    },
    {
        "client_msg_id": "4c65bf23-b25a-425f-b69d-759b14429ee8",
        "type": "message",
        "text": "you need to reference a `python3_binary` not a lib",
        "user": "WG9RP9PEH",
        "ts": "1565814965.479100",
        "team": "T86S8GHEG",
        "user_team": "T86S8GHEG",
        "source_team": "T86S8GHEG",
        "user_profile": {
            "avatar_hash": "558f1f7bfc80",
            "image_72": "https:\/\/avatars.slack-edge.com\/2019-03-13\/577182336102_558f1f7bfc80dfc94377_72.jpg",
            "first_name": "Joshua",
            "real_name": "Joshua Hamet",
            "display_name": "jhamet",
            "team": "T86S8GHEG",
            "name": "jhamet",
            "is_restricted": false,
            "is_ultra_restricted": false
        },
        "thread_ts": "1565814331.478300",
        "parent_user_id": "W81EZ626P",
        "reactions": [
            {
                "name": "+1",
                "users": [
                    "W831QSCAK"
                ],
                "count": 1
            }
        ]
    },
    {
        "client_msg_id": "3d87c030-47b5-4c9f-a636-98b3611849b2",
        "type": "message",
        "text": "that's the artifact (.pex)",
        "user": "WG9RP9PEH",
        "ts": "1565814976.479300",
        "team": "T86S8GHEG",
        "user_team": "T86S8GHEG",
        "source_team": "T86S8GHEG",
        "user_profile": {
            "avatar_hash": "558f1f7bfc80",
            "image_72": "https:\/\/avatars.slack-edge.com\/2019-03-13\/577182336102_558f1f7bfc80dfc94377_72.jpg",
            "first_name": "Joshua",
            "real_name": "Joshua Hamet",
            "display_name": "jhamet",
            "team": "T86S8GHEG",
            "name": "jhamet",
            "is_restricted": false,
            "is_ultra_restricted": false
        },
        "thread_ts": "1565814331.478300",
        "parent_user_id": "W81EZ626P"
    },
    {
        "client_msg_id": "8b7a603f-d9d4-4607-a597-1007dd737773",
        "type": "message",
        "text": "cool thks",
        "user": "W81EZ626P",
        "ts": "1565815044.479500",
        "team": "T86S8GHEG",
        "user_team": "T86S8GHEG",
        "source_team": "T86S8GHEG",
        "user_profile": {
            "avatar_hash": "bb903008f72f",
            "image_72": "https:\/\/avatars.slack-edge.com\/2019-02-05\/542203016800_bb903008f72fbebfcd01_72.png",
            "first_name": "Dan",
            "real_name": "Dan Shiebler",
            "display_name": "dshiebler",
            "team": "T86S8GHEG",
            "name": "dshiebler",
            "is_restricted": false,
            "is_ultra_restricted": false
        },
        "thread_ts": "1565814331.478300",
        "parent_user_id": "W81EZ626P"
    },
    {
        "client_msg_id": "f4cb7ac8-87ee-4d28-a887-dfc1fe2489b8",
        "type": "message",
        "text": "i have this weird bug where when i delete a cell, but also have find (ctr+f) open, the notebook will jump to the next instance of the matching find string",
        "user": "WAH75CH71",
        "ts": "1565835819.480900",
        "team": "T86S8GHEG",
        "user_team": "T86S8GHEG",
        "source_team": "T86S8GHEG",
        "user_profile": {
            "avatar_hash": "582fc764eef6",
            "image_72": "https:\/\/avatars.slack-edge.com\/2019-01-11\/521387898512_582fc764eef6589c9e87_72.jpg",
            "first_name": "Jasper",
            "real_name": "Jasper Dean",
            "display_name": "jdean",
            "team": "T86S8GHEG",
            "name": "jdean",
            "is_restricted": false,
            "is_ultra_restricted": false
        },
        "thread_ts": "1565835819.480900",
        "reply_count": 4,
        "reply_users_count": 3,
        "latest_reply": "1565846015.483000",
        "reply_users": [
            "WG9RP9PEH",
            "WAH75CH71",
            "W81H197B4"
        ],
        "replies": [
            {
                "user": "WG9RP9PEH",
                "ts": "1565838487.481800"
            },
            {
                "user": "WG9RP9PEH",
                "ts": "1565838510.482600"
            },
            {
                "user": "WAH75CH71",
                "ts": "1565839135.482800"
            },
            {
                "user": "W81H197B4",
                "ts": "1565846015.483000"
            }
        ],
        "subscribed": false
    },
    {
        "client_msg_id": "79083C33-7F8B-4A7C-AF07-30A6847D4D74",
        "type": "message",
        "text": "Well did the deleted cell contain the matching find string ",
        "user": "WG9RP9PEH",
        "ts": "1565838487.481800",
        "team": "T86S8GHEG",
        "user_team": "T86S8GHEG",
        "source_team": "T86S8GHEG",
        "user_profile": {
            "avatar_hash": "558f1f7bfc80",
            "image_72": "https:\/\/avatars.slack-edge.com\/2019-03-13\/577182336102_558f1f7bfc80dfc94377_72.jpg",
            "first_name": "Joshua",
            "real_name": "Joshua Hamet",
            "display_name": "jhamet",
            "team": "T86S8GHEG",
            "name": "jhamet",
            "is_restricted": false,
            "is_ultra_restricted": false
        },
        "thread_ts": "1565835819.480900",
        "parent_user_id": "WAH75CH71"
    },
    {
        "client_msg_id": "2768C01F-9EFB-4710-97E4-DDAEB47BA582",
        "type": "message",
        "text": "I think the browser just jumps to the next instance if the current highlighted one disappears ",
        "user": "WG9RP9PEH",
        "ts": "1565838510.482600",
        "team": "T86S8GHEG",
        "user_team": "T86S8GHEG",
        "source_team": "T86S8GHEG",
        "user_profile": {
            "avatar_hash": "558f1f7bfc80",
            "image_72": "https:\/\/avatars.slack-edge.com\/2019-03-13\/577182336102_558f1f7bfc80dfc94377_72.jpg",
            "first_name": "Joshua",
            "real_name": "Joshua Hamet",
            "display_name": "jhamet",
            "team": "T86S8GHEG",
            "name": "jhamet",
            "is_restricted": false,
            "is_ultra_restricted": false
        },
        "thread_ts": "1565835819.480900",
        "parent_user_id": "WAH75CH71"
    },
    {
        "client_msg_id": "6f162ec3-40c4-4477-ae4a-308daeee3ad7",
        "type": "message",
        "text": "that may be it. Which, would still be nice if that didnt happen. Ill fiddle around some more to see if it does this in different instances, ive definitely seen a handful of jumps.",
        "user": "WAH75CH71",
        "ts": "1565839135.482800",
        "team": "T86S8GHEG",
        "user_team": "T86S8GHEG",
        "source_team": "T86S8GHEG",
        "user_profile": {
            "avatar_hash": "582fc764eef6",
            "image_72": "https:\/\/avatars.slack-edge.com\/2019-01-11\/521387898512_582fc764eef6589c9e87_72.jpg",
            "first_name": "Jasper",
            "real_name": "Jasper Dean",
            "display_name": "jdean",
            "team": "T86S8GHEG",
            "name": "jdean",
            "is_restricted": false,
            "is_ultra_restricted": false
        },
        "thread_ts": "1565835819.480900",
        "parent_user_id": "WAH75CH71"
    },
    {
        "client_msg_id": "22978b18-0d26-4014-beb9-2780a0ecd8fa",
        "type": "message",
        "text": "I got this bug also, pretty annoying",
        "user": "W81H197B4",
        "ts": "1565846015.483000",
        "team": "T86S8GHEG",
        "user_team": "T86S8GHEG",
        "source_team": "T86S8GHEG",
        "user_profile": {
            "avatar_hash": "3c5dfa6fbf3e",
            "image_72": "https:\/\/avatars.slack-edge.com\/2019-04-15\/611937986839_3c5dfa6fbf3ec1db389d_72.jpg",
            "first_name": "Alexandre",
            "real_name": "Alexandre Lung-Yut-Fong",
            "display_name": "alungyutfong",
            "team": "T86S8GHEG",
            "name": "alungyutfong",
            "is_restricted": false,
            "is_ultra_restricted": false
        },
        "thread_ts": "1565835819.480900",
        "parent_user_id": "WAH75CH71"
    }
]