[
    {
        "client_msg_id": "2c1cebd8-7a36-4d2f-9067-3398897a3f0c",
        "type": "message",
        "text": "is the pyspark dist explore package available in pycx?<https:\/\/github.com\/Bergvca\/pyspark_dist_explore>\n\nim getting `ModuleNotFoundError: No module named 'pyspark_dist_explore'` when i try to import it. Dont know process for enabling this",
        "user": "WAH75CH71",
        "ts": "1572745891.300300",
        "team": "T86S8GHEG",
        "user_team": "T86S8GHEG",
        "source_team": "T86S8GHEG",
        "user_profile": {
            "avatar_hash": "582fc764eef6",
            "image_72": "https:\/\/avatars.slack-edge.com\/2019-01-11\/521387898512_582fc764eef6589c9e87_72.jpg",
            "first_name": "Jasper",
            "real_name": "Jasper Dean",
            "display_name": "jdean",
            "team": "T86S8GHEG",
            "name": "jdean",
            "is_restricted": false,
            "is_ultra_restricted": false
        },
        "attachments": [
            {
                "fallback": "Bergvca\/pyspark_dist_explore",
                "text": "Data Exploration in PySpark made easy - Pyspark_dist_explore provides methods to get fast insights in your Spark DataFrames.",
                "title": "Bergvca\/pyspark_dist_explore",
                "footer": "<https:\/\/github.com\/Bergvca\/pyspark_dist_explore|Bergvca\/pyspark_dist_explore>",
                "id": 1,
                "footer_icon": "https:\/\/github.githubassets.com\/favicon.ico",
                "ts": 1499280862,
                "color": "24292f",
                "fields": [
                    {
                        "title": "Stars",
                        "value": "58",
                        "short": true
                    },
                    {
                        "title": "Language",
                        "value": "Python",
                        "short": true
                    }
                ],
                "mrkdwn_in": [
                    "text",
                    "fields"
                ],
                "bot_id": "B9F92LEE4",
                "app_unfurl_url": "https:\/\/github.com\/Bergvca\/pyspark_dist_explore",
                "is_app_unfurl": true
            }
        ],
        "thread_ts": "1572745891.300300",
        "reply_count": 2,
        "reply_users_count": 1,
        "latest_reply": "1572887540.301100",
        "reply_users": [
            "WG9RP9PEH"
        ],
        "replies": [
            {
                "user": "WG9RP9PEH",
                "ts": "1572887464.300900"
            },
            {
                "user": "WG9RP9PEH",
                "ts": "1572887540.301100"
            }
        ],
        "subscribed": false
    }
]