[
    {
        "client_msg_id": "4973ed8f-64e2-42d2-a90e-09592c005458",
        "type": "message",
        "text": "Hi PyCX if I try to restructure my notebook folder on PyCX it works for as long as the instance is running. If I restart my PyCX instance after a few days delete notebook reappear and notebooks that were moved were moved back to there original folder.\n\nI don't know if this is expected behaviour. If it is, what's the best way of structuring the directories within a PyCX instance?",
        "user": "WLVJN6YTZ",
        "ts": "1575555635.124000",
        "team": "T86S8GHEG",
        "user_team": "T86S8GHEG",
        "source_team": "T86S8GHEG",
        "user_profile": {
            "avatar_hash": "38cd612dbe74",
            "image_72": "https:\/\/avatars.slack-edge.com\/2019-08-13\/713321662595_38cd612dbe747faa944b_72.jpg",
            "first_name": "Peter",
            "real_name": "Peter Roelants",
            "display_name": "proelants",
            "team": "T86S8GHEG",
            "name": "proelants",
            "is_restricted": false,
            "is_ultra_restricted": false
        },
        "thread_ts": "1575555635.124000",
        "reply_count": 3,
        "reply_users_count": 3,
        "latest_reply": "1575559940.125000",
        "reply_users": [
            "W81HPGJTF",
            "WLVJN6YTZ",
            "W81LS208J"
        ],
        "replies": [
            {
                "user": "W81HPGJTF",
                "ts": "1575558996.124600"
            },
            {
                "user": "WLVJN6YTZ",
                "ts": "1575559147.124800"
            },
            {
                "user": "W81LS208J",
                "ts": "1575559940.125000"
            }
        ],
        "subscribed": false
    },
    {
        "client_msg_id": "A3D5FA15-FE5B-4230-B663-D67ED862B92A",
        "type": "message",
        "text": "It’s annoying, but you can organize them in hdfs manually. ",
        "user": "W81HPGJTF",
        "ts": "1575558996.124600",
        "team": "T86S8GHEG",
        "user_team": "T86S8GHEG",
        "source_team": "T86S8GHEG",
        "user_profile": {
            "avatar_hash": "0da9567a6272",
            "image_72": "https:\/\/avatars.slack-edge.com\/2017-12-01\/279827564912_0da9567a62721a5401ab_72.jpg",
            "first_name": "Aaron",
            "real_name": "Aaron Gonzales",
            "display_name": "agonzales",
            "team": "T86S8GHEG",
            "name": "agonzales",
            "is_restricted": false,
            "is_ultra_restricted": false
        },
        "thread_ts": "1575555635.124000",
        "parent_user_id": "WLVJN6YTZ"
    },
    {
        "client_msg_id": "0ec830b8-4324-45ef-bd76-52cde01eb5e7",
        "type": "message",
        "text": "Ok, I'll look into that :thumbsup:",
        "user": "WLVJN6YTZ",
        "ts": "1575559147.124800",
        "team": "T86S8GHEG",
        "user_team": "T86S8GHEG",
        "source_team": "T86S8GHEG",
        "user_profile": {
            "avatar_hash": "38cd612dbe74",
            "image_72": "https:\/\/avatars.slack-edge.com\/2019-08-13\/713321662595_38cd612dbe747faa944b_72.jpg",
            "first_name": "Peter",
            "real_name": "Peter Roelants",
            "display_name": "proelants",
            "team": "T86S8GHEG",
            "name": "proelants",
            "is_restricted": false,
            "is_ultra_restricted": false
        },
        "thread_ts": "1575555635.124000",
        "parent_user_id": "WLVJN6YTZ"
    },
    {
        "client_msg_id": "f73252db-c615-47c1-b208-557b5babf913",
        "type": "message",
        "text": "`mv` (i.e. rename) and `rm` commands do not work",
        "user": "W81LS208J",
        "ts": "1575559940.125000",
        "team": "T86S8GHEG",
        "user_team": "T86S8GHEG",
        "source_team": "T86S8GHEG",
        "user_profile": {
            "avatar_hash": "585c44555baf",
            "image_72": "https:\/\/avatars.slack-edge.com\/2018-03-23\/334679814401_585c44555baf50befc85_72.jpg",
            "first_name": "Kunal",
            "real_name": "Kunal Trivedi",
            "display_name": "ktrivedi",
            "team": "T86S8GHEG",
            "name": "ktrivedi",
            "is_restricted": false,
            "is_ultra_restricted": false
        },
        "thread_ts": "1575555635.124000",
        "parent_user_id": "WLVJN6YTZ",
        "reactions": [
            {
                "name": "slightly_frowning_face",
                "users": [
                    "WLVJN6YTZ"
                ],
                "count": 1
            }
        ]
    },
    {
        "client_msg_id": "FBE235A9-E741-41F6-B792-2141A87ABC91",
        "type": "message",
        "text": "Hi if I close my laptop and open again I lost port 8888. Is there a way to reconnect back to the existing Jupiter server instance?",
        "user": "WNF3P4B1V",
        "ts": "1575565938.126500",
        "team": "T86S8GHEG",
        "user_team": "T86S8GHEG",
        "source_team": "T86S8GHEG",
        "user_profile": {
            "avatar_hash": "6bc7f9ab3a13",
            "image_72": "https:\/\/avatars.slack-edge.com\/2020-02-13\/951731128196_6bc7f9ab3a1304557f3f_72.png",
            "first_name": "Di",
            "real_name": "Di Zhao",
            "display_name": "diz",
            "team": "T86S8GHEG",
            "name": "diz",
            "is_restricted": false,
            "is_ultra_restricted": false
        },
        "thread_ts": "1575565938.126500",
        "reply_count": 1,
        "reply_users_count": 1,
        "latest_reply": "1575565951.126600",
        "reply_users": [
            "WG9RP9PEH"
        ],
        "replies": [
            {
                "user": "WG9RP9PEH",
                "ts": "1575565951.126600"
            }
        ],
        "subscribed": false
    },
    {
        "client_msg_id": "cca88cfb-29cc-47b2-bba7-85896f6fd9f4",
        "type": "message",
        "text": "`pycx --reconnect`",
        "user": "WG9RP9PEH",
        "ts": "1575565951.126600",
        "team": "T86S8GHEG",
        "user_team": "T86S8GHEG",
        "source_team": "T86S8GHEG",
        "user_profile": {
            "avatar_hash": "558f1f7bfc80",
            "image_72": "https:\/\/avatars.slack-edge.com\/2019-03-13\/577182336102_558f1f7bfc80dfc94377_72.jpg",
            "first_name": "Joshua",
            "real_name": "Joshua Hamet",
            "display_name": "jhamet",
            "team": "T86S8GHEG",
            "name": "jhamet",
            "is_restricted": false,
            "is_ultra_restricted": false
        },
        "thread_ts": "1575565938.126500",
        "parent_user_id": "WNF3P4B1V",
        "reactions": [
            {
                "name": "+1",
                "users": [
                    "WNF3P4B1V"
                ],
                "count": 1
            }
        ]
    },
    {
        "client_msg_id": "3a3a0686-daed-4bd0-951d-712709976cab",
        "type": "message",
        "text": "is there an easy way to share a notebook? e.g. publish to a company wide url?",
        "user": "WNF3P4B1V",
        "ts": "1575572582.127500",
        "team": "T86S8GHEG",
        "user_team": "T86S8GHEG",
        "source_team": "T86S8GHEG",
        "user_profile": {
            "avatar_hash": "6bc7f9ab3a13",
            "image_72": "https:\/\/avatars.slack-edge.com\/2020-02-13\/951731128196_6bc7f9ab3a1304557f3f_72.png",
            "first_name": "Di",
            "real_name": "Di Zhao",
            "display_name": "diz",
            "team": "T86S8GHEG",
            "name": "diz",
            "is_restricted": false,
            "is_ultra_restricted": false
        },
        "thread_ts": "1575572582.127500",
        "reply_count": 1,
        "reply_users_count": 1,
        "latest_reply": "1575572647.127600",
        "reply_users": [
            "WG9RP9PEH"
        ],
        "replies": [
            {
                "user": "WG9RP9PEH",
                "ts": "1575572647.127600"
            }
        ],
        "subscribed": false
    },
    {
        "type": "message",
        "text": "",
        "files": [
            {
                "id": "FRB9RA3EY",
                "created": 1575572646,
                "timestamp": 1575572646,
                "name": "Untitled",
                "title": "Untitled",
                "mimetype": "text\/plain",
                "filetype": "text",
                "pretty_type": "Plain Text",
                "user": "WG9RP9PEH",
                "editable": true,
                "size": 35,
                "mode": "snippet",
                "is_external": false,
                "external_type": "",
                "is_public": true,
                "public_url_shared": false,
                "display_as_bot": false,
                "username": "",
                "url_private": "https:\/\/files.slack.com\/files-pri\/T7U3XVBLP-FRB9RA3EY\/untitled?t=xoxe-278892561492-1005149783089-1017423836678-e1e14aa1789ddce7f4decc622097bda8",
                "url_private_download": "https:\/\/files.slack.com\/files-pri\/T7U3XVBLP-FRB9RA3EY\/download\/untitled?t=xoxe-278892561492-1005149783089-1017423836678-e1e14aa1789ddce7f4decc622097bda8",
                "permalink": "https:\/\/twitter.enterprise.slack.com\/files\/WG9RP9PEH\/FRB9RA3EY\/untitled",
                "permalink_public": "https:\/\/slack-files.com\/T7U3XVBLP-FRB9RA3EY-5d8e313e53",
                "edit_link": "https:\/\/twitter.enterprise.slack.com\/files\/WG9RP9PEH\/FRB9RA3EY\/untitled\/edit",
                "is_starred": false,
                "has_rich_preview": false
            }
        ],
        "upload": true,
        "user": "WG9RP9PEH",
        "display_as_bot": false,
        "ts": "1575572647.127600",
        "client_msg_id": "e5ebe58c-eec5-4ace-99cb-e933342a1edd",
        "thread_ts": "1575572582.127500",
        "parent_user_id": "WNF3P4B1V"
    },
    {
        "client_msg_id": "1f7c351f-cdce-4964-9e05-98b7c24a62b5",
        "type": "message",
        "text": "~does thrift dataframe not supporting drilling down to nested struct? for example: I am using df_new.select(\"adReuqestLogEntry.requestId as reqId\").show(10)\nbut I got an error 'cannot resolve '`adReuqestLogEntry.requestId as reqId`' given input columns: [adRequestLogEntry, adShardId];;'\nbut clearly my dataframe has a nested struct.\ndf.printSchema()\nroot\n |-- adRequestLogEntry: struct (nullable = true)\n |    |-- requestId: long (nullable = true)\n |    |-- time: long (nullable = true)\n |    |-- processingTime: long (nullable = true)\n |    |-- request: struct (nullable = true)\n |    |    |-- queryString: string (nullable = true)\n |    |    |-- displayLocation: string (nullable = true)\n |    |    |-- apiExperimentId: string (nullable = true)\n |    |    |-- numResultsToReturn: integer (nullable = true)\n |    |    |-- isTest: boolean (nullable = true)\n |    |    |-- isDebug: boolean (nullable = true)\n |    |    |-- isFatigueDisabled: boolean (nullable = true)\n |    |    |-- isSpendCheckDisabled: boolean (nullable = true)\n |    |    |-- showHiddenResults: boolean (nullable = true)\n |    |    |-- countImpressionsOnCallback: boolean (nullable = true)\n |    |    |-- numOrganicItems: short (nullable = true)\n |    |    |-- externalExptIds: array (nullable = true)\n |    |    |~",
        "user": "WNF3P4B1V",
        "ts": "1575573922.129500",
        "team": "T86S8GHEG",
        "user_team": "T86S8GHEG",
        "source_team": "T86S8GHEG",
        "user_profile": {
            "avatar_hash": "6bc7f9ab3a13",
            "image_72": "https:\/\/avatars.slack-edge.com\/2020-02-13\/951731128196_6bc7f9ab3a1304557f3f_72.png",
            "first_name": "Di",
            "real_name": "Di Zhao",
            "display_name": "diz",
            "team": "T86S8GHEG",
            "name": "diz",
            "is_restricted": false,
            "is_ultra_restricted": false
        },
        "edited": {
            "user": "WNF3P4B1V",
            "ts": "1575574108.000000"
        },
        "thread_ts": "1575573922.129500",
        "reply_count": 7,
        "reply_users_count": 2,
        "latest_reply": "1575576494.130900",
        "reply_users": [
            "WNF3P4B1V",
            "W81HPGJTF"
        ],
        "replies": [
            {
                "user": "WNF3P4B1V",
                "ts": "1575574147.129700"
            },
            {
                "user": "W81HPGJTF",
                "ts": "1575575803.129900"
            },
            {
                "user": "W81HPGJTF",
                "ts": "1575575850.130100"
            },
            {
                "user": "WNF3P4B1V",
                "ts": "1575576396.130300"
            },
            {
                "user": "W81HPGJTF",
                "ts": "1575576450.130500"
            },
            {
                "user": "W81HPGJTF",
                "ts": "1575576451.130700"
            },
            {
                "user": "WNF3P4B1V",
                "ts": "1575576494.130900"
            }
        ],
        "subscribed": false
    },
    {
        "client_msg_id": "8816c3da-a304-477a-a61d-2a0d389ba260",
        "type": "message",
        "text": "nm. typo :disappointed:",
        "user": "WNF3P4B1V",
        "ts": "1575574147.129700",
        "team": "T86S8GHEG",
        "user_team": "T86S8GHEG",
        "source_team": "T86S8GHEG",
        "user_profile": {
            "avatar_hash": "6bc7f9ab3a13",
            "image_72": "https:\/\/avatars.slack-edge.com\/2020-02-13\/951731128196_6bc7f9ab3a1304557f3f_72.png",
            "first_name": "Di",
            "real_name": "Di Zhao",
            "display_name": "diz",
            "team": "T86S8GHEG",
            "name": "diz",
            "is_restricted": false,
            "is_ultra_restricted": false
        },
        "thread_ts": "1575573922.129500",
        "parent_user_id": "WNF3P4B1V"
    },
    {
        "client_msg_id": "82a57e61-0294-47d0-a994-79d1803b0aa9",
        "type": "message",
        "text": "happens to all of use :slightly_smiling_face:",
        "user": "W81HPGJTF",
        "ts": "1575575803.129900",
        "team": "T86S8GHEG",
        "user_team": "T86S8GHEG",
        "source_team": "T86S8GHEG",
        "user_profile": {
            "avatar_hash": "0da9567a6272",
            "image_72": "https:\/\/avatars.slack-edge.com\/2017-12-01\/279827564912_0da9567a62721a5401ab_72.jpg",
            "first_name": "Aaron",
            "real_name": "Aaron Gonzales",
            "display_name": "agonzales",
            "team": "T86S8GHEG",
            "name": "agonzales",
            "is_restricted": false,
            "is_ultra_restricted": false
        },
        "thread_ts": "1575573922.129500",
        "parent_user_id": "WNF3P4B1V"
    },
    {
        "client_msg_id": "0b019cc0-9b6c-491d-b183-2d1cad4b5f05",
        "type": "message",
        "text": "also, generally, `.select(name.nested)` will return the col as `nested`, allowing you not to explicitly rename unless you want to",
        "user": "W81HPGJTF",
        "ts": "1575575850.130100",
        "team": "T86S8GHEG",
        "user_team": "T86S8GHEG",
        "source_team": "T86S8GHEG",
        "user_profile": {
            "avatar_hash": "0da9567a6272",
            "image_72": "https:\/\/avatars.slack-edge.com\/2017-12-01\/279827564912_0da9567a62721a5401ab_72.jpg",
            "first_name": "Aaron",
            "real_name": "Aaron Gonzales",
            "display_name": "agonzales",
            "team": "T86S8GHEG",
            "name": "agonzales",
            "is_restricted": false,
            "is_ultra_restricted": false
        },
        "thread_ts": "1575573922.129500",
        "parent_user_id": "WNF3P4B1V"
    },
    {
        "client_msg_id": "3cae20c7-4a92-4902-a5a9-23641ed26de8",
        "type": "message",
        "text": "yeah. also this doesn't work df.join(df1, \"name.nested\") which is weird, but I guess this has something to do with spark not thrift in particular",
        "user": "WNF3P4B1V",
        "ts": "1575576396.130300",
        "team": "T86S8GHEG",
        "user_team": "T86S8GHEG",
        "source_team": "T86S8GHEG",
        "user_profile": {
            "avatar_hash": "6bc7f9ab3a13",
            "image_72": "https:\/\/avatars.slack-edge.com\/2020-02-13\/951731128196_6bc7f9ab3a1304557f3f_72.png",
            "first_name": "Di",
            "real_name": "Di Zhao",
            "display_name": "diz",
            "team": "T86S8GHEG",
            "name": "diz",
            "is_restricted": false,
            "is_ultra_restricted": false
        },
        "thread_ts": "1575573922.129500",
        "parent_user_id": "WNF3P4B1V"
    },
    {
        "client_msg_id": "3d43a5a4-f322-4e19-a400-11a2527bcb6e",
        "type": "message",
        "text": "i don’t know if i’ve tried that at all; i usually select out stuff before joins",
        "user": "W81HPGJTF",
        "ts": "1575576450.130500",
        "team": "T86S8GHEG",
        "user_team": "T86S8GHEG",
        "source_team": "T86S8GHEG",
        "user_profile": {
            "avatar_hash": "0da9567a6272",
            "image_72": "https:\/\/avatars.slack-edge.com\/2017-12-01\/279827564912_0da9567a62721a5401ab_72.jpg",
            "first_name": "Aaron",
            "real_name": "Aaron Gonzales",
            "display_name": "agonzales",
            "team": "T86S8GHEG",
            "name": "agonzales",
            "is_restricted": false,
            "is_ultra_restricted": false
        },
        "thread_ts": "1575573922.129500",
        "parent_user_id": "WNF3P4B1V"
    },
    {
        "client_msg_id": "680e1b12-b4b1-4b6e-b537-4c49bd175188",
        "type": "message",
        "text": "curious",
        "user": "W81HPGJTF",
        "ts": "1575576451.130700",
        "team": "T86S8GHEG",
        "user_team": "T86S8GHEG",
        "source_team": "T86S8GHEG",
        "user_profile": {
            "avatar_hash": "0da9567a6272",
            "image_72": "https:\/\/avatars.slack-edge.com\/2017-12-01\/279827564912_0da9567a62721a5401ab_72.jpg",
            "first_name": "Aaron",
            "real_name": "Aaron Gonzales",
            "display_name": "agonzales",
            "team": "T86S8GHEG",
            "name": "agonzales",
            "is_restricted": false,
            "is_ultra_restricted": false
        },
        "thread_ts": "1575573922.129500",
        "parent_user_id": "WNF3P4B1V"
    },
    {
        "client_msg_id": "c83f81b6-6457-455b-b6d0-c1612e989937",
        "type": "message",
        "text": "right, but in theory that should work but it doesn't..",
        "user": "WNF3P4B1V",
        "ts": "1575576494.130900",
        "team": "T86S8GHEG",
        "user_team": "T86S8GHEG",
        "source_team": "T86S8GHEG",
        "user_profile": {
            "avatar_hash": "6bc7f9ab3a13",
            "image_72": "https:\/\/avatars.slack-edge.com\/2020-02-13\/951731128196_6bc7f9ab3a1304557f3f_72.png",
            "first_name": "Di",
            "real_name": "Di Zhao",
            "display_name": "diz",
            "team": "T86S8GHEG",
            "name": "diz",
            "is_restricted": false,
            "is_ultra_restricted": false
        },
        "thread_ts": "1575573922.129500",
        "parent_user_id": "WNF3P4B1V"
    },
    {
        "client_msg_id": "4c8f7a4b-93cf-41e9-b4b8-97890f203a2e",
        "type": "message",
        "text": "if I am running a long query and my mac goes to sleep and back. Jupyter notebook sometimes lose the returning result. It's kind of a known issue for jupyter.. do we have any workaround? have we considered using zeppelin?",
        "user": "WNF3P4B1V",
        "ts": "1575584867.133200",
        "team": "T86S8GHEG",
        "user_team": "T86S8GHEG",
        "source_team": "T86S8GHEG",
        "user_profile": {
            "avatar_hash": "6bc7f9ab3a13",
            "image_72": "https:\/\/avatars.slack-edge.com\/2020-02-13\/951731128196_6bc7f9ab3a1304557f3f_72.png",
            "first_name": "Di",
            "real_name": "Di Zhao",
            "display_name": "diz",
            "team": "T86S8GHEG",
            "name": "diz",
            "is_restricted": false,
            "is_ultra_restricted": false
        },
        "thread_ts": "1575584867.133200",
        "reply_count": 25,
        "reply_users_count": 4,
        "latest_reply": "1575589707.143500",
        "reply_users": [
            "WNF3P4B1V",
            "W81HPGJTF",
            "WBLV04XEK",
            "W81Q1B9JN"
        ],
        "replies": [
            {
                "user": "WNF3P4B1V",
                "ts": "1575584930.133300"
            },
            {
                "user": "W81HPGJTF",
                "ts": "1575584952.133500"
            },
            {
                "user": "W81HPGJTF",
                "ts": "1575584967.133800"
            },
            {
                "user": "W81HPGJTF",
                "ts": "1575585002.134000"
            },
            {
                "user": "WBLV04XEK",
                "ts": "1575585112.134200"
            },
            {
                "user": "WNF3P4B1V",
                "ts": "1575585289.134400"
            },
            {
                "user": "W81HPGJTF",
                "ts": "1575585314.134600"
            },
            {
                "user": "WNF3P4B1V",
                "ts": "1575585337.134800"
            },
            {
                "user": "W81HPGJTF",
                "ts": "1575585367.135000"
            },
            {
                "user": "W81HPGJTF",
                "ts": "1575585372.135200"
            },
            {
                "user": "W81HPGJTF",
                "ts": "1575585400.135400"
            },
            {
                "user": "WNF3P4B1V",
                "ts": "1575585431.135600"
            },
            {
                "user": "WNF3P4B1V",
                "ts": "1575585459.135800"
            },
            {
                "user": "W81HPGJTF",
                "ts": "1575585481.136000"
            },
            {
                "user": "WNF3P4B1V",
                "ts": "1575585503.136200"
            },
            {
                "user": "WNF3P4B1V",
                "ts": "1575585520.136400"
            },
            {
                "user": "W81HPGJTF",
                "ts": "1575585536.136600"
            },
            {
                "user": "W81HPGJTF",
                "ts": "1575585561.136800"
            },
            {
                "user": "W81HPGJTF",
                "ts": "1575585583.137100"
            },
            {
                "user": "WNF3P4B1V",
                "ts": "1575585590.137300"
            },
            {
                "user": "WNF3P4B1V",
                "ts": "1575585595.137500"
            },
            {
                "user": "W81HPGJTF",
                "ts": "1575585629.137700"
            },
            {
                "user": "W81HPGJTF",
                "ts": "1575585642.137900"
            },
            {
                "user": "W81HPGJTF",
                "ts": "1575585659.138100"
            },
            {
                "user": "W81Q1B9JN",
                "ts": "1575589707.143500"
            }
        ],
        "subscribed": false
    },
    {
        "client_msg_id": "df617e36-6955-4a13-89ca-4ef42e73b3d4",
        "type": "message",
        "text": "also no progress bar is really annoying too.",
        "user": "WNF3P4B1V",
        "ts": "1575584930.133300",
        "team": "T86S8GHEG",
        "user_team": "T86S8GHEG",
        "source_team": "T86S8GHEG",
        "user_profile": {
            "avatar_hash": "6bc7f9ab3a13",
            "image_72": "https:\/\/avatars.slack-edge.com\/2020-02-13\/951731128196_6bc7f9ab3a1304557f3f_72.png",
            "first_name": "Di",
            "real_name": "Di Zhao",
            "display_name": "diz",
            "team": "T86S8GHEG",
            "name": "diz",
            "is_restricted": false,
            "is_ultra_restricted": false
        },
        "thread_ts": "1575584867.133200",
        "parent_user_id": "WNF3P4B1V"
    },
    {
        "client_msg_id": "f9f24abe-ff50-4f3d-9a23-62ed33bfe2bb",
        "type": "message",
        "text": "jupyter on pycx? it’s running the background, so the job probably completed (or is still running)",
        "user": "W81HPGJTF",
        "ts": "1575584952.133500",
        "team": "T86S8GHEG",
        "user_team": "T86S8GHEG",
        "source_team": "T86S8GHEG",
        "user_profile": {
            "avatar_hash": "0da9567a6272",
            "image_72": "https:\/\/avatars.slack-edge.com\/2017-12-01\/279827564912_0da9567a62721a5401ab_72.jpg",
            "first_name": "Aaron",
            "real_name": "Aaron Gonzales",
            "display_name": "agonzales",
            "team": "T86S8GHEG",
            "name": "agonzales",
            "is_restricted": false,
            "is_ultra_restricted": false
        },
        "thread_ts": "1575584867.133200",
        "parent_user_id": "WNF3P4B1V",
        "reactions": [
            {
                "name": "plus1",
                "users": [
                    "WG9RP9PEH"
                ],
                "count": 1
            }
        ]
    },
    {
        "client_msg_id": "b11e5a9c-e40f-4755-bfba-5d3381aabf43",
        "type": "message",
        "text": "so when you reconnect to the instance, you can re-print the results from the cell in question",
        "user": "W81HPGJTF",
        "ts": "1575584967.133800",
        "team": "T86S8GHEG",
        "user_team": "T86S8GHEG",
        "source_team": "T86S8GHEG",
        "user_profile": {
            "avatar_hash": "0da9567a6272",
            "image_72": "https:\/\/avatars.slack-edge.com\/2017-12-01\/279827564912_0da9567a62721a5401ab_72.jpg",
            "first_name": "Aaron",
            "real_name": "Aaron Gonzales",
            "display_name": "agonzales",
            "team": "T86S8GHEG",
            "name": "agonzales",
            "is_restricted": false,
            "is_ultra_restricted": false
        },
        "thread_ts": "1575584867.133200",
        "parent_user_id": "WNF3P4B1V"
    },
    {
        "client_msg_id": "5ec9e352-3fb0-455c-b972-44c80e5338b1",
        "type": "message",
        "text": "twitter does have zeppelin, but i would wager that 99% of zeppelin use is for running straight sql queries via presto or vertica",
        "user": "W81HPGJTF",
        "ts": "1575585002.134000",
        "team": "T86S8GHEG",
        "user_team": "T86S8GHEG",
        "source_team": "T86S8GHEG",
        "user_profile": {
            "avatar_hash": "0da9567a6272",
            "image_72": "https:\/\/avatars.slack-edge.com\/2017-12-01\/279827564912_0da9567a62721a5401ab_72.jpg",
            "first_name": "Aaron",
            "real_name": "Aaron Gonzales",
            "display_name": "agonzales",
            "team": "T86S8GHEG",
            "name": "agonzales",
            "is_restricted": false,
            "is_ultra_restricted": false
        },
        "thread_ts": "1575584867.133200",
        "parent_user_id": "WNF3P4B1V"
    },
    {
        "client_msg_id": "03607388-2126-41a9-b18c-167e70d72f36",
        "type": "message",
        "text": "a known problem with zeppelin is that we can’t run our python pex’s on it - and hence all the work done here can’t be leveraged on that platform cc: <@W81Q1B9JN>",
        "user": "WBLV04XEK",
        "ts": "1575585112.134200",
        "team": "T86S8GHEG",
        "user_team": "T86S8GHEG",
        "source_team": "T86S8GHEG",
        "user_profile": {
            "avatar_hash": "a8d9557a675d",
            "image_72": "https:\/\/avatars.slack-edge.com\/2018-09-10\/434343469334_a8d9557a675daa533873_72.jpg",
            "first_name": "Sayan",
            "real_name": "Sayan Sanyal",
            "display_name": "ssanyal",
            "team": "T86S8GHEG",
            "name": "ssanyal",
            "is_restricted": false,
            "is_ultra_restricted": false
        },
        "thread_ts": "1575584867.133200",
        "parent_user_id": "WNF3P4B1V"
    },
    {
        "client_msg_id": "61303b44-9dab-4631-b9ec-45e04ab8486d",
        "type": "message",
        "text": "yeah jupyter on pycx. how can I reprint the results? I don't want to rerun the query",
        "user": "WNF3P4B1V",
        "ts": "1575585289.134400",
        "team": "T86S8GHEG",
        "user_team": "T86S8GHEG",
        "source_team": "T86S8GHEG",
        "user_profile": {
            "avatar_hash": "6bc7f9ab3a13",
            "image_72": "https:\/\/avatars.slack-edge.com\/2020-02-13\/951731128196_6bc7f9ab3a1304557f3f_72.png",
            "first_name": "Di",
            "real_name": "Di Zhao",
            "display_name": "diz",
            "team": "T86S8GHEG",
            "name": "diz",
            "is_restricted": false,
            "is_ultra_restricted": false
        },
        "thread_ts": "1575584867.133200",
        "parent_user_id": "WNF3P4B1V"
    },
    {
        "client_msg_id": "cb6c2705-262d-4871-9886-4194847ed50e",
        "type": "message",
        "text": "did you save the results to a variable or cache the resultant dataframe?",
        "user": "W81HPGJTF",
        "ts": "1575585314.134600",
        "team": "T86S8GHEG",
        "user_team": "T86S8GHEG",
        "source_team": "T86S8GHEG",
        "user_profile": {
            "avatar_hash": "0da9567a6272",
            "image_72": "https:\/\/avatars.slack-edge.com\/2017-12-01\/279827564912_0da9567a62721a5401ab_72.jpg",
            "first_name": "Aaron",
            "real_name": "Aaron Gonzales",
            "display_name": "agonzales",
            "team": "T86S8GHEG",
            "name": "agonzales",
            "is_restricted": false,
            "is_ultra_restricted": false
        },
        "thread_ts": "1575584867.133200",
        "parent_user_id": "WNF3P4B1V"
    },
    {
        "client_msg_id": "b09cb0c6-b60c-4bb1-9386-819f53e1ae0c",
        "type": "message",
        "text": "sure, taht's a better solution..",
        "user": "WNF3P4B1V",
        "ts": "1575585337.134800",
        "team": "T86S8GHEG",
        "user_team": "T86S8GHEG",
        "source_team": "T86S8GHEG",
        "user_profile": {
            "avatar_hash": "6bc7f9ab3a13",
            "image_72": "https:\/\/avatars.slack-edge.com\/2020-02-13\/951731128196_6bc7f9ab3a1304557f3f_72.png",
            "first_name": "Di",
            "real_name": "Di Zhao",
            "display_name": "diz",
            "team": "T86S8GHEG",
            "name": "diz",
            "is_restricted": false,
            "is_ultra_restricted": false
        },
        "thread_ts": "1575584867.133200",
        "parent_user_id": "WNF3P4B1V"
    },
    {
        "client_msg_id": "4d9c2e67-f1b4-4af1-b8e6-e335bac855ed",
        "type": "message",
        "text": "particularly when developing using pyspark in a notebook, i cache a lot to speed up interactivity",
        "user": "W81HPGJTF",
        "ts": "1575585367.135000",
        "team": "T86S8GHEG",
        "user_team": "T86S8GHEG",
        "source_team": "T86S8GHEG",
        "user_profile": {
            "avatar_hash": "0da9567a6272",
            "image_72": "https:\/\/avatars.slack-edge.com\/2017-12-01\/279827564912_0da9567a62721a5401ab_72.jpg",
            "first_name": "Aaron",
            "real_name": "Aaron Gonzales",
            "display_name": "agonzales",
            "team": "T86S8GHEG",
            "name": "agonzales",
            "is_restricted": false,
            "is_ultra_restricted": false
        },
        "thread_ts": "1575584867.133200",
        "parent_user_id": "WNF3P4B1V"
    },
    {
        "client_msg_id": "8d5d60f3-160c-4b14-8419-f44958cd8d28",
        "type": "message",
        "text": "it’s really nice",
        "user": "W81HPGJTF",
        "ts": "1575585372.135200",
        "team": "T86S8GHEG",
        "user_team": "T86S8GHEG",
        "source_team": "T86S8GHEG",
        "user_profile": {
            "avatar_hash": "0da9567a6272",
            "image_72": "https:\/\/avatars.slack-edge.com\/2017-12-01\/279827564912_0da9567a62721a5401ab_72.jpg",
            "first_name": "Aaron",
            "real_name": "Aaron Gonzales",
            "display_name": "agonzales",
            "team": "T86S8GHEG",
            "name": "agonzales",
            "is_restricted": false,
            "is_ultra_restricted": false
        },
        "thread_ts": "1575584867.133200",
        "parent_user_id": "WNF3P4B1V"
    },
    {
        "client_msg_id": "32d17e34-b70f-4161-ad3c-918f7b3253e6",
        "type": "message",
        "text": "and over the course of development, as i encapsulate more and more logic into functions, i don’t cache as frequently",
        "user": "W81HPGJTF",
        "ts": "1575585400.135400",
        "team": "T86S8GHEG",
        "user_team": "T86S8GHEG",
        "source_team": "T86S8GHEG",
        "user_profile": {
            "avatar_hash": "0da9567a6272",
            "image_72": "https:\/\/avatars.slack-edge.com\/2017-12-01\/279827564912_0da9567a62721a5401ab_72.jpg",
            "first_name": "Aaron",
            "real_name": "Aaron Gonzales",
            "display_name": "agonzales",
            "team": "T86S8GHEG",
            "name": "agonzales",
            "is_restricted": false,
            "is_ultra_restricted": false
        },
        "thread_ts": "1575584867.133200",
        "parent_user_id": "WNF3P4B1V"
    },
    {
        "client_msg_id": "33a8f87a-50e2-4a90-8d10-84f5b17ace1e",
        "type": "message",
        "text": "yeah, that makes sense. I sometimes want to run a simple count and just print the results.",
        "user": "WNF3P4B1V",
        "ts": "1575585431.135600",
        "team": "T86S8GHEG",
        "user_team": "T86S8GHEG",
        "source_team": "T86S8GHEG",
        "user_profile": {
            "avatar_hash": "6bc7f9ab3a13",
            "image_72": "https:\/\/avatars.slack-edge.com\/2020-02-13\/951731128196_6bc7f9ab3a1304557f3f_72.png",
            "first_name": "Di",
            "real_name": "Di Zhao",
            "display_name": "diz",
            "team": "T86S8GHEG",
            "name": "diz",
            "is_restricted": false,
            "is_ultra_restricted": false
        },
        "thread_ts": "1575584867.133200",
        "parent_user_id": "WNF3P4B1V"
    },
    {
        "client_msg_id": "e97bf2f5-e719-4717-9bc5-93dede7d29ca",
        "type": "message",
        "text": "forgot I can just hold the value in a . variable",
        "user": "WNF3P4B1V",
        "ts": "1575585459.135800",
        "team": "T86S8GHEG",
        "user_team": "T86S8GHEG",
        "source_team": "T86S8GHEG",
        "user_profile": {
            "avatar_hash": "6bc7f9ab3a13",
            "image_72": "https:\/\/avatars.slack-edge.com\/2020-02-13\/951731128196_6bc7f9ab3a1304557f3f_72.png",
            "first_name": "Di",
            "real_name": "Di Zhao",
            "display_name": "diz",
            "team": "T86S8GHEG",
            "name": "diz",
            "is_restricted": false,
            "is_ultra_restricted": false
        },
        "thread_ts": "1575584867.133200",
        "parent_user_id": "WNF3P4B1V"
    },
    {
        "client_msg_id": "0ca95053-9fef-4c89-a992-a911215ee3c7",
        "type": "message",
        "text": "oh, right, and the last result should be in `_` in an interactive python session",
        "user": "W81HPGJTF",
        "ts": "1575585481.136000",
        "team": "T86S8GHEG",
        "user_team": "T86S8GHEG",
        "source_team": "T86S8GHEG",
        "user_profile": {
            "avatar_hash": "0da9567a6272",
            "image_72": "https:\/\/avatars.slack-edge.com\/2017-12-01\/279827564912_0da9567a62721a5401ab_72.jpg",
            "first_name": "Aaron",
            "real_name": "Aaron Gonzales",
            "display_name": "agonzales",
            "team": "T86S8GHEG",
            "name": "agonzales",
            "is_restricted": false,
            "is_ultra_restricted": false
        },
        "thread_ts": "1575584867.133200",
        "parent_user_id": "WNF3P4B1V"
    },
    {
        "client_msg_id": "be750d40-551a-4d2f-a72b-85c2ff9fcfc2",
        "type": "message",
        "text": "right",
        "user": "WNF3P4B1V",
        "ts": "1575585503.136200",
        "team": "T86S8GHEG",
        "user_team": "T86S8GHEG",
        "source_team": "T86S8GHEG",
        "user_profile": {
            "avatar_hash": "6bc7f9ab3a13",
            "image_72": "https:\/\/avatars.slack-edge.com\/2020-02-13\/951731128196_6bc7f9ab3a1304557f3f_72.png",
            "first_name": "Di",
            "real_name": "Di Zhao",
            "display_name": "diz",
            "team": "T86S8GHEG",
            "name": "diz",
            "is_restricted": false,
            "is_ultra_restricted": false
        },
        "thread_ts": "1575584867.133200",
        "parent_user_id": "WNF3P4B1V"
    },
    {
        "client_msg_id": "d011358c-eb04-4913-9c3c-aed9d418947b",
        "type": "message",
        "text": "the other issue of no progress bar is really annoying too",
        "user": "WNF3P4B1V",
        "ts": "1575585520.136400",
        "team": "T86S8GHEG",
        "user_team": "T86S8GHEG",
        "source_team": "T86S8GHEG",
        "user_profile": {
            "avatar_hash": "6bc7f9ab3a13",
            "image_72": "https:\/\/avatars.slack-edge.com\/2020-02-13\/951731128196_6bc7f9ab3a1304557f3f_72.png",
            "first_name": "Di",
            "real_name": "Di Zhao",
            "display_name": "diz",
            "team": "T86S8GHEG",
            "name": "diz",
            "is_restricted": false,
            "is_ultra_restricted": false
        },
        "thread_ts": "1575584867.133200",
        "parent_user_id": "WNF3P4B1V"
    },
    {
        "client_msg_id": "1ce7ad31-7ca3-4239-bb9b-e73de4f3c4b4",
        "type": "message",
        "text": "a lot of people use `tqdm` in their notebooks",
        "user": "W81HPGJTF",
        "ts": "1575585536.136600",
        "team": "T86S8GHEG",
        "user_team": "T86S8GHEG",
        "source_team": "T86S8GHEG",
        "user_profile": {
            "avatar_hash": "0da9567a6272",
            "image_72": "https:\/\/avatars.slack-edge.com\/2017-12-01\/279827564912_0da9567a62721a5401ab_72.jpg",
            "first_name": "Aaron",
            "real_name": "Aaron Gonzales",
            "display_name": "agonzales",
            "team": "T86S8GHEG",
            "name": "agonzales",
            "is_restricted": false,
            "is_ultra_restricted": false
        },
        "thread_ts": "1575584867.133200",
        "parent_user_id": "WNF3P4B1V"
    },
    {
        "client_msg_id": "8f3b9073-a312-456b-a582-902b173527fe",
        "type": "message",
        "text": "<https:\/\/tqdm.github.io\/>",
        "user": "W81HPGJTF",
        "ts": "1575585561.136800",
        "team": "T86S8GHEG",
        "user_team": "T86S8GHEG",
        "source_team": "T86S8GHEG",
        "user_profile": {
            "avatar_hash": "0da9567a6272",
            "image_72": "https:\/\/avatars.slack-edge.com\/2017-12-01\/279827564912_0da9567a62721a5401ab_72.jpg",
            "first_name": "Aaron",
            "real_name": "Aaron Gonzales",
            "display_name": "agonzales",
            "team": "T86S8GHEG",
            "name": "agonzales",
            "is_restricted": false,
            "is_ultra_restricted": false
        },
        "attachments": [
            {
                "title": "Home - tqdm documentation",
                "title_link": "https:\/\/tqdm.github.io\/",
                "text": "None",
                "fallback": "Home - tqdm documentation",
                "from_url": "https:\/\/tqdm.github.io\/",
                "service_icon": "https:\/\/raw.githubusercontent.com\/tqdm\/tqdm\/master\/images\/logo.gif",
                "service_name": "tqdm.github.io",
                "id": 1,
                "original_url": "https:\/\/tqdm.github.io\/"
            }
        ],
        "thread_ts": "1575584867.133200",
        "parent_user_id": "WNF3P4B1V"
    },
    {
        "client_msg_id": "bdfc5a62-1325-4b49-937d-fa59991ea801",
        "type": "message",
        "text": "there’s also the spark ui that you can use to see progress",
        "user": "W81HPGJTF",
        "ts": "1575585583.137100",
        "team": "T86S8GHEG",
        "user_team": "T86S8GHEG",
        "source_team": "T86S8GHEG",
        "user_profile": {
            "avatar_hash": "0da9567a6272",
            "image_72": "https:\/\/avatars.slack-edge.com\/2017-12-01\/279827564912_0da9567a62721a5401ab_72.jpg",
            "first_name": "Aaron",
            "real_name": "Aaron Gonzales",
            "display_name": "agonzales",
            "team": "T86S8GHEG",
            "name": "agonzales",
            "is_restricted": false,
            "is_ultra_restricted": false
        },
        "thread_ts": "1575584867.133200",
        "parent_user_id": "WNF3P4B1V"
    },
    {
        "client_msg_id": "8d704db3-8564-4572-a308-02c9ddd676dd",
        "type": "message",
        "text": "interesting..will try!",
        "user": "WNF3P4B1V",
        "ts": "1575585590.137300",
        "team": "T86S8GHEG",
        "user_team": "T86S8GHEG",
        "source_team": "T86S8GHEG",
        "user_profile": {
            "avatar_hash": "6bc7f9ab3a13",
            "image_72": "https:\/\/avatars.slack-edge.com\/2020-02-13\/951731128196_6bc7f9ab3a1304557f3f_72.png",
            "first_name": "Di",
            "real_name": "Di Zhao",
            "display_name": "diz",
            "team": "T86S8GHEG",
            "name": "diz",
            "is_restricted": false,
            "is_ultra_restricted": false
        },
        "thread_ts": "1575584867.133200",
        "parent_user_id": "WNF3P4B1V"
    },
    {
        "client_msg_id": "43ff71e0-990f-4b8c-b593-f917c52c5bc4",
        "type": "message",
        "text": "how do I get to the spark ui?",
        "user": "WNF3P4B1V",
        "ts": "1575585595.137500",
        "team": "T86S8GHEG",
        "user_team": "T86S8GHEG",
        "source_team": "T86S8GHEG",
        "user_profile": {
            "avatar_hash": "6bc7f9ab3a13",
            "image_72": "https:\/\/avatars.slack-edge.com\/2020-02-13\/951731128196_6bc7f9ab3a1304557f3f_72.png",
            "first_name": "Di",
            "real_name": "Di Zhao",
            "display_name": "diz",
            "team": "T86S8GHEG",
            "name": "diz",
            "is_restricted": false,
            "is_ultra_restricted": false
        },
        "thread_ts": "1575584867.133200",
        "parent_user_id": "WNF3P4B1V"
    },
    {
        "client_msg_id": "ba3dfc91-be77-4f5f-a494-ca77f4e113d0",
        "type": "message",
        "text": "there’s a few ways -",
        "user": "W81HPGJTF",
        "ts": "1575585629.137700",
        "team": "T86S8GHEG",
        "user_team": "T86S8GHEG",
        "source_team": "T86S8GHEG",
        "user_profile": {
            "avatar_hash": "0da9567a6272",
            "image_72": "https:\/\/avatars.slack-edge.com\/2017-12-01\/279827564912_0da9567a62721a5401ab_72.jpg",
            "first_name": "Aaron",
            "real_name": "Aaron Gonzales",
            "display_name": "agonzales",
            "team": "T86S8GHEG",
            "name": "agonzales",
            "is_restricted": false,
            "is_ultra_restricted": false
        },
        "thread_ts": "1575584867.133200",
        "parent_user_id": "WNF3P4B1V"
    },
    {
        "client_msg_id": "e8d0e3dd-9ed1-4f06-92ce-df9a2101bfa2",
        "type": "message",
        "text": "- `go\/rm\/diz`",
        "user": "W81HPGJTF",
        "ts": "1575585642.137900",
        "team": "T86S8GHEG",
        "user_team": "T86S8GHEG",
        "source_team": "T86S8GHEG",
        "user_profile": {
            "avatar_hash": "0da9567a6272",
            "image_72": "https:\/\/avatars.slack-edge.com\/2017-12-01\/279827564912_0da9567a62721a5401ab_72.jpg",
            "first_name": "Aaron",
            "real_name": "Aaron Gonzales",
            "display_name": "agonzales",
            "team": "T86S8GHEG",
            "name": "agonzales",
            "is_restricted": false,
            "is_ultra_restricted": false
        },
        "thread_ts": "1575584867.133200",
        "parent_user_id": "WNF3P4B1V"
    },
    {
        "client_msg_id": "d362ee51-8b13-44c7-b92c-08ece971cb1a",
        "type": "message",
        "text": "or it’s linked in the cluster.start() output",
        "user": "W81HPGJTF",
        "ts": "1575585659.138100",
        "team": "T86S8GHEG",
        "user_team": "T86S8GHEG",
        "source_team": "T86S8GHEG",
        "user_profile": {
            "avatar_hash": "0da9567a6272",
            "image_72": "https:\/\/avatars.slack-edge.com\/2017-12-01\/279827564912_0da9567a62721a5401ab_72.jpg",
            "first_name": "Aaron",
            "real_name": "Aaron Gonzales",
            "display_name": "agonzales",
            "team": "T86S8GHEG",
            "name": "agonzales",
            "is_restricted": false,
            "is_ultra_restricted": false
        },
        "thread_ts": "1575584867.133200",
        "parent_user_id": "WNF3P4B1V"
    },
    {
        "client_msg_id": "644d8112-392a-4f39-900b-9070ff0be5b5",
        "type": "message",
        "text": "qq - can we use scikit-learn on pycx?",
        "user": "W831R59TR",
        "ts": "1575587503.138700",
        "team": "T86S8GHEG",
        "user_team": "T86S8GHEG",
        "source_team": "T86S8GHEG",
        "user_profile": {
            "avatar_hash": "c9c830b49808",
            "image_72": "https:\/\/avatars.slack-edge.com\/2019-08-19\/733291915047_c9c830b498082ce08180_72.png",
            "first_name": "Vijay",
            "real_name": "Vijay Rajaram",
            "display_name": "vrajaram",
            "team": "T86S8GHEG",
            "name": "vrajaram",
            "is_restricted": false,
            "is_ultra_restricted": false
        },
        "thread_ts": "1575587503.138700",
        "reply_count": 22,
        "reply_users_count": 4,
        "latest_reply": "1575589238.143300",
        "reply_users": [
            "W81LS208J",
            "W81HPGJTF",
            "WBLV04XEK",
            "W831R59TR"
        ],
        "replies": [
            {
                "user": "W81LS208J",
                "ts": "1575587579.138800"
            },
            {
                "user": "W81HPGJTF",
                "ts": "1575587842.139000"
            },
            {
                "user": "W81HPGJTF",
                "ts": "1575587849.139200"
            },
            {
                "user": "W81HPGJTF",
                "ts": "1575587860.139400"
            },
            {
                "user": "W81LS208J",
                "ts": "1575587898.139600"
            },
            {
                "user": "W81LS208J",
                "ts": "1575587929.139800"
            },
            {
                "user": "W81HPGJTF",
                "ts": "1575588061.140000"
            },
            {
                "user": "W81HPGJTF",
                "ts": "1575588067.140200"
            },
            {
                "user": "W81LS208J",
                "ts": "1575588096.140400"
            },
            {
                "user": "WBLV04XEK",
                "ts": "1575588292.140600"
            },
            {
                "user": "W81HPGJTF",
                "ts": "1575588309.140900"
            },
            {
                "user": "W81LS208J",
                "ts": "1575588311.141100"
            },
            {
                "user": "W831R59TR",
                "ts": "1575588591.141300"
            },
            {
                "user": "W831R59TR",
                "ts": "1575588617.141500"
            },
            {
                "user": "W831R59TR",
                "ts": "1575588638.141700"
            },
            {
                "user": "WBLV04XEK",
                "ts": "1575588700.141900"
            },
            {
                "user": "W831R59TR",
                "ts": "1575588744.142100"
            },
            {
                "user": "WBLV04XEK",
                "ts": "1575588774.142300"
            },
            {
                "user": "W81HPGJTF",
                "ts": "1575588804.142500"
            },
            {
                "user": "W831R59TR",
                "ts": "1575588992.142900"
            },
            {
                "user": "W81LS208J",
                "ts": "1575589185.143100"
            },
            {
                "user": "WBLV04XEK",
                "ts": "1575589238.143300"
            }
        ],
        "subscribed": false
    },
    {
        "client_msg_id": "dcbd3199-b790-4ac5-8647-851b017a557f",
        "type": "message",
        "text": "Not now but very shortly. most likely by next week",
        "user": "W81LS208J",
        "ts": "1575587579.138800",
        "team": "T86S8GHEG",
        "user_team": "T86S8GHEG",
        "source_team": "T86S8GHEG",
        "user_profile": {
            "avatar_hash": "585c44555baf",
            "image_72": "https:\/\/avatars.slack-edge.com\/2018-03-23\/334679814401_585c44555baf50befc85_72.jpg",
            "first_name": "Kunal",
            "real_name": "Kunal Trivedi",
            "display_name": "ktrivedi",
            "team": "T86S8GHEG",
            "name": "ktrivedi",
            "is_restricted": false,
            "is_ultra_restricted": false
        },
        "thread_ts": "1575587503.138700",
        "parent_user_id": "W831R59TR"
    },
    {
        "client_msg_id": "d0830121-181a-4b2e-a515-65bda1349551",
        "type": "message",
        "text": "wait, yes, sklearn is installed",
        "user": "W81HPGJTF",
        "ts": "1575587842.139000",
        "team": "T86S8GHEG",
        "user_team": "T86S8GHEG",
        "source_team": "T86S8GHEG",
        "user_profile": {
            "avatar_hash": "0da9567a6272",
            "image_72": "https:\/\/avatars.slack-edge.com\/2017-12-01\/279827564912_0da9567a62721a5401ab_72.jpg",
            "first_name": "Aaron",
            "real_name": "Aaron Gonzales",
            "display_name": "agonzales",
            "team": "T86S8GHEG",
            "name": "agonzales",
            "is_restricted": false,
            "is_ultra_restricted": false
        },
        "thread_ts": "1575587503.138700",
        "parent_user_id": "W831R59TR"
    },
    {
        "client_msg_id": "e39b6bde-58da-4708-af34-c1a22c7419dd",
        "type": "message",
        "text": "you can use it",
        "user": "W81HPGJTF",
        "ts": "1575587849.139200",
        "team": "T86S8GHEG",
        "user_team": "T86S8GHEG",
        "source_team": "T86S8GHEG",
        "user_profile": {
            "avatar_hash": "0da9567a6272",
            "image_72": "https:\/\/avatars.slack-edge.com\/2017-12-01\/279827564912_0da9567a62721a5401ab_72.jpg",
            "first_name": "Aaron",
            "real_name": "Aaron Gonzales",
            "display_name": "agonzales",
            "team": "T86S8GHEG",
            "name": "agonzales",
            "is_restricted": false,
            "is_ultra_restricted": false
        },
        "thread_ts": "1575587503.138700",
        "parent_user_id": "W831R59TR"
    },
    {
        "client_msg_id": "df3f5a70-2318-434f-b091-2dd6b300d088",
        "type": "message",
        "text": "there isn’t a good scheduling mechanism for it",
        "user": "W81HPGJTF",
        "ts": "1575587860.139400",
        "team": "T86S8GHEG",
        "user_team": "T86S8GHEG",
        "source_team": "T86S8GHEG",
        "user_profile": {
            "avatar_hash": "0da9567a6272",
            "image_72": "https:\/\/avatars.slack-edge.com\/2017-12-01\/279827564912_0da9567a62721a5401ab_72.jpg",
            "first_name": "Aaron",
            "real_name": "Aaron Gonzales",
            "display_name": "agonzales",
            "team": "T86S8GHEG",
            "name": "agonzales",
            "is_restricted": false,
            "is_ultra_restricted": false
        },
        "thread_ts": "1575587503.138700",
        "parent_user_id": "W831R59TR"
    },
    {
        "client_msg_id": "9e786c5e-3a27-4516-9b2b-350a9584b96e",
        "type": "message",
        "text": "You mean scikit-learn is part of `Numpy` virtual environment ?",
        "user": "W81LS208J",
        "ts": "1575587898.139600",
        "team": "T86S8GHEG",
        "user_team": "T86S8GHEG",
        "source_team": "T86S8GHEG",
        "user_profile": {
            "avatar_hash": "585c44555baf",
            "image_72": "https:\/\/avatars.slack-edge.com\/2018-03-23\/334679814401_585c44555baf50befc85_72.jpg",
            "first_name": "Kunal",
            "real_name": "Kunal Trivedi",
            "display_name": "ktrivedi",
            "team": "T86S8GHEG",
            "name": "ktrivedi",
            "is_restricted": false,
            "is_ultra_restricted": false
        },
        "thread_ts": "1575587503.138700",
        "parent_user_id": "W831R59TR"
    },
    {
        "client_msg_id": "936f071d-d9be-49fd-9071-3ffcb94431f7",
        "type": "message",
        "text": "Unless someone had pushed that virtual environment in last 3 weeks (I have under my username) i don’t think it is there",
        "user": "W81LS208J",
        "ts": "1575587929.139800",
        "team": "T86S8GHEG",
        "user_team": "T86S8GHEG",
        "source_team": "T86S8GHEG",
        "user_profile": {
            "avatar_hash": "585c44555baf",
            "image_72": "https:\/\/avatars.slack-edge.com\/2018-03-23\/334679814401_585c44555baf50befc85_72.jpg",
            "first_name": "Kunal",
            "real_name": "Kunal Trivedi",
            "display_name": "ktrivedi",
            "team": "T86S8GHEG",
            "name": "ktrivedi",
            "is_restricted": false,
            "is_ultra_restricted": false
        },
        "thread_ts": "1575587503.138700",
        "parent_user_id": "W831R59TR"
    },
    {
        "client_msg_id": "acc396d1-9d1f-4ff5-ba39-203302ef16b8",
        "type": "message",
        "text": "no, it’s in 3rdpary",
        "user": "W81HPGJTF",
        "ts": "1575588061.140000",
        "team": "T86S8GHEG",
        "user_team": "T86S8GHEG",
        "source_team": "T86S8GHEG",
        "user_profile": {
            "avatar_hash": "0da9567a6272",
            "image_72": "https:\/\/avatars.slack-edge.com\/2017-12-01\/279827564912_0da9567a62721a5401ab_72.jpg",
            "first_name": "Aaron",
            "real_name": "Aaron Gonzales",
            "display_name": "agonzales",
            "team": "T86S8GHEG",
            "name": "agonzales",
            "is_restricted": false,
            "is_ultra_restricted": false
        },
        "thread_ts": "1575587503.138700",
        "parent_user_id": "W831R59TR"
    },
    {
        "client_msg_id": "0666944e-9a15-4d28-a99c-a3d80c8e1c88",
        "type": "message",
        "text": "i’ve used it a bunch on pycx",
        "user": "W81HPGJTF",
        "ts": "1575588067.140200",
        "team": "T86S8GHEG",
        "user_team": "T86S8GHEG",
        "source_team": "T86S8GHEG",
        "user_profile": {
            "avatar_hash": "0da9567a6272",
            "image_72": "https:\/\/avatars.slack-edge.com\/2017-12-01\/279827564912_0da9567a62721a5401ab_72.jpg",
            "first_name": "Aaron",
            "real_name": "Aaron Gonzales",
            "display_name": "agonzales",
            "team": "T86S8GHEG",
            "name": "agonzales",
            "is_restricted": false,
            "is_ultra_restricted": false
        },
        "thread_ts": "1575587503.138700",
        "parent_user_id": "W831R59TR"
    },
    {
        "client_msg_id": "d6887aab-ab67-412f-a935-3017863b6a96",
        "type": "message",
        "text": "Not sure how that would work. scikit, similar to Numpy has architecture dependent libs (.so)",
        "user": "W81LS208J",
        "ts": "1575588096.140400",
        "team": "T86S8GHEG",
        "user_team": "T86S8GHEG",
        "source_team": "T86S8GHEG",
        "user_profile": {
            "avatar_hash": "585c44555baf",
            "image_72": "https:\/\/avatars.slack-edge.com\/2018-03-23\/334679814401_585c44555baf50befc85_72.jpg",
            "first_name": "Kunal",
            "real_name": "Kunal Trivedi",
            "display_name": "ktrivedi",
            "team": "T86S8GHEG",
            "name": "ktrivedi",
            "is_restricted": false,
            "is_ultra_restricted": false
        },
        "thread_ts": "1575587503.138700",
        "parent_user_id": "W831R59TR"
    },
    {
        "client_msg_id": "1d4393f8-bcdc-4ed0-822b-92627073410b",
        "type": "message",
        "text": "I’ve used numpy too. I just can’t use it as a python udf because it’s not available in the executors",
        "user": "WBLV04XEK",
        "ts": "1575588292.140600",
        "team": "T86S8GHEG",
        "user_team": "T86S8GHEG",
        "source_team": "T86S8GHEG",
        "user_profile": {
            "avatar_hash": "a8d9557a675d",
            "image_72": "https:\/\/avatars.slack-edge.com\/2018-09-10\/434343469334_a8d9557a675daa533873_72.jpg",
            "first_name": "Sayan",
            "real_name": "Sayan Sanyal",
            "display_name": "ssanyal",
            "team": "T86S8GHEG",
            "name": "ssanyal",
            "is_restricted": false,
            "is_ultra_restricted": false
        },
        "edited": {
            "user": "WBLV04XEK",
            "ts": "1575588302.000000"
        },
        "thread_ts": "1575587503.138700",
        "parent_user_id": "W831R59TR"
    },
    {
        "client_msg_id": "a2f20853-5b4c-420c-b9d5-a6a39ece2f06",
        "type": "message",
        "text": "correct, you cannot use it on pyspark",
        "user": "W81HPGJTF",
        "ts": "1575588309.140900",
        "team": "T86S8GHEG",
        "user_team": "T86S8GHEG",
        "source_team": "T86S8GHEG",
        "user_profile": {
            "avatar_hash": "0da9567a6272",
            "image_72": "https:\/\/avatars.slack-edge.com\/2017-12-01\/279827564912_0da9567a62721a5401ab_72.jpg",
            "first_name": "Aaron",
            "real_name": "Aaron Gonzales",
            "display_name": "agonzales",
            "team": "T86S8GHEG",
            "name": "agonzales",
            "is_restricted": false,
            "is_ultra_restricted": false
        },
        "thread_ts": "1575587503.138700",
        "parent_user_id": "W831R59TR"
    },
    {
        "client_msg_id": "13051f49-5ef9-4014-8281-55a80b3c7bbe",
        "type": "message",
        "text": "== ^^",
        "user": "W81LS208J",
        "ts": "1575588311.141100",
        "team": "T86S8GHEG",
        "user_team": "T86S8GHEG",
        "source_team": "T86S8GHEG",
        "user_profile": {
            "avatar_hash": "585c44555baf",
            "image_72": "https:\/\/avatars.slack-edge.com\/2018-03-23\/334679814401_585c44555baf50befc85_72.jpg",
            "first_name": "Kunal",
            "real_name": "Kunal Trivedi",
            "display_name": "ktrivedi",
            "team": "T86S8GHEG",
            "name": "ktrivedi",
            "is_restricted": false,
            "is_ultra_restricted": false
        },
        "thread_ts": "1575587503.138700",
        "parent_user_id": "W831R59TR"
    },
    {
        "client_msg_id": "a62cf14b-255d-43df-a2cd-10ff8c251ddc",
        "type": "message",
        "text": "sorry not following",
        "user": "W831R59TR",
        "ts": "1575588591.141300",
        "team": "T86S8GHEG",
        "user_team": "T86S8GHEG",
        "source_team": "T86S8GHEG",
        "user_profile": {
            "avatar_hash": "c9c830b49808",
            "image_72": "https:\/\/avatars.slack-edge.com\/2019-08-19\/733291915047_c9c830b498082ce08180_72.png",
            "first_name": "Vijay",
            "real_name": "Vijay Rajaram",
            "display_name": "vrajaram",
            "team": "T86S8GHEG",
            "name": "vrajaram",
            "is_restricted": false,
            "is_ultra_restricted": false
        },
        "thread_ts": "1575587503.138700",
        "parent_user_id": "W831R59TR"
    },
    {
        "client_msg_id": "f824b90e-4432-4545-ae5f-cc2e6fb49c90",
        "type": "message",
        "text": "what does not using it on pyspark mean?",
        "user": "W831R59TR",
        "ts": "1575588617.141500",
        "team": "T86S8GHEG",
        "user_team": "T86S8GHEG",
        "source_team": "T86S8GHEG",
        "user_profile": {
            "avatar_hash": "c9c830b49808",
            "image_72": "https:\/\/avatars.slack-edge.com\/2019-08-19\/733291915047_c9c830b498082ce08180_72.png",
            "first_name": "Vijay",
            "real_name": "Vijay Rajaram",
            "display_name": "vrajaram",
            "team": "T86S8GHEG",
            "name": "vrajaram",
            "is_restricted": false,
            "is_ultra_restricted": false
        },
        "thread_ts": "1575587503.138700",
        "parent_user_id": "W831R59TR"
    },
    {
        "client_msg_id": "e3945d65-1345-4d00-bd1f-bbf84860f9c1",
        "type": "message",
        "text": "could I load some data from HDFS and use scikit learn with pycx?",
        "user": "W831R59TR",
        "ts": "1575588638.141700",
        "team": "T86S8GHEG",
        "user_team": "T86S8GHEG",
        "source_team": "T86S8GHEG",
        "user_profile": {
            "avatar_hash": "c9c830b49808",
            "image_72": "https:\/\/avatars.slack-edge.com\/2019-08-19\/733291915047_c9c830b498082ce08180_72.png",
            "first_name": "Vijay",
            "real_name": "Vijay Rajaram",
            "display_name": "vrajaram",
            "team": "T86S8GHEG",
            "name": "vrajaram",
            "is_restricted": false,
            "is_ultra_restricted": false
        },
        "thread_ts": "1575587503.138700",
        "parent_user_id": "W831R59TR"
    },
    {
        "client_msg_id": "45bbfe1a-3822-4886-ae90-90b8a3354d4c",
        "type": "message",
        "text": "As long as it’s on the same machine, yes. But if you want to create a python udf that you are executing in a distributed manner over a pyspark dataframe, you can’t. But if you read data off HDFS and then load it into memory or disk, use sklearn how much ever you want",
        "user": "WBLV04XEK",
        "ts": "1575588700.141900",
        "team": "T86S8GHEG",
        "user_team": "T86S8GHEG",
        "source_team": "T86S8GHEG",
        "user_profile": {
            "avatar_hash": "a8d9557a675d",
            "image_72": "https:\/\/avatars.slack-edge.com\/2018-09-10\/434343469334_a8d9557a675daa533873_72.jpg",
            "first_name": "Sayan",
            "real_name": "Sayan Sanyal",
            "display_name": "ssanyal",
            "team": "T86S8GHEG",
            "name": "ssanyal",
            "is_restricted": false,
            "is_ultra_restricted": false
        },
        "thread_ts": "1575587503.138700",
        "parent_user_id": "W831R59TR"
    },
    {
        "client_msg_id": "a0339888-9c20-4db6-af80-c4745946113a",
        "type": "message",
        "text": "i see. what’s the best way to load data off HDFS and read it into some in-memory representation that sklearn can use?",
        "user": "W831R59TR",
        "ts": "1575588744.142100",
        "team": "T86S8GHEG",
        "user_team": "T86S8GHEG",
        "source_team": "T86S8GHEG",
        "user_profile": {
            "avatar_hash": "c9c830b49808",
            "image_72": "https:\/\/avatars.slack-edge.com\/2019-08-19\/733291915047_c9c830b498082ce08180_72.png",
            "first_name": "Vijay",
            "real_name": "Vijay Rajaram",
            "display_name": "vrajaram",
            "team": "T86S8GHEG",
            "name": "vrajaram",
            "is_restricted": false,
            "is_ultra_restricted": false
        },
        "thread_ts": "1575587503.138700",
        "parent_user_id": "W831R59TR"
    },
    {
        "client_msg_id": "fde8188b-8926-4def-963b-b0d09960d0de",
        "type": "message",
        "text": "pyspark! :slightly_smiling_face: Just use `.toPandas()` and then do what you need",
        "user": "WBLV04XEK",
        "ts": "1575588774.142300",
        "team": "T86S8GHEG",
        "user_team": "T86S8GHEG",
        "source_team": "T86S8GHEG",
        "user_profile": {
            "avatar_hash": "a8d9557a675d",
            "image_72": "https:\/\/avatars.slack-edge.com\/2018-09-10\/434343469334_a8d9557a675daa533873_72.jpg",
            "first_name": "Sayan",
            "real_name": "Sayan Sanyal",
            "display_name": "ssanyal",
            "team": "T86S8GHEG",
            "name": "ssanyal",
            "is_restricted": false,
            "is_ultra_restricted": false
        },
        "thread_ts": "1575587503.138700",
        "parent_user_id": "W831R59TR"
    },
    {
        "client_msg_id": "0440383d-2baf-4638-8c42-2949a7474491",
        "type": "message",
        "text": "you can use a number of things, `best` is a bit relative. a lot of us use pyspark -&gt; pandas for an in-memory representation. you can also use presto -&gt; pandas.",
        "user": "W81HPGJTF",
        "ts": "1575588804.142500",
        "team": "T86S8GHEG",
        "user_team": "T86S8GHEG",
        "source_team": "T86S8GHEG",
        "user_profile": {
            "avatar_hash": "0da9567a6272",
            "image_72": "https:\/\/avatars.slack-edge.com\/2017-12-01\/279827564912_0da9567a62721a5401ab_72.jpg",
            "first_name": "Aaron",
            "real_name": "Aaron Gonzales",
            "display_name": "agonzales",
            "team": "T86S8GHEG",
            "name": "agonzales",
            "is_restricted": false,
            "is_ultra_restricted": false
        },
        "thread_ts": "1575587503.138700",
        "parent_user_id": "W831R59TR",
        "reactions": [
            {
                "name": "point_up",
                "users": [
                    "WBLV04XEK",
                    "WACKZFHJN"
                ],
                "count": 2
            }
        ]
    },
    {
        "client_msg_id": "22f74e09-2cef-4f06-ac9e-b7a980c7730f",
        "type": "message",
        "text": "cool! I don’t have my data in presto but pyspark should work. what’s the equivalent of `TypedText.csv[(Long, Long, Boolean)](s\"MY_PATH\")` with pyspark?",
        "user": "W831R59TR",
        "ts": "1575588992.142900",
        "team": "T86S8GHEG",
        "user_team": "T86S8GHEG",
        "source_team": "T86S8GHEG",
        "user_profile": {
            "avatar_hash": "c9c830b49808",
            "image_72": "https:\/\/avatars.slack-edge.com\/2019-08-19\/733291915047_c9c830b498082ce08180_72.png",
            "first_name": "Vijay",
            "real_name": "Vijay Rajaram",
            "display_name": "vrajaram",
            "team": "T86S8GHEG",
            "name": "vrajaram",
            "is_restricted": false,
            "is_ultra_restricted": false
        },
        "thread_ts": "1575587503.138700",
        "parent_user_id": "W831R59TR"
    },
    {
        "client_msg_id": "54d87263-dbdd-414d-b0bd-7b134bf9e6a7",
        "type": "message",
        "text": "Scalding’s abstraction is `TypedPipe` which is what you are getting as a return value.. In Spark that abstraction could be `RDD` or `DataFrame`.. It might be a good idea to read some examples on go\/pycx as well as on google to get a better grip at this.\nCurrently we are not providing any documentation around how to convert Scalding code to PySpark\/Spark",
        "user": "W81LS208J",
        "ts": "1575589185.143100",
        "team": "T86S8GHEG",
        "user_team": "T86S8GHEG",
        "source_team": "T86S8GHEG",
        "user_profile": {
            "avatar_hash": "585c44555baf",
            "image_72": "https:\/\/avatars.slack-edge.com\/2018-03-23\/334679814401_585c44555baf50befc85_72.jpg",
            "first_name": "Kunal",
            "real_name": "Kunal Trivedi",
            "display_name": "ktrivedi",
            "team": "T86S8GHEG",
            "name": "ktrivedi",
            "is_restricted": false,
            "is_ultra_restricted": false
        },
        "thread_ts": "1575587503.138700",
        "parent_user_id": "W831R59TR",
        "reactions": [
            {
                "name": "ack2",
                "users": [
                    "W831R59TR"
                ],
                "count": 1
            }
        ]
    },
    {
        "client_msg_id": "794aa516-bca0-47e1-93f2-985632923d5d",
        "type": "message",
        "text": "This maybe useful, examples in the docstring. <https:\/\/spark.apache.org\/docs\/latest\/api\/python\/pyspark.sql.html?highlight=read%20csv#pyspark.sql.DataFrameReader.csv>. The `inferSchema` works usually and you can use the session variables returned from the spark cluster. So something like ```sql = cluster.get_sql_context() \ndf = sql.read.csv(MY_PATH).toPandas()```",
        "user": "WBLV04XEK",
        "ts": "1575589238.143300",
        "team": "T86S8GHEG",
        "user_team": "T86S8GHEG",
        "source_team": "T86S8GHEG",
        "user_profile": {
            "avatar_hash": "a8d9557a675d",
            "image_72": "https:\/\/avatars.slack-edge.com\/2018-09-10\/434343469334_a8d9557a675daa533873_72.jpg",
            "first_name": "Sayan",
            "real_name": "Sayan Sanyal",
            "display_name": "ssanyal",
            "team": "T86S8GHEG",
            "name": "ssanyal",
            "is_restricted": false,
            "is_ultra_restricted": false
        },
        "thread_ts": "1575587503.138700",
        "parent_user_id": "W831R59TR",
        "reactions": [
            {
                "name": "ack2",
                "users": [
                    "W831R59TR"
                ],
                "count": 1
            },
            {
                "name": "100",
                "users": [
                    "W831R59TR"
                ],
                "count": 1
            }
        ]
    },
    {
        "client_msg_id": "a3bdf5a5-2b9c-4009-9d7f-158d0c058f40",
        "type": "message",
        "text": "Hi <@WBLV04XEK> <@W81HPGJTF> <@WNF3P4B1V> working on the plan with Kris, hopefully we can get this issue fixed soon. keep you posted. :raised_hands:",
        "user": "W81Q1B9JN",
        "ts": "1575589707.143500",
        "team": "T86S8GHEG",
        "user_team": "T86S8GHEG",
        "source_team": "T86S8GHEG",
        "user_profile": {
            "avatar_hash": "8924a5b42871",
            "image_72": "https:\/\/avatars.slack-edge.com\/2019-01-17\/527591259879_8924a5b42871bc0e3429_72.jpg",
            "first_name": "Fred",
            "real_name": "Fred Dai",
            "display_name": "fdai",
            "team": "T86S8GHEG",
            "name": "fdai",
            "is_restricted": false,
            "is_ultra_restricted": false
        },
        "thread_ts": "1575584867.133200",
        "parent_user_id": "WNF3P4B1V",
        "reactions": [
            {
                "name": "+1",
                "users": [
                    "WBLV04XEK",
                    "WNF3P4B1V"
                ],
                "count": 2
            }
        ]
    }
]