[
    {
        "client_msg_id": "d7cc1c67-142f-40d5-9f54-16b94999a20b",
        "type": "message",
        "text": ":eyes:",
        "user": "WLD0VBYAG",
        "ts": "1552661766.156500",
        "team": "T86S8GHEG",
        "user_team": "T86S8GHEG",
        "source_team": "T86S8GHEG",
        "user_profile": {
            "avatar_hash": "05628168650a",
            "image_72": "https:\/\/avatars.slack-edge.com\/2018-04-26\/354229354194_05628168650a9d6705d7_72.jpg",
            "first_name": "Samuel",
            "real_name": "Samuel Ngahane",
            "display_name": "sngahane",
            "team": "T86S8GHEG",
            "name": "sngahane",
            "is_restricted": false,
            "is_ultra_restricted": false
        },
        "thread_ts": "1552606536.156300",
        "parent_user_id": "W8202284V"
    },
    {
        "client_msg_id": "f9b99500-8b88-4b07-95dc-d32b8444e69e",
        "type": "message",
        "text": "I don’t know what your `spark_session` variable is but I assume it’s the result of: `cluster.start()`",
        "user": "WLD0VBYAG",
        "ts": "1552661882.156700",
        "team": "T86S8GHEG",
        "user_team": "T86S8GHEG",
        "source_team": "T86S8GHEG",
        "user_profile": {
            "avatar_hash": "05628168650a",
            "image_72": "https:\/\/avatars.slack-edge.com\/2018-04-26\/354229354194_05628168650a9d6705d7_72.jpg",
            "first_name": "Samuel",
            "real_name": "Samuel Ngahane",
            "display_name": "sngahane",
            "team": "T86S8GHEG",
            "name": "sngahane",
            "is_restricted": false,
            "is_ultra_restricted": false
        },
        "thread_ts": "1552606536.156300",
        "parent_user_id": "W8202284V"
    },
    {
        "client_msg_id": "b19290dd-5798-47b8-b234-44342568c376",
        "type": "message",
        "text": "<http:\/\/nbviewer.prod.nbviewer.service.atla.twitter.com\/url\/ton-staging.smf1.twitter.com\/notebooks\/sngahane\/another-one\/2019-03-15_15-00-13\/another-one.ipynb>",
        "user": "WLD0VBYAG",
        "ts": "1552662038.156900",
        "team": "T86S8GHEG",
        "user_team": "T86S8GHEG",
        "source_team": "T86S8GHEG",
        "user_profile": {
            "avatar_hash": "05628168650a",
            "image_72": "https:\/\/avatars.slack-edge.com\/2018-04-26\/354229354194_05628168650a9d6705d7_72.jpg",
            "first_name": "Samuel",
            "real_name": "Samuel Ngahane",
            "display_name": "sngahane",
            "team": "T86S8GHEG",
            "name": "sngahane",
            "is_restricted": false,
            "is_ultra_restricted": false
        },
        "thread_ts": "1552606536.156300",
        "parent_user_id": "W8202284V"
    },
    {
        "client_msg_id": "ebbcd8f0-0911-4df6-a47b-3de32cc53705",
        "type": "message",
        "text": "The toy example works for me, do you mind sharing your notebook?",
        "user": "WLD0VBYAG",
        "ts": "1552662067.157100",
        "team": "T86S8GHEG",
        "user_team": "T86S8GHEG",
        "source_team": "T86S8GHEG",
        "user_profile": {
            "avatar_hash": "05628168650a",
            "image_72": "https:\/\/avatars.slack-edge.com\/2018-04-26\/354229354194_05628168650a9d6705d7_72.jpg",
            "first_name": "Samuel",
            "real_name": "Samuel Ngahane",
            "display_name": "sngahane",
            "team": "T86S8GHEG",
            "name": "sngahane",
            "is_restricted": false,
            "is_ultra_restricted": false
        },
        "thread_ts": "1552606536.156300",
        "parent_user_id": "W8202284V"
    },
    {
        "client_msg_id": "a13b1f32-9d63-41e4-86cd-d7c06f2b8e5e",
        "type": "message",
        "text": "interesting",
        "user": "W8202284V",
        "ts": "1552665497.157300",
        "team": "T86S8GHEG",
        "user_team": "T86S8GHEG",
        "source_team": "T86S8GHEG",
        "user_profile": {
            "avatar_hash": "1bc663e315f6",
            "image_72": "https:\/\/avatars.slack-edge.com\/2018-01-04\/294581279125_1bc663e315f6a36a9742_72.jpg",
            "first_name": "Nimalan",
            "real_name": "Nimalan Mahendran",
            "display_name": "nimalan",
            "team": "T86S8GHEG",
            "name": "nimalan",
            "is_restricted": false,
            "is_ultra_restricted": false
        },
        "thread_ts": "1552606536.156300",
        "parent_user_id": "W8202284V"
    },
    {
        "client_msg_id": "4af0f967-a58e-4e21-b01b-b6d8d59abc63",
        "type": "message",
        "text": "i removed that stuff from my notebook.. i’ll recreate a notebook to repro the issue and share that",
        "user": "W8202284V",
        "ts": "1552665547.157500",
        "team": "T86S8GHEG",
        "user_team": "T86S8GHEG",
        "source_team": "T86S8GHEG",
        "user_profile": {
            "avatar_hash": "1bc663e315f6",
            "image_72": "https:\/\/avatars.slack-edge.com\/2018-01-04\/294581279125_1bc663e315f6a36a9742_72.jpg",
            "first_name": "Nimalan",
            "real_name": "Nimalan Mahendran",
            "display_name": "nimalan",
            "team": "T86S8GHEG",
            "name": "nimalan",
            "is_restricted": false,
            "is_ultra_restricted": false
        },
        "thread_ts": "1552606536.156300",
        "parent_user_id": "W8202284V"
    },
    {
        "client_msg_id": "a437c93d-e0f3-4e55-9247-b4c0700e4663",
        "type": "message",
        "text": "sounds good :thumbsup::skin-tone-4:",
        "user": "WLD0VBYAG",
        "ts": "1552665597.157700",
        "team": "T86S8GHEG",
        "user_team": "T86S8GHEG",
        "source_team": "T86S8GHEG",
        "user_profile": {
            "avatar_hash": "05628168650a",
            "image_72": "https:\/\/avatars.slack-edge.com\/2018-04-26\/354229354194_05628168650a9d6705d7_72.jpg",
            "first_name": "Samuel",
            "real_name": "Samuel Ngahane",
            "display_name": "sngahane",
            "team": "T86S8GHEG",
            "name": "sngahane",
            "is_restricted": false,
            "is_ultra_restricted": false
        },
        "thread_ts": "1552606536.156300",
        "parent_user_id": "W8202284V"
    },
    {
        "client_msg_id": "b2bb9066-3a62-4600-b045-4528e89f01f7",
        "type": "message",
        "text": "here’s the repro notebook: <http:\/\/nbviewer.prod.nbviewer.service.atla.twitter.com\/url\/ton-staging.smf1.twitter.com\/notebooks\/nimalan\/Repro_pyspark_issues\/2019-03-15_16-06-45\/Repro_pyspark_issues.ipynb>",
        "user": "W8202284V",
        "ts": "1552666036.157900",
        "team": "T86S8GHEG",
        "user_team": "T86S8GHEG",
        "source_team": "T86S8GHEG",
        "user_profile": {
            "avatar_hash": "1bc663e315f6",
            "image_72": "https:\/\/avatars.slack-edge.com\/2018-01-04\/294581279125_1bc663e315f6a36a9742_72.jpg",
            "first_name": "Nimalan",
            "real_name": "Nimalan Mahendran",
            "display_name": "nimalan",
            "team": "T86S8GHEG",
            "name": "nimalan",
            "is_restricted": false,
            "is_ultra_restricted": false
        },
        "thread_ts": "1552606536.156300",
        "parent_user_id": "W8202284V"
    },
    {
        "client_msg_id": "b6d554de-66e8-4a8a-93f8-be30762c5a1d",
        "type": "message",
        "text": "why do you need the first cell?",
        "user": "WLD0VBYAG",
        "ts": "1552666740.158100",
        "team": "T86S8GHEG",
        "user_team": "T86S8GHEG",
        "source_team": "T86S8GHEG",
        "user_profile": {
            "avatar_hash": "05628168650a",
            "image_72": "https:\/\/avatars.slack-edge.com\/2018-04-26\/354229354194_05628168650a9d6705d7_72.jpg",
            "first_name": "Samuel",
            "real_name": "Samuel Ngahane",
            "display_name": "sngahane",
            "team": "T86S8GHEG",
            "name": "sngahane",
            "is_restricted": false,
            "is_ultra_restricted": false
        },
        "thread_ts": "1552606536.156300",
        "parent_user_id": "W8202284V"
    },
    {
        "client_msg_id": "a2ae23c6-bd55-42bb-9c8c-fc9fd3af501f",
        "type": "message",
        "text": "making sure that if i had a spark cluster, that it is stopped",
        "user": "W8202284V",
        "ts": "1552666869.158300",
        "team": "T86S8GHEG",
        "user_team": "T86S8GHEG",
        "source_team": "T86S8GHEG",
        "user_profile": {
            "avatar_hash": "1bc663e315f6",
            "image_72": "https:\/\/avatars.slack-edge.com\/2018-01-04\/294581279125_1bc663e315f6a36a9742_72.jpg",
            "first_name": "Nimalan",
            "real_name": "Nimalan Mahendran",
            "display_name": "nimalan",
            "team": "T86S8GHEG",
            "name": "nimalan",
            "is_restricted": false,
            "is_ultra_restricted": false
        },
        "thread_ts": "1552606536.156300",
        "parent_user_id": "W8202284V"
    },
    {
        "client_msg_id": "de83c248-a7a6-4cf7-b631-4ff196e44a5c",
        "type": "message",
        "text": "hmm le tme see what happens when i remove it",
        "user": "W8202284V",
        "ts": "1552666876.158500",
        "team": "T86S8GHEG",
        "user_team": "T86S8GHEG",
        "source_team": "T86S8GHEG",
        "user_profile": {
            "avatar_hash": "1bc663e315f6",
            "image_72": "https:\/\/avatars.slack-edge.com\/2018-01-04\/294581279125_1bc663e315f6a36a9742_72.jpg",
            "first_name": "Nimalan",
            "real_name": "Nimalan Mahendran",
            "display_name": "nimalan",
            "team": "T86S8GHEG",
            "name": "nimalan",
            "is_restricted": false,
            "is_ultra_restricted": false
        },
        "thread_ts": "1552606536.156300",
        "parent_user_id": "W8202284V"
    },
    {
        "client_msg_id": "9f9acc5b-fe90-4404-b5a7-f86031a6ff39",
        "type": "message",
        "text": "just tried and it fails for me",
        "user": "WLD0VBYAG",
        "ts": "1552666943.158700",
        "team": "T86S8GHEG",
        "user_team": "T86S8GHEG",
        "source_team": "T86S8GHEG",
        "user_profile": {
            "avatar_hash": "05628168650a",
            "image_72": "https:\/\/avatars.slack-edge.com\/2018-04-26\/354229354194_05628168650a9d6705d7_72.jpg",
            "first_name": "Samuel",
            "real_name": "Samuel Ngahane",
            "display_name": "sngahane",
            "team": "T86S8GHEG",
            "name": "sngahane",
            "is_restricted": false,
            "is_ultra_restricted": false
        },
        "thread_ts": "1552606536.156300",
        "parent_user_id": "W8202284V"
    },
    {
        "client_msg_id": "38b76b6c-bf08-4c1a-a047-67b7ff1e8cb7",
        "type": "message",
        "text": "that’s where you error is",
        "user": "WLD0VBYAG",
        "ts": "1552666946.158900",
        "team": "T86S8GHEG",
        "user_team": "T86S8GHEG",
        "source_team": "T86S8GHEG",
        "user_profile": {
            "avatar_hash": "05628168650a",
            "image_72": "https:\/\/avatars.slack-edge.com\/2018-04-26\/354229354194_05628168650a9d6705d7_72.jpg",
            "first_name": "Samuel",
            "real_name": "Samuel Ngahane",
            "display_name": "sngahane",
            "team": "T86S8GHEG",
            "name": "sngahane",
            "is_restricted": false,
            "is_ultra_restricted": false
        },
        "thread_ts": "1552606536.156300",
        "parent_user_id": "W8202284V"
    },
    {
        "client_msg_id": "d406d151-1408-4bf0-827a-eb9ed7ffcaee",
        "type": "message",
        "text": "there is probably a better way of making sure you don’t have a cluster running already",
        "user": "WLD0VBYAG",
        "ts": "1552666963.159100",
        "team": "T86S8GHEG",
        "user_team": "T86S8GHEG",
        "source_team": "T86S8GHEG",
        "user_profile": {
            "avatar_hash": "05628168650a",
            "image_72": "https:\/\/avatars.slack-edge.com\/2018-04-26\/354229354194_05628168650a9d6705d7_72.jpg",
            "first_name": "Samuel",
            "real_name": "Samuel Ngahane",
            "display_name": "sngahane",
            "team": "T86S8GHEG",
            "name": "sngahane",
            "is_restricted": false,
            "is_ultra_restricted": false
        },
        "thread_ts": "1552606536.156300",
        "parent_user_id": "W8202284V"
    },
    {
        "client_msg_id": "71bf3e70-764b-47b8-96a3-28f1e9dadc5f",
        "type": "message",
        "text": "but that’s beyond my paygrade :stuck_out_tongue:",
        "user": "WLD0VBYAG",
        "ts": "1552666984.159300",
        "team": "T86S8GHEG",
        "user_team": "T86S8GHEG",
        "source_team": "T86S8GHEG",
        "user_profile": {
            "avatar_hash": "05628168650a",
            "image_72": "https:\/\/avatars.slack-edge.com\/2018-04-26\/354229354194_05628168650a9d6705d7_72.jpg",
            "first_name": "Samuel",
            "real_name": "Samuel Ngahane",
            "display_name": "sngahane",
            "team": "T86S8GHEG",
            "name": "sngahane",
            "is_restricted": false,
            "is_ultra_restricted": false
        },
        "thread_ts": "1552606536.156300",
        "parent_user_id": "W8202284V"
    },
    {
        "client_msg_id": "c9940cb9-af5a-43c8-a7da-2f51a0be6e5e",
        "type": "message",
        "text": "hahaaha",
        "user": "W8202284V",
        "ts": "1552667002.159500",
        "team": "T86S8GHEG",
        "user_team": "T86S8GHEG",
        "source_team": "T86S8GHEG",
        "user_profile": {
            "avatar_hash": "1bc663e315f6",
            "image_72": "https:\/\/avatars.slack-edge.com\/2018-01-04\/294581279125_1bc663e315f6a36a9742_72.jpg",
            "first_name": "Nimalan",
            "real_name": "Nimalan Mahendran",
            "display_name": "nimalan",
            "team": "T86S8GHEG",
            "name": "nimalan",
            "is_restricted": false,
            "is_ultra_restricted": false
        },
        "thread_ts": "1552606536.156300",
        "parent_user_id": "W8202284V"
    },
    {
        "client_msg_id": "cd8a9bfe-f666-488c-9638-2a48bf1c74c8",
        "type": "message",
        "text": "I’d just ask in the channel, other folks might have a good way of doing so",
        "user": "WLD0VBYAG",
        "ts": "1552667006.159700",
        "team": "T86S8GHEG",
        "user_team": "T86S8GHEG",
        "source_team": "T86S8GHEG",
        "user_profile": {
            "avatar_hash": "05628168650a",
            "image_72": "https:\/\/avatars.slack-edge.com\/2018-04-26\/354229354194_05628168650a9d6705d7_72.jpg",
            "first_name": "Samuel",
            "real_name": "Samuel Ngahane",
            "display_name": "sngahane",
            "team": "T86S8GHEG",
            "name": "sngahane",
            "is_restricted": false,
            "is_ultra_restricted": false
        },
        "thread_ts": "1552606536.156300",
        "parent_user_id": "W8202284V"
    },
    {
        "client_msg_id": "04a80c56-5c93-47ee-b55b-0b79bcc644a0",
        "type": "message",
        "text": "you mean in <#C8WLK2X5G|pycx>",
        "user": "W8202284V",
        "ts": "1552667019.159900",
        "team": "T86S8GHEG",
        "user_team": "T86S8GHEG",
        "source_team": "T86S8GHEG",
        "user_profile": {
            "avatar_hash": "1bc663e315f6",
            "image_72": "https:\/\/avatars.slack-edge.com\/2018-01-04\/294581279125_1bc663e315f6a36a9742_72.jpg",
            "first_name": "Nimalan",
            "real_name": "Nimalan Mahendran",
            "display_name": "nimalan",
            "team": "T86S8GHEG",
            "name": "nimalan",
            "is_restricted": false,
            "is_ultra_restricted": false
        },
        "thread_ts": "1552606536.156300",
        "parent_user_id": "W8202284V"
    },
    {
        "client_msg_id": "e3bca0cc-fc41-488b-a4e8-e72589832c45",
        "type": "message",
        "text": "?",
        "user": "W8202284V",
        "ts": "1552667020.160100",
        "team": "T86S8GHEG",
        "user_team": "T86S8GHEG",
        "source_team": "T86S8GHEG",
        "user_profile": {
            "avatar_hash": "1bc663e315f6",
            "image_72": "https:\/\/avatars.slack-edge.com\/2018-01-04\/294581279125_1bc663e315f6a36a9742_72.jpg",
            "first_name": "Nimalan",
            "real_name": "Nimalan Mahendran",
            "display_name": "nimalan",
            "team": "T86S8GHEG",
            "name": "nimalan",
            "is_restricted": false,
            "is_ultra_restricted": false
        },
        "thread_ts": "1552606536.156300",
        "parent_user_id": "W8202284V"
    },
    {
        "client_msg_id": "7ddb99d5-2641-464a-8658-93627bef9e65",
        "type": "message",
        "text": "yuh",
        "user": "WLD0VBYAG",
        "ts": "1552667022.160300",
        "team": "T86S8GHEG",
        "user_team": "T86S8GHEG",
        "source_team": "T86S8GHEG",
        "user_profile": {
            "avatar_hash": "05628168650a",
            "image_72": "https:\/\/avatars.slack-edge.com\/2018-04-26\/354229354194_05628168650a9d6705d7_72.jpg",
            "first_name": "Samuel",
            "real_name": "Samuel Ngahane",
            "display_name": "sngahane",
            "team": "T86S8GHEG",
            "name": "sngahane",
            "is_restricted": false,
            "is_ultra_restricted": false
        },
        "thread_ts": "1552606536.156300",
        "parent_user_id": "W8202284V"
    },
    {
        "client_msg_id": "3e16c47f-f14e-4312-a2e2-20bd42b0c204",
        "type": "message",
        "text": "out of the thread basically",
        "user": "WLD0VBYAG",
        "ts": "1552667026.160500",
        "team": "T86S8GHEG",
        "user_team": "T86S8GHEG",
        "source_team": "T86S8GHEG",
        "user_profile": {
            "avatar_hash": "05628168650a",
            "image_72": "https:\/\/avatars.slack-edge.com\/2018-04-26\/354229354194_05628168650a9d6705d7_72.jpg",
            "first_name": "Samuel",
            "real_name": "Samuel Ngahane",
            "display_name": "sngahane",
            "team": "T86S8GHEG",
            "name": "sngahane",
            "is_restricted": false,
            "is_ultra_restricted": false
        },
        "thread_ts": "1552606536.156300",
        "parent_user_id": "W8202284V"
    },
    {
        "client_msg_id": "8076e644-a14e-435b-b3cf-c0fc06a8a899",
        "type": "message",
        "text": "ok tahnks man",
        "user": "W8202284V",
        "ts": "1552667028.160700",
        "team": "T86S8GHEG",
        "user_team": "T86S8GHEG",
        "source_team": "T86S8GHEG",
        "user_profile": {
            "avatar_hash": "1bc663e315f6",
            "image_72": "https:\/\/avatars.slack-edge.com\/2018-01-04\/294581279125_1bc663e315f6a36a9742_72.jpg",
            "first_name": "Nimalan",
            "real_name": "Nimalan Mahendran",
            "display_name": "nimalan",
            "team": "T86S8GHEG",
            "name": "nimalan",
            "is_restricted": false,
            "is_ultra_restricted": false
        },
        "thread_ts": "1552606536.156300",
        "parent_user_id": "W8202284V"
    },
    {
        "client_msg_id": "d0057b1a-1deb-4dc3-b69d-ece5da084052",
        "type": "message",
        "text": "my pleasure my dear Nim",
        "user": "WLD0VBYAG",
        "ts": "1552667036.160900",
        "team": "T86S8GHEG",
        "user_team": "T86S8GHEG",
        "source_team": "T86S8GHEG",
        "user_profile": {
            "avatar_hash": "05628168650a",
            "image_72": "https:\/\/avatars.slack-edge.com\/2018-04-26\/354229354194_05628168650a9d6705d7_72.jpg",
            "first_name": "Samuel",
            "real_name": "Samuel Ngahane",
            "display_name": "sngahane",
            "team": "T86S8GHEG",
            "name": "sngahane",
            "is_restricted": false,
            "is_ultra_restricted": false
        },
        "thread_ts": "1552606536.156300",
        "parent_user_id": "W8202284V",
        "reactions": [
            {
                "name": "joy",
                "users": [
                    "W8202284V"
                ],
                "count": 1
            }
        ]
    },
    {
        "type": "message",
        "subtype": "thread_broadcast",
        "text": "hey all, anyone got a good way of checking whether a PySpark cluster is already running? my current method causes strange errors in subsequent pyspark code that I run :sob:",
        "user": "W8202284V",
        "ts": "1552667061.161100",
        "thread_ts": "1552606536.156300",
        "root": {
            "client_msg_id": "09ef6895-193b-4372-a866-4d7b4c3e9ed0",
            "type": "message",
            "text": "<@W89H645FB> i’m getting similar errors even when running example code from pyspark docs (<http:\/\/spark.apache.org\/docs\/2.2.0\/api\/python\/pyspark.sql.html#pyspark.sql.SparkSession.createDataFrame>) - do you know why this might be happening?\n```l = [('Alice', 1)]\nspark_session.createDataFrame(l).collect()```\nresults in ```Error from python worker:\n  \/opt\/ee\/python\/3.6\/bin\/python3: Error while finding module specification for 'pyspark.daemon' (ModuleNotFoundError: No module named 'pyspark')```",
            "user": "W8202284V",
            "ts": "1552606536.156300",
            "team": "T86S8GHEG",
            "thread_ts": "1552606536.156300",
            "reply_count": 28,
            "reply_users_count": 3,
            "latest_reply": "1552673825.162300",
            "reply_users": [
                "WLD0VBYAG",
                "W8202284V",
                "WG6VAR3KQ"
            ],
            "replies": [
                {
                    "user": "WLD0VBYAG",
                    "ts": "1552661766.156500"
                },
                {
                    "user": "WLD0VBYAG",
                    "ts": "1552661882.156700"
                },
                {
                    "user": "WLD0VBYAG",
                    "ts": "1552662038.156900"
                },
                {
                    "user": "WLD0VBYAG",
                    "ts": "1552662067.157100"
                },
                {
                    "user": "W8202284V",
                    "ts": "1552665497.157300"
                },
                {
                    "user": "W8202284V",
                    "ts": "1552665547.157500"
                },
                {
                    "user": "WLD0VBYAG",
                    "ts": "1552665597.157700"
                },
                {
                    "user": "W8202284V",
                    "ts": "1552666036.157900"
                },
                {
                    "user": "WLD0VBYAG",
                    "ts": "1552666740.158100"
                },
                {
                    "user": "W8202284V",
                    "ts": "1552666869.158300"
                },
                {
                    "user": "W8202284V",
                    "ts": "1552666876.158500"
                },
                {
                    "user": "WLD0VBYAG",
                    "ts": "1552666943.158700"
                },
                {
                    "user": "WLD0VBYAG",
                    "ts": "1552666946.158900"
                },
                {
                    "user": "WLD0VBYAG",
                    "ts": "1552666963.159100"
                },
                {
                    "user": "WLD0VBYAG",
                    "ts": "1552666984.159300"
                },
                {
                    "user": "W8202284V",
                    "ts": "1552667002.159500"
                },
                {
                    "user": "WLD0VBYAG",
                    "ts": "1552667006.159700"
                },
                {
                    "user": "W8202284V",
                    "ts": "1552667019.159900"
                },
                {
                    "user": "W8202284V",
                    "ts": "1552667020.160100"
                },
                {
                    "user": "WLD0VBYAG",
                    "ts": "1552667022.160300"
                },
                {
                    "user": "WLD0VBYAG",
                    "ts": "1552667026.160500"
                },
                {
                    "user": "W8202284V",
                    "ts": "1552667028.160700"
                },
                {
                    "user": "WLD0VBYAG",
                    "ts": "1552667036.160900"
                },
                {
                    "user": "W8202284V",
                    "ts": "1552667061.161100"
                },
                {
                    "user": "W8202284V",
                    "ts": "1552667082.161500"
                },
                {
                    "user": "WG6VAR3KQ",
                    "ts": "1552671595.161800"
                },
                {
                    "user": "WG6VAR3KQ",
                    "ts": "1552671616.162000"
                },
                {
                    "user": "W8202284V",
                    "ts": "1552673825.162300"
                }
            ],
            "subscribed": false
        },
        "client_msg_id": "07955e31-c613-4f27-9c58-7617d3cd548a"
    },
    {
        "client_msg_id": "c48191dc-4677-4fa4-a2c7-89e8eb036765",
        "type": "message",
        "text": "it works for me too! PySpark gods aren’t out to get me!!",
        "user": "W8202284V",
        "ts": "1552667082.161500",
        "team": "T86S8GHEG",
        "user_team": "T86S8GHEG",
        "source_team": "T86S8GHEG",
        "user_profile": {
            "avatar_hash": "1bc663e315f6",
            "image_72": "https:\/\/avatars.slack-edge.com\/2018-01-04\/294581279125_1bc663e315f6a36a9742_72.jpg",
            "first_name": "Nimalan",
            "real_name": "Nimalan Mahendran",
            "display_name": "nimalan",
            "team": "T86S8GHEG",
            "name": "nimalan",
            "is_restricted": false,
            "is_ultra_restricted": false
        },
        "thread_ts": "1552606536.156300",
        "parent_user_id": "W8202284V",
        "reactions": [
            {
                "name": "joy",
                "users": [
                    "WLD0VBYAG"
                ],
                "count": 1
            }
        ]
    },
    {
        "client_msg_id": "196254b5-2eb1-4504-9faf-6b3acfd84d25",
        "type": "message",
        "text": "what’s your current method?",
        "user": "WG6VAR3KQ",
        "ts": "1552671595.161800",
        "team": "T86S8GHEG",
        "user_team": "T86S8GHEG",
        "source_team": "T86S8GHEG",
        "user_profile": {
            "avatar_hash": "9be1b5b62448",
            "image_72": "https:\/\/avatars.slack-edge.com\/2019-02-26\/562776877158_9be1b5b6244839b4af23_72.jpg",
            "first_name": "Daniel",
            "real_name": "Daniel Erenrich",
            "display_name": "derenrich",
            "team": "T86S8GHEG",
            "name": "derenrich",
            "is_restricted": false,
            "is_ultra_restricted": false
        },
        "thread_ts": "1552606536.156300",
        "parent_user_id": "W8202284V"
    },
    {
        "client_msg_id": "a9b2b828-c142-4ca1-9d2b-e15ebe603eba",
        "type": "message",
        "text": "&gt; <http:\/\/sc._jsc.sc|sc._jsc.sc>().isStopped()",
        "user": "WG6VAR3KQ",
        "ts": "1552671616.162000",
        "team": "T86S8GHEG",
        "user_team": "T86S8GHEG",
        "source_team": "T86S8GHEG",
        "user_profile": {
            "avatar_hash": "9be1b5b62448",
            "image_72": "https:\/\/avatars.slack-edge.com\/2019-02-26\/562776877158_9be1b5b6244839b4af23_72.jpg",
            "first_name": "Daniel",
            "real_name": "Daniel Erenrich",
            "display_name": "derenrich",
            "team": "T86S8GHEG",
            "name": "derenrich",
            "is_restricted": false,
            "is_ultra_restricted": false
        },
        "thread_ts": "1552606536.156300",
        "parent_user_id": "W8202284V",
        "reactions": [
            {
                "name": "+1::skin-tone-5",
                "users": [
                    "W8202284V"
                ],
                "count": 1
            }
        ]
    },
    {
        "client_msg_id": "c9f57556-3128-4a5c-bec3-b11c5a6a9bfe",
        "type": "message",
        "text": "```\nimport pyspark\nsc = pyspark.SparkContext()\nsc.stop()``` is what i currently use, but it messes up my PySpark environment as seen above",
        "user": "W8202284V",
        "ts": "1552673825.162300",
        "team": "T86S8GHEG",
        "user_team": "T86S8GHEG",
        "source_team": "T86S8GHEG",
        "user_profile": {
            "avatar_hash": "1bc663e315f6",
            "image_72": "https:\/\/avatars.slack-edge.com\/2018-01-04\/294581279125_1bc663e315f6a36a9742_72.jpg",
            "first_name": "Nimalan",
            "real_name": "Nimalan Mahendran",
            "display_name": "nimalan",
            "team": "T86S8GHEG",
            "name": "nimalan",
            "is_restricted": false,
            "is_ultra_restricted": false
        },
        "thread_ts": "1552606536.156300",
        "parent_user_id": "W8202284V"
    },
    {
        "client_msg_id": "2bc644cb-1f05-4708-83c0-2e263c7db628",
        "type": "message",
        "text": "so pycx is failing to start in smf1 because the disk on nest1 is full. anything that can be done about this? switching datacenter doesn’t work it seems",
        "user": "WG6VAR3KQ",
        "ts": "1552683759.163200",
        "team": "T86S8GHEG",
        "user_team": "T86S8GHEG",
        "source_team": "T86S8GHEG",
        "user_profile": {
            "avatar_hash": "9be1b5b62448",
            "image_72": "https:\/\/avatars.slack-edge.com\/2019-02-26\/562776877158_9be1b5b6244839b4af23_72.jpg",
            "first_name": "Daniel",
            "real_name": "Daniel Erenrich",
            "display_name": "derenrich",
            "team": "T86S8GHEG",
            "name": "derenrich",
            "is_restricted": false,
            "is_ultra_restricted": false
        },
        "thread_ts": "1552683759.163200",
        "reply_count": 1,
        "reply_users_count": 1,
        "latest_reply": "1552683960.163300",
        "reply_users": [
            "WG6VAR3KQ"
        ],
        "replies": [
            {
                "user": "WG6VAR3KQ",
                "ts": "1552683960.163300"
            }
        ],
        "subscribed": false
    },
    {
        "client_msg_id": "3f276b92-a7bb-499b-9750-ff91b2d1cc63",
        "type": "message",
        "text": "looks like there’s no command line argument for the nest",
        "user": "WG6VAR3KQ",
        "ts": "1552683960.163300",
        "team": "T86S8GHEG",
        "user_team": "T86S8GHEG",
        "source_team": "T86S8GHEG",
        "user_profile": {
            "avatar_hash": "9be1b5b62448",
            "image_72": "https:\/\/avatars.slack-edge.com\/2019-02-26\/562776877158_9be1b5b6244839b4af23_72.jpg",
            "first_name": "Daniel",
            "real_name": "Daniel Erenrich",
            "display_name": "derenrich",
            "team": "T86S8GHEG",
            "name": "derenrich",
            "is_restricted": false,
            "is_ultra_restricted": false
        },
        "thread_ts": "1552683759.163200",
        "parent_user_id": "WG6VAR3KQ"
    },
    {
        "client_msg_id": "e0b40869-be61-45a5-816f-c5f2dd70434d",
        "type": "message",
        "text": ":wave: quick question for those who have used datarecords in pycx before. One interesting thing i see is that changing the N= argument in load_records only changes the amount of records in datarecords.records - datarecords.data appears to hold everything no matter what",
        "user": "WAP43HA7L",
        "ts": "1552686777.164200",
        "team": "T86S8GHEG",
        "user_team": "T86S8GHEG",
        "source_team": "T86S8GHEG",
        "user_profile": {
            "avatar_hash": "dea12b9ee1c7",
            "image_72": "https:\/\/avatars.slack-edge.com\/2019-11-20\/843310014720_dea12b9ee1c76b64f35f_72.png",
            "first_name": "Nick",
            "real_name": "Nick Gibian",
            "display_name": "ngibian",
            "team": "T86S8GHEG",
            "name": "ngibian",
            "is_restricted": false,
            "is_ultra_restricted": false
        }
    },
    {
        "client_msg_id": "42b8a788-7f9d-4580-8e43-8f2116ad0c26",
        "type": "message",
        "text": "for example, datarecords.load_records('my_records',N=1, date= '2019\/02\/*')\nand datarecords.load_records('my_records',N=10000, date= '2019\/02\/*')\n\nboth bring in the full data from february 2019 in datarecords.data. but, the datarecords.records attribute has 1 and 10k rows respectively",
        "user": "WAP43HA7L",
        "ts": "1552686835.165300",
        "team": "T86S8GHEG",
        "user_team": "T86S8GHEG",
        "source_team": "T86S8GHEG",
        "user_profile": {
            "avatar_hash": "dea12b9ee1c7",
            "image_72": "https:\/\/avatars.slack-edge.com\/2019-11-20\/843310014720_dea12b9ee1c76b64f35f_72.png",
            "first_name": "Nick",
            "real_name": "Nick Gibian",
            "display_name": "ngibian",
            "team": "T86S8GHEG",
            "name": "ngibian",
            "is_restricted": false,
            "is_ultra_restricted": false
        },
        "thread_ts": "1552686835.165300",
        "reply_count": 1,
        "reply_users_count": 1,
        "latest_reply": "1552687904.166000",
        "reply_users": [
            "WBD4DTD7Y"
        ],
        "replies": [
            {
                "user": "WBD4DTD7Y",
                "ts": "1552687904.166000"
            }
        ],
        "subscribed": false
    },
    {
        "client_msg_id": "e70bf867-c620-40b9-bced-82a1786e0b9e",
        "type": "message",
        "text": "is there a reason for this? and fundamentally what's the difference?",
        "user": "WAP43HA7L",
        "ts": "1552686850.165700",
        "team": "T86S8GHEG",
        "user_team": "T86S8GHEG",
        "source_team": "T86S8GHEG",
        "user_profile": {
            "avatar_hash": "dea12b9ee1c7",
            "image_72": "https:\/\/avatars.slack-edge.com\/2019-11-20\/843310014720_dea12b9ee1c76b64f35f_72.png",
            "first_name": "Nick",
            "real_name": "Nick Gibian",
            "display_name": "ngibian",
            "team": "T86S8GHEG",
            "name": "ngibian",
            "is_restricted": false,
            "is_ultra_restricted": false
        }
    },
    {
        "client_msg_id": "9d96d04e-a7eb-4c09-baac-db9280f0fe93",
        "type": "message",
        "text": "I’ve seen this as well, I feel the `N=` does not work as expected. FWIW I just fully specify the path to a part file for `date=` if I only want to pull in a little.",
        "user": "WBD4DTD7Y",
        "ts": "1552687904.166000",
        "team": "T86S8GHEG",
        "user_team": "T86S8GHEG",
        "source_team": "T86S8GHEG",
        "user_profile": {
            "avatar_hash": "f5888f95bcaf",
            "image_72": "https:\/\/avatars.slack-edge.com\/2018-07-09\/394980373184_f5888f95bcaf7b173c83_72.jpg",
            "first_name": "David",
            "real_name": "David Allen",
            "display_name": "davida",
            "team": "T86S8GHEG",
            "name": "davida",
            "is_restricted": false,
            "is_ultra_restricted": false
        },
        "thread_ts": "1552686835.165300",
        "parent_user_id": "WAP43HA7L"
    }
]