[
    {
        "client_msg_id": "b7327778-0fd8-4820-98fa-3c762f5e1b9c",
        "type": "message",
        "text": "what are the extra steps required when adding a scala-based UDF to pycx pyspark? i see some examples in both the spark code and pycx codebase that i could follow, but am not sure what needs to be built before they are usable? do we have to repackage spark separately from rebuilding pycx from source? <https:\/\/cgit.twitter.biz\/source\/tree\/cortex-core\/spark\/src\/main\/scala\/com\/twitter\/cortex-core\/udf\/penguin\/Tokenize.scala>",
        "user": "W81HPGJTF",
        "ts": "1568044574.130000",
        "team": "T86S8GHEG",
        "user_team": "T86S8GHEG",
        "source_team": "T86S8GHEG",
        "user_profile": {
            "avatar_hash": "0da9567a6272",
            "image_72": "https:\/\/avatars.slack-edge.com\/2017-12-01\/279827564912_0da9567a62721a5401ab_72.jpg",
            "first_name": "Aaron",
            "real_name": "Aaron Gonzales",
            "display_name": "agonzales",
            "team": "T86S8GHEG",
            "name": "agonzales",
            "is_restricted": false,
            "is_ultra_restricted": false
        },
        "thread_ts": "1568044574.130000",
        "reply_count": 12,
        "reply_users_count": 2,
        "latest_reply": "1568048083.132400",
        "reply_users": [
            "W81LS208J",
            "W81HPGJTF"
        ],
        "replies": [
            {
                "user": "W81LS208J",
                "ts": "1568047465.130100"
            },
            {
                "user": "W81HPGJTF",
                "ts": "1568047498.130300"
            },
            {
                "user": "W81LS208J",
                "ts": "1568047592.130500"
            },
            {
                "user": "W81LS208J",
                "ts": "1568047624.130700"
            },
            {
                "user": "W81HPGJTF",
                "ts": "1568047718.130900"
            },
            {
                "user": "W81HPGJTF",
                "ts": "1568047777.131200"
            },
            {
                "user": "W81LS208J",
                "ts": "1568047779.131400"
            },
            {
                "user": "W81HPGJTF",
                "ts": "1568047790.131600"
            },
            {
                "user": "W81LS208J",
                "ts": "1568047916.131800"
            },
            {
                "user": "W81LS208J",
                "ts": "1568048041.132000"
            },
            {
                "user": "W81HPGJTF",
                "ts": "1568048063.132200"
            },
            {
                "user": "W81LS208J",
                "ts": "1568048083.132400"
            }
        ],
        "subscribed": false
    },
    {
        "client_msg_id": "83c03703-6962-4bdf-a6e1-038ea626332a",
        "type": "message",
        "text": "AFAIK its other way around. If you look at the BUILD file for `penguin` it depends on `3rdparty\/jvm\/org\/apache\/spark:spark-sql` which is basically coming from here `3rdparty\/jvm\/org\/apache\/spark\/BUILD` which contains Spark built by us.\n\nIf you were to produce new Scala UDF then all you need to do is register new UDF like the one in Tokenize.scala and it should work",
        "user": "W81LS208J",
        "ts": "1568047465.130100",
        "team": "T86S8GHEG",
        "user_team": "T86S8GHEG",
        "source_team": "T86S8GHEG",
        "user_profile": {
            "avatar_hash": "585c44555baf",
            "image_72": "https:\/\/avatars.slack-edge.com\/2018-03-23\/334679814401_585c44555baf50befc85_72.jpg",
            "first_name": "Kunal",
            "real_name": "Kunal Trivedi",
            "display_name": "ktrivedi",
            "team": "T86S8GHEG",
            "name": "ktrivedi",
            "is_restricted": false,
            "is_ultra_restricted": false
        },
        "thread_ts": "1568044574.130000",
        "parent_user_id": "W81HPGJTF"
    },
    {
        "client_msg_id": "403690bd-978c-469f-9dbe-e25abb4a656c",
        "type": "message",
        "text": "cool, so no additional builds or anything prior to launching?",
        "user": "W81HPGJTF",
        "ts": "1568047498.130300",
        "team": "T86S8GHEG",
        "user_team": "T86S8GHEG",
        "source_team": "T86S8GHEG",
        "user_profile": {
            "avatar_hash": "0da9567a6272",
            "image_72": "https:\/\/avatars.slack-edge.com\/2017-12-01\/279827564912_0da9567a62721a5401ab_72.jpg",
            "first_name": "Aaron",
            "real_name": "Aaron Gonzales",
            "display_name": "agonzales",
            "team": "T86S8GHEG",
            "name": "agonzales",
            "is_restricted": false,
            "is_ultra_restricted": false
        },
        "thread_ts": "1568044574.130000",
        "parent_user_id": "W81HPGJTF"
    },
    {
        "client_msg_id": "83520452-f556-4951-a340-f93ae300f9d9",
        "type": "message",
        "text": "I believe you still require new jar containing your UDF and not sure where this new UDF will land… My blind guess is either some cortex specific jar or `datasources.jar`",
        "user": "W81LS208J",
        "ts": "1568047592.130500",
        "team": "T86S8GHEG",
        "user_team": "T86S8GHEG",
        "source_team": "T86S8GHEG",
        "user_profile": {
            "avatar_hash": "585c44555baf",
            "image_72": "https:\/\/avatars.slack-edge.com\/2018-03-23\/334679814401_585c44555baf50befc85_72.jpg",
            "first_name": "Kunal",
            "real_name": "Kunal Trivedi",
            "display_name": "ktrivedi",
            "team": "T86S8GHEG",
            "name": "ktrivedi",
            "is_restricted": false,
            "is_ultra_restricted": false
        },
        "thread_ts": "1568044574.130000",
        "parent_user_id": "W81HPGJTF"
    },
    {
        "client_msg_id": "0b7adc1e-3e81-47f8-8474-90c6f31e6c0d",
        "type": "message",
        "text": "you don’t need any new Spark related jars for sure..",
        "user": "W81LS208J",
        "ts": "1568047624.130700",
        "team": "T86S8GHEG",
        "user_team": "T86S8GHEG",
        "source_team": "T86S8GHEG",
        "user_profile": {
            "avatar_hash": "585c44555baf",
            "image_72": "https:\/\/avatars.slack-edge.com\/2018-03-23\/334679814401_585c44555baf50befc85_72.jpg",
            "first_name": "Kunal",
            "real_name": "Kunal Trivedi",
            "display_name": "ktrivedi",
            "team": "T86S8GHEG",
            "name": "ktrivedi",
            "is_restricted": false,
            "is_ultra_restricted": false
        },
        "thread_ts": "1568044574.130000",
        "parent_user_id": "W81HPGJTF"
    },
    {
        "client_msg_id": "32e6292c-666d-4871-9927-18d75bbe4a73",
        "type": "message",
        "text": "for context, i was thinking of adding some things like <http:\/\/zachmoshe.com\/2016\/09\/26\/efficient-range-joins-with-spark.html>",
        "user": "W81HPGJTF",
        "ts": "1568047718.130900",
        "team": "T86S8GHEG",
        "user_team": "T86S8GHEG",
        "source_team": "T86S8GHEG",
        "user_profile": {
            "avatar_hash": "0da9567a6272",
            "image_72": "https:\/\/avatars.slack-edge.com\/2017-12-01\/279827564912_0da9567a62721a5401ab_72.jpg",
            "first_name": "Aaron",
            "real_name": "Aaron Gonzales",
            "display_name": "agonzales",
            "team": "T86S8GHEG",
            "name": "agonzales",
            "is_restricted": false,
            "is_ultra_restricted": false
        },
        "attachments": [
            {
                "title": "Efficient Range-Joins With Spark 2.0",
                "title_link": "http:\/\/zachmoshe.com\/2016\/09\/26\/efficient-range-joins-with-spark.html",
                "text": "How to efficiently join two Spark DataFrames on a range condition? The naive approach will end up with a full Cartesian Product and a filter, and while the generic solution to the problem is not very easy, a very popular use-case is to have join records based on timestamp difference (e.g. join every event to all measurements that were taken in the hour before its timestamp). This allows a quick win with a more efficient way to do the join as demonstrated in the post.",
                "fallback": "Efficient Range-Joins With Spark 2.0",
                "thumb_url": "http:\/\/zachmoshe.com\/images\/articles\/efficient-range-joins-with-spark\/image.jpg",
                "from_url": "http:\/\/zachmoshe.com\/2016\/09\/26\/efficient-range-joins-with-spark.html",
                "thumb_width": 150,
                "thumb_height": 150,
                "service_icon": "http:\/\/zachmoshe.com\/images\/favicons\/apple-touch-icon-57x57.png",
                "service_name": "zachmoshe.com",
                "id": 1,
                "original_url": "http:\/\/zachmoshe.com\/2016\/09\/26\/efficient-range-joins-with-spark.html"
            }
        ],
        "thread_ts": "1568044574.130000",
        "parent_user_id": "W81HPGJTF"
    },
    {
        "client_msg_id": "e4610f5a-c5c9-45d1-bcbe-ee4696cc6db2",
        "type": "message",
        "text": "or resample ops that might be faster in native scala code over python udfs",
        "user": "W81HPGJTF",
        "ts": "1568047777.131200",
        "team": "T86S8GHEG",
        "user_team": "T86S8GHEG",
        "source_team": "T86S8GHEG",
        "user_profile": {
            "avatar_hash": "0da9567a6272",
            "image_72": "https:\/\/avatars.slack-edge.com\/2017-12-01\/279827564912_0da9567a62721a5401ab_72.jpg",
            "first_name": "Aaron",
            "real_name": "Aaron Gonzales",
            "display_name": "agonzales",
            "team": "T86S8GHEG",
            "name": "agonzales",
            "is_restricted": false,
            "is_ultra_restricted": false
        },
        "thread_ts": "1568044574.130000",
        "parent_user_id": "W81HPGJTF"
    },
    {
        "client_msg_id": "f80d1482-e3c5-409d-9bff-58a70da18d10",
        "type": "message",
        "text": "let me first figure out where does penguin go and you can then add new code in similar fashion.",
        "user": "W81LS208J",
        "ts": "1568047779.131400",
        "team": "T86S8GHEG",
        "user_team": "T86S8GHEG",
        "source_team": "T86S8GHEG",
        "user_profile": {
            "avatar_hash": "585c44555baf",
            "image_72": "https:\/\/avatars.slack-edge.com\/2018-03-23\/334679814401_585c44555baf50befc85_72.jpg",
            "first_name": "Kunal",
            "real_name": "Kunal Trivedi",
            "display_name": "ktrivedi",
            "team": "T86S8GHEG",
            "name": "ktrivedi",
            "is_restricted": false,
            "is_ultra_restricted": false
        },
        "thread_ts": "1568044574.130000",
        "parent_user_id": "W81HPGJTF"
    },
    {
        "client_msg_id": "0ce2b60a-1420-4e12-b7ef-837a218fec5c",
        "type": "message",
        "text": "yeah, no rush, just curious",
        "user": "W81HPGJTF",
        "ts": "1568047790.131600",
        "team": "T86S8GHEG",
        "user_team": "T86S8GHEG",
        "source_team": "T86S8GHEG",
        "user_profile": {
            "avatar_hash": "0da9567a6272",
            "image_72": "https:\/\/avatars.slack-edge.com\/2017-12-01\/279827564912_0da9567a62721a5401ab_72.jpg",
            "first_name": "Aaron",
            "real_name": "Aaron Gonzales",
            "display_name": "agonzales",
            "team": "T86S8GHEG",
            "name": "agonzales",
            "is_restricted": false,
            "is_ultra_restricted": false
        },
        "thread_ts": "1568044574.130000",
        "parent_user_id": "W81HPGJTF"
    },
    {
        "client_msg_id": "b601d181-24fd-4adb-b571-d33509ad6f7b",
        "type": "message",
        "text": "Yes its part of datasources.jar… if you just open datasoruces.jar in vi or any other editor you will see this….\n```\ncom\/twitter\/cortex_core\/spark\/udf\/penguin\/\ncom\/twitter\/cortex_core\/spark\/udf\/penguin\/Tokenize$$typecreator2$1.class\ncom\/twitter\/cortex_core\/spark\/udf\/penguin\/Tokenize.class\ncom\/twitter\/cortex_core\/spark\/udf\/penguin\/Tokenize$.class\ncom\/twitter\/cortex_core\/spark\/udf\/penguin\/Tokenize$$typecreator1$1.class\n```",
        "user": "W81LS208J",
        "ts": "1568047916.131800",
        "team": "T86S8GHEG",
        "user_team": "T86S8GHEG",
        "source_team": "T86S8GHEG",
        "user_profile": {
            "avatar_hash": "585c44555baf",
            "image_72": "https:\/\/avatars.slack-edge.com\/2018-03-23\/334679814401_585c44555baf50befc85_72.jpg",
            "first_name": "Kunal",
            "real_name": "Kunal Trivedi",
            "display_name": "ktrivedi",
            "team": "T86S8GHEG",
            "name": "ktrivedi",
            "is_restricted": false,
            "is_ultra_restricted": false
        },
        "thread_ts": "1568044574.130000",
        "parent_user_id": "W81HPGJTF"
    },
    {
        "client_msg_id": "17237f20-9341-4a01-85d6-67ca4d27a8ef",
        "type": "message",
        "text": "so all you need is `cortex-core\/spark\/src\/main\/scala\/com\/twitter\/cortex-core\/datasources\/BUILD` update that with correct path… if you look at this build file it has\n`\"cortex-core\/spark\/src\/main\/scala\/com\/twitter\/cortex-core\/udf\/penguin\",` at line 51",
        "user": "W81LS208J",
        "ts": "1568048041.132000",
        "team": "T86S8GHEG",
        "user_team": "T86S8GHEG",
        "source_team": "T86S8GHEG",
        "user_profile": {
            "avatar_hash": "585c44555baf",
            "image_72": "https:\/\/avatars.slack-edge.com\/2018-03-23\/334679814401_585c44555baf50befc85_72.jpg",
            "first_name": "Kunal",
            "real_name": "Kunal Trivedi",
            "display_name": "ktrivedi",
            "team": "T86S8GHEG",
            "name": "ktrivedi",
            "is_restricted": false,
            "is_ultra_restricted": false
        },
        "thread_ts": "1568044574.130000",
        "parent_user_id": "W81HPGJTF"
    },
    {
        "client_msg_id": "3ffd8344-1ce1-441f-8264-43e2ba27783b",
        "type": "message",
        "text": "thanks!",
        "user": "W81HPGJTF",
        "ts": "1568048063.132200",
        "team": "T86S8GHEG",
        "user_team": "T86S8GHEG",
        "source_team": "T86S8GHEG",
        "user_profile": {
            "avatar_hash": "0da9567a6272",
            "image_72": "https:\/\/avatars.slack-edge.com\/2017-12-01\/279827564912_0da9567a62721a5401ab_72.jpg",
            "first_name": "Aaron",
            "real_name": "Aaron Gonzales",
            "display_name": "agonzales",
            "team": "T86S8GHEG",
            "name": "agonzales",
            "is_restricted": false,
            "is_ultra_restricted": false
        },
        "thread_ts": "1568044574.130000",
        "parent_user_id": "W81HPGJTF"
    },
    {
        "client_msg_id": "f8041beb-b099-45b2-81a9-10a6e43b9137",
        "type": "message",
        "text": "send PR, once its merged, one of us will release datasources.jar and it will appear in official PyCX and mean time you can supply your own datasources.jar",
        "user": "W81LS208J",
        "ts": "1568048083.132400",
        "team": "T86S8GHEG",
        "user_team": "T86S8GHEG",
        "source_team": "T86S8GHEG",
        "user_profile": {
            "avatar_hash": "585c44555baf",
            "image_72": "https:\/\/avatars.slack-edge.com\/2018-03-23\/334679814401_585c44555baf50befc85_72.jpg",
            "first_name": "Kunal",
            "real_name": "Kunal Trivedi",
            "display_name": "ktrivedi",
            "team": "T86S8GHEG",
            "name": "ktrivedi",
            "is_restricted": false,
            "is_ultra_restricted": false
        },
        "thread_ts": "1568044574.130000",
        "parent_user_id": "W81HPGJTF"
    },
    {
        "client_msg_id": "61009602-a3a4-48b3-aee6-f24bafc227c4",
        "type": "message",
        "text": "Hey there pycx folks, my cluster crashed this morning and now I keep getting a timeout error when trying to re-launch my notebook. Not a big deal \/ not time-sensitive, but wanted to surface the issue just in case other folks are experiencing it",
        "user": "WAP43HA7L",
        "ts": "1568054567.133600",
        "team": "T86S8GHEG",
        "user_team": "T86S8GHEG",
        "source_team": "T86S8GHEG",
        "user_profile": {
            "avatar_hash": "dea12b9ee1c7",
            "image_72": "https:\/\/avatars.slack-edge.com\/2019-11-20\/843310014720_dea12b9ee1c76b64f35f_72.png",
            "first_name": "Nick",
            "real_name": "Nick Gibian",
            "display_name": "ngibian",
            "team": "T86S8GHEG",
            "name": "ngibian",
            "is_restricted": false,
            "is_ultra_restricted": false
        },
        "thread_ts": "1568054567.133600",
        "reply_count": 21,
        "reply_users_count": 5,
        "latest_reply": "1568064728.140200",
        "reply_users": [
            "WBKQBLQSU",
            "WAP43HA7L",
            "W81LU64GJ",
            "WEKP01YV7",
            "W81LS208J"
        ],
        "replies": [
            {
                "user": "WBKQBLQSU",
                "ts": "1568054868.133700"
            },
            {
                "user": "WAP43HA7L",
                "ts": "1568054900.133900"
            },
            {
                "user": "WAP43HA7L",
                "ts": "1568054932.134100"
            },
            {
                "user": "WBKQBLQSU",
                "ts": "1568054953.134300"
            },
            {
                "user": "WAP43HA7L",
                "ts": "1568054961.134500"
            },
            {
                "user": "WAP43HA7L",
                "ts": "1568054986.134700"
            },
            {
                "user": "WBKQBLQSU",
                "ts": "1568055227.134900"
            },
            {
                "user": "W81LU64GJ",
                "ts": "1568055601.135100"
            },
            {
                "user": "W81LU64GJ",
                "ts": "1568055817.135300"
            },
            {
                "user": "W81LU64GJ",
                "ts": "1568055821.135500"
            },
            {
                "user": "WEKP01YV7",
                "ts": "1568055966.135700"
            },
            {
                "user": "WAP43HA7L",
                "ts": "1568057079.136700"
            },
            {
                "user": "W81LU64GJ",
                "ts": "1568057155.137000"
            },
            {
                "user": "W81LS208J",
                "ts": "1568057384.137200"
            },
            {
                "user": "W81LS208J",
                "ts": "1568057389.137400"
            },
            {
                "user": "W81LU64GJ",
                "ts": "1568057438.137600"
            },
            {
                "user": "W81LU64GJ",
                "ts": "1568057478.137800"
            },
            {
                "user": "WAP43HA7L",
                "ts": "1568057580.138200"
            },
            {
                "user": "W81LU64GJ",
                "ts": "1568059264.139300"
            },
            {
                "user": "WAP43HA7L",
                "ts": "1568064115.140000"
            },
            {
                "user": "W81LU64GJ",
                "ts": "1568064728.140200"
            }
        ],
        "subscribed": false
    },
    {
        "client_msg_id": "020b84b6-3ca1-46cb-8a46-f17e7a15160e",
        "type": "message",
        "text": "Can you post a snippet of your terminal output when you try to launch it? Also what command are you using to try and launch it?",
        "user": "WBKQBLQSU",
        "ts": "1568054868.133700",
        "team": "T86S8GHEG",
        "user_team": "T86S8GHEG",
        "source_team": "T86S8GHEG",
        "user_profile": {
            "avatar_hash": "84c620fd04ca",
            "image_72": "https:\/\/avatars.slack-edge.com\/2019-06-05\/645231002434_84c620fd04ca6b363e6c_72.png",
            "first_name": "Redwan",
            "real_name": "Redwan Rahman",
            "display_name": "rrahman",
            "team": "T86S8GHEG",
            "name": "rrahman",
            "is_restricted": false,
            "is_ultra_restricted": false
        },
        "thread_ts": "1568054567.133600",
        "parent_user_id": "WAP43HA7L"
    },
    {
        "client_msg_id": "793ee044-8246-4586-a3d9-343e4a9295fe",
        "type": "message",
        "text": "```pycx -c 4 -m 18 -d 80 -l 8889 --classic```",
        "user": "WAP43HA7L",
        "ts": "1568054900.133900",
        "team": "T86S8GHEG",
        "user_team": "T86S8GHEG",
        "source_team": "T86S8GHEG",
        "user_profile": {
            "avatar_hash": "dea12b9ee1c7",
            "image_72": "https:\/\/avatars.slack-edge.com\/2019-11-20\/843310014720_dea12b9ee1c76b64f35f_72.png",
            "first_name": "Nick",
            "real_name": "Nick Gibian",
            "display_name": "ngibian",
            "team": "T86S8GHEG",
            "name": "ngibian",
            "is_restricted": false,
            "is_ultra_restricted": false
        },
        "thread_ts": "1568054567.133600",
        "parent_user_id": "WAP43HA7L"
    },
    {
        "client_msg_id": "3660ee20-dacb-437b-936e-2f473882fb5d",
        "type": "message",
        "text": "hold on, stack trace is too big to paste, need a sec :slightly_smiling_face:",
        "user": "WAP43HA7L",
        "ts": "1568054932.134100",
        "team": "T86S8GHEG",
        "user_team": "T86S8GHEG",
        "source_team": "T86S8GHEG",
        "user_profile": {
            "avatar_hash": "dea12b9ee1c7",
            "image_72": "https:\/\/avatars.slack-edge.com\/2019-11-20\/843310014720_dea12b9ee1c76b64f35f_72.png",
            "first_name": "Nick",
            "real_name": "Nick Gibian",
            "display_name": "ngibian",
            "team": "T86S8GHEG",
            "name": "ngibian",
            "is_restricted": false,
            "is_ultra_restricted": false
        },
        "thread_ts": "1568054567.133600",
        "parent_user_id": "WAP43HA7L"
    },
    {
        "client_msg_id": "a6e914fc-4dfd-4c30-8fd9-d29b826f90ed",
        "type": "message",
        "text": "you can also put it in a go\/paste if needed",
        "user": "WBKQBLQSU",
        "ts": "1568054953.134300",
        "team": "T86S8GHEG",
        "user_team": "T86S8GHEG",
        "source_team": "T86S8GHEG",
        "user_profile": {
            "avatar_hash": "84c620fd04ca",
            "image_72": "https:\/\/avatars.slack-edge.com\/2019-06-05\/645231002434_84c620fd04ca6b363e6c_72.png",
            "first_name": "Redwan",
            "real_name": "Redwan Rahman",
            "display_name": "rrahman",
            "team": "T86S8GHEG",
            "name": "rrahman",
            "is_restricted": false,
            "is_ultra_restricted": false
        },
        "thread_ts": "1568054567.133600",
        "parent_user_id": "WAP43HA7L"
    },
    {
        "client_msg_id": "8a645a5b-b7c8-4451-ad13-5bb187f9567d",
        "type": "message",
        "text": "```[tw-mbp-ngibian source (master)]$ pycx -c 4 -m 18 -d 80 -l 8889 --classic\n INFO] Checking status of smf1\/ngibian\/devel\/pycx-notebook\nINFO:pycx_launcher:Found existing job, reconnecting\nINFO:pycx_launcher:Found pids [61193] listening on port 8889, attempting to kill\nINFO:pycx_launcher:Found aurora task host: <http:\/\/smf1-cyi-28-sr1.prod.twitter.com|smf1-cyi-28-sr1.prod.twitter.com>\nINFO:pycx_launcher:Creating SSH tunnel to Aurora task: ['ssh', '-t', '-L', '127.0.0.1:8889:\/home\/ngibian\/.nb.sock', '-n', '-f', '-C', '-q', '<mailto:ngibian@smf1-cyi-28-sr1.prod.twitter.com|ngibian@smf1-cyi-28-sr1.prod.twitter.com>', '-N']\nINFO:pycx_launcher:Waiting for notebook job <http:\/\/go\/smf1\/ngibian\/devel\/pycx-notebook> to launch at <http:\/\/localhost:8889>\n..................................... INFO] Checking status of smf1\/ngibian\/devel\/pycx-notebook\n..............Traceback (most recent call last):\n  File \"\/opt\/twitter_mde\/package\/PyCX-v2\/d51cdfacfa617c081526cc67f70f9b7cae9c0e4eb6b66e6ca840b53e3609e517\/pycx\/.bootstrap\/pex\/pex.py\", line 352, in execute\n  File \"\/opt\/twitter_mde\/package\/PyCX-v2\/d51cdfacfa617c081526cc67f70f9b7cae9c0e4eb6b66e6ca840b53e3609e517\/pycx\/.bootstrap\/pex\/pex.py\", line 284, in _wrap_coverage\n  File \"\/opt\/twitter_mde\/package\/PyCX-v2\/d51cdfacfa617c081526cc67f70f9b7cae9c0e4eb6b66e6ca840b53e3609e517\/pycx\/.bootstrap\/pex\/pex.py\", line 315, in _wrap_profiling\n  File \"\/opt\/twitter_mde\/package\/PyCX-v2\/d51cdfacfa617c081526cc67f70f9b7cae9c0e4eb6b66e6ca840b53e3609e517\/pycx\/.bootstrap\/pex\/pex.py\", line 397, in _execute\n  File \"\/opt\/twitter_mde\/package\/PyCX-v2\/d51cdfacfa617c081526cc67f70f9b7cae9c0e4eb6b66e6ca840b53e3609e517\/pycx\/.bootstrap\/pex\/pex.py\", line 495, in execute_entry\n  File \"\/opt\/twitter_mde\/package\/PyCX-v2\/d51cdfacfa617c081526cc67f70f9b7cae9c0e4eb6b66e6ca840b53e3609e517\/pycx\/.bootstrap\/pex\/pex.py\", line 502, in execute_module\n  File \"\/opt\/twitter_mde\/package\/eepython27\/5b6cba205efb49e9425b5681895fd458121062e1c309cc4abfa76b585ab83fa8\/lib\/python2.7\/runpy.py\", line 192, in run_module\n    fname, loader, pkg_name)\n  File \"\/opt\/twitter_mde\/package\/eepython27\/5b6cba205efb49e9425b5681895fd458121062e1c309cc4abfa76b585ab83fa8\/lib\/python2.7\/runpy.py\", line 72, in _run_code\n    exec code in run_globals\n  File \"\/Users\/ngibian\/.pex\/code\/9ebc93c7da90e2ce847c784906b84069401fcfb0\/pycx_launcher\/pycx_launcher.py\", line 549, in &lt;module&gt;\n    pycx_launcher()\n  File \"\/Users\/ngibian\/.pex\/install\/click-6.7-py2.py3-none-any.whl.6d9ff910081ac14222b6215822bc2664662de745\/click-6.7-py2.py3-none-any.whl\/click\/core.py\", line 722, in __call__\n    return self.main(*args, **kwargs)\n  File \"\/Users\/ngibian\/.pex\/install\/click-6.7-py2.py3-none-any.whl.6d9ff910081ac14222b6215822bc2664662de745\/click-6.7-py2.py3-none-any.whl\/click\/core.py\", line 697, in main\n    rv = self.invoke(ctx)\n  File \"\/Users\/ngibian\/.pex\/install\/click-6.7-py2.py3-none-any.whl.6d9ff910081ac14222b6215822bc2664662de745\/click-6.7-py2.py3-none-any.whl\/click\/core.py\", line 895, in invoke\n    return ctx.invoke(self.callback, **ctx.params)\n  File \"\/Users\/ngibian\/.pex\/install\/click-6.7-py2.py3-none-any.whl.6d9ff910081ac14222b6215822bc2664662de745\/click-6.7-py2.py3-none-any.whl\/click\/core.py\", line 535, in invoke\n    return callback(*args, **kwargs)\n  File \"\/Users\/ngibian\/.pex\/code\/9ebc93c7da90e2ce847c784906b84069401fcfb0\/pycx_launcher\/pycx_launcher.py\", line 380, in pycx_launcher\n    _wait_for_server(local_port, logger, default_timeout, dc, user, env, job_name)\n  File \"\/Users\/ngibian\/.pex\/code\/9ebc93c7da90e2ce847c784906b84069401fcfb0\/pycx_launcher\/pycx_launcher.py\", line 490, in _wait_for_server\n    deadline.check()\n  File \"\/Users\/ngibian\/.pex\/code\/9ebc93c7da90e2ce847c784906b84069401fcfb0\/twitter\/common\/contextutil\/__init__.py\", line 288, in check\n    raise self.Timeout('deadline of {} seconds exceeded{}'.format(self.timeout_secs, self.exc_context))\ntwitter.common.contextutil.Timeout: deadline of 420 seconds exceeded while waiting for notebook\n```",
        "user": "WAP43HA7L",
        "ts": "1568054961.134500",
        "team": "T86S8GHEG",
        "user_team": "T86S8GHEG",
        "source_team": "T86S8GHEG",
        "user_profile": {
            "avatar_hash": "dea12b9ee1c7",
            "image_72": "https:\/\/avatars.slack-edge.com\/2019-11-20\/843310014720_dea12b9ee1c76b64f35f_72.png",
            "first_name": "Nick",
            "real_name": "Nick Gibian",
            "display_name": "ngibian",
            "team": "T86S8GHEG",
            "name": "ngibian",
            "is_restricted": false,
            "is_ultra_restricted": false
        },
        "thread_ts": "1568054567.133600",
        "parent_user_id": "WAP43HA7L"
    },
    {
        "client_msg_id": "dac7ce23-e2c9-4ace-a24b-ceedf1c2ab65",
        "type": "message",
        "text": "i cut out 9 repeats of `..................................... INFO] Checking status of smf1\/ngibian\/devel\/pycx-notebook` btw!",
        "user": "WAP43HA7L",
        "ts": "1568054986.134700",
        "team": "T86S8GHEG",
        "user_team": "T86S8GHEG",
        "source_team": "T86S8GHEG",
        "user_profile": {
            "avatar_hash": "dea12b9ee1c7",
            "image_72": "https:\/\/avatars.slack-edge.com\/2019-11-20\/843310014720_dea12b9ee1c76b64f35f_72.png",
            "first_name": "Nick",
            "real_name": "Nick Gibian",
            "display_name": "ngibian",
            "team": "T86S8GHEG",
            "name": "ngibian",
            "is_restricted": false,
            "is_ultra_restricted": false
        },
        "thread_ts": "1568054567.133600",
        "parent_user_id": "WAP43HA7L"
    },
    {
        "client_msg_id": "4b4a2de9-9925-4c15-9294-81603780beb2",
        "type": "message",
        "text": "looks like your notebook is running on aurora, but it’s timing out trying to connect to it. You said this is happening repeatedly? Have you tried killing the notebook and restarting it entirely?",
        "user": "WBKQBLQSU",
        "ts": "1568055227.134900",
        "team": "T86S8GHEG",
        "user_team": "T86S8GHEG",
        "source_team": "T86S8GHEG",
        "user_profile": {
            "avatar_hash": "84c620fd04ca",
            "image_72": "https:\/\/avatars.slack-edge.com\/2019-06-05\/645231002434_84c620fd04ca6b363e6c_72.png",
            "first_name": "Redwan",
            "real_name": "Redwan Rahman",
            "display_name": "rrahman",
            "team": "T86S8GHEG",
            "name": "rrahman",
            "is_restricted": false,
            "is_ultra_restricted": false
        },
        "thread_ts": "1568054567.133600",
        "parent_user_id": "WAP43HA7L"
    },
    {
        "client_msg_id": "a487c758-2ff2-4c75-b4af-945c8a829c2e",
        "type": "message",
        "text": "looks like a tunneling issue? try `pycx --reconnect`",
        "user": "W81LU64GJ",
        "ts": "1568055601.135100",
        "team": "T86S8GHEG",
        "user_team": "T86S8GHEG",
        "source_team": "T86S8GHEG",
        "user_profile": {
            "avatar_hash": "51c80845c55f",
            "image_72": "https:\/\/avatars.slack-edge.com\/2019-03-06\/569423098722_51c80845c55f7f5fb696_72.jpg",
            "first_name": "Kris",
            "real_name": "Kris Wilson",
            "display_name": "kwilson",
            "team": "T86S8GHEG",
            "name": "kwilson",
            "is_restricted": false,
            "is_ultra_restricted": false
        },
        "thread_ts": "1568054567.133600",
        "parent_user_id": "WAP43HA7L"
    },
    {
        "client_msg_id": "89064a3d-7abb-4820-976b-b313143e1b15",
        "type": "message",
        "text": "hm, it does look like that instance for some reason is listening on an unexpected port? so probably need to `pycx --create-new` for good measure.",
        "user": "W81LU64GJ",
        "ts": "1568055817.135300",
        "team": "T86S8GHEG",
        "user_team": "T86S8GHEG",
        "source_team": "T86S8GHEG",
        "user_profile": {
            "avatar_hash": "51c80845c55f",
            "image_72": "https:\/\/avatars.slack-edge.com\/2019-03-06\/569423098722_51c80845c55f7f5fb696_72.jpg",
            "first_name": "Kris",
            "real_name": "Kris Wilson",
            "display_name": "kwilson",
            "team": "T86S8GHEG",
            "name": "kwilson",
            "is_restricted": false,
            "is_ultra_restricted": false
        },
        "thread_ts": "1568054567.133600",
        "parent_user_id": "WAP43HA7L"
    },
    {
        "client_msg_id": "097e19c1-51aa-4a8e-9f0b-e18fbb1d1af3",
        "type": "message",
        "text": "is your MDE in a good state?",
        "user": "W81LU64GJ",
        "ts": "1568055821.135500",
        "team": "T86S8GHEG",
        "user_team": "T86S8GHEG",
        "source_team": "T86S8GHEG",
        "user_profile": {
            "avatar_hash": "51c80845c55f",
            "image_72": "https:\/\/avatars.slack-edge.com\/2019-03-06\/569423098722_51c80845c55f7f5fb696_72.jpg",
            "first_name": "Kris",
            "real_name": "Kris Wilson",
            "display_name": "kwilson",
            "team": "T86S8GHEG",
            "name": "kwilson",
            "is_restricted": false,
            "is_ultra_restricted": false
        },
        "thread_ts": "1568054567.133600",
        "parent_user_id": "WAP43HA7L"
    },
    {
        "client_msg_id": "16a26a91-4af2-469f-b833-4257fcb1f918",
        "type": "message",
        "text": "<@WM1F2KD9A> and I also have the same issue now.",
        "user": "WEKP01YV7",
        "ts": "1568055966.135700",
        "team": "T86S8GHEG",
        "user_team": "T86S8GHEG",
        "source_team": "T86S8GHEG",
        "user_profile": {
            "avatar_hash": "092f08c24901",
            "image_72": "https:\/\/avatars.slack-edge.com\/2018-12-21\/510089762515_092f08c2490142d1546f_72.jpg",
            "first_name": "Chenguang",
            "real_name": "Chenguang Yu",
            "display_name": "chenguangy",
            "team": "T86S8GHEG",
            "name": "chenguangy",
            "is_restricted": false,
            "is_ultra_restricted": false
        },
        "thread_ts": "1568054567.133600",
        "parent_user_id": "WAP43HA7L"
    },
    {
        "client_msg_id": "A4C98C77-B1CA-482D-84B9-B23B63BABEDC",
        "type": "message",
        "text": "Sorry was at lunch - I will try create new and making sure my MDE is updated ",
        "user": "WAP43HA7L",
        "ts": "1568057079.136700",
        "team": "T86S8GHEG",
        "user_team": "T86S8GHEG",
        "source_team": "T86S8GHEG",
        "user_profile": {
            "avatar_hash": "dea12b9ee1c7",
            "image_72": "https:\/\/avatars.slack-edge.com\/2019-11-20\/843310014720_dea12b9ee1c76b64f35f_72.png",
            "first_name": "Nick",
            "real_name": "Nick Gibian",
            "display_name": "ngibian",
            "team": "T86S8GHEG",
            "name": "ngibian",
            "is_restricted": false,
            "is_ultra_restricted": false
        },
        "thread_ts": "1568054567.133600",
        "parent_user_id": "WAP43HA7L"
    },
    {
        "client_msg_id": "9569e81a-4e7a-42ed-8ccc-17d334d78341",
        "type": "message",
        "text": "I’m cutting a new release now, but it’s blocked by an MDE issue - waiting for someone from EE to unblock.",
        "user": "W81LU64GJ",
        "ts": "1568057155.137000",
        "team": "T86S8GHEG",
        "user_team": "T86S8GHEG",
        "source_team": "T86S8GHEG",
        "user_profile": {
            "avatar_hash": "51c80845c55f",
            "image_72": "https:\/\/avatars.slack-edge.com\/2019-03-06\/569423098722_51c80845c55f7f5fb696_72.jpg",
            "first_name": "Kris",
            "real_name": "Kris Wilson",
            "display_name": "kwilson",
            "team": "T86S8GHEG",
            "name": "kwilson",
            "is_restricted": false,
            "is_ultra_restricted": false
        },
        "thread_ts": "1568054567.133600",
        "parent_user_id": "WAP43HA7L"
    },
    {
        "client_msg_id": "bbe9b4ce-6e3d-4129-a78c-8f2f327f5e1d",
        "type": "message",
        "text": "I am not sure this is related but <@WAH75CH71> had similar issue where he lost tunnel with Mesos instance.\nDuring debugging we found that for some reason `.nb.sock` didn’t even exist. i.e. it got deleted ???\nNot sure if this is same issue or some other issue but I thought of worth mentioning.",
        "user": "W81LS208J",
        "ts": "1568057384.137200",
        "team": "T86S8GHEG",
        "user_team": "T86S8GHEG",
        "source_team": "T86S8GHEG",
        "user_profile": {
            "avatar_hash": "585c44555baf",
            "image_72": "https:\/\/avatars.slack-edge.com\/2018-03-23\/334679814401_585c44555baf50befc85_72.jpg",
            "first_name": "Kunal",
            "real_name": "Kunal Trivedi",
            "display_name": "ktrivedi",
            "team": "T86S8GHEG",
            "name": "ktrivedi",
            "is_restricted": false,
            "is_ultra_restricted": false
        },
        "thread_ts": "1568054567.133600",
        "parent_user_id": "WAP43HA7L"
    },
    {
        "client_msg_id": "c057b5f0-dc93-457b-b5f1-9dcfccebcb5b",
        "type": "message",
        "text": "cc <@W81LU64GJ>",
        "user": "W81LS208J",
        "ts": "1568057389.137400",
        "team": "T86S8GHEG",
        "user_team": "T86S8GHEG",
        "source_team": "T86S8GHEG",
        "user_profile": {
            "avatar_hash": "585c44555baf",
            "image_72": "https:\/\/avatars.slack-edge.com\/2018-03-23\/334679814401_585c44555baf50befc85_72.jpg",
            "first_name": "Kunal",
            "real_name": "Kunal Trivedi",
            "display_name": "ktrivedi",
            "team": "T86S8GHEG",
            "name": "ktrivedi",
            "is_restricted": false,
            "is_ultra_restricted": false
        },
        "thread_ts": "1568054567.133600",
        "parent_user_id": "WAP43HA7L"
    },
    {
        "client_msg_id": "9c743222-e57c-4f12-8319-5998aaab984d",
        "type": "message",
        "text": "in Nick’s case, it clearly shows the notebook bound to a tcp port vs unix socket - I think this might be a hiccup from today’s release where the sources vs launcher pex are out of sync.",
        "user": "W81LU64GJ",
        "ts": "1568057438.137600",
        "team": "T86S8GHEG",
        "user_team": "T86S8GHEG",
        "source_team": "T86S8GHEG",
        "user_profile": {
            "avatar_hash": "51c80845c55f",
            "image_72": "https:\/\/avatars.slack-edge.com\/2019-03-06\/569423098722_51c80845c55f7f5fb696_72.jpg",
            "first_name": "Kris",
            "real_name": "Kris Wilson",
            "display_name": "kwilson",
            "team": "T86S8GHEG",
            "name": "kwilson",
            "is_restricted": false,
            "is_ultra_restricted": false
        },
        "thread_ts": "1568054567.133600",
        "parent_user_id": "WAP43HA7L"
    },
    {
        "client_msg_id": "e2ac6384-6371-42a1-827c-f64f98cbe095",
        "type": "message",
        "text": "I think the fix is stuck in the MDE release queue and blocked by someone from EE conducting a manual release.",
        "user": "W81LU64GJ",
        "ts": "1568057478.137800",
        "team": "T86S8GHEG",
        "user_team": "T86S8GHEG",
        "source_team": "T86S8GHEG",
        "user_profile": {
            "avatar_hash": "51c80845c55f",
            "image_72": "https:\/\/avatars.slack-edge.com\/2019-03-06\/569423098722_51c80845c55f7f5fb696_72.jpg",
            "first_name": "Kris",
            "real_name": "Kris Wilson",
            "display_name": "kwilson",
            "team": "T86S8GHEG",
            "name": "kwilson",
            "is_restricted": false,
            "is_ultra_restricted": false
        },
        "thread_ts": "1568054567.133600",
        "parent_user_id": "WAP43HA7L"
    },
    {
        "client_msg_id": "0da91fdc-0d25-4573-93de-139bc31bb353",
        "type": "message",
        "text": "Still hanging with create-new. I'll wait on that release. thanks as always PyCX team! :thankyoufoldedhands: :raised_hands:",
        "user": "WAP43HA7L",
        "ts": "1568057580.138200",
        "team": "T86S8GHEG",
        "user_team": "T86S8GHEG",
        "source_team": "T86S8GHEG",
        "user_profile": {
            "avatar_hash": "dea12b9ee1c7",
            "image_72": "https:\/\/avatars.slack-edge.com\/2019-11-20\/843310014720_dea12b9ee1c76b64f35f_72.png",
            "first_name": "Nick",
            "real_name": "Nick Gibian",
            "display_name": "ngibian",
            "team": "T86S8GHEG",
            "name": "ngibian",
            "is_restricted": false,
            "is_ultra_restricted": false
        },
        "thread_ts": "1568054567.133600",
        "parent_user_id": "WAP43HA7L"
    },
    {
        "client_msg_id": "5745e406-efae-485d-b683-8a512c1497f6",
        "type": "message",
        "text": "Hey guys, I'm trying to start my first pycx job, but it's been stuck at `INFO] Checking status of smf1\/pzeng\/devel\/pycx-notebook` for 5+ minutes. Is this normal?",
        "user": "WKNQSG0EQ",
        "ts": "1568057713.138800",
        "team": "T86S8GHEG",
        "user_team": "T86S8GHEG",
        "source_team": "T86S8GHEG",
        "user_profile": {
            "avatar_hash": "g3d5c9f563bd",
            "image_72": "https:\/\/secure.gravatar.com\/avatar\/f3d5c9f563bd4866a223e9a412f50084.jpg?s=72&d=https%3A%2F%2Fa.slack-edge.com%2Fdf10d%2Fimg%2Favatars%2Fava_0012-72.png",
            "first_name": "Paul",
            "real_name": "Paul Zeng",
            "display_name": "pzeng",
            "team": "T86S8GHEG",
            "name": "pzeng",
            "is_restricted": false,
            "is_ultra_restricted": false
        },
        "thread_ts": "1568057713.138800",
        "reply_count": 6,
        "reply_users_count": 3,
        "latest_reply": "1568149967.154800",
        "reply_users": [
            "W81LS208J",
            "WKNQSG0EQ",
            "WG9RP9PEH"
        ],
        "replies": [
            {
                "user": "W81LS208J",
                "ts": "1568058095.139100"
            },
            {
                "user": "WKNQSG0EQ",
                "ts": "1568059949.139500"
            },
            {
                "user": "WKNQSG0EQ",
                "ts": "1568063236.139700"
            },
            {
                "user": "WKNQSG0EQ",
                "ts": "1568064924.140400"
            },
            {
                "user": "WG9RP9PEH",
                "ts": "1568069283.143600"
            },
            {
                "user": "WKNQSG0EQ",
                "ts": "1568149967.154800"
            }
        ],
        "subscribed": false
    },
    {
        "client_msg_id": "c780aa9a-571b-491f-ad38-14f6dbfe219f",
        "type": "message",
        "text": "Thanks.",
        "user": "WKNQSG0EQ",
        "ts": "1568057716.139000",
        "team": "T86S8GHEG",
        "user_team": "T86S8GHEG",
        "source_team": "T86S8GHEG",
        "user_profile": {
            "avatar_hash": "g3d5c9f563bd",
            "image_72": "https:\/\/secure.gravatar.com\/avatar\/f3d5c9f563bd4866a223e9a412f50084.jpg?s=72&d=https%3A%2F%2Fa.slack-edge.com%2Fdf10d%2Fimg%2Favatars%2Fava_0012-72.png",
            "first_name": "Paul",
            "real_name": "Paul Zeng",
            "display_name": "pzeng",
            "team": "T86S8GHEG",
            "name": "pzeng",
            "is_restricted": false,
            "is_ultra_restricted": false
        }
    },
    {
        "client_msg_id": "7b007f96-cf6e-43cb-aebf-f90e1f235ee9",
        "type": "message",
        "text": "Hi <@WBV1PP5AT>: We are in process of releasing new PyCX version. As soon as its released will let you know.",
        "user": "W81LS208J",
        "ts": "1568058095.139100",
        "team": "T86S8GHEG",
        "user_team": "T86S8GHEG",
        "source_team": "T86S8GHEG",
        "user_profile": {
            "avatar_hash": "585c44555baf",
            "image_72": "https:\/\/avatars.slack-edge.com\/2018-03-23\/334679814401_585c44555baf50befc85_72.jpg",
            "first_name": "Kunal",
            "real_name": "Kunal Trivedi",
            "display_name": "ktrivedi",
            "team": "T86S8GHEG",
            "name": "ktrivedi",
            "is_restricted": false,
            "is_ultra_restricted": false
        },
        "thread_ts": "1568057713.138800",
        "parent_user_id": "WKNQSG0EQ"
    },
    {
        "client_msg_id": "6de2fe14-3407-48eb-9162-26fb907690bb",
        "type": "message",
        "text": "looks like that’s in MDE now, so would try a manual MDE update, ensure: ```$ grep ^MDE_PROGRAM `which pycx` | awk -F\/ '{print $6}'\n8a360b7c0a67a6521d98ec996b82f19bfa06cab52bfec5171c25fa1f63864f6a``` and then ```pycx --create-new```",
        "user": "W81LU64GJ",
        "ts": "1568059264.139300",
        "team": "T86S8GHEG",
        "user_team": "T86S8GHEG",
        "source_team": "T86S8GHEG",
        "user_profile": {
            "avatar_hash": "51c80845c55f",
            "image_72": "https:\/\/avatars.slack-edge.com\/2019-03-06\/569423098722_51c80845c55f7f5fb696_72.jpg",
            "first_name": "Kris",
            "real_name": "Kris Wilson",
            "display_name": "kwilson",
            "team": "T86S8GHEG",
            "name": "kwilson",
            "is_restricted": false,
            "is_ultra_restricted": false
        },
        "thread_ts": "1568054567.133600",
        "parent_user_id": "WAP43HA7L"
    },
    {
        "client_msg_id": "d9841da6-7d17-4707-aaa0-847e39f612e7",
        "type": "message",
        "text": "Hey <@W81LS208J> Thanks for answering. Are all PyCX instances down while this release is going on? And what's the ETA for finishing the release?",
        "user": "WKNQSG0EQ",
        "ts": "1568059949.139500",
        "team": "T86S8GHEG",
        "user_team": "T86S8GHEG",
        "source_team": "T86S8GHEG",
        "user_profile": {
            "avatar_hash": "g3d5c9f563bd",
            "image_72": "https:\/\/secure.gravatar.com\/avatar\/f3d5c9f563bd4866a223e9a412f50084.jpg?s=72&d=https%3A%2F%2Fa.slack-edge.com%2Fdf10d%2Fimg%2Favatars%2Fava_0012-72.png",
            "first_name": "Paul",
            "real_name": "Paul Zeng",
            "display_name": "pzeng",
            "team": "T86S8GHEG",
            "name": "pzeng",
            "is_restricted": false,
            "is_ultra_restricted": false
        },
        "thread_ts": "1568057713.138800",
        "parent_user_id": "WKNQSG0EQ"
    },
    {
        "client_msg_id": "4dcd4ef4-d0e6-4f0e-b662-71642baf97f7",
        "type": "message",
        "text": "Also, currently PyCX is on 2.7. Does this new release move to python3 or is there a plan to do so? A lot of projects are dropping python2 support: <https:\/\/python3statement.org\/>",
        "user": "WKNQSG0EQ",
        "ts": "1568063236.139700",
        "team": "T86S8GHEG",
        "user_team": "T86S8GHEG",
        "source_team": "T86S8GHEG",
        "user_profile": {
            "avatar_hash": "g3d5c9f563bd",
            "image_72": "https:\/\/secure.gravatar.com\/avatar\/f3d5c9f563bd4866a223e9a412f50084.jpg?s=72&d=https%3A%2F%2Fa.slack-edge.com%2Fdf10d%2Fimg%2Favatars%2Fava_0012-72.png",
            "first_name": "Paul",
            "real_name": "Paul Zeng",
            "display_name": "pzeng",
            "team": "T86S8GHEG",
            "name": "pzeng",
            "is_restricted": false,
            "is_ultra_restricted": false
        },
        "attachments": [
            {
                "title": "Sunsetting Python 2 support",
                "title_link": "https:\/\/python3statement.org\/",
                "text": "A pledge to drop Python 2 support by 2020.",
                "fallback": "Sunsetting Python 2 support",
                "from_url": "https:\/\/python3statement.org\/",
                "service_name": "python3statement.org",
                "id": 1,
                "original_url": "https:\/\/python3statement.org\/"
            }
        ],
        "thread_ts": "1568057713.138800",
        "parent_user_id": "WKNQSG0EQ"
    },
    {
        "client_msg_id": "30b3cede-2031-4e6d-9732-659c4f5d2356",
        "type": "message",
        "text": "That worked! Thanks all!",
        "user": "WAP43HA7L",
        "ts": "1568064115.140000",
        "team": "T86S8GHEG",
        "user_team": "T86S8GHEG",
        "source_team": "T86S8GHEG",
        "user_profile": {
            "avatar_hash": "dea12b9ee1c7",
            "image_72": "https:\/\/avatars.slack-edge.com\/2019-11-20\/843310014720_dea12b9ee1c76b64f35f_72.png",
            "first_name": "Nick",
            "real_name": "Nick Gibian",
            "display_name": "ngibian",
            "team": "T86S8GHEG",
            "name": "ngibian",
            "is_restricted": false,
            "is_ultra_restricted": false
        },
        "thread_ts": "1568054567.133600",
        "parent_user_id": "WAP43HA7L"
    },
    {
        "client_msg_id": "30780f4f-0438-44ec-b107-bc9fd2fadef3",
        "type": "message",
        "text": ":thumbsup:  sorry for the trouble!",
        "user": "W81LU64GJ",
        "ts": "1568064728.140200",
        "team": "T86S8GHEG",
        "user_team": "T86S8GHEG",
        "source_team": "T86S8GHEG",
        "user_profile": {
            "avatar_hash": "51c80845c55f",
            "image_72": "https:\/\/avatars.slack-edge.com\/2019-03-06\/569423098722_51c80845c55f7f5fb696_72.jpg",
            "first_name": "Kris",
            "real_name": "Kris Wilson",
            "display_name": "kwilson",
            "team": "T86S8GHEG",
            "name": "kwilson",
            "is_restricted": false,
            "is_ultra_restricted": false
        },
        "thread_ts": "1568054567.133600",
        "parent_user_id": "WAP43HA7L"
    },
    {
        "client_msg_id": "726c4bfe-41d5-4224-9235-d431a947ef26",
        "type": "message",
        "text": "I dug around in this channel; it seems that people are saying that pycx is running python3. But when I ran the `pycx` command, my terminal says \"pycx (Python2)\" at the top of my terminal; so I was confused.",
        "user": "WKNQSG0EQ",
        "ts": "1568064924.140400",
        "team": "T86S8GHEG",
        "user_team": "T86S8GHEG",
        "source_team": "T86S8GHEG",
        "user_profile": {
            "avatar_hash": "g3d5c9f563bd",
            "image_72": "https:\/\/secure.gravatar.com\/avatar\/f3d5c9f563bd4866a223e9a412f50084.jpg?s=72&d=https%3A%2F%2Fa.slack-edge.com%2Fdf10d%2Fimg%2Favatars%2Fava_0012-72.png",
            "first_name": "Paul",
            "real_name": "Paul Zeng",
            "display_name": "pzeng",
            "team": "T86S8GHEG",
            "name": "pzeng",
            "is_restricted": false,
            "is_ultra_restricted": false
        },
        "thread_ts": "1568057713.138800",
        "parent_user_id": "WKNQSG0EQ"
    },
    {
        "client_msg_id": "44346e1a-56d2-4270-a7c0-6da68756fe1b",
        "type": "message",
        "text": "Hey <@W81LU64GJ> <@WBRGW2WRH> <@W8202284V> Have you guys found the cause? I got the same error `Only one SparkContext may be running in this JVM`\nThanks!",
        "user": "WKNQSG0EQ",
        "ts": "1568067228.140600",
        "team": "T86S8GHEG",
        "user_team": "T86S8GHEG",
        "source_team": "T86S8GHEG",
        "user_profile": {
            "avatar_hash": "g3d5c9f563bd",
            "image_72": "https:\/\/secure.gravatar.com\/avatar\/f3d5c9f563bd4866a223e9a412f50084.jpg?s=72&d=https%3A%2F%2Fa.slack-edge.com%2Fdf10d%2Fimg%2Favatars%2Fava_0012-72.png",
            "first_name": "Paul",
            "real_name": "Paul Zeng",
            "display_name": "pzeng",
            "team": "T86S8GHEG",
            "name": "pzeng",
            "is_restricted": false,
            "is_ultra_restricted": false
        },
        "edited": {
            "user": "WKNQSG0EQ",
            "ts": "1568067233.000000"
        },
        "thread_ts": "1552510617.126700",
        "parent_user_id": "W89H645FB"
    },
    {
        "client_msg_id": "69e185f0-34be-4be6-a524-cc51a6432afa",
        "type": "message",
        "text": ":wave:  hey pycx team, a question for you inspired by the beta release of `Working with Source`...",
        "user": "W82KAA0T0",
        "ts": "1568068661.141700",
        "team": "T86S8GHEG",
        "user_team": "T86S8GHEG",
        "source_team": "T86S8GHEG",
        "user_profile": {
            "avatar_hash": "e94a405f63b9",
            "image_72": "https:\/\/avatars.slack-edge.com\/2018-06-20\/384995963779_e94a405f63b992ec80e0_72.jpg",
            "first_name": "Josh",
            "real_name": "Josh Montague",
            "display_name": "jmontague",
            "team": "T86S8GHEG",
            "name": "jmontague",
            "is_restricted": false,
            "is_ultra_restricted": false
        },
        "thread_ts": "1568068661.141700",
        "reply_count": 7,
        "reply_users_count": 2,
        "latest_reply": "1568069269.143400",
        "reply_users": [
            "WG9RP9PEH",
            "W82KAA0T0"
        ],
        "replies": [
            {
                "user": "WG9RP9PEH",
                "ts": "1568068741.141800"
            },
            {
                "user": "W82KAA0T0",
                "ts": "1568068800.142000"
            },
            {
                "user": "W82KAA0T0",
                "ts": "1568068840.142200"
            },
            {
                "user": "W82KAA0T0",
                "ts": "1568068885.142400"
            },
            {
                "user": "WG9RP9PEH",
                "ts": "1568069012.142600"
            },
            {
                "user": "WG9RP9PEH",
                "ts": "1568069082.142800"
            },
            {
                "user": "W82KAA0T0",
                "ts": "1568069269.143400"
            }
        ],
        "subscribed": false
    },
    {
        "client_msg_id": "e75ed529-9cfd-4521-9645-59686da7cd76",
        "type": "message",
        "text": "whats up",
        "user": "WG9RP9PEH",
        "ts": "1568068741.141800",
        "team": "T86S8GHEG",
        "user_team": "T86S8GHEG",
        "source_team": "T86S8GHEG",
        "user_profile": {
            "avatar_hash": "558f1f7bfc80",
            "image_72": "https:\/\/avatars.slack-edge.com\/2019-03-13\/577182336102_558f1f7bfc80dfc94377_72.jpg",
            "first_name": "Joshua",
            "real_name": "Joshua Hamet",
            "display_name": "jhamet",
            "team": "T86S8GHEG",
            "name": "jhamet",
            "is_restricted": false,
            "is_ultra_restricted": false
        },
        "thread_ts": "1568068661.141700",
        "parent_user_id": "W82KAA0T0"
    },
    {
        "client_msg_id": "ad234ec9-4cdd-485b-92a6-b7fa1c7b4778",
        "type": "message",
        "text": "i can see how this might be super handy for building and bringing in e.g. existing scala libraries and code from across twitter. i was wondering if it changes any of the expectations or workflows for writing team- or project-specific python modules that are intended for use in the pycx\/jupyterlab environment? my experience there in the past involved using the `pycx --add_libs_target`and corresponding pants toolchain",
        "user": "W82KAA0T0",
        "ts": "1568068800.142000",
        "team": "T86S8GHEG",
        "user_team": "T86S8GHEG",
        "source_team": "T86S8GHEG",
        "user_profile": {
            "avatar_hash": "e94a405f63b9",
            "image_72": "https:\/\/avatars.slack-edge.com\/2018-06-20\/384995963779_e94a405f63b992ec80e0_72.jpg",
            "first_name": "Josh",
            "real_name": "Josh Montague",
            "display_name": "jmontague",
            "team": "T86S8GHEG",
            "name": "jmontague",
            "is_restricted": false,
            "is_ultra_restricted": false
        },
        "thread_ts": "1568068661.141700",
        "parent_user_id": "W82KAA0T0"
    },
    {
        "client_msg_id": "172d87ae-8aa9-4c34-9395-ab03bbbe0144",
        "type": "message",
        "text": "at first glance, it looks like you could write plain python modules and then import them into your pycx environment without any of the pants processes",
        "user": "W82KAA0T0",
        "ts": "1568068840.142200",
        "team": "T86S8GHEG",
        "user_team": "T86S8GHEG",
        "source_team": "T86S8GHEG",
        "user_profile": {
            "avatar_hash": "e94a405f63b9",
            "image_72": "https:\/\/avatars.slack-edge.com\/2018-06-20\/384995963779_e94a405f63b992ec80e0_72.jpg",
            "first_name": "Josh",
            "real_name": "Josh Montague",
            "display_name": "jmontague",
            "team": "T86S8GHEG",
            "name": "jmontague",
            "is_restricted": false,
            "is_ultra_restricted": false
        },
        "thread_ts": "1568068661.141700",
        "parent_user_id": "W82KAA0T0"
    },
    {
        "client_msg_id": "82a92ff9-00a2-42e9-a754-3b5de372fa14",
        "type": "message",
        "text": "my question is less of a \"would this work\" (bc it sounds like it would) and more of a \"what's the recommended best practice here going forward\"",
        "user": "W82KAA0T0",
        "ts": "1568068885.142400",
        "team": "T86S8GHEG",
        "user_team": "T86S8GHEG",
        "source_team": "T86S8GHEG",
        "user_profile": {
            "avatar_hash": "e94a405f63b9",
            "image_72": "https:\/\/avatars.slack-edge.com\/2018-06-20\/384995963779_e94a405f63b992ec80e0_72.jpg",
            "first_name": "Josh",
            "real_name": "Josh Montague",
            "display_name": "jmontague",
            "team": "T86S8GHEG",
            "name": "jmontague",
            "is_restricted": false,
            "is_ultra_restricted": false
        },
        "thread_ts": "1568068661.141700",
        "parent_user_id": "W82KAA0T0"
    },
    {
        "client_msg_id": "366c7ad9-fcbd-401d-a57a-b56e4bd6d5c0",
        "type": "message",
        "text": "So right now, that would not work. Only libraries available are those that are bundled within the pexes (third_party_libs, add_libs_target, source_libs) that are built when PyCX is invoked and pushed to Packer",
        "user": "WG9RP9PEH",
        "ts": "1568069012.142600",
        "team": "T86S8GHEG",
        "user_team": "T86S8GHEG",
        "source_team": "T86S8GHEG",
        "user_profile": {
            "avatar_hash": "558f1f7bfc80",
            "image_72": "https:\/\/avatars.slack-edge.com\/2019-03-13\/577182336102_558f1f7bfc80dfc94377_72.jpg",
            "first_name": "Joshua",
            "real_name": "Joshua Hamet",
            "display_name": "jhamet",
            "team": "T86S8GHEG",
            "name": "jhamet",
            "is_restricted": false,
            "is_ultra_restricted": false
        },
        "thread_ts": "1568068661.141700",
        "parent_user_id": "W82KAA0T0"
    },
    {
        "client_msg_id": "e3ca4126-0beb-46dc-9d9e-e9aa211279d4",
        "type": "message",
        "text": "However, this is a target deliverable for us to make this development paradigm available via this milestone by EOY (i believe): `A pants plugin\/magic that can live-load python build targets and their third-party dependencies from a copy of source in the notebook REPL`",
        "user": "WG9RP9PEH",
        "ts": "1568069082.142800",
        "team": "T86S8GHEG",
        "user_team": "T86S8GHEG",
        "source_team": "T86S8GHEG",
        "user_profile": {
            "avatar_hash": "558f1f7bfc80",
            "image_72": "https:\/\/avatars.slack-edge.com\/2019-03-13\/577182336102_558f1f7bfc80dfc94377_72.jpg",
            "first_name": "Joshua",
            "real_name": "Joshua Hamet",
            "display_name": "jhamet",
            "team": "T86S8GHEG",
            "name": "jhamet",
            "is_restricted": false,
            "is_ultra_restricted": false
        },
        "thread_ts": "1568068661.141700",
        "parent_user_id": "W82KAA0T0"
    },
    {
        "client_msg_id": "3213B33D-0CFF-4569-8849-712A66973592",
        "type": "message",
        "text": "Got it. Thanks for the clarification! ",
        "user": "W82KAA0T0",
        "ts": "1568069269.143400",
        "team": "T86S8GHEG",
        "user_team": "T86S8GHEG",
        "source_team": "T86S8GHEG",
        "user_profile": {
            "avatar_hash": "e94a405f63b9",
            "image_72": "https:\/\/avatars.slack-edge.com\/2018-06-20\/384995963779_e94a405f63b992ec80e0_72.jpg",
            "first_name": "Josh",
            "real_name": "Josh Montague",
            "display_name": "jmontague",
            "team": "T86S8GHEG",
            "name": "jmontague",
            "is_restricted": false,
            "is_ultra_restricted": false
        },
        "thread_ts": "1568068661.141700",
        "parent_user_id": "W82KAA0T0"
    },
    {
        "client_msg_id": "8a285eeb-402c-4f8f-99f4-f989e7276251",
        "type": "message",
        "text": "after this release, the PyCX binary should be Python3",
        "user": "WG9RP9PEH",
        "ts": "1568069283.143600",
        "team": "T86S8GHEG",
        "user_team": "T86S8GHEG",
        "source_team": "T86S8GHEG",
        "user_profile": {
            "avatar_hash": "558f1f7bfc80",
            "image_72": "https:\/\/avatars.slack-edge.com\/2019-03-13\/577182336102_558f1f7bfc80dfc94377_72.jpg",
            "first_name": "Joshua",
            "real_name": "Joshua Hamet",
            "display_name": "jhamet",
            "team": "T86S8GHEG",
            "name": "jhamet",
            "is_restricted": false,
            "is_ultra_restricted": false
        },
        "thread_ts": "1568057713.138800",
        "parent_user_id": "WKNQSG0EQ"
    },
    {
        "client_msg_id": "947e8865-8e2e-4d8b-bcdd-5cd971fa69e4",
        "type": "message",
        "text": "wow this is an old thread",
        "user": "W8202284V",
        "ts": "1568070520.143800",
        "team": "T86S8GHEG",
        "user_team": "T86S8GHEG",
        "source_team": "T86S8GHEG",
        "user_profile": {
            "avatar_hash": "1bc663e315f6",
            "image_72": "https:\/\/avatars.slack-edge.com\/2018-01-04\/294581279125_1bc663e315f6a36a9742_72.jpg",
            "first_name": "Nimalan",
            "real_name": "Nimalan Mahendran",
            "display_name": "nimalan",
            "team": "T86S8GHEG",
            "name": "nimalan",
            "is_restricted": false,
            "is_ultra_restricted": false
        },
        "thread_ts": "1552510617.126700",
        "parent_user_id": "W89H645FB"
    },
    {
        "client_msg_id": "a4a5c8c6-e6a1-4c45-bfce-cdadd745862d",
        "type": "message",
        "text": "i have currently no trouble when starting PySpark clusters (tried to do this last Friday and succeeded)",
        "user": "W8202284V",
        "ts": "1568070542.144000",
        "team": "T86S8GHEG",
        "user_team": "T86S8GHEG",
        "source_team": "T86S8GHEG",
        "user_profile": {
            "avatar_hash": "1bc663e315f6",
            "image_72": "https:\/\/avatars.slack-edge.com\/2018-01-04\/294581279125_1bc663e315f6a36a9742_72.jpg",
            "first_name": "Nimalan",
            "real_name": "Nimalan Mahendran",
            "display_name": "nimalan",
            "team": "T86S8GHEG",
            "name": "nimalan",
            "is_restricted": false,
            "is_ultra_restricted": false
        },
        "thread_ts": "1552510617.126700",
        "parent_user_id": "W89H645FB"
    }
]