[
    {
        "client_msg_id": "cfeeabd8-77e9-414a-986e-5df7b206619e",
        "type": "message",
        "text": "<@WG9RP9PEH> was just talking with <@W81H197B4> and it sounds like he already made a repro for this exact issue a few months ago",
        "user": "W81LDDNPM",
        "ts": "1575907531.169900",
        "team": "T86S8GHEG",
        "user_team": "T86S8GHEG",
        "source_team": "T86S8GHEG",
        "user_profile": {
            "avatar_hash": "g86e75ed44d8",
            "image_72": "https:\/\/secure.gravatar.com\/avatar\/586e75ed44d83e02aa496a0c3d6ffc3d.jpg?s=72&d=https%3A%2F%2Fa.slack-edge.com%2Fdf10d%2Fimg%2Favatars%2Fava_0016-72.png",
            "first_name": "Kovas",
            "real_name": "Kovas Boguta",
            "display_name": "kboguta",
            "team": "T86S8GHEG",
            "name": "kboguta",
            "is_restricted": false,
            "is_ultra_restricted": false
        }
    },
    {
        "client_msg_id": "5691b00c-dde8-4919-b6ff-84dc65210655",
        "type": "message",
        "text": "From what I can tell, udfs only work when the fn passed to the udf is defined at the notebook level. If you try to put a fn from your lib directly into a udf wrapper, it will fail to deserialize",
        "user": "W81LDDNPM",
        "ts": "1575907570.170600",
        "team": "T86S8GHEG",
        "user_team": "T86S8GHEG",
        "source_team": "T86S8GHEG",
        "user_profile": {
            "avatar_hash": "g86e75ed44d8",
            "image_72": "https:\/\/secure.gravatar.com\/avatar\/586e75ed44d83e02aa496a0c3d6ffc3d.jpg?s=72&d=https%3A%2F%2Fa.slack-edge.com%2Fdf10d%2Fimg%2Favatars%2Fava_0016-72.png",
            "first_name": "Kovas",
            "real_name": "Kovas Boguta",
            "display_name": "kboguta",
            "team": "T86S8GHEG",
            "name": "kboguta",
            "is_restricted": false,
            "is_ultra_restricted": false
        },
        "edited": {
            "user": "W81LDDNPM",
            "ts": "1575907589.000000"
        }
    },
    {
        "client_msg_id": "ebbf2389-aeb9-4046-b981-dd40c30d4785",
        "type": "message",
        "text": "I believe this is because the decorator only puts the libs on the path AFTER the udf as a whole is deserialized",
        "user": "W81LDDNPM",
        "ts": "1575907638.171700",
        "team": "T86S8GHEG",
        "user_team": "T86S8GHEG",
        "source_team": "T86S8GHEG",
        "user_profile": {
            "avatar_hash": "g86e75ed44d8",
            "image_72": "https:\/\/secure.gravatar.com\/avatar\/586e75ed44d83e02aa496a0c3d6ffc3d.jpg?s=72&d=https%3A%2F%2Fa.slack-edge.com%2Fdf10d%2Fimg%2Favatars%2Fava_0016-72.png",
            "first_name": "Kovas",
            "real_name": "Kovas Boguta",
            "display_name": "kboguta",
            "team": "T86S8GHEG",
            "name": "kboguta",
            "is_restricted": false,
            "is_ultra_restricted": false
        }
    },
    {
        "client_msg_id": "5f310bc6-fa24-4376-a514-6b383d46ee28",
        "type": "message",
        "text": "Therefore if the udf contains direct references to the stuff in the libs, it cannot be deserialized. It can only have indirect (importable) references",
        "user": "W81LDDNPM",
        "ts": "1575907716.173100",
        "team": "T86S8GHEG",
        "user_team": "T86S8GHEG",
        "source_team": "T86S8GHEG",
        "user_profile": {
            "avatar_hash": "g86e75ed44d8",
            "image_72": "https:\/\/secure.gravatar.com\/avatar\/586e75ed44d83e02aa496a0c3d6ffc3d.jpg?s=72&d=https%3A%2F%2Fa.slack-edge.com%2Fdf10d%2Fimg%2Favatars%2Fava_0016-72.png",
            "first_name": "Kovas",
            "real_name": "Kovas Boguta",
            "display_name": "kboguta",
            "team": "T86S8GHEG",
            "name": "kboguta",
            "is_restricted": false,
            "is_ultra_restricted": false
        }
    },
    {
        "client_msg_id": "7e119ebf-a8d6-43db-82a6-1824a2f62cdf",
        "type": "message",
        "text": "In other words, you must always have a wrapper function defined in ur notebook that contains import statements to the libs, and then pass that to the udf constructor.",
        "user": "W81LDDNPM",
        "ts": "1575907757.174000",
        "team": "T86S8GHEG",
        "user_team": "T86S8GHEG",
        "source_team": "T86S8GHEG",
        "user_profile": {
            "avatar_hash": "g86e75ed44d8",
            "image_72": "https:\/\/secure.gravatar.com\/avatar\/586e75ed44d83e02aa496a0c3d6ffc3d.jpg?s=72&d=https%3A%2F%2Fa.slack-edge.com%2Fdf10d%2Fimg%2Favatars%2Fava_0016-72.png",
            "first_name": "Kovas",
            "real_name": "Kovas Boguta",
            "display_name": "kboguta",
            "team": "T86S8GHEG",
            "name": "kboguta",
            "is_restricted": false,
            "is_ultra_restricted": false
        }
    },
    {
        "client_msg_id": "6d385fc2-14cc-4823-a879-5ce94934099e",
        "type": "message",
        "text": "Btw, from what I can tell the initial investigations into shipping PEX to executors missed a crucial env variable (PEX_ROOT) and thats why they were not finding the pex",
        "user": "W81LDDNPM",
        "ts": "1575907841.175100",
        "team": "T86S8GHEG",
        "user_team": "T86S8GHEG",
        "source_team": "T86S8GHEG",
        "user_profile": {
            "avatar_hash": "g86e75ed44d8",
            "image_72": "https:\/\/secure.gravatar.com\/avatar\/586e75ed44d83e02aa496a0c3d6ffc3d.jpg?s=72&d=https%3A%2F%2Fa.slack-edge.com%2Fdf10d%2Fimg%2Favatars%2Fava_0016-72.png",
            "first_name": "Kovas",
            "real_name": "Kovas Boguta",
            "display_name": "kboguta",
            "team": "T86S8GHEG",
            "name": "kboguta",
            "is_restricted": false,
            "is_ultra_restricted": false
        }
    },
    {
        "client_msg_id": "dfa6bbff-8755-4b44-8353-e4e81653c0fa",
        "type": "message",
        "text": "Documented all this at <https:\/\/jira.twitter.biz\/browse\/CX-17506>",
        "user": "W81LDDNPM",
        "ts": "1575908867.175300",
        "team": "T86S8GHEG",
        "user_team": "T86S8GHEG",
        "source_team": "T86S8GHEG",
        "user_profile": {
            "avatar_hash": "g86e75ed44d8",
            "image_72": "https:\/\/secure.gravatar.com\/avatar\/586e75ed44d83e02aa496a0c3d6ffc3d.jpg?s=72&d=https%3A%2F%2Fa.slack-edge.com%2Fdf10d%2Fimg%2Favatars%2Fava_0016-72.png",
            "first_name": "Kovas",
            "real_name": "Kovas Boguta",
            "display_name": "kboguta",
            "team": "T86S8GHEG",
            "name": "kboguta",
            "is_restricted": false,
            "is_ultra_restricted": false
        },
        "reactions": [
            {
                "name": "ack2",
                "users": [
                    "WG9RP9PEH",
                    "W81HPGJTF"
                ],
                "count": 2
            }
        ]
    },
    {
        "client_msg_id": "8452d574-b02a-4db6-a4a0-6025acf50e30",
        "type": "message",
        "text": "hey team, i followed the data records example: <https:\/\/docbird.twitter.biz\/pycx_v2\/notebooks\/tutorial-exploring-datarecords.html>, but after creating the dataframe, `memory_records = df.take(100000)` throws `TypeError: 'NoneType' object is not iterable`. how can i fix this? here is the notebook: <http:\/\/nbviewer.prod.nbviewer.service.atla.twitter.com\/url\/ton-staging.smf1.twitter.com\/notebooks\/lizhou\/PHomeLatestAnalysis\/2019-12-09_18-26-35\/PHomeLatestAnalysis.ipynb>",
        "user": "WALAJHV18",
        "ts": "1575916347.177000",
        "team": "T86S8GHEG",
        "user_team": "T86S8GHEG",
        "source_team": "T86S8GHEG",
        "user_profile": {
            "avatar_hash": "gfdfd79c7058",
            "image_72": "https:\/\/secure.gravatar.com\/avatar\/6fdfd79c70581e5fffb6a5220f926b74.jpg?s=72&d=https%3A%2F%2Fa.slack-edge.com%2Fdf10d%2Fimg%2Favatars%2Fava_0014-72.png",
            "first_name": "Li",
            "real_name": "Li Zhou",
            "display_name": "lizhou",
            "team": "T86S8GHEG",
            "name": "lizhou",
            "is_restricted": false,
            "is_ultra_restricted": false
        },
        "thread_ts": "1575916347.177000",
        "reply_count": 28,
        "reply_users_count": 2,
        "latest_reply": "1576092502.210200",
        "reply_users": [
            "WG9RP9PEH",
            "WALAJHV18"
        ],
        "replies": [
            {
                "user": "WG9RP9PEH",
                "ts": "1575918848.178100"
            },
            {
                "user": "WG9RP9PEH",
                "ts": "1575919846.178400"
            },
            {
                "user": "WALAJHV18",
                "ts": "1575920801.178600"
            },
            {
                "user": "WG9RP9PEH",
                "ts": "1575920879.178800"
            },
            {
                "user": "WALAJHV18",
                "ts": "1575920890.179000"
            },
            {
                "user": "WALAJHV18",
                "ts": "1575921144.179200"
            },
            {
                "user": "WG9RP9PEH",
                "ts": "1575921188.179400"
            },
            {
                "user": "WG9RP9PEH",
                "ts": "1575921200.179600"
            },
            {
                "user": "WALAJHV18",
                "ts": "1575921407.179800"
            },
            {
                "user": "WALAJHV18",
                "ts": "1575921421.180000"
            },
            {
                "user": "WG9RP9PEH",
                "ts": "1575921459.180200"
            },
            {
                "user": "WALAJHV18",
                "ts": "1575921473.180400"
            },
            {
                "user": "WG9RP9PEH",
                "ts": "1575921522.180700"
            },
            {
                "user": "WG9RP9PEH",
                "ts": "1575921730.180900"
            },
            {
                "user": "WALAJHV18",
                "ts": "1575921852.181100"
            },
            {
                "user": "WG9RP9PEH",
                "ts": "1575925773.181300"
            },
            {
                "user": "WG9RP9PEH",
                "ts": "1575925980.181600"
            },
            {
                "user": "WG9RP9PEH",
                "ts": "1575925986.181800"
            },
            {
                "user": "WG9RP9PEH",
                "ts": "1575926019.182000"
            },
            {
                "user": "WG9RP9PEH",
                "ts": "1575926362.182200"
            },
            {
                "user": "WALAJHV18",
                "ts": "1575927548.182400"
            },
            {
                "user": "WG9RP9PEH",
                "ts": "1575929286.182600"
            },
            {
                "user": "WG9RP9PEH",
                "ts": "1575929288.182800"
            },
            {
                "user": "WALAJHV18",
                "ts": "1575929720.183000"
            },
            {
                "user": "WALAJHV18",
                "ts": "1575929816.183300"
            },
            {
                "user": "WALAJHV18",
                "ts": "1576088395.201200"
            },
            {
                "user": "WG9RP9PEH",
                "ts": "1576088524.201400"
            },
            {
                "user": "WALAJHV18",
                "ts": "1576092502.210200"
            }
        ],
        "subscribed": false
    },
    {
        "client_msg_id": "ca2f0167-a6e9-44e9-a32d-5a45b7e9c98b",
        "type": "message",
        "text": "hi I have a phab to add some critical ads thrift object to <https:\/\/phabricator.twitter.biz\/D409684>. let me know who can review it",
        "user": "WNF3P4B1V",
        "ts": "1575918014.178000",
        "team": "T86S8GHEG",
        "user_team": "T86S8GHEG",
        "source_team": "T86S8GHEG",
        "user_profile": {
            "avatar_hash": "6bc7f9ab3a13",
            "image_72": "https:\/\/avatars.slack-edge.com\/2020-02-13\/951731128196_6bc7f9ab3a1304557f3f_72.png",
            "first_name": "Di",
            "real_name": "Di Zhao",
            "display_name": "diz",
            "team": "T86S8GHEG",
            "name": "diz",
            "is_restricted": false,
            "is_ultra_restricted": false
        }
    },
    {
        "client_msg_id": "9331952d-a8f4-4127-9151-c63c0d2150f5",
        "type": "message",
        "text": "taking a look",
        "user": "WG9RP9PEH",
        "ts": "1575918848.178100",
        "team": "T86S8GHEG",
        "user_team": "T86S8GHEG",
        "source_team": "T86S8GHEG",
        "user_profile": {
            "avatar_hash": "558f1f7bfc80",
            "image_72": "https:\/\/avatars.slack-edge.com\/2019-03-13\/577182336102_558f1f7bfc80dfc94377_72.jpg",
            "first_name": "Joshua",
            "real_name": "Joshua Hamet",
            "display_name": "jhamet",
            "team": "T86S8GHEG",
            "name": "jhamet",
            "is_restricted": false,
            "is_ultra_restricted": false
        },
        "thread_ts": "1575916347.177000",
        "parent_user_id": "WALAJHV18"
    },
    {
        "client_msg_id": "f575b333-065a-424b-8b07-e638c9c6a12c",
        "type": "message",
        "text": "did you delete a cell by chance. I can't execute this cell successfully: `parsed_records = parse_data_records(records_with_spec).map(unroll_tensors)`",
        "user": "WG9RP9PEH",
        "ts": "1575919846.178400",
        "team": "T86S8GHEG",
        "user_team": "T86S8GHEG",
        "source_team": "T86S8GHEG",
        "user_profile": {
            "avatar_hash": "558f1f7bfc80",
            "image_72": "https:\/\/avatars.slack-edge.com\/2019-03-13\/577182336102_558f1f7bfc80dfc94377_72.jpg",
            "first_name": "Joshua",
            "real_name": "Joshua Hamet",
            "display_name": "jhamet",
            "team": "T86S8GHEG",
            "name": "jhamet",
            "is_restricted": false,
            "is_ultra_restricted": false
        },
        "thread_ts": "1575916347.177000",
        "parent_user_id": "WALAJHV18"
    },
    {
        "client_msg_id": "419013f5-4450-4189-9a4e-38c3d06616ae",
        "type": "message",
        "text": "did you run from the start?",
        "user": "WALAJHV18",
        "ts": "1575920801.178600",
        "team": "T86S8GHEG",
        "user_team": "T86S8GHEG",
        "source_team": "T86S8GHEG",
        "user_profile": {
            "avatar_hash": "gfdfd79c7058",
            "image_72": "https:\/\/secure.gravatar.com\/avatar\/6fdfd79c70581e5fffb6a5220f926b74.jpg?s=72&d=https%3A%2F%2Fa.slack-edge.com%2Fdf10d%2Fimg%2Favatars%2Fava_0014-72.png",
            "first_name": "Li",
            "real_name": "Li Zhou",
            "display_name": "lizhou",
            "team": "T86S8GHEG",
            "name": "lizhou",
            "is_restricted": false,
            "is_ultra_restricted": false
        },
        "thread_ts": "1575916347.177000",
        "parent_user_id": "WALAJHV18"
    },
    {
        "client_msg_id": "0dd5d07a-a9f9-454c-8b4a-f26269a7790c",
        "type": "message",
        "text": "yep. I'm getting an exception running that",
        "user": "WG9RP9PEH",
        "ts": "1575920879.178800",
        "team": "T86S8GHEG",
        "user_team": "T86S8GHEG",
        "source_team": "T86S8GHEG",
        "user_profile": {
            "avatar_hash": "558f1f7bfc80",
            "image_72": "https:\/\/avatars.slack-edge.com\/2019-03-13\/577182336102_558f1f7bfc80dfc94377_72.jpg",
            "first_name": "Joshua",
            "real_name": "Joshua Hamet",
            "display_name": "jhamet",
            "team": "T86S8GHEG",
            "name": "jhamet",
            "is_restricted": false,
            "is_ultra_restricted": false
        },
        "thread_ts": "1575916347.177000",
        "parent_user_id": "WALAJHV18"
    },
    {
        "client_msg_id": "8ae8e95d-8b3b-49b9-b286-c0c1dc7652dd",
        "type": "message",
        "text": "it takes time to load the large dataset. i ran it during the weekend and didn’t had the issue",
        "user": "WALAJHV18",
        "ts": "1575920890.179000",
        "team": "T86S8GHEG",
        "user_team": "T86S8GHEG",
        "source_team": "T86S8GHEG",
        "user_profile": {
            "avatar_hash": "gfdfd79c7058",
            "image_72": "https:\/\/secure.gravatar.com\/avatar\/6fdfd79c70581e5fffb6a5220f926b74.jpg?s=72&d=https%3A%2F%2Fa.slack-edge.com%2Fdf10d%2Fimg%2Favatars%2Fava_0014-72.png",
            "first_name": "Li",
            "real_name": "Li Zhou",
            "display_name": "lizhou",
            "team": "T86S8GHEG",
            "name": "lizhou",
            "is_restricted": false,
            "is_ultra_restricted": false
        },
        "thread_ts": "1575916347.177000",
        "parent_user_id": "WALAJHV18"
    },
    {
        "client_msg_id": "936279d5-400e-4ae8-9ee9-7bbdf1c397c9",
        "type": "message",
        "text": "what error info did you see? it prints out lots of warning but not error",
        "user": "WALAJHV18",
        "ts": "1575921144.179200",
        "team": "T86S8GHEG",
        "user_team": "T86S8GHEG",
        "source_team": "T86S8GHEG",
        "user_profile": {
            "avatar_hash": "gfdfd79c7058",
            "image_72": "https:\/\/secure.gravatar.com\/avatar\/6fdfd79c70581e5fffb6a5220f926b74.jpg?s=72&d=https%3A%2F%2Fa.slack-edge.com%2Fdf10d%2Fimg%2Favatars%2Fava_0014-72.png",
            "first_name": "Li",
            "real_name": "Li Zhou",
            "display_name": "lizhou",
            "team": "T86S8GHEG",
            "name": "lizhou",
            "is_restricted": false,
            "is_ultra_restricted": false
        },
        "thread_ts": "1575916347.177000",
        "parent_user_id": "WALAJHV18"
    },
    {
        "client_msg_id": "af77299b-8a99-4ef4-91fd-9b84617cb02f",
        "type": "message",
        "text": "Exception: Expected featureNames array to be of length 1",
        "user": "WG9RP9PEH",
        "ts": "1575921188.179400",
        "team": "T86S8GHEG",
        "user_team": "T86S8GHEG",
        "source_team": "T86S8GHEG",
        "user_profile": {
            "avatar_hash": "558f1f7bfc80",
            "image_72": "https:\/\/avatars.slack-edge.com\/2019-03-13\/577182336102_558f1f7bfc80dfc94377_72.jpg",
            "first_name": "Joshua",
            "real_name": "Joshua Hamet",
            "display_name": "jhamet",
            "team": "T86S8GHEG",
            "name": "jhamet",
            "is_restricted": false,
            "is_ultra_restricted": false
        },
        "thread_ts": "1575916347.177000",
        "parent_user_id": "WALAJHV18"
    },
    {
        "client_msg_id": "32be9915-99ab-4dfa-ab8c-05966fffc341",
        "type": "message",
        "text": "ill dig in and see if something nondeterministic just occurred",
        "user": "WG9RP9PEH",
        "ts": "1575921200.179600",
        "team": "T86S8GHEG",
        "user_team": "T86S8GHEG",
        "source_team": "T86S8GHEG",
        "user_profile": {
            "avatar_hash": "558f1f7bfc80",
            "image_72": "https:\/\/avatars.slack-edge.com\/2019-03-13\/577182336102_558f1f7bfc80dfc94377_72.jpg",
            "first_name": "Joshua",
            "real_name": "Joshua Hamet",
            "display_name": "jhamet",
            "team": "T86S8GHEG",
            "name": "jhamet",
            "is_restricted": false,
            "is_ultra_restricted": false
        },
        "thread_ts": "1575916347.177000",
        "parent_user_id": "WALAJHV18"
    },
    {
        "client_msg_id": "2cba7bdd-5d8a-4490-8bbf-18cb87682aec",
        "type": "message",
        "text": "thanks. i didn’t have this error. but just give u a heads up `df = sql.createDataFrame(flattened_records, samplingRatio=0.01)` takes about 4 hours even with current cluster config.",
        "user": "WALAJHV18",
        "ts": "1575921407.179800",
        "team": "T86S8GHEG",
        "user_team": "T86S8GHEG",
        "source_team": "T86S8GHEG",
        "user_profile": {
            "avatar_hash": "gfdfd79c7058",
            "image_72": "https:\/\/secure.gravatar.com\/avatar\/6fdfd79c70581e5fffb6a5220f926b74.jpg?s=72&d=https%3A%2F%2Fa.slack-edge.com%2Fdf10d%2Fimg%2Favatars%2Fava_0014-72.png",
            "first_name": "Li",
            "real_name": "Li Zhou",
            "display_name": "lizhou",
            "team": "T86S8GHEG",
            "name": "lizhou",
            "is_restricted": false,
            "is_ultra_restricted": false
        },
        "thread_ts": "1575916347.177000",
        "parent_user_id": "WALAJHV18"
    },
    {
        "client_msg_id": "59d096c2-face-4d1d-a35b-16dd8312d96c",
        "type": "message",
        "text": "and reduce the sampling rate won’t help",
        "user": "WALAJHV18",
        "ts": "1575921421.180000",
        "team": "T86S8GHEG",
        "user_team": "T86S8GHEG",
        "source_team": "T86S8GHEG",
        "user_profile": {
            "avatar_hash": "gfdfd79c7058",
            "image_72": "https:\/\/secure.gravatar.com\/avatar\/6fdfd79c70581e5fffb6a5220f926b74.jpg?s=72&d=https%3A%2F%2Fa.slack-edge.com%2Fdf10d%2Fimg%2Favatars%2Fava_0014-72.png",
            "first_name": "Li",
            "real_name": "Li Zhou",
            "display_name": "lizhou",
            "team": "T86S8GHEG",
            "name": "lizhou",
            "is_restricted": false,
            "is_ultra_restricted": false
        },
        "thread_ts": "1575916347.177000",
        "parent_user_id": "WALAJHV18"
    },
    {
        "client_msg_id": "0356b683-b436-41d6-8c18-6f07e9946f6e",
        "type": "message",
        "text": "oh wow, okay let me test out a solution for that as well, that's way too long to parse a schema",
        "user": "WG9RP9PEH",
        "ts": "1575921459.180200",
        "team": "T86S8GHEG",
        "user_team": "T86S8GHEG",
        "source_team": "T86S8GHEG",
        "user_profile": {
            "avatar_hash": "558f1f7bfc80",
            "image_72": "https:\/\/avatars.slack-edge.com\/2019-03-13\/577182336102_558f1f7bfc80dfc94377_72.jpg",
            "first_name": "Joshua",
            "real_name": "Joshua Hamet",
            "display_name": "jhamet",
            "team": "T86S8GHEG",
            "name": "jhamet",
            "is_restricted": false,
            "is_ultra_restricted": false
        },
        "thread_ts": "1575916347.177000",
        "parent_user_id": "WALAJHV18"
    },
    {
        "client_msg_id": "80505786-d4a6-4dd1-b61d-9b8c54373174",
        "type": "message",
        "text": "i just re-run from the start, `parsed_records = parse_data_records(records_with_spec).map(unroll_tensors)` has no error",
        "user": "WALAJHV18",
        "ts": "1575921473.180400",
        "team": "T86S8GHEG",
        "user_team": "T86S8GHEG",
        "source_team": "T86S8GHEG",
        "user_profile": {
            "avatar_hash": "gfdfd79c7058",
            "image_72": "https:\/\/secure.gravatar.com\/avatar\/6fdfd79c70581e5fffb6a5220f926b74.jpg?s=72&d=https%3A%2F%2Fa.slack-edge.com%2Fdf10d%2Fimg%2Favatars%2Fava_0014-72.png",
            "first_name": "Li",
            "real_name": "Li Zhou",
            "display_name": "lizhou",
            "team": "T86S8GHEG",
            "name": "lizhou",
            "is_restricted": false,
            "is_ultra_restricted": false
        },
        "edited": {
            "user": "WALAJHV18",
            "ts": "1575921486.000000"
        },
        "thread_ts": "1575916347.177000",
        "parent_user_id": "WALAJHV18"
    },
    {
        "client_msg_id": "218e7dc1-5123-45f9-a63d-144abf29ccae",
        "type": "message",
        "text": "ya same here, it seems to be working now (no exception yet)",
        "user": "WG9RP9PEH",
        "ts": "1575921522.180700",
        "team": "T86S8GHEG",
        "user_team": "T86S8GHEG",
        "source_team": "T86S8GHEG",
        "user_profile": {
            "avatar_hash": "558f1f7bfc80",
            "image_72": "https:\/\/avatars.slack-edge.com\/2019-03-13\/577182336102_558f1f7bfc80dfc94377_72.jpg",
            "first_name": "Joshua",
            "real_name": "Joshua Hamet",
            "display_name": "jhamet",
            "team": "T86S8GHEG",
            "name": "jhamet",
            "is_restricted": false,
            "is_ultra_restricted": false
        },
        "thread_ts": "1575916347.177000",
        "parent_user_id": "WALAJHV18"
    },
    {
        "client_msg_id": "84dd7b9a-c77b-4161-a007-62df8a3b211a",
        "type": "message",
        "text": "hmm nvm got the exception",
        "user": "WG9RP9PEH",
        "ts": "1575921730.180900",
        "team": "T86S8GHEG",
        "user_team": "T86S8GHEG",
        "source_team": "T86S8GHEG",
        "user_profile": {
            "avatar_hash": "558f1f7bfc80",
            "image_72": "https:\/\/avatars.slack-edge.com\/2019-03-13\/577182336102_558f1f7bfc80dfc94377_72.jpg",
            "first_name": "Joshua",
            "real_name": "Joshua Hamet",
            "display_name": "jhamet",
            "team": "T86S8GHEG",
            "name": "jhamet",
            "is_restricted": false,
            "is_ultra_restricted": false
        },
        "thread_ts": "1575916347.177000",
        "parent_user_id": "WALAJHV18"
    },
    {
        "client_msg_id": "a31f2b1c-c3a0-4c8e-bdd2-8d73ab5f28e3",
        "type": "message",
        "text": "hmm it shouldn’t give you an error… since it only does lazy execution …",
        "user": "WALAJHV18",
        "ts": "1575921852.181100",
        "team": "T86S8GHEG",
        "user_team": "T86S8GHEG",
        "source_team": "T86S8GHEG",
        "user_profile": {
            "avatar_hash": "gfdfd79c7058",
            "image_72": "https:\/\/secure.gravatar.com\/avatar\/6fdfd79c70581e5fffb6a5220f926b74.jpg?s=72&d=https%3A%2F%2Fa.slack-edge.com%2Fdf10d%2Fimg%2Favatars%2Fava_0014-72.png",
            "first_name": "Li",
            "real_name": "Li Zhou",
            "display_name": "lizhou",
            "team": "T86S8GHEG",
            "name": "lizhou",
            "is_restricted": false,
            "is_ultra_restricted": false
        },
        "thread_ts": "1575916347.177000",
        "parent_user_id": "WALAJHV18"
    },
    {
        "client_msg_id": "46a7babb-b289-4ee1-bafc-9404808af9d8",
        "type": "message",
        "text": "it's from the first part of the statement: `parse_data_records(records_with_spec)`",
        "user": "WG9RP9PEH",
        "ts": "1575925773.181300",
        "team": "T86S8GHEG",
        "user_team": "T86S8GHEG",
        "source_team": "T86S8GHEG",
        "user_profile": {
            "avatar_hash": "558f1f7bfc80",
            "image_72": "https:\/\/avatars.slack-edge.com\/2019-03-13\/577182336102_558f1f7bfc80dfc94377_72.jpg",
            "first_name": "Joshua",
            "real_name": "Joshua Hamet",
            "display_name": "jhamet",
            "team": "T86S8GHEG",
            "name": "jhamet",
            "is_restricted": false,
            "is_ultra_restricted": false
        },
        "edited": {
            "user": "WG9RP9PEH",
            "ts": "1575925779.000000"
        },
        "thread_ts": "1575916347.177000",
        "parent_user_id": "WALAJHV18"
    },
    {
        "client_msg_id": "b252a8c3-c45d-47c0-a743-e2170c0548a2",
        "type": "message",
        "text": "it's having an issue with this feature",
        "user": "WG9RP9PEH",
        "ts": "1575925980.181600",
        "team": "T86S8GHEG",
        "user_team": "T86S8GHEG",
        "source_team": "T86S8GHEG",
        "user_profile": {
            "avatar_hash": "558f1f7bfc80",
            "image_72": "https:\/\/avatars.slack-edge.com\/2019-03-13\/577182336102_558f1f7bfc80dfc94377_72.jpg",
            "first_name": "Joshua",
            "real_name": "Joshua Hamet",
            "display_name": "jhamet",
            "team": "T86S8GHEG",
            "name": "jhamet",
            "is_restricted": false,
            "is_ultra_restricted": false
        },
        "thread_ts": "1575916347.177000",
        "parent_user_id": "WALAJHV18"
    },
    {
        "client_msg_id": "4220b83f-ada7-4661-9950-a31f79088c12",
        "type": "message",
        "text": "{'baseName': 'meta.record_weight', 'type': 'CONTINUOUS', 'extensionDimensions': ['type'], 'featureNames': ['meta.record_weight\/type=random_boost_100.0', 'meta.record_weight\/type=random_boost_50.0', 'meta.record_weight\/type=recap']}",
        "user": "WG9RP9PEH",
        "ts": "1575925986.181800",
        "team": "T86S8GHEG",
        "user_team": "T86S8GHEG",
        "source_team": "T86S8GHEG",
        "user_profile": {
            "avatar_hash": "558f1f7bfc80",
            "image_72": "https:\/\/avatars.slack-edge.com\/2019-03-13\/577182336102_558f1f7bfc80dfc94377_72.jpg",
            "first_name": "Joshua",
            "real_name": "Joshua Hamet",
            "display_name": "jhamet",
            "team": "T86S8GHEG",
            "name": "jhamet",
            "is_restricted": false,
            "is_ultra_restricted": false
        },
        "thread_ts": "1575916347.177000",
        "parent_user_id": "WALAJHV18"
    },
    {
        "client_msg_id": "c84b949e-092f-4890-be9d-be5b8ea1f92f",
        "type": "message",
        "text": "ill get more context from the writer but its only expecting one feature name instead of 3 in the data spec",
        "user": "WG9RP9PEH",
        "ts": "1575926019.182000",
        "team": "T86S8GHEG",
        "user_team": "T86S8GHEG",
        "source_team": "T86S8GHEG",
        "user_profile": {
            "avatar_hash": "558f1f7bfc80",
            "image_72": "https:\/\/avatars.slack-edge.com\/2019-03-13\/577182336102_558f1f7bfc80dfc94377_72.jpg",
            "first_name": "Joshua",
            "real_name": "Joshua Hamet",
            "display_name": "jhamet",
            "team": "T86S8GHEG",
            "name": "jhamet",
            "is_restricted": false,
            "is_ultra_restricted": false
        },
        "thread_ts": "1575916347.177000",
        "parent_user_id": "WALAJHV18"
    },
    {
        "client_msg_id": "0a26b901-9251-45b8-b6be-52b6b5124ea3",
        "type": "message",
        "text": "im really surprised you're not encountering this",
        "user": "WG9RP9PEH",
        "ts": "1575926362.182200",
        "team": "T86S8GHEG",
        "user_team": "T86S8GHEG",
        "source_team": "T86S8GHEG",
        "user_profile": {
            "avatar_hash": "558f1f7bfc80",
            "image_72": "https:\/\/avatars.slack-edge.com\/2019-03-13\/577182336102_558f1f7bfc80dfc94377_72.jpg",
            "first_name": "Joshua",
            "real_name": "Joshua Hamet",
            "display_name": "jhamet",
            "team": "T86S8GHEG",
            "name": "jhamet",
            "is_restricted": false,
            "is_ultra_restricted": false
        },
        "thread_ts": "1575916347.177000",
        "parent_user_id": "WALAJHV18"
    },
    {
        "client_msg_id": "5e8da89d-9ec5-43aa-ba93-27f8949bab1c",
        "type": "message",
        "text": "no.. i don’t have that issue. and i can call `df.printSchema()` after `df = sql.createDataFrame(flattened_records, samplingRatio=0.01)` . and the schema looks okay",
        "user": "WALAJHV18",
        "ts": "1575927548.182400",
        "team": "T86S8GHEG",
        "user_team": "T86S8GHEG",
        "source_team": "T86S8GHEG",
        "user_profile": {
            "avatar_hash": "gfdfd79c7058",
            "image_72": "https:\/\/secure.gravatar.com\/avatar\/6fdfd79c70581e5fffb6a5220f926b74.jpg?s=72&d=https%3A%2F%2Fa.slack-edge.com%2Fdf10d%2Fimg%2Favatars%2Fava_0014-72.png",
            "first_name": "Li",
            "real_name": "Li Zhou",
            "display_name": "lizhou",
            "team": "T86S8GHEG",
            "name": "lizhou",
            "is_restricted": false,
            "is_ultra_restricted": false
        },
        "thread_ts": "1575916347.177000",
        "parent_user_id": "WALAJHV18"
    },
    {
        "client_msg_id": "e9adb8f6-e693-486c-b780-131bac9ea8fe",
        "type": "message",
        "text": "what does this output",
        "user": "WG9RP9PEH",
        "ts": "1575929286.182600",
        "team": "T86S8GHEG",
        "user_team": "T86S8GHEG",
        "source_team": "T86S8GHEG",
        "user_profile": {
            "avatar_hash": "558f1f7bfc80",
            "image_72": "https:\/\/avatars.slack-edge.com\/2019-03-13\/577182336102_558f1f7bfc80dfc94377_72.jpg",
            "first_name": "Joshua",
            "real_name": "Joshua Hamet",
            "display_name": "jhamet",
            "team": "T86S8GHEG",
            "name": "jhamet",
            "is_restricted": false,
            "is_ultra_restricted": false
        },
        "thread_ts": "1575916347.177000",
        "parent_user_id": "WALAJHV18"
    },
    {
        "client_msg_id": "ed56dc2d-868d-4d86-8979-75f0cdb02916",
        "type": "message",
        "text": "`[x for x in records_with_spec.data_spec['featureTemplates'] if x['baseName'] == 'meta.record_weight']`",
        "user": "WG9RP9PEH",
        "ts": "1575929288.182800",
        "team": "T86S8GHEG",
        "user_team": "T86S8GHEG",
        "source_team": "T86S8GHEG",
        "user_profile": {
            "avatar_hash": "558f1f7bfc80",
            "image_72": "https:\/\/avatars.slack-edge.com\/2019-03-13\/577182336102_558f1f7bfc80dfc94377_72.jpg",
            "first_name": "Joshua",
            "real_name": "Joshua Hamet",
            "display_name": "jhamet",
            "team": "T86S8GHEG",
            "name": "jhamet",
            "is_restricted": false,
            "is_ultra_restricted": false
        },
        "thread_ts": "1575916347.177000",
        "parent_user_id": "WALAJHV18"
    },
    {
        "client_msg_id": "baade048-f52e-43d6-969c-d082f5c35495",
        "type": "message",
        "text": "the schema output is here: <https:\/\/drive.google.com\/file\/d\/1KAeckD14VAV8LfaDmZ5BBv8FYunJcyCQ\/view?usp=sharing>",
        "user": "WALAJHV18",
        "ts": "1575929720.183000",
        "team": "T86S8GHEG",
        "user_team": "T86S8GHEG",
        "source_team": "T86S8GHEG",
        "user_profile": {
            "avatar_hash": "gfdfd79c7058",
            "image_72": "https:\/\/secure.gravatar.com\/avatar\/6fdfd79c70581e5fffb6a5220f926b74.jpg?s=72&d=https%3A%2F%2Fa.slack-edge.com%2Fdf10d%2Fimg%2Favatars%2Fava_0014-72.png",
            "first_name": "Li",
            "real_name": "Li Zhou",
            "display_name": "lizhou",
            "team": "T86S8GHEG",
            "name": "lizhou",
            "is_restricted": false,
            "is_ultra_restricted": false
        },
        "thread_ts": "1575916347.177000",
        "parent_user_id": "WALAJHV18"
    },
    {
        "client_msg_id": "660a514c-db7d-4d77-aa49-507ce4a98f38",
        "type": "message",
        "text": "the output for ur code is: ``` [{'baseName': 'meta.record_weight',\n  'type': 'CONTINUOUS',\n  'extensionDimensions': ['type'],\n  'featureNames': ['meta.record_weight\/type=random_boost_100.0',\n   'meta.record_weight\/type=random_boost_50.0',\n   'meta.record_weight\/type=recap']}]\n```",
        "user": "WALAJHV18",
        "ts": "1575929816.183300",
        "team": "T86S8GHEG",
        "user_team": "T86S8GHEG",
        "source_team": "T86S8GHEG",
        "user_profile": {
            "avatar_hash": "gfdfd79c7058",
            "image_72": "https:\/\/secure.gravatar.com\/avatar\/6fdfd79c70581e5fffb6a5220f926b74.jpg?s=72&d=https%3A%2F%2Fa.slack-edge.com%2Fdf10d%2Fimg%2Favatars%2Fava_0014-72.png",
            "first_name": "Li",
            "real_name": "Li Zhou",
            "display_name": "lizhou",
            "team": "T86S8GHEG",
            "name": "lizhou",
            "is_restricted": false,
            "is_ultra_restricted": false
        },
        "thread_ts": "1575916347.177000",
        "parent_user_id": "WALAJHV18"
    },
    {
        "client_msg_id": "64636d54-8e25-4b00-b214-9e978d84ef48",
        "type": "message",
        "text": "Hi pycx, I'm working on trying out the platform and ran into a strange issue when I was trying to bootstrap_source onto my mesos instance.  I was told to go to a phabricator page and got this:",
        "user": "W81SLB675",
        "ts": "1575931336.184200",
        "team": "T86S8GHEG",
        "user_team": "T86S8GHEG",
        "source_team": "T86S8GHEG",
        "user_profile": {
            "avatar_hash": "314741b7b108",
            "image_72": "https:\/\/avatars.slack-edge.com\/2017-12-01\/281723885287_314741b7b108334fc058_72.jpg",
            "first_name": "Todd",
            "real_name": "Todd Doughty",
            "display_name": "tdoughty",
            "team": "T86S8GHEG",
            "name": "tdoughty",
            "is_restricted": false,
            "is_ultra_restricted": false
        },
        "thread_ts": "1575931336.184200",
        "reply_count": 17,
        "reply_users_count": 2,
        "latest_reply": "1575995651.188000",
        "reply_users": [
            "W81SLB675",
            "W81HPGJTF"
        ],
        "replies": [
            {
                "user": "W81SLB675",
                "ts": "1575931354.184300"
            },
            {
                "user": "W81SLB675",
                "ts": "1575931369.184700"
            },
            {
                "user": "W81HPGJTF",
                "ts": "1575931431.184900"
            },
            {
                "user": "W81HPGJTF",
                "ts": "1575931436.185100"
            },
            {
                "user": "W81SLB675",
                "ts": "1575931849.185300"
            },
            {
                "user": "W81HPGJTF",
                "ts": "1575934641.185500"
            },
            {
                "user": "W81SLB675",
                "ts": "1575934760.185700"
            },
            {
                "user": "W81HPGJTF",
                "ts": "1575934998.185900"
            },
            {
                "user": "W81HPGJTF",
                "ts": "1575935261.186100"
            },
            {
                "user": "W81HPGJTF",
                "ts": "1575935276.186300"
            },
            {
                "user": "W81HPGJTF",
                "ts": "1575935310.186500"
            },
            {
                "user": "W81SLB675",
                "ts": "1575992789.187000"
            },
            {
                "user": "W81SLB675",
                "ts": "1575992867.187200"
            },
            {
                "user": "W81HPGJTF",
                "ts": "1575995451.187400"
            },
            {
                "user": "W81SLB675",
                "ts": "1575995515.187600"
            },
            {
                "user": "W81SLB675",
                "ts": "1575995528.187800"
            },
            {
                "user": "W81HPGJTF",
                "ts": "1575995651.188000"
            }
        ],
        "subscribed": false
    },
    {
        "type": "message",
        "text": "",
        "files": [
            {
                "id": "FRJF35L30",
                "created": 1575931348,
                "timestamp": 1575931348,
                "name": "Screen Shot 2019-12-09 at 2.40.35 PM.png",
                "title": "Screen Shot 2019-12-09 at 2.40.35 PM.png",
                "mimetype": "image\/png",
                "filetype": "png",
                "pretty_type": "PNG",
                "user": "W81SLB675",
                "editable": false,
                "size": 106441,
                "mode": "hosted",
                "is_external": false,
                "external_type": "",
                "is_public": true,
                "public_url_shared": false,
                "display_as_bot": false,
                "username": "",
                "url_private": "https:\/\/files.slack.com\/files-pri\/T7U3XVBLP-FRJF35L30\/screen_shot_2019-12-09_at_2.40.35_pm.png?t=xoxe-278892561492-1005149783089-1017423836678-e1e14aa1789ddce7f4decc622097bda8",
                "url_private_download": "https:\/\/files.slack.com\/files-pri\/T7U3XVBLP-FRJF35L30\/download\/screen_shot_2019-12-09_at_2.40.35_pm.png?t=xoxe-278892561492-1005149783089-1017423836678-e1e14aa1789ddce7f4decc622097bda8",
                "thumb_64": "https:\/\/files.slack.com\/files-tmb\/T7U3XVBLP-FRJF35L30-a07e115e2e\/screen_shot_2019-12-09_at_2.40.35_pm_64.png?t=xoxe-278892561492-1005149783089-1017423836678-e1e14aa1789ddce7f4decc622097bda8",
                "thumb_80": "https:\/\/files.slack.com\/files-tmb\/T7U3XVBLP-FRJF35L30-a07e115e2e\/screen_shot_2019-12-09_at_2.40.35_pm_80.png?t=xoxe-278892561492-1005149783089-1017423836678-e1e14aa1789ddce7f4decc622097bda8",
                "thumb_360": "https:\/\/files.slack.com\/files-tmb\/T7U3XVBLP-FRJF35L30-a07e115e2e\/screen_shot_2019-12-09_at_2.40.35_pm_360.png?t=xoxe-278892561492-1005149783089-1017423836678-e1e14aa1789ddce7f4decc622097bda8",
                "thumb_360_w": 360,
                "thumb_360_h": 152,
                "thumb_480": "https:\/\/files.slack.com\/files-tmb\/T7U3XVBLP-FRJF35L30-a07e115e2e\/screen_shot_2019-12-09_at_2.40.35_pm_480.png?t=xoxe-278892561492-1005149783089-1017423836678-e1e14aa1789ddce7f4decc622097bda8",
                "thumb_480_w": 480,
                "thumb_480_h": 203,
                "thumb_160": "https:\/\/files.slack.com\/files-tmb\/T7U3XVBLP-FRJF35L30-a07e115e2e\/screen_shot_2019-12-09_at_2.40.35_pm_160.png?t=xoxe-278892561492-1005149783089-1017423836678-e1e14aa1789ddce7f4decc622097bda8",
                "thumb_720": "https:\/\/files.slack.com\/files-tmb\/T7U3XVBLP-FRJF35L30-a07e115e2e\/screen_shot_2019-12-09_at_2.40.35_pm_720.png?t=xoxe-278892561492-1005149783089-1017423836678-e1e14aa1789ddce7f4decc622097bda8",
                "thumb_720_w": 720,
                "thumb_720_h": 304,
                "thumb_800": "https:\/\/files.slack.com\/files-tmb\/T7U3XVBLP-FRJF35L30-a07e115e2e\/screen_shot_2019-12-09_at_2.40.35_pm_800.png?t=xoxe-278892561492-1005149783089-1017423836678-e1e14aa1789ddce7f4decc622097bda8",
                "thumb_800_w": 800,
                "thumb_800_h": 338,
                "thumb_960": "https:\/\/files.slack.com\/files-tmb\/T7U3XVBLP-FRJF35L30-a07e115e2e\/screen_shot_2019-12-09_at_2.40.35_pm_960.png?t=xoxe-278892561492-1005149783089-1017423836678-e1e14aa1789ddce7f4decc622097bda8",
                "thumb_960_w": 960,
                "thumb_960_h": 405,
                "thumb_1024": "https:\/\/files.slack.com\/files-tmb\/T7U3XVBLP-FRJF35L30-a07e115e2e\/screen_shot_2019-12-09_at_2.40.35_pm_1024.png?t=xoxe-278892561492-1005149783089-1017423836678-e1e14aa1789ddce7f4decc622097bda8",
                "thumb_1024_w": 1024,
                "thumb_1024_h": 432,
                "image_exif_rotation": 1,
                "original_w": 1644,
                "original_h": 694,
                "thumb_tiny": "AwAUADDQ49OaXdS7h60mfegBck9BS0mfejIoAWikyPWjI6UAFFFFABRRRQA1yQpwccVErPuHznrUj\/dP0qJfvD600Jn\/2Q==",
                "permalink": "https:\/\/twitter.enterprise.slack.com\/files\/W81SLB675\/FRJF35L30\/screen_shot_2019-12-09_at_2.40.35_pm.png",
                "permalink_public": "https:\/\/slack-files.com\/T7U3XVBLP-FRJF35L30-2d7e581446",
                "is_starred": false,
                "has_rich_preview": false
            }
        ],
        "upload": true,
        "user": "W81SLB675",
        "display_as_bot": false,
        "ts": "1575931354.184300",
        "client_msg_id": "b7c44eac-a889-42f1-b5b8-0648bb1e4697",
        "thread_ts": "1575931336.184200",
        "parent_user_id": "W81SLB675"
    },
    {
        "client_msg_id": "3861ba89-4c50-447b-b0ec-cd6728c1c5fa",
        "type": "message",
        "text": "Has anyone else encountered this while following the setup instructions?",
        "user": "W81SLB675",
        "ts": "1575931369.184700",
        "team": "T86S8GHEG",
        "user_team": "T86S8GHEG",
        "source_team": "T86S8GHEG",
        "user_profile": {
            "avatar_hash": "314741b7b108",
            "image_72": "https:\/\/avatars.slack-edge.com\/2017-12-01\/281723885287_314741b7b108334fc058_72.jpg",
            "first_name": "Todd",
            "real_name": "Todd Doughty",
            "display_name": "tdoughty",
            "team": "T86S8GHEG",
            "name": "tdoughty",
            "is_restricted": false,
            "is_ultra_restricted": false
        },
        "thread_ts": "1575931336.184200",
        "parent_user_id": "W81SLB675"
    },
    {
        "client_msg_id": "41c2c0e1-dfd3-4654-a42e-ebc9e0bbf242",
        "type": "message",
        "text": "you do have to get your CLI\/API token, which might require the extra auth",
        "user": "W81HPGJTF",
        "ts": "1575931431.184900",
        "team": "T86S8GHEG",
        "user_team": "T86S8GHEG",
        "source_team": "T86S8GHEG",
        "user_profile": {
            "avatar_hash": "0da9567a6272",
            "image_72": "https:\/\/avatars.slack-edge.com\/2017-12-01\/279827564912_0da9567a62721a5401ab_72.jpg",
            "first_name": "Aaron",
            "real_name": "Aaron Gonzales",
            "display_name": "agonzales",
            "team": "T86S8GHEG",
            "name": "agonzales",
            "is_restricted": false,
            "is_ultra_restricted": false
        },
        "thread_ts": "1575931336.184200",
        "parent_user_id": "W81SLB675"
    },
    {
        "client_msg_id": "f907224f-9945-41b8-a4c1-e8c4cb95f19f",
        "type": "message",
        "text": "i forgot to mention that in the workshop",
        "user": "W81HPGJTF",
        "ts": "1575931436.185100",
        "team": "T86S8GHEG",
        "user_team": "T86S8GHEG",
        "source_team": "T86S8GHEG",
        "user_profile": {
            "avatar_hash": "0da9567a6272",
            "image_72": "https:\/\/avatars.slack-edge.com\/2017-12-01\/279827564912_0da9567a62721a5401ab_72.jpg",
            "first_name": "Aaron",
            "real_name": "Aaron Gonzales",
            "display_name": "agonzales",
            "team": "T86S8GHEG",
            "name": "agonzales",
            "is_restricted": false,
            "is_ultra_restricted": false
        },
        "thread_ts": "1575931336.184200",
        "parent_user_id": "W81SLB675"
    },
    {
        "client_msg_id": "8e3ae9dd-02aa-4e1d-a60a-d7fb2181c86d",
        "type": "message",
        "text": "how do you do that?",
        "user": "W81SLB675",
        "ts": "1575931849.185300",
        "team": "T86S8GHEG",
        "user_team": "T86S8GHEG",
        "source_team": "T86S8GHEG",
        "user_profile": {
            "avatar_hash": "314741b7b108",
            "image_72": "https:\/\/avatars.slack-edge.com\/2017-12-01\/281723885287_314741b7b108334fc058_72.jpg",
            "first_name": "Todd",
            "real_name": "Todd Doughty",
            "display_name": "tdoughty",
            "team": "T86S8GHEG",
            "name": "tdoughty",
            "is_restricted": false,
            "is_ultra_restricted": false
        },
        "thread_ts": "1575931336.184200",
        "parent_user_id": "W81SLB675"
    },
    {
        "client_msg_id": "b6109762-8284-4efc-8554-03a1878686a1",
        "type": "message",
        "text": "normally you open something like <http:\/\/conduit.phabricator.com|conduit.phabricator.com> - let me trigger it again",
        "user": "W81HPGJTF",
        "ts": "1575934641.185500",
        "team": "T86S8GHEG",
        "user_team": "T86S8GHEG",
        "source_team": "T86S8GHEG",
        "user_profile": {
            "avatar_hash": "0da9567a6272",
            "image_72": "https:\/\/avatars.slack-edge.com\/2017-12-01\/279827564912_0da9567a62721a5401ab_72.jpg",
            "first_name": "Aaron",
            "real_name": "Aaron Gonzales",
            "display_name": "agonzales",
            "team": "T86S8GHEG",
            "name": "agonzales",
            "is_restricted": false,
            "is_ultra_restricted": false
        },
        "thread_ts": "1575931336.184200",
        "parent_user_id": "W81SLB675"
    },
    {
        "client_msg_id": "1416866d-7df8-4bca-aa86-df9d9a53da7b",
        "type": "message",
        "text": "ok, thanks",
        "user": "W81SLB675",
        "ts": "1575934760.185700",
        "team": "T86S8GHEG",
        "user_team": "T86S8GHEG",
        "source_team": "T86S8GHEG",
        "user_profile": {
            "avatar_hash": "314741b7b108",
            "image_72": "https:\/\/avatars.slack-edge.com\/2017-12-01\/281723885287_314741b7b108334fc058_72.jpg",
            "first_name": "Todd",
            "real_name": "Todd Doughty",
            "display_name": "tdoughty",
            "team": "T86S8GHEG",
            "name": "tdoughty",
            "is_restricted": false,
            "is_ultra_restricted": false
        },
        "thread_ts": "1575931336.184200",
        "parent_user_id": "W81SLB675"
    },
    {
        "client_msg_id": "093e4315-3521-4932-b196-2eaf93a80e5c",
        "type": "message",
        "text": "whilst waiting, do you have 2fa on for phabricator?",
        "user": "W81HPGJTF",
        "ts": "1575934998.185900",
        "team": "T86S8GHEG",
        "user_team": "T86S8GHEG",
        "source_team": "T86S8GHEG",
        "user_profile": {
            "avatar_hash": "0da9567a6272",
            "image_72": "https:\/\/avatars.slack-edge.com\/2017-12-01\/279827564912_0da9567a62721a5401ab_72.jpg",
            "first_name": "Aaron",
            "real_name": "Aaron Gonzales",
            "display_name": "agonzales",
            "team": "T86S8GHEG",
            "name": "agonzales",
            "is_restricted": false,
            "is_ultra_restricted": false
        },
        "thread_ts": "1575931336.184200",
        "parent_user_id": "W81SLB675"
    },
    {
        "client_msg_id": "4949a3de-83ef-422f-a280-dfd1a064dd98",
        "type": "message",
        "text": "so in the instance, here’s what it should say",
        "user": "W81HPGJTF",
        "ts": "1575935261.186100",
        "team": "T86S8GHEG",
        "user_team": "T86S8GHEG",
        "source_team": "T86S8GHEG",
        "user_profile": {
            "avatar_hash": "0da9567a6272",
            "image_72": "https:\/\/avatars.slack-edge.com\/2017-12-01\/279827564912_0da9567a62721a5401ab_72.jpg",
            "first_name": "Aaron",
            "real_name": "Aaron Gonzales",
            "display_name": "agonzales",
            "team": "T86S8GHEG",
            "name": "agonzales",
            "is_restricted": false,
            "is_ultra_restricted": false
        },
        "thread_ts": "1575931336.184200",
        "parent_user_id": "W81SLB675"
    },
    {
        "client_msg_id": "73e5d6b4-12e8-47c7-9edd-4e8a0c3a7138",
        "type": "message",
        "text": "```\n[agonzales@smf1-cdv-26-sr1 workspace]$ bootstrap_source\n[00:00] Kerberos auth is expired, running `kinit`\nPassword for agonzales@TWITTER.BIZ: \n[00:08] Running `arc install-certificate`\n CONNECT  Connecting to \"<https:\/\/phabricator.twitter.biz\/api\/>\"...\nLOGIN TO PHABRICATOR\nOpen this page in your browser and login to Phabricator if necessary:\n\n<https:\/\/phabricator.twitter.biz\/conduit\/login\/>\n\nThen paste the API Token on that page below.\n\n    Paste API Token from that page: &lt;&gt;\nWriting ~\/.arcrc...\n SUCCESS!  API Token installed.\n\nWelcome to Phabricator! Please visit go\/start-phab for next steps and tips on how to use Phabricator at Twitter.\n[00:32] Bootstrapping source\n[00:32] Fetching metadata...\n[00:35] SOURCE_SHALLOW.tar -&gt; \/user\/scoot-service\/source-funnel\/artifacts\/SOURCE_SHALLOW-1575899290.tar\n[00:37] AUX_BUNDLE.bundle -&gt; \/user\/scoot-service\/source-funnel\/artifacts\/AUX_BUNDLE-1575934562.bundle\n[00:39] TIP_BUNDLE.bundle -&gt; \/user\/scoot-service\/source-funnel\/artifacts\/TIP_BUNDLE-1575935040.bundle\n[00:39] Downloading SOURCE_SHALLOW.tar...\n```",
        "user": "W81HPGJTF",
        "ts": "1575935276.186300",
        "team": "T86S8GHEG",
        "user_team": "T86S8GHEG",
        "source_team": "T86S8GHEG",
        "user_profile": {
            "avatar_hash": "0da9567a6272",
            "image_72": "https:\/\/avatars.slack-edge.com\/2017-12-01\/279827564912_0da9567a62721a5401ab_72.jpg",
            "first_name": "Aaron",
            "real_name": "Aaron Gonzales",
            "display_name": "agonzales",
            "team": "T86S8GHEG",
            "name": "agonzales",
            "is_restricted": false,
            "is_ultra_restricted": false
        },
        "thread_ts": "1575931336.184200",
        "parent_user_id": "W81SLB675"
    },
    {
        "type": "message",
        "text": "and `<http:\/\/phabricator.twitter.biz\/conduit\/login|phabricator.twitter.biz\/conduit\/login>` opens up to",
        "files": [
            {
                "id": "FRGBA6HNZ",
                "created": 1575935305,
                "timestamp": 1575935305,
                "name": "image.png",
                "title": "image.png",
                "mimetype": "image\/png",
                "filetype": "png",
                "pretty_type": "PNG",
                "user": "W81HPGJTF",
                "editable": false,
                "size": 317070,
                "mode": "hosted",
                "is_external": false,
                "external_type": "",
                "is_public": true,
                "public_url_shared": false,
                "display_as_bot": false,
                "username": "",
                "url_private": "https:\/\/files.slack.com\/files-pri\/T7U3XVBLP-FRGBA6HNZ\/image.png?t=xoxe-278892561492-1005149783089-1017423836678-e1e14aa1789ddce7f4decc622097bda8",
                "url_private_download": "https:\/\/files.slack.com\/files-pri\/T7U3XVBLP-FRGBA6HNZ\/download\/image.png?t=xoxe-278892561492-1005149783089-1017423836678-e1e14aa1789ddce7f4decc622097bda8",
                "thumb_64": "https:\/\/files.slack.com\/files-tmb\/T7U3XVBLP-FRGBA6HNZ-551648275e\/image_64.png?t=xoxe-278892561492-1005149783089-1017423836678-e1e14aa1789ddce7f4decc622097bda8",
                "thumb_80": "https:\/\/files.slack.com\/files-tmb\/T7U3XVBLP-FRGBA6HNZ-551648275e\/image_80.png?t=xoxe-278892561492-1005149783089-1017423836678-e1e14aa1789ddce7f4decc622097bda8",
                "thumb_360": "https:\/\/files.slack.com\/files-tmb\/T7U3XVBLP-FRGBA6HNZ-551648275e\/image_360.png?t=xoxe-278892561492-1005149783089-1017423836678-e1e14aa1789ddce7f4decc622097bda8",
                "thumb_360_w": 360,
                "thumb_360_h": 238,
                "thumb_480": "https:\/\/files.slack.com\/files-tmb\/T7U3XVBLP-FRGBA6HNZ-551648275e\/image_480.png?t=xoxe-278892561492-1005149783089-1017423836678-e1e14aa1789ddce7f4decc622097bda8",
                "thumb_480_w": 480,
                "thumb_480_h": 318,
                "thumb_160": "https:\/\/files.slack.com\/files-tmb\/T7U3XVBLP-FRGBA6HNZ-551648275e\/image_160.png?t=xoxe-278892561492-1005149783089-1017423836678-e1e14aa1789ddce7f4decc622097bda8",
                "thumb_720": "https:\/\/files.slack.com\/files-tmb\/T7U3XVBLP-FRGBA6HNZ-551648275e\/image_720.png?t=xoxe-278892561492-1005149783089-1017423836678-e1e14aa1789ddce7f4decc622097bda8",
                "thumb_720_w": 720,
                "thumb_720_h": 477,
                "thumb_800": "https:\/\/files.slack.com\/files-tmb\/T7U3XVBLP-FRGBA6HNZ-551648275e\/image_800.png?t=xoxe-278892561492-1005149783089-1017423836678-e1e14aa1789ddce7f4decc622097bda8",
                "thumb_800_w": 800,
                "thumb_800_h": 530,
                "thumb_960": "https:\/\/files.slack.com\/files-tmb\/T7U3XVBLP-FRGBA6HNZ-551648275e\/image_960.png?t=xoxe-278892561492-1005149783089-1017423836678-e1e14aa1789ddce7f4decc622097bda8",
                "thumb_960_w": 960,
                "thumb_960_h": 636,
                "thumb_1024": "https:\/\/files.slack.com\/files-tmb\/T7U3XVBLP-FRGBA6HNZ-551648275e\/image_1024.png?t=xoxe-278892561492-1005149783089-1017423836678-e1e14aa1789ddce7f4decc622097bda8",
                "thumb_1024_w": 1024,
                "thumb_1024_h": 678,
                "image_exif_rotation": 1,
                "original_w": 2576,
                "original_h": 1706,
                "thumb_tiny": "AwAfADA+xP6frSfYn9B+daeCelGD3Ip3AzPsEn90fnR9gk\/ur+dafHqKOPWi4GZ9gk\/uj86clh13gj02kVo8UuKAEFBoFGaQCZ9qBk9qMe5peKADn0o59KMCjpQB\/9k=",
                "permalink": "https:\/\/twitter.enterprise.slack.com\/files\/W81HPGJTF\/FRGBA6HNZ\/image.png",
                "permalink_public": "https:\/\/slack-files.com\/T7U3XVBLP-FRGBA6HNZ-1d92b809ca",
                "is_starred": false,
                "has_rich_preview": false
            }
        ],
        "upload": true,
        "user": "W81HPGJTF",
        "display_as_bot": false,
        "ts": "1575935310.186500",
        "edited": {
            "user": "W81HPGJTF",
            "ts": "1575935330.000000"
        },
        "client_msg_id": "6bfba50e-1a2d-455c-a723-e33a752f4dbf",
        "thread_ts": "1575931336.184200",
        "parent_user_id": "W81SLB675"
    }
]