[
    {
        "client_msg_id": "363c4fcf-4931-4712-a737-7397a04a1738",
        "type": "message",
        "text": "<@WJ5AXSU2F> - fwiw, the `simple_dal_reader` will find the last snapshot for you -",
        "user": "W81HPGJTF",
        "ts": "1569599584.315600",
        "team": "T86S8GHEG",
        "user_team": "T86S8GHEG",
        "source_team": "T86S8GHEG",
        "user_profile": {
            "avatar_hash": "0da9567a6272",
            "image_72": "https:\/\/avatars.slack-edge.com\/2017-12-01\/279827564912_0da9567a62721a5401ab_72.jpg",
            "first_name": "Aaron",
            "real_name": "Aaron Gonzales",
            "display_name": "agonzales",
            "team": "T86S8GHEG",
            "name": "agonzales",
            "is_restricted": false,
            "is_ultra_restricted": false
        },
        "thread_ts": "1569541104.309700",
        "parent_user_id": "WJ5AXSU2F"
    },
    {
        "client_msg_id": "5c0056f0-cebb-4657-8b69-ad472064dbb4",
        "type": "message",
        "text": "```\n simple_dal_reader(\"mutes\", \"socialgraph\", timed=False)\n```",
        "user": "W81HPGJTF",
        "ts": "1569599588.315800",
        "team": "T86S8GHEG",
        "user_team": "T86S8GHEG",
        "source_team": "T86S8GHEG",
        "user_profile": {
            "avatar_hash": "0da9567a6272",
            "image_72": "https:\/\/avatars.slack-edge.com\/2017-12-01\/279827564912_0da9567a62721a5401ab_72.jpg",
            "first_name": "Aaron",
            "real_name": "Aaron Gonzales",
            "display_name": "agonzales",
            "team": "T86S8GHEG",
            "name": "agonzales",
            "is_restricted": false,
            "is_ultra_restricted": false
        },
        "thread_ts": "1569541104.309700",
        "parent_user_id": "WJ5AXSU2F"
    },
    {
        "client_msg_id": "e562af74-86e6-42fb-becc-78f4fbfb6e5b",
        "type": "message",
        "text": "worked fine for me",
        "user": "W81HPGJTF",
        "ts": "1569599595.316000",
        "team": "T86S8GHEG",
        "user_team": "T86S8GHEG",
        "source_team": "T86S8GHEG",
        "user_profile": {
            "avatar_hash": "0da9567a6272",
            "image_72": "https:\/\/avatars.slack-edge.com\/2017-12-01\/279827564912_0da9567a62721a5401ab_72.jpg",
            "first_name": "Aaron",
            "real_name": "Aaron Gonzales",
            "display_name": "agonzales",
            "team": "T86S8GHEG",
            "name": "agonzales",
            "is_restricted": false,
            "is_ultra_restricted": false
        },
        "thread_ts": "1569541104.309700",
        "parent_user_id": "WJ5AXSU2F"
    },
    {
        "client_msg_id": "09e430f6-fe3c-4748-8e18-7d2f39b47927",
        "type": "message",
        "text": "`from libs_v2.contrib.pyspark import simple_dal_reader`",
        "user": "W81HPGJTF",
        "ts": "1569599614.316200",
        "team": "T86S8GHEG",
        "user_team": "T86S8GHEG",
        "source_team": "T86S8GHEG",
        "user_profile": {
            "avatar_hash": "0da9567a6272",
            "image_72": "https:\/\/avatars.slack-edge.com\/2017-12-01\/279827564912_0da9567a62721a5401ab_72.jpg",
            "first_name": "Aaron",
            "real_name": "Aaron Gonzales",
            "display_name": "agonzales",
            "team": "T86S8GHEG",
            "name": "agonzales",
            "is_restricted": false,
            "is_ultra_restricted": false
        },
        "thread_ts": "1569541104.309700",
        "parent_user_id": "WJ5AXSU2F",
        "reactions": [
            {
                "name": "+1",
                "users": [
                    "WJ5AXSU2F"
                ],
                "count": 1
            }
        ]
    },
    {
        "client_msg_id": "dc83c258-05c7-4667-a911-140147b64b33",
        "type": "message",
        "text": "<@WG9RP9PEH> - lmk if the text on those looks good and i’ll land",
        "user": "W81HPGJTF",
        "ts": "1569603114.316500",
        "team": "T86S8GHEG",
        "user_team": "T86S8GHEG",
        "source_team": "T86S8GHEG",
        "user_profile": {
            "avatar_hash": "0da9567a6272",
            "image_72": "https:\/\/avatars.slack-edge.com\/2017-12-01\/279827564912_0da9567a62721a5401ab_72.jpg",
            "first_name": "Aaron",
            "real_name": "Aaron Gonzales",
            "display_name": "agonzales",
            "team": "T86S8GHEG",
            "name": "agonzales",
            "is_restricted": false,
            "is_ultra_restricted": false
        },
        "thread_ts": "1569276601.179700",
        "parent_user_id": "W81HPGJTF"
    },
    {
        "client_msg_id": "6c592c34-3a7e-45b6-b8ce-5f86586ddbbb",
        "type": "message",
        "text": "looks great, thanks for that contribution :slightly_smiling_face:",
        "user": "WG9RP9PEH",
        "ts": "1569603175.316700",
        "team": "T86S8GHEG",
        "user_team": "T86S8GHEG",
        "source_team": "T86S8GHEG",
        "user_profile": {
            "avatar_hash": "558f1f7bfc80",
            "image_72": "https:\/\/avatars.slack-edge.com\/2019-03-13\/577182336102_558f1f7bfc80dfc94377_72.jpg",
            "first_name": "Joshua",
            "real_name": "Joshua Hamet",
            "display_name": "jhamet",
            "team": "T86S8GHEG",
            "name": "jhamet",
            "is_restricted": false,
            "is_ultra_restricted": false
        },
        "thread_ts": "1569276601.179700",
        "parent_user_id": "W81HPGJTF",
        "reactions": [
            {
                "name": "100",
                "users": [
                    "W81HPGJTF"
                ],
                "count": 1
            }
        ]
    },
    {
        "client_msg_id": "9d35c75f-f521-4114-ab7f-e7c7d7a1992f",
        "type": "message",
        "text": "If I have a url with double quotes \" in it, and I want a hyperlink in a markdown cell in a pycx notebook, I can escape the \" and it will work in the rendered notebook. But when I `publish` it the links no longer work. Is this a known bug? Is there a workaround?",
        "user": "WM1F2KD9A",
        "ts": "1569608715.319000",
        "team": "T86S8GHEG",
        "user_team": "T86S8GHEG",
        "source_team": "T86S8GHEG",
        "user_profile": {
            "avatar_hash": "2ebb76d58dc2",
            "image_72": "https:\/\/avatars.slack-edge.com\/2019-09-03\/747014122688_2ebb76d58dc25f282da0_72.jpg",
            "first_name": "Phil",
            "real_name": "Phil Gautier",
            "display_name": "pgautier",
            "team": "T86S8GHEG",
            "name": "pgautier",
            "is_restricted": false,
            "is_ultra_restricted": false
        },
        "thread_ts": "1569608715.319000",
        "reply_count": 16,
        "reply_users_count": 2,
        "latest_reply": "1569616982.332100",
        "reply_users": [
            "WG9RP9PEH",
            "WM1F2KD9A"
        ],
        "replies": [
            {
                "user": "WG9RP9PEH",
                "ts": "1569608743.319100"
            },
            {
                "user": "WG9RP9PEH",
                "ts": "1569608895.320000"
            },
            {
                "user": "WM1F2KD9A",
                "ts": "1569609069.321500"
            },
            {
                "user": "WM1F2KD9A",
                "ts": "1569609102.321700"
            },
            {
                "user": "WM1F2KD9A",
                "ts": "1569609129.322100"
            },
            {
                "user": "WM1F2KD9A",
                "ts": "1569609350.322400"
            },
            {
                "user": "WM1F2KD9A",
                "ts": "1569609375.322600"
            },
            {
                "user": "WG9RP9PEH",
                "ts": "1569615007.327100"
            },
            {
                "user": "WG9RP9PEH",
                "ts": "1569615211.327300"
            },
            {
                "user": "WG9RP9PEH",
                "ts": "1569615349.327500"
            },
            {
                "user": "WM1F2KD9A",
                "ts": "1569616019.327700"
            },
            {
                "user": "WG9RP9PEH",
                "ts": "1569616136.328500"
            },
            {
                "user": "WG9RP9PEH",
                "ts": "1569616201.328700"
            },
            {
                "user": "WM1F2KD9A",
                "ts": "1569616797.330400"
            },
            {
                "user": "WG9RP9PEH",
                "ts": "1569616894.331800"
            },
            {
                "user": "WM1F2KD9A",
                "ts": "1569616982.332100"
            }
        ],
        "subscribed": false
    },
    {
        "client_msg_id": "89ce92ee-319b-43ed-8155-14f30026d57f",
        "type": "message",
        "text": "can you give an example ? maybe a link to the published notebook",
        "user": "WG9RP9PEH",
        "ts": "1569608743.319100",
        "team": "T86S8GHEG",
        "user_team": "T86S8GHEG",
        "source_team": "T86S8GHEG",
        "user_profile": {
            "avatar_hash": "558f1f7bfc80",
            "image_72": "https:\/\/avatars.slack-edge.com\/2019-03-13\/577182336102_558f1f7bfc80dfc94377_72.jpg",
            "first_name": "Joshua",
            "real_name": "Joshua Hamet",
            "display_name": "jhamet",
            "team": "T86S8GHEG",
            "name": "jhamet",
            "is_restricted": false,
            "is_ultra_restricted": false
        },
        "thread_ts": "1569608715.319000",
        "parent_user_id": "WM1F2KD9A"
    },
    {
        "client_msg_id": "2f0fb395-5af2-4f29-90ec-dab6fd4670e4",
        "type": "message",
        "text": "the url should also be an absolute reference",
        "user": "WG9RP9PEH",
        "ts": "1569608895.320000",
        "team": "T86S8GHEG",
        "user_team": "T86S8GHEG",
        "source_team": "T86S8GHEG",
        "user_profile": {
            "avatar_hash": "558f1f7bfc80",
            "image_72": "https:\/\/avatars.slack-edge.com\/2019-03-13\/577182336102_558f1f7bfc80dfc94377_72.jpg",
            "first_name": "Joshua",
            "real_name": "Joshua Hamet",
            "display_name": "jhamet",
            "team": "T86S8GHEG",
            "name": "jhamet",
            "is_restricted": false,
            "is_ultra_restricted": false
        },
        "thread_ts": "1569608715.319000",
        "parent_user_id": "WM1F2KD9A"
    },
    {
        "type": "message",
        "text": "Shameless plug: Sparklers++ : Framework for scheduled PySpark jobs via Airflow\n1) go\/sparklers\n2) <https:\/\/docs.google.com\/document\/d\/1BS0ASgqnXMHtQFgE9aYW_1CurSTrrvw7cpMB5N-6w1E\/edit?usp=sharing>\n3) <https:\/\/docs.google.com\/document\/d\/1J3VXygagQHMpIVcL2y6-irJVc72Zclrmy9nIj5ieNiI\/edit?usp=sharing>",
        "files": [
            {
                "id": "FNTMRNU1J",
                "created": 1569607859,
                "timestamp": 1569607859,
                "name": "#KillScalding , #PythonETL",
                "title": "#KillScalding , #PythonETL",
                "mimetype": "application\/vnd.google-apps.document",
                "filetype": "gdoc",
                "pretty_type": "GSuite Document",
                "user": "W81LS208J",
                "editable": false,
                "size": 658,
                "mode": "external",
                "is_external": true,
                "external_type": "gdrive",
                "is_public": true,
                "public_url_shared": false,
                "display_as_bot": false,
                "username": "",
                "url_private": "https:\/\/docs.google.com\/document\/d\/1BS0ASgqnXMHtQFgE9aYW_1CurSTrrvw7cpMB5N-6w1E\/edit?usp=sharing",
                "thumb_360_w": 360,
                "thumb_360_h": 167,
                "permalink": "https:\/\/twitter.enterprise.slack.com\/files\/W81LS208J\/FNTMRNU1J\/_killscalding____pythonetl",
                "is_starred": false,
                "external_id": "1BS0ASgqnXMHtQFgE9aYW_1CurSTrrvw7cpMB5N-6w1E",
                "external_url": "https:\/\/docs.google.com\/document\/d\/1BS0ASgqnXMHtQFgE9aYW_1CurSTrrvw7cpMB5N-6w1E\/edit?usp=sharing",
                "has_rich_preview": false
            }
        ],
        "upload": false,
        "user": "W81LS208J",
        "display_as_bot": false,
        "x_files": [
            "FNTMRNU1J"
        ],
        "ts": "1569608909.320400",
        "client_msg_id": "c5b9264d-df73-4f2c-967c-acefe588133c",
        "reactions": [
            {
                "name": "1000",
                "users": [
                    "W81HPGJTF",
                    "W81LDDNPM",
                    "WBLV04XEK"
                ],
                "count": 3
            },
            {
                "name": "100000",
                "users": [
                    "W82KAA0T0",
                    "WBLV04XEK"
                ],
                "count": 2
            },
            {
                "name": "clapping",
                "users": [
                    "W82KAA0T0",
                    "WBLV04XEK"
                ],
                "count": 2
            }
        ]
    },
    {
        "client_msg_id": "ee9375be-c87e-4aa0-9e96-2a53228b5303",
        "type": "message",
        "text": "<http:\/\/nbviewer.prod.nbviewer.service.atla.twitter.com\/url\/ton-staging.smf1.twitter.com\/notebooks\/pgautier\/broken_links\/2019-09-27_18-30-44\/broken_links.ipynb>",
        "user": "WM1F2KD9A",
        "ts": "1569609069.321500",
        "team": "T86S8GHEG",
        "user_team": "T86S8GHEG",
        "source_team": "T86S8GHEG",
        "user_profile": {
            "avatar_hash": "2ebb76d58dc2",
            "image_72": "https:\/\/avatars.slack-edge.com\/2019-09-03\/747014122688_2ebb76d58dc25f282da0_72.jpg",
            "first_name": "Phil",
            "real_name": "Phil Gautier",
            "display_name": "pgautier",
            "team": "T86S8GHEG",
            "name": "pgautier",
            "is_restricted": false,
            "is_ultra_restricted": false
        },
        "thread_ts": "1569608715.319000",
        "parent_user_id": "WM1F2KD9A"
    },
    {
        "type": "message",
        "text": "source",
        "files": [
            {
                "id": "FNFDD1X1Q",
                "created": 1569609102,
                "timestamp": 1569609102,
                "name": "broken_links.ipynb",
                "title": "broken_links.ipynb",
                "mimetype": "text\/plain",
                "filetype": "text",
                "pretty_type": "Plain Text",
                "user": "WM1F2KD9A",
                "editable": true,
                "size": 1997,
                "mode": "snippet",
                "is_external": false,
                "external_type": "",
                "is_public": true,
                "public_url_shared": false,
                "display_as_bot": false,
                "username": "",
                "url_private": "https:\/\/files.slack.com\/files-pri\/T7U3XVBLP-FNFDD1X1Q\/broken_links.ipynb?t=xoxe-278892561492-1005149783089-1017423836678-e1e14aa1789ddce7f4decc622097bda8",
                "url_private_download": "https:\/\/files.slack.com\/files-pri\/T7U3XVBLP-FNFDD1X1Q\/download\/broken_links.ipynb?t=xoxe-278892561492-1005149783089-1017423836678-e1e14aa1789ddce7f4decc622097bda8",
                "permalink": "https:\/\/twitter.enterprise.slack.com\/files\/WM1F2KD9A\/FNFDD1X1Q\/broken_links.ipynb",
                "permalink_public": "https:\/\/slack-files.com\/T7U3XVBLP-FNFDD1X1Q-3e5b033312",
                "edit_link": "https:\/\/twitter.enterprise.slack.com\/files\/WM1F2KD9A\/FNFDD1X1Q\/broken_links.ipynb\/edit",
                "is_starred": false,
                "has_rich_preview": false
            }
        ],
        "upload": true,
        "user": "WM1F2KD9A",
        "display_as_bot": false,
        "ts": "1569609102.321700",
        "client_msg_id": "d2583392-72ec-46e8-aceb-67d2358f512a",
        "thread_ts": "1569608715.319000",
        "parent_user_id": "WM1F2KD9A"
    },
    {
        "client_msg_id": "6cb81fb0-e1fe-416f-86da-6c6594bf9f76",
        "type": "message",
        "text": "Oh sorry I did not escape them in there, so I didn't really demonstrate the bug. Let me try again",
        "user": "WM1F2KD9A",
        "ts": "1569609129.322100",
        "team": "T86S8GHEG",
        "user_team": "T86S8GHEG",
        "source_team": "T86S8GHEG",
        "user_profile": {
            "avatar_hash": "2ebb76d58dc2",
            "image_72": "https:\/\/avatars.slack-edge.com\/2019-09-03\/747014122688_2ebb76d58dc25f282da0_72.jpg",
            "first_name": "Phil",
            "real_name": "Phil Gautier",
            "display_name": "pgautier",
            "team": "T86S8GHEG",
            "name": "pgautier",
            "is_restricted": false,
            "is_ultra_restricted": false
        },
        "thread_ts": "1569608715.319000",
        "parent_user_id": "WM1F2KD9A"
    },
    {
        "client_msg_id": "47b9711a-d3f7-4cce-a7cf-a8b3c0f0edef",
        "type": "message",
        "text": "<http:\/\/nbviewer.prod.nbviewer.service.atla.twitter.com\/url\/ton-staging.smf1.twitter.com\/notebooks\/pgautier\/broken_links\/2019-09-27_18-35-20\/broken_links.ipynb>",
        "user": "WM1F2KD9A",
        "ts": "1569609350.322400",
        "team": "T86S8GHEG",
        "user_team": "T86S8GHEG",
        "source_team": "T86S8GHEG",
        "user_profile": {
            "avatar_hash": "2ebb76d58dc2",
            "image_72": "https:\/\/avatars.slack-edge.com\/2019-09-03\/747014122688_2ebb76d58dc25f282da0_72.jpg",
            "first_name": "Phil",
            "real_name": "Phil Gautier",
            "display_name": "pgautier",
            "team": "T86S8GHEG",
            "name": "pgautier",
            "is_restricted": false,
            "is_ultra_restricted": false
        },
        "thread_ts": "1569608715.319000",
        "parent_user_id": "WM1F2KD9A"
    },
    {
        "type": "message",
        "text": "source",
        "files": [
            {
                "id": "FNGNELHEF",
                "created": 1569609375,
                "timestamp": 1569609375,
                "name": "broken_links (1).ipynb",
                "title": "broken_links (1).ipynb",
                "mimetype": "text\/plain",
                "filetype": "text",
                "pretty_type": "Plain Text",
                "user": "WM1F2KD9A",
                "editable": true,
                "size": 2849,
                "mode": "snippet",
                "is_external": false,
                "external_type": "",
                "is_public": true,
                "public_url_shared": false,
                "display_as_bot": false,
                "username": "",
                "url_private": "https:\/\/files.slack.com\/files-pri\/T7U3XVBLP-FNGNELHEF\/broken_links__1_.ipynb?t=xoxe-278892561492-1005149783089-1017423836678-e1e14aa1789ddce7f4decc622097bda8",
                "url_private_download": "https:\/\/files.slack.com\/files-pri\/T7U3XVBLP-FNGNELHEF\/download\/broken_links__1_.ipynb?t=xoxe-278892561492-1005149783089-1017423836678-e1e14aa1789ddce7f4decc622097bda8",
                "permalink": "https:\/\/twitter.enterprise.slack.com\/files\/WM1F2KD9A\/FNGNELHEF\/broken_links__1_.ipynb",
                "permalink_public": "https:\/\/slack-files.com\/T7U3XVBLP-FNGNELHEF-eab310963e",
                "edit_link": "https:\/\/twitter.enterprise.slack.com\/files\/WM1F2KD9A\/FNGNELHEF\/broken_links__1_.ipynb\/edit",
                "is_starred": false,
                "has_rich_preview": false
            }
        ],
        "upload": true,
        "user": "WM1F2KD9A",
        "display_as_bot": false,
        "ts": "1569609375.322600",
        "client_msg_id": "e5606375-251e-4272-925a-2519a67b0c96",
        "thread_ts": "1569608715.319000",
        "parent_user_id": "WM1F2KD9A"
    },
    {
        "type": "message",
        "text": "Bit of a silly question to ask, but is there any reason why a tunnel to notebook instance might not work?",
        "files": [
            {
                "id": "FNU8LRUP7",
                "created": 1569611853,
                "timestamp": 1569611853,
                "name": "Screen Shot 2019-09-27 at 15.16.46.png",
                "title": "Screen Shot 2019-09-27 at 15.16.46.png",
                "mimetype": "image\/png",
                "filetype": "png",
                "pretty_type": "PNG",
                "user": "WBQDDUDBK",
                "editable": false,
                "size": 322352,
                "mode": "hosted",
                "is_external": false,
                "external_type": "",
                "is_public": true,
                "public_url_shared": false,
                "display_as_bot": false,
                "username": "",
                "url_private": "https:\/\/files.slack.com\/files-pri\/T7U3XVBLP-FNU8LRUP7\/screen_shot_2019-09-27_at_15.16.46.png?t=xoxe-278892561492-1005149783089-1017423836678-e1e14aa1789ddce7f4decc622097bda8",
                "url_private_download": "https:\/\/files.slack.com\/files-pri\/T7U3XVBLP-FNU8LRUP7\/download\/screen_shot_2019-09-27_at_15.16.46.png?t=xoxe-278892561492-1005149783089-1017423836678-e1e14aa1789ddce7f4decc622097bda8",
                "thumb_64": "https:\/\/files.slack.com\/files-tmb\/T7U3XVBLP-FNU8LRUP7-a301ca77e1\/screen_shot_2019-09-27_at_15.16.46_64.png?t=xoxe-278892561492-1005149783089-1017423836678-e1e14aa1789ddce7f4decc622097bda8",
                "thumb_80": "https:\/\/files.slack.com\/files-tmb\/T7U3XVBLP-FNU8LRUP7-a301ca77e1\/screen_shot_2019-09-27_at_15.16.46_80.png?t=xoxe-278892561492-1005149783089-1017423836678-e1e14aa1789ddce7f4decc622097bda8",
                "thumb_360": "https:\/\/files.slack.com\/files-tmb\/T7U3XVBLP-FNU8LRUP7-a301ca77e1\/screen_shot_2019-09-27_at_15.16.46_360.png?t=xoxe-278892561492-1005149783089-1017423836678-e1e14aa1789ddce7f4decc622097bda8",
                "thumb_360_w": 360,
                "thumb_360_h": 294,
                "thumb_480": "https:\/\/files.slack.com\/files-tmb\/T7U3XVBLP-FNU8LRUP7-a301ca77e1\/screen_shot_2019-09-27_at_15.16.46_480.png?t=xoxe-278892561492-1005149783089-1017423836678-e1e14aa1789ddce7f4decc622097bda8",
                "thumb_480_w": 480,
                "thumb_480_h": 392,
                "thumb_160": "https:\/\/files.slack.com\/files-tmb\/T7U3XVBLP-FNU8LRUP7-a301ca77e1\/screen_shot_2019-09-27_at_15.16.46_160.png?t=xoxe-278892561492-1005149783089-1017423836678-e1e14aa1789ddce7f4decc622097bda8",
                "thumb_720": "https:\/\/files.slack.com\/files-tmb\/T7U3XVBLP-FNU8LRUP7-a301ca77e1\/screen_shot_2019-09-27_at_15.16.46_720.png?t=xoxe-278892561492-1005149783089-1017423836678-e1e14aa1789ddce7f4decc622097bda8",
                "thumb_720_w": 720,
                "thumb_720_h": 588,
                "thumb_800": "https:\/\/files.slack.com\/files-tmb\/T7U3XVBLP-FNU8LRUP7-a301ca77e1\/screen_shot_2019-09-27_at_15.16.46_800.png?t=xoxe-278892561492-1005149783089-1017423836678-e1e14aa1789ddce7f4decc622097bda8",
                "thumb_800_w": 800,
                "thumb_800_h": 654,
                "thumb_960": "https:\/\/files.slack.com\/files-tmb\/T7U3XVBLP-FNU8LRUP7-a301ca77e1\/screen_shot_2019-09-27_at_15.16.46_960.png?t=xoxe-278892561492-1005149783089-1017423836678-e1e14aa1789ddce7f4decc622097bda8",
                "thumb_960_w": 960,
                "thumb_960_h": 784,
                "thumb_1024": "https:\/\/files.slack.com\/files-tmb\/T7U3XVBLP-FNU8LRUP7-a301ca77e1\/screen_shot_2019-09-27_at_15.16.46_1024.png?t=xoxe-278892561492-1005149783089-1017423836678-e1e14aa1789ddce7f4decc622097bda8",
                "thumb_1024_w": 1024,
                "thumb_1024_h": 837,
                "image_exif_rotation": 1,
                "original_w": 2982,
                "original_h": 2436,
                "permalink": "https:\/\/twitter.enterprise.slack.com\/files\/WBQDDUDBK\/FNU8LRUP7\/screen_shot_2019-09-27_at_15.16.46.png",
                "permalink_public": "https:\/\/slack-files.com\/T7U3XVBLP-FNU8LRUP7-dfaf708624",
                "is_starred": false,
                "has_rich_preview": false
            }
        ],
        "upload": true,
        "user": "WBQDDUDBK",
        "display_as_bot": false,
        "ts": "1569611858.323800",
        "client_msg_id": "249952a9-2da3-498f-8721-b42eac242ad1",
        "thread_ts": "1569611858.323800",
        "reply_count": 16,
        "reply_users_count": 4,
        "latest_reply": "1569936869.350400",
        "reply_users": [
            "W82KAA0T0",
            "W81LU64GJ",
            "W81EY00N7",
            "WBQDDUDBK"
        ],
        "replies": [
            {
                "user": "W82KAA0T0",
                "ts": "1569612058.324100"
            },
            {
                "user": "W82KAA0T0",
                "ts": "1569612082.324300"
            },
            {
                "user": "W81LU64GJ",
                "ts": "1569612391.324500"
            },
            {
                "user": "W81LU64GJ",
                "ts": "1569612393.324700"
            },
            {
                "user": "W82KAA0T0",
                "ts": "1569612451.324900"
            },
            {
                "user": "W81EY00N7",
                "ts": "1569612672.325100"
            },
            {
                "user": "WBQDDUDBK",
                "ts": "1569613030.325800"
            },
            {
                "user": "WBQDDUDBK",
                "ts": "1569613315.326100"
            },
            {
                "user": "W81EY00N7",
                "ts": "1569613514.326300"
            },
            {
                "user": "W81LU64GJ",
                "ts": "1569614522.326500"
            },
            {
                "user": "W81LU64GJ",
                "ts": "1569614637.326700"
            },
            {
                "user": "WBQDDUDBK",
                "ts": "1569614780.326900"
            },
            {
                "user": "W81EY00N7",
                "ts": "1569616066.327900"
            },
            {
                "user": "W81LU64GJ",
                "ts": "1569616094.328100"
            },
            {
                "user": "W81EY00N7",
                "ts": "1569616108.328300"
            },
            {
                "user": "WBQDDUDBK",
                "ts": "1569936869.350400"
            }
        ],
        "subscribed": false
    },
    {
        "client_msg_id": "b6539a96-9415-4ad0-84a5-5ec3e08dc5e9",
        "type": "message",
        "text": "i think i've seen discussion that exposing ports is done at the aurora task level and requires a little extra work. not an expert though.",
        "user": "W82KAA0T0",
        "ts": "1569612058.324100",
        "team": "T86S8GHEG",
        "user_team": "T86S8GHEG",
        "source_team": "T86S8GHEG",
        "user_profile": {
            "avatar_hash": "e94a405f63b9",
            "image_72": "https:\/\/avatars.slack-edge.com\/2018-06-20\/384995963779_e94a405f63b992ec80e0_72.jpg",
            "first_name": "Josh",
            "real_name": "Josh Montague",
            "display_name": "jmontague",
            "team": "T86S8GHEG",
            "name": "jmontague",
            "is_restricted": false,
            "is_ultra_restricted": false
        },
        "thread_ts": "1569611858.323800",
        "parent_user_id": "WBQDDUDBK"
    },
    {
        "client_msg_id": "27a31382-7169-45d0-b78d-8bf194d73009",
        "type": "message",
        "text": "but i think <@WBLV04XEK> was just working in this space for a plotly use case or similar - he might have pointers",
        "user": "W82KAA0T0",
        "ts": "1569612082.324300",
        "team": "T86S8GHEG",
        "user_team": "T86S8GHEG",
        "source_team": "T86S8GHEG",
        "user_profile": {
            "avatar_hash": "e94a405f63b9",
            "image_72": "https:\/\/avatars.slack-edge.com\/2018-06-20\/384995963779_e94a405f63b992ec80e0_72.jpg",
            "first_name": "Josh",
            "real_name": "Josh Montague",
            "display_name": "jmontague",
            "team": "T86S8GHEG",
            "name": "jmontague",
            "is_restricted": false,
            "is_ultra_restricted": false
        },
        "thread_ts": "1569611858.323800",
        "parent_user_id": "WBQDDUDBK"
    },
    {
        "client_msg_id": "8d27a348-e2bc-4e11-bd3d-5b285bd862a3",
        "type": "message",
        "text": "theres usually a bunch of info spat out during launch about the tunnel creation. was there anything interesting in that output? does `--reconnect` re-establish?",
        "user": "W81LU64GJ",
        "ts": "1569612391.324500",
        "team": "T86S8GHEG",
        "user_team": "T86S8GHEG",
        "source_team": "T86S8GHEG",
        "user_profile": {
            "avatar_hash": "51c80845c55f",
            "image_72": "https:\/\/avatars.slack-edge.com\/2019-03-06\/569423098722_51c80845c55f7f5fb696_72.jpg",
            "first_name": "Kris",
            "real_name": "Kris Wilson",
            "display_name": "kwilson",
            "team": "T86S8GHEG",
            "name": "kwilson",
            "is_restricted": false,
            "is_ultra_restricted": false
        },
        "thread_ts": "1569611858.323800",
        "parent_user_id": "WBQDDUDBK"
    },
    {
        "client_msg_id": "740d2e1a-bad8-4168-a832-54214b497c80",
        "type": "message",
        "text": "its just an SSH tunnel",
        "user": "W81LU64GJ",
        "ts": "1569612393.324700",
        "team": "T86S8GHEG",
        "user_team": "T86S8GHEG",
        "source_team": "T86S8GHEG",
        "user_profile": {
            "avatar_hash": "51c80845c55f",
            "image_72": "https:\/\/avatars.slack-edge.com\/2019-03-06\/569423098722_51c80845c55f7f5fb696_72.jpg",
            "first_name": "Kris",
            "real_name": "Kris Wilson",
            "display_name": "kwilson",
            "team": "T86S8GHEG",
            "name": "kwilson",
            "is_restricted": false,
            "is_ultra_restricted": false
        },
        "thread_ts": "1569611858.323800",
        "parent_user_id": "WBQDDUDBK"
    },
    {
        "client_msg_id": "64197840-7e5d-47d5-82c5-2a58da044692",
        "type": "message",
        "text": "oh i may have misunderstood the request. sorry, i thought the question was about exposing new ports from the container :disappear:",
        "user": "W82KAA0T0",
        "ts": "1569612451.324900",
        "team": "T86S8GHEG",
        "user_team": "T86S8GHEG",
        "source_team": "T86S8GHEG",
        "user_profile": {
            "avatar_hash": "e94a405f63b9",
            "image_72": "https:\/\/avatars.slack-edge.com\/2018-06-20\/384995963779_e94a405f63b992ec80e0_72.jpg",
            "first_name": "Josh",
            "real_name": "Josh Montague",
            "display_name": "jmontague",
            "team": "T86S8GHEG",
            "name": "jmontague",
            "is_restricted": false,
            "is_ultra_restricted": false
        },
        "thread_ts": "1569611858.323800",
        "parent_user_id": "WBQDDUDBK"
    },
    {
        "client_msg_id": "22aa0524-5cb3-4a89-b8cd-7b06b2315b90",
        "type": "message",
        "text": "`aurora task ssh --tunnels 8080:http smf1\/userName\/devel\/jobName` should work",
        "user": "W81EY00N7",
        "ts": "1569612672.325100",
        "team": "T86S8GHEG",
        "user_team": "T86S8GHEG",
        "source_team": "T86S8GHEG",
        "user_profile": {
            "avatar_hash": "d30a8ec2b572",
            "image_72": "https:\/\/avatars.slack-edge.com\/2019-04-22\/614865012036_d30a8ec2b5727438f308_72.png",
            "first_name": "Briac",
            "real_name": "Briac Marcatte",
            "display_name": "bmarcatte",
            "team": "T86S8GHEG",
            "name": "bmarcatte",
            "is_restricted": false,
            "is_ultra_restricted": false
        },
        "edited": {
            "user": "W81EY00N7",
            "ts": "1569612700.000000"
        },
        "thread_ts": "1569611858.323800",
        "parent_user_id": "WBQDDUDBK",
        "reactions": [
            {
                "name": "partylarry",
                "users": [
                    "W82KAA0T0"
                ],
                "count": 1
            }
        ]
    },
    {
        "client_msg_id": "1f26f8e0-1159-4879-89c1-fdca5fb84ae8",
        "type": "message",
        "text": "<@W81LU64GJ>: Nothing particularly that stands out to me:\n```\n+ .\/dist\/pycx_launcher.pex --pycx_source_libs_target cortex\/notebook\/src\/python\/pycx:pycx_libs_source --classic --reconnect\n[2019\/09\/27 03:20:01] build targets: ['cortex\/notebook\/src\/python\/pycx:pycx_libs_source']\n[2019\/09\/27 03:20:01] fetch targets: [packer:\/\/\/cortex\/pycx_libs_3rdparty\/live, packer:\/\/\/cortex\/datasources\/live, packer:\/\/\/cortex-deepbird\/twml-python3-environment-tf114\/latest, packer:\/\/\/cortex\/pycx_notebooks_syncer\/live, packer:\/\/\/jonathanj\/pycx_libs_source\/latest]\n INFO] Checking status of smf1\/jonathanj\/devel\/pycx-notebook\n[2019\/09\/27 03:20:05] Setting up tunnel to aurora job: smf1\/jonathanj\/devel\/pycx-notebook\n[2019\/09\/27 03:20:10] Found aurora task host: <http:\/\/smf1-bgs-06-sr1.prod.twitter.com|smf1-bgs-06-sr1.prod.twitter.com>\n[2019\/09\/27 03:20:10] Tunneling to Aurora task: ssh -t -L 127.0.0.1:8888:\/home\/jonathanj\/.nb.sock -n -f -C -q <mailto:jonathanj@smf1-bgs-06-sr1.prod.twitter.com|jonathanj@smf1-bgs-06-sr1.prod.twitter.com> -N\n[2019\/09\/27 03:20:11] Waiting for notebook server <http:\/\/go\/smf1\/jonathanj\/devel\/pycx-notebook> to start at <http:\/\/localhost:8888>\n.\n[2019\/09\/27 03:20:12] Success! Launched at: <http:\/\/localhost:8888\/tree>`\n```",
        "user": "WBQDDUDBK",
        "ts": "1569613030.325800",
        "team": "T86S8GHEG",
        "user_team": "T86S8GHEG",
        "source_team": "T86S8GHEG",
        "user_profile": {
            "avatar_hash": "7ec6eb5aa7c2",
            "image_72": "https:\/\/avatars.slack-edge.com\/2019-10-01\/767169248802_7ec6eb5aa7c24a04802b_72.jpg",
            "first_name": "Jonathan",
            "real_name": "Jonathan Jin",
            "display_name": "jonathanj",
            "team": "T86S8GHEG",
            "name": "jonathanj",
            "is_restricted": false,
            "is_ultra_restricted": false
        },
        "edited": {
            "user": "WBQDDUDBK",
            "ts": "1569613033.000000"
        },
        "thread_ts": "1569611858.323800",
        "parent_user_id": "WBQDDUDBK"
    },
    {
        "client_msg_id": "c7c7ec88-52cc-4421-83c4-07e8660def88",
        "type": "message",
        "text": "<@W81EY00N7>: That got me into the instance just fine but for whateeeever reason doesn’t help w\/ notebook web UI not showing up. :thinking_stare:",
        "user": "WBQDDUDBK",
        "ts": "1569613315.326100",
        "team": "T86S8GHEG",
        "user_team": "T86S8GHEG",
        "source_team": "T86S8GHEG",
        "user_profile": {
            "avatar_hash": "7ec6eb5aa7c2",
            "image_72": "https:\/\/avatars.slack-edge.com\/2019-10-01\/767169248802_7ec6eb5aa7c24a04802b_72.jpg",
            "first_name": "Jonathan",
            "real_name": "Jonathan Jin",
            "display_name": "jonathanj",
            "team": "T86S8GHEG",
            "name": "jonathanj",
            "is_restricted": false,
            "is_ultra_restricted": false
        },
        "thread_ts": "1569611858.323800",
        "parent_user_id": "WBQDDUDBK"
    },
    {
        "client_msg_id": "b143119e-ac27-41b9-a881-95349e432c5d",
        "type": "message",
        "text": "ah :disappointed:",
        "user": "W81EY00N7",
        "ts": "1569613514.326300",
        "team": "T86S8GHEG",
        "user_team": "T86S8GHEG",
        "source_team": "T86S8GHEG",
        "user_profile": {
            "avatar_hash": "d30a8ec2b572",
            "image_72": "https:\/\/avatars.slack-edge.com\/2019-04-22\/614865012036_d30a8ec2b5727438f308_72.png",
            "first_name": "Briac",
            "real_name": "Briac Marcatte",
            "display_name": "bmarcatte",
            "team": "T86S8GHEG",
            "name": "bmarcatte",
            "is_restricted": false,
            "is_ultra_restricted": false
        },
        "thread_ts": "1569611858.323800",
        "parent_user_id": "WBQDDUDBK"
    },
    {
        "client_msg_id": "6b648649-b2fc-40c6-b7ca-ff8f475ed592",
        "type": "message",
        "text": "don’t use that tunnel invocation, it’s wrong",
        "user": "W81LU64GJ",
        "ts": "1569614522.326500",
        "team": "T86S8GHEG",
        "user_team": "T86S8GHEG",
        "source_team": "T86S8GHEG",
        "user_profile": {
            "avatar_hash": "51c80845c55f",
            "image_72": "https:\/\/avatars.slack-edge.com\/2019-03-06\/569423098722_51c80845c55f7f5fb696_72.jpg",
            "first_name": "Kris",
            "real_name": "Kris Wilson",
            "display_name": "kwilson",
            "team": "T86S8GHEG",
            "name": "kwilson",
            "is_restricted": false,
            "is_ultra_restricted": false
        },
        "thread_ts": "1569611858.323800",
        "parent_user_id": "WBQDDUDBK"
    },
    {
        "client_msg_id": "31c12d36-6809-41d3-aff4-85f5ea9b9a15",
        "type": "message",
        "text": "would troubleshoot the http server as tunneled to get more information",
        "user": "W81LU64GJ",
        "ts": "1569614637.326700",
        "team": "T86S8GHEG",
        "user_team": "T86S8GHEG",
        "source_team": "T86S8GHEG",
        "user_profile": {
            "avatar_hash": "51c80845c55f",
            "image_72": "https:\/\/avatars.slack-edge.com\/2019-03-06\/569423098722_51c80845c55f7f5fb696_72.jpg",
            "first_name": "Kris",
            "real_name": "Kris Wilson",
            "display_name": "kwilson",
            "team": "T86S8GHEG",
            "name": "kwilson",
            "is_restricted": false,
            "is_ultra_restricted": false
        },
        "thread_ts": "1569611858.323800",
        "parent_user_id": "WBQDDUDBK"
    },
    {
        "client_msg_id": "c4d427c1-6ca3-4ff7-b07a-90c26c014df5",
        "type": "message",
        "text": "Sure, I’ll poke more at it Monday",
        "user": "WBQDDUDBK",
        "ts": "1569614780.326900",
        "team": "T86S8GHEG",
        "user_team": "T86S8GHEG",
        "source_team": "T86S8GHEG",
        "user_profile": {
            "avatar_hash": "7ec6eb5aa7c2",
            "image_72": "https:\/\/avatars.slack-edge.com\/2019-10-01\/767169248802_7ec6eb5aa7c24a04802b_72.jpg",
            "first_name": "Jonathan",
            "real_name": "Jonathan Jin",
            "display_name": "jonathanj",
            "team": "T86S8GHEG",
            "name": "jonathanj",
            "is_restricted": false,
            "is_ultra_restricted": false
        },
        "thread_ts": "1569611858.323800",
        "parent_user_id": "WBQDDUDBK"
    },
    {
        "client_msg_id": "f0ef2c18-ac7b-41ae-ae3d-70433e19436f",
        "type": "message",
        "text": "sorry looking now",
        "user": "WG9RP9PEH",
        "ts": "1569615007.327100",
        "team": "T86S8GHEG",
        "user_team": "T86S8GHEG",
        "source_team": "T86S8GHEG",
        "user_profile": {
            "avatar_hash": "558f1f7bfc80",
            "image_72": "https:\/\/avatars.slack-edge.com\/2019-03-13\/577182336102_558f1f7bfc80dfc94377_72.jpg",
            "first_name": "Joshua",
            "real_name": "Joshua Hamet",
            "display_name": "jhamet",
            "team": "T86S8GHEG",
            "name": "jhamet",
            "is_restricted": false,
            "is_ultra_restricted": false
        },
        "thread_ts": "1569608715.319000",
        "parent_user_id": "WM1F2KD9A"
    },
    {
        "client_msg_id": "5f699605-80be-4fa4-a983-eae0f6a00646",
        "type": "message",
        "text": "where did this link come from ? this is incorrectly formatted to begin with",
        "user": "WG9RP9PEH",
        "ts": "1569615211.327300",
        "team": "T86S8GHEG",
        "user_team": "T86S8GHEG",
        "source_team": "T86S8GHEG",
        "user_profile": {
            "avatar_hash": "558f1f7bfc80",
            "image_72": "https:\/\/avatars.slack-edge.com\/2019-03-13\/577182336102_558f1f7bfc80dfc94377_72.jpg",
            "first_name": "Joshua",
            "real_name": "Joshua Hamet",
            "display_name": "jhamet",
            "team": "T86S8GHEG",
            "name": "jhamet",
            "is_restricted": false,
            "is_ultra_restricted": false
        },
        "thread_ts": "1569608715.319000",
        "parent_user_id": "WM1F2KD9A"
    },
    {
        "client_msg_id": "be62f478-14d8-41c9-b002-122de2a91fea",
        "type": "message",
        "text": "the quotation mark should be encoded as %22",
        "user": "WG9RP9PEH",
        "ts": "1569615349.327500",
        "team": "T86S8GHEG",
        "user_team": "T86S8GHEG",
        "source_team": "T86S8GHEG",
        "user_profile": {
            "avatar_hash": "558f1f7bfc80",
            "image_72": "https:\/\/avatars.slack-edge.com\/2019-03-13\/577182336102_558f1f7bfc80dfc94377_72.jpg",
            "first_name": "Joshua",
            "real_name": "Joshua Hamet",
            "display_name": "jhamet",
            "team": "T86S8GHEG",
            "name": "jhamet",
            "is_restricted": false,
            "is_ultra_restricted": false
        },
        "thread_ts": "1569608715.319000",
        "parent_user_id": "WM1F2KD9A"
    },
    {
        "client_msg_id": "a3c19e41-3bc0-4841-be7f-e3fc1d6b7813",
        "type": "message",
        "text": "Thanks Josh, you have been helping me so much over the past 2 days! I'm not sure what you mean by \"incorrectly formatted\",  the link with \" in it works if I paste it into Chrome. I got it by going to ML Dash, filling in the appropriate fields, and the copying from my address bar",
        "user": "WM1F2KD9A",
        "ts": "1569616019.327700",
        "team": "T86S8GHEG",
        "user_team": "T86S8GHEG",
        "source_team": "T86S8GHEG",
        "user_profile": {
            "avatar_hash": "2ebb76d58dc2",
            "image_72": "https:\/\/avatars.slack-edge.com\/2019-09-03\/747014122688_2ebb76d58dc25f282da0_72.jpg",
            "first_name": "Phil",
            "real_name": "Phil Gautier",
            "display_name": "pgautier",
            "team": "T86S8GHEG",
            "name": "pgautier",
            "is_restricted": false,
            "is_ultra_restricted": false
        },
        "thread_ts": "1569608715.319000",
        "parent_user_id": "WM1F2KD9A"
    },
    {
        "client_msg_id": "de802e15-48ef-47fc-8bca-ff67339e6584",
        "type": "message",
        "text": "<@W81LU64GJ> what’s wrong about it?",
        "user": "W81EY00N7",
        "ts": "1569616066.327900",
        "team": "T86S8GHEG",
        "user_team": "T86S8GHEG",
        "source_team": "T86S8GHEG",
        "user_profile": {
            "avatar_hash": "d30a8ec2b572",
            "image_72": "https:\/\/avatars.slack-edge.com\/2019-04-22\/614865012036_d30a8ec2b5727438f308_72.png",
            "first_name": "Briac",
            "real_name": "Briac Marcatte",
            "display_name": "bmarcatte",
            "team": "T86S8GHEG",
            "name": "bmarcatte",
            "is_restricted": false,
            "is_ultra_restricted": false
        },
        "thread_ts": "1569611858.323800",
        "parent_user_id": "WBQDDUDBK"
    },
    {
        "client_msg_id": "7a40fbd4-8315-4d77-9805-cc676708ce75",
        "type": "message",
        "text": "<@W81EY00N7> PyCX no longer listens on tcp ports, only unix sockets.",
        "user": "W81LU64GJ",
        "ts": "1569616094.328100",
        "team": "T86S8GHEG",
        "user_team": "T86S8GHEG",
        "source_team": "T86S8GHEG",
        "user_profile": {
            "avatar_hash": "51c80845c55f",
            "image_72": "https:\/\/avatars.slack-edge.com\/2019-03-06\/569423098722_51c80845c55f7f5fb696_72.jpg",
            "first_name": "Kris",
            "real_name": "Kris Wilson",
            "display_name": "kwilson",
            "team": "T86S8GHEG",
            "name": "kwilson",
            "is_restricted": false,
            "is_ultra_restricted": false
        },
        "thread_ts": "1569611858.323800",
        "parent_user_id": "WBQDDUDBK"
    },
    {
        "client_msg_id": "59ea5d50-fc5a-4467-8543-37a39a9378da",
        "type": "message",
        "text": "got it",
        "user": "W81EY00N7",
        "ts": "1569616108.328300",
        "team": "T86S8GHEG",
        "user_team": "T86S8GHEG",
        "source_team": "T86S8GHEG",
        "user_profile": {
            "avatar_hash": "d30a8ec2b572",
            "image_72": "https:\/\/avatars.slack-edge.com\/2019-04-22\/614865012036_d30a8ec2b5727438f308_72.png",
            "first_name": "Briac",
            "real_name": "Briac Marcatte",
            "display_name": "bmarcatte",
            "team": "T86S8GHEG",
            "name": "bmarcatte",
            "is_restricted": false,
            "is_ultra_restricted": false
        },
        "thread_ts": "1569611858.323800",
        "parent_user_id": "WBQDDUDBK"
    },
    {
        "client_msg_id": "0bc3becd-d73c-4047-ada9-7e6d6532f0b5",
        "type": "message",
        "text": "Yes, I don't doubt that, MLDash *should* be encoding that quotation mark which seems like is causing issues in the markdown language. If you change the link to the following, does your nbpublish start working ?",
        "user": "WG9RP9PEH",
        "ts": "1569616136.328500",
        "team": "T86S8GHEG",
        "user_team": "T86S8GHEG",
        "source_team": "T86S8GHEG",
        "user_profile": {
            "avatar_hash": "558f1f7bfc80",
            "image_72": "https:\/\/avatars.slack-edge.com\/2019-03-13\/577182336102_558f1f7bfc80dfc94377_72.jpg",
            "first_name": "Joshua",
            "real_name": "Joshua Hamet",
            "display_name": "jhamet",
            "team": "T86S8GHEG",
            "name": "jhamet",
            "is_restricted": false,
            "is_ultra_restricted": false
        },
        "thread_ts": "1569608715.319000",
        "parent_user_id": "WM1F2KD9A"
    },
    {
        "client_msg_id": "5c3a0859-4837-473a-ac42-bd7c1b6cb284",
        "type": "message",
        "text": "<https:\/\/mldashboard.twitter.biz\/teams\/mlx\/embeddingFromFS?formFields=%7B%22queryId%22%3A%223940039633%22%2C%22queryEntityType%22%3A%22user%22%2C%22fsDatasetName%22%3A%22ConsumerTimelinesSplitnetEmbedding300Dataset%22%2C%22fsVersion%22%3A%221565295889%22%7D|https:\/\/mldashboard.twitter.biz\/teams\/mlx\/embeddingFromFS?formFields=%7B%22queryId%22%3A%223940039633%22%2C%22queryEntityType%22%3A%22user\"%2C%22fsDatasetName%22%3A%22ConsumerTimelinesSplitnetEmbedding300Dataset%22%2C%22fsVersion%22%3A%221565295889%22%7D>",
        "user": "WG9RP9PEH",
        "ts": "1569616201.328700",
        "team": "T86S8GHEG",
        "user_team": "T86S8GHEG",
        "source_team": "T86S8GHEG",
        "user_profile": {
            "avatar_hash": "558f1f7bfc80",
            "image_72": "https:\/\/avatars.slack-edge.com\/2019-03-13\/577182336102_558f1f7bfc80dfc94377_72.jpg",
            "first_name": "Joshua",
            "real_name": "Joshua Hamet",
            "display_name": "jhamet",
            "team": "T86S8GHEG",
            "name": "jhamet",
            "is_restricted": false,
            "is_ultra_restricted": false
        },
        "thread_ts": "1569608715.319000",
        "parent_user_id": "WM1F2KD9A"
    },
    {
        "client_msg_id": "3a146807-90a2-4d2d-a445-aca427cffb8d",
        "type": "message",
        "text": "Yup, totally works, thanks! <http:\/\/nbviewer.prod.nbviewer.service.atla.twitter.com\/url\/ton-staging.smf1.twitter.com\/notebooks\/pgautier\/broken_links\/2019-09-27_20-35-50\/broken_links.ipynb>\n\nSo I see two potential ways to fix this: change ML Dash to produce links with %B instead of \", and\/or change `publish` to not destroy escaped quotes (recall that the escaped quotes worked in the rendered jupyter notebook, but not in the published one)\n\nI suppose it's super low priority either way. I was planning to look into ML Dash rendering of these links, which is a tiny feature built by my team I believe, so perhaps I can make this change myself at some point.",
        "user": "WM1F2KD9A",
        "ts": "1569616797.330400",
        "team": "T86S8GHEG",
        "user_team": "T86S8GHEG",
        "source_team": "T86S8GHEG",
        "user_profile": {
            "avatar_hash": "2ebb76d58dc2",
            "image_72": "https:\/\/avatars.slack-edge.com\/2019-09-03\/747014122688_2ebb76d58dc25f282da0_72.jpg",
            "first_name": "Phil",
            "real_name": "Phil Gautier",
            "display_name": "pgautier",
            "team": "T86S8GHEG",
            "name": "pgautier",
            "is_restricted": false,
            "is_ultra_restricted": false
        },
        "thread_ts": "1569608715.319000",
        "parent_user_id": "WM1F2KD9A"
    },
    {
        "client_msg_id": "81969a44-5e64-4faa-8da2-4f522c4c95e4",
        "type": "message",
        "text": "this is totally an MLDash bug :slightly_smiling_face:",
        "user": "WG9RP9PEH",
        "ts": "1569616894.331800",
        "team": "T86S8GHEG",
        "user_team": "T86S8GHEG",
        "source_team": "T86S8GHEG",
        "user_profile": {
            "avatar_hash": "558f1f7bfc80",
            "image_72": "https:\/\/avatars.slack-edge.com\/2019-03-13\/577182336102_558f1f7bfc80dfc94377_72.jpg",
            "first_name": "Joshua",
            "real_name": "Joshua Hamet",
            "display_name": "jhamet",
            "team": "T86S8GHEG",
            "name": "jhamet",
            "is_restricted": false,
            "is_ultra_restricted": false
        },
        "thread_ts": "1569608715.319000",
        "parent_user_id": "WM1F2KD9A"
    },
    {
        "client_msg_id": "90f32a04-6a9f-4032-acff-5e96dc0480c6",
        "type": "message",
        "text": "I have an indentation question: I uploaded a .py file to pycx but found all the indentation got messed up but it looks good on my sublime, later I used sublime to convert indentation to TABs and it works but looks ugly when I open it in pycx. Does it mean we should use Tabs instead of spaces when we use .py in jupyter notebook?",
        "user": "WHX47BCSC",
        "ts": "1569616916.332000",
        "team": "T86S8GHEG",
        "user_team": "T86S8GHEG",
        "source_team": "T86S8GHEG",
        "user_profile": {
            "avatar_hash": "8ec6efcacbf8",
            "image_72": "https:\/\/avatars.slack-edge.com\/2019-04-25\/607567221554_8ec6efcacbf80372d3f0_72.jpg",
            "first_name": "Gaoang",
            "real_name": "Gaoang Wang",
            "display_name": "gaoangw",
            "team": "T86S8GHEG",
            "name": "gaoangw",
            "is_restricted": false,
            "is_ultra_restricted": false
        },
        "thread_ts": "1569616916.332000",
        "reply_count": 18,
        "reply_users_count": 6,
        "latest_reply": "1569871664.340700",
        "reply_users": [
            "W81HPGJTF",
            "WHN0KFTTK",
            "W81H197B4",
            "WHX47BCSC",
            "W81LU64GJ",
            "W81JMP2LB"
        ],
        "replies": [
            {
                "user": "W81HPGJTF",
                "ts": "1569617845.332400"
            },
            {
                "user": "WHN0KFTTK",
                "ts": "1569618211.332600"
            },
            {
                "user": "W81H197B4",
                "ts": "1569620882.332800"
            },
            {
                "user": "WHX47BCSC",
                "ts": "1569627854.333200"
            },
            {
                "user": "WHX47BCSC",
                "ts": "1569627901.333600"
            },
            {
                "user": "WHX47BCSC",
                "ts": "1569627963.333800"
            },
            {
                "user": "WHX47BCSC",
                "ts": "1569627978.334000"
            },
            {
                "user": "W81HPGJTF",
                "ts": "1569629392.334200"
            },
            {
                "user": "W81LU64GJ",
                "ts": "1569631330.334400"
            },
            {
                "user": "W81LU64GJ",
                "ts": "1569631337.334600"
            },
            {
                "user": "WHX47BCSC",
                "ts": "1569631700.334900"
            },
            {
                "user": "W81LU64GJ",
                "ts": "1569631731.335100"
            },
            {
                "user": "W81LU64GJ",
                "ts": "1569631746.335300"
            },
            {
                "user": "WHX47BCSC",
                "ts": "1569631767.335500"
            },
            {
                "user": "W81LU64GJ",
                "ts": "1569632271.335700"
            },
            {
                "user": "W81HPGJTF",
                "ts": "1569871242.340300"
            },
            {
                "user": "W81JMP2LB",
                "ts": "1569871647.340500"
            },
            {
                "user": "W81JMP2LB",
                "ts": "1569871664.340700"
            }
        ],
        "subscribed": false,
        "reactions": [
            {
                "name": "popcorn",
                "users": [
                    "W81HPGJTF"
                ],
                "count": 1
            }
        ]
    },
    {
        "client_msg_id": "aeb696dd-147e-422e-96fd-b6b9e5ccd3eb",
        "type": "message",
        "text": "Fair enough :slightly_smiling_face:",
        "user": "WM1F2KD9A",
        "ts": "1569616982.332100",
        "team": "T86S8GHEG",
        "user_team": "T86S8GHEG",
        "source_team": "T86S8GHEG",
        "user_profile": {
            "avatar_hash": "2ebb76d58dc2",
            "image_72": "https:\/\/avatars.slack-edge.com\/2019-09-03\/747014122688_2ebb76d58dc25f282da0_72.jpg",
            "first_name": "Phil",
            "real_name": "Phil Gautier",
            "display_name": "pgautier",
            "team": "T86S8GHEG",
            "name": "pgautier",
            "is_restricted": false,
            "is_ultra_restricted": false
        },
        "thread_ts": "1569608715.319000",
        "parent_user_id": "WM1F2KD9A"
    },
    {
        "client_msg_id": "8f560e7b-9630-46f9-9acd-e0c0bc501424",
        "type": "message",
        "text": "my first thought is that spaces would be portable but …? what did the output look like?",
        "user": "W81HPGJTF",
        "ts": "1569617845.332400",
        "team": "T86S8GHEG",
        "user_team": "T86S8GHEG",
        "source_team": "T86S8GHEG",
        "user_profile": {
            "avatar_hash": "0da9567a6272",
            "image_72": "https:\/\/avatars.slack-edge.com\/2017-12-01\/279827564912_0da9567a62721a5401ab_72.jpg",
            "first_name": "Aaron",
            "real_name": "Aaron Gonzales",
            "display_name": "agonzales",
            "team": "T86S8GHEG",
            "name": "agonzales",
            "is_restricted": false,
            "is_ultra_restricted": false
        },
        "thread_ts": "1569616916.332000",
        "parent_user_id": "WHX47BCSC"
    },
    {
        "client_msg_id": "8861cdaf-755f-4ba5-8b39-640c8b3c5d34",
        "type": "message",
        "text": "sometimes things get messed up if both spaces and tabs are used for indentation",
        "user": "WHN0KFTTK",
        "ts": "1569618211.332600",
        "team": "T86S8GHEG",
        "user_team": "T86S8GHEG",
        "source_team": "T86S8GHEG",
        "user_profile": {
            "avatar_hash": "0aefd07f4e35",
            "image_72": "https:\/\/avatars.slack-edge.com\/2019-09-13\/747077289346_0aefd07f4e35ce681262_72.jpg",
            "first_name": "Ali",
            "real_name": "Ali Narimani",
            "display_name": "anarimani",
            "team": "T86S8GHEG",
            "name": "anarimani",
            "is_restricted": false,
            "is_ultra_restricted": false
        },
        "thread_ts": "1569616916.332000",
        "parent_user_id": "WHX47BCSC"
    },
    {
        "client_msg_id": "5bcb3031-f8dc-40a2-ac67-60aabd77f780",
        "type": "message",
        "text": "Twitter python recommends 2 spaces while pycx expects 4?",
        "user": "W81H197B4",
        "ts": "1569620882.332800",
        "team": "T86S8GHEG",
        "user_team": "T86S8GHEG",
        "source_team": "T86S8GHEG",
        "user_profile": {
            "avatar_hash": "3c5dfa6fbf3e",
            "image_72": "https:\/\/avatars.slack-edge.com\/2019-04-15\/611937986839_3c5dfa6fbf3ec1db389d_72.jpg",
            "first_name": "Alexandre",
            "real_name": "Alexandre Lung-Yut-Fong",
            "display_name": "alungyutfong",
            "team": "T86S8GHEG",
            "name": "alungyutfong",
            "is_restricted": false,
            "is_ultra_restricted": false
        },
        "thread_ts": "1569616916.332000",
        "parent_user_id": "WHX47BCSC"
    },
    {
        "type": "message",
        "text": "<@W81HPGJTF>",
        "files": [
            {
                "id": "FNH1LUBK5",
                "created": 1569627851,
                "timestamp": 1569627851,
                "name": "Screen Shot 2019-09-27 at 4.42.34 PM.png",
                "title": "Screen Shot 2019-09-27 at 4.42.34 PM.png",
                "mimetype": "image\/png",
                "filetype": "png",
                "pretty_type": "PNG",
                "user": "WHX47BCSC",
                "editable": false,
                "size": 125751,
                "mode": "hosted",
                "is_external": false,
                "external_type": "",
                "is_public": true,
                "public_url_shared": false,
                "display_as_bot": false,
                "username": "",
                "url_private": "https:\/\/files.slack.com\/files-pri\/T7U3XVBLP-FNH1LUBK5\/screen_shot_2019-09-27_at_4.42.34_pm.png?t=xoxe-278892561492-1005149783089-1017423836678-e1e14aa1789ddce7f4decc622097bda8",
                "url_private_download": "https:\/\/files.slack.com\/files-pri\/T7U3XVBLP-FNH1LUBK5\/download\/screen_shot_2019-09-27_at_4.42.34_pm.png?t=xoxe-278892561492-1005149783089-1017423836678-e1e14aa1789ddce7f4decc622097bda8",
                "thumb_64": "https:\/\/files.slack.com\/files-tmb\/T7U3XVBLP-FNH1LUBK5-6e40d0586c\/screen_shot_2019-09-27_at_4.42.34_pm_64.png?t=xoxe-278892561492-1005149783089-1017423836678-e1e14aa1789ddce7f4decc622097bda8",
                "thumb_80": "https:\/\/files.slack.com\/files-tmb\/T7U3XVBLP-FNH1LUBK5-6e40d0586c\/screen_shot_2019-09-27_at_4.42.34_pm_80.png?t=xoxe-278892561492-1005149783089-1017423836678-e1e14aa1789ddce7f4decc622097bda8",
                "thumb_360": "https:\/\/files.slack.com\/files-tmb\/T7U3XVBLP-FNH1LUBK5-6e40d0586c\/screen_shot_2019-09-27_at_4.42.34_pm_360.png?t=xoxe-278892561492-1005149783089-1017423836678-e1e14aa1789ddce7f4decc622097bda8",
                "thumb_360_w": 360,
                "thumb_360_h": 124,
                "thumb_480": "https:\/\/files.slack.com\/files-tmb\/T7U3XVBLP-FNH1LUBK5-6e40d0586c\/screen_shot_2019-09-27_at_4.42.34_pm_480.png?t=xoxe-278892561492-1005149783089-1017423836678-e1e14aa1789ddce7f4decc622097bda8",
                "thumb_480_w": 480,
                "thumb_480_h": 165,
                "thumb_160": "https:\/\/files.slack.com\/files-tmb\/T7U3XVBLP-FNH1LUBK5-6e40d0586c\/screen_shot_2019-09-27_at_4.42.34_pm_160.png?t=xoxe-278892561492-1005149783089-1017423836678-e1e14aa1789ddce7f4decc622097bda8",
                "thumb_720": "https:\/\/files.slack.com\/files-tmb\/T7U3XVBLP-FNH1LUBK5-6e40d0586c\/screen_shot_2019-09-27_at_4.42.34_pm_720.png?t=xoxe-278892561492-1005149783089-1017423836678-e1e14aa1789ddce7f4decc622097bda8",
                "thumb_720_w": 720,
                "thumb_720_h": 247,
                "thumb_800": "https:\/\/files.slack.com\/files-tmb\/T7U3XVBLP-FNH1LUBK5-6e40d0586c\/screen_shot_2019-09-27_at_4.42.34_pm_800.png?t=xoxe-278892561492-1005149783089-1017423836678-e1e14aa1789ddce7f4decc622097bda8",
                "thumb_800_w": 800,
                "thumb_800_h": 275,
                "thumb_960": "https:\/\/files.slack.com\/files-tmb\/T7U3XVBLP-FNH1LUBK5-6e40d0586c\/screen_shot_2019-09-27_at_4.42.34_pm_960.png?t=xoxe-278892561492-1005149783089-1017423836678-e1e14aa1789ddce7f4decc622097bda8",
                "thumb_960_w": 960,
                "thumb_960_h": 330,
                "thumb_1024": "https:\/\/files.slack.com\/files-tmb\/T7U3XVBLP-FNH1LUBK5-6e40d0586c\/screen_shot_2019-09-27_at_4.42.34_pm_1024.png?t=xoxe-278892561492-1005149783089-1017423836678-e1e14aa1789ddce7f4decc622097bda8",
                "thumb_1024_w": 1024,
                "thumb_1024_h": 352,
                "image_exif_rotation": 1,
                "original_w": 1136,
                "original_h": 390,
                "permalink": "https:\/\/twitter.enterprise.slack.com\/files\/WHX47BCSC\/FNH1LUBK5\/screen_shot_2019-09-27_at_4.42.34_pm.png",
                "permalink_public": "https:\/\/slack-files.com\/T7U3XVBLP-FNH1LUBK5-b67c5191b7",
                "is_starred": false,
                "has_rich_preview": false
            }
        ],
        "upload": true,
        "user": "WHX47BCSC",
        "display_as_bot": false,
        "ts": "1569627854.333200",
        "client_msg_id": "f1cd9847-6b00-484e-ba06-5cff24d8dcda",
        "thread_ts": "1569616916.332000",
        "parent_user_id": "WHX47BCSC"
    },
    {
        "client_msg_id": "5c2bfde2-0981-47e4-9f08-7b80857b3918",
        "type": "message",
        "text": "<@W81H197B4> I think it expects 4",
        "user": "WHX47BCSC",
        "ts": "1569627901.333600",
        "team": "T86S8GHEG",
        "user_team": "T86S8GHEG",
        "source_team": "T86S8GHEG",
        "user_profile": {
            "avatar_hash": "8ec6efcacbf8",
            "image_72": "https:\/\/avatars.slack-edge.com\/2019-04-25\/607567221554_8ec6efcacbf80372d3f0_72.jpg",
            "first_name": "Gaoang",
            "real_name": "Gaoang Wang",
            "display_name": "gaoangw",
            "team": "T86S8GHEG",
            "name": "gaoangw",
            "is_restricted": false,
            "is_ultra_restricted": false
        },
        "thread_ts": "1569616916.332000",
        "parent_user_id": "WHX47BCSC"
    },
    {
        "client_msg_id": "1771109f-f931-48c3-b498-752a11b636df",
        "type": "message",
        "text": "or tabs",
        "user": "WHX47BCSC",
        "ts": "1569627963.333800",
        "team": "T86S8GHEG",
        "user_team": "T86S8GHEG",
        "source_team": "T86S8GHEG",
        "user_profile": {
            "avatar_hash": "8ec6efcacbf8",
            "image_72": "https:\/\/avatars.slack-edge.com\/2019-04-25\/607567221554_8ec6efcacbf80372d3f0_72.jpg",
            "first_name": "Gaoang",
            "real_name": "Gaoang Wang",
            "display_name": "gaoangw",
            "team": "T86S8GHEG",
            "name": "gaoangw",
            "is_restricted": false,
            "is_ultra_restricted": false
        },
        "thread_ts": "1569616916.332000",
        "parent_user_id": "WHX47BCSC"
    },
    {
        "client_msg_id": "0c828990-49c7-44f4-b48d-44b488f4db83",
        "type": "message",
        "text": "I converted spaces to TABs and it works",
        "user": "WHX47BCSC",
        "ts": "1569627978.334000",
        "team": "T86S8GHEG",
        "user_team": "T86S8GHEG",
        "source_team": "T86S8GHEG",
        "user_profile": {
            "avatar_hash": "8ec6efcacbf8",
            "image_72": "https:\/\/avatars.slack-edge.com\/2019-04-25\/607567221554_8ec6efcacbf80372d3f0_72.jpg",
            "first_name": "Gaoang",
            "real_name": "Gaoang Wang",
            "display_name": "gaoangw",
            "team": "T86S8GHEG",
            "name": "gaoangw",
            "is_restricted": false,
            "is_ultra_restricted": false
        },
        "thread_ts": "1569616916.332000",
        "parent_user_id": "WHX47BCSC"
    },
    {
        "client_msg_id": "5c312b46-ef38-429f-9db2-66d9a191b37b",
        "type": "message",
        "text": "not sure about the indentation issue, but that’s a neat function",
        "user": "W81HPGJTF",
        "ts": "1569629392.334200",
        "team": "T86S8GHEG",
        "user_team": "T86S8GHEG",
        "source_team": "T86S8GHEG",
        "user_profile": {
            "avatar_hash": "0da9567a6272",
            "image_72": "https:\/\/avatars.slack-edge.com\/2017-12-01\/279827564912_0da9567a62721a5401ab_72.jpg",
            "first_name": "Aaron",
            "real_name": "Aaron Gonzales",
            "display_name": "agonzales",
            "team": "T86S8GHEG",
            "name": "agonzales",
            "is_restricted": false,
            "is_ultra_restricted": false
        },
        "thread_ts": "1569616916.332000",
        "parent_user_id": "WHX47BCSC"
    },
    {
        "client_msg_id": "1fcec14b-6742-41b9-b805-160b290a95ec",
        "type": "message",
        "text": "I don’t get it, whats wrong with that code?",
        "user": "W81LU64GJ",
        "ts": "1569631330.334400",
        "team": "T86S8GHEG",
        "user_team": "T86S8GHEG",
        "source_team": "T86S8GHEG",
        "user_profile": {
            "avatar_hash": "51c80845c55f",
            "image_72": "https:\/\/avatars.slack-edge.com\/2019-03-06\/569423098722_51c80845c55f7f5fb696_72.jpg",
            "first_name": "Kris",
            "real_name": "Kris Wilson",
            "display_name": "kwilson",
            "team": "T86S8GHEG",
            "name": "kwilson",
            "is_restricted": false,
            "is_ultra_restricted": false
        },
        "edited": {
            "user": "W81LU64GJ",
            "ts": "1569631380.000000"
        },
        "thread_ts": "1569616916.332000",
        "parent_user_id": "WHX47BCSC"
    },
    {
        "client_msg_id": "e6886471-2185-4b50-b8ec-4e17d3b7257d",
        "type": "message",
        "text": "oh, the syntax highlighting is inconsistent?",
        "user": "W81LU64GJ",
        "ts": "1569631337.334600",
        "team": "T86S8GHEG",
        "user_team": "T86S8GHEG",
        "source_team": "T86S8GHEG",
        "user_profile": {
            "avatar_hash": "51c80845c55f",
            "image_72": "https:\/\/avatars.slack-edge.com\/2019-03-06\/569423098722_51c80845c55f7f5fb696_72.jpg",
            "first_name": "Kris",
            "real_name": "Kris Wilson",
            "display_name": "kwilson",
            "team": "T86S8GHEG",
            "name": "kwilson",
            "is_restricted": false,
            "is_ultra_restricted": false
        },
        "thread_ts": "1569616916.332000",
        "parent_user_id": "WHX47BCSC"
    },
    {
        "client_msg_id": "cf5bef48-1077-480f-87df-4fea00d6d513",
        "type": "message",
        "text": "<@W81LU64GJ> the indentation is wrong in pycx. pycx expects 4 spaces instead of 2 spaces",
        "user": "WHX47BCSC",
        "ts": "1569631700.334900",
        "team": "T86S8GHEG",
        "user_team": "T86S8GHEG",
        "source_team": "T86S8GHEG",
        "user_profile": {
            "avatar_hash": "8ec6efcacbf8",
            "image_72": "https:\/\/avatars.slack-edge.com\/2019-04-25\/607567221554_8ec6efcacbf80372d3f0_72.jpg",
            "first_name": "Gaoang",
            "real_name": "Gaoang Wang",
            "display_name": "gaoangw",
            "team": "T86S8GHEG",
            "name": "gaoangw",
            "is_restricted": false,
            "is_ultra_restricted": false
        },
        "thread_ts": "1569616916.332000",
        "parent_user_id": "WHX47BCSC"
    },
    {
        "client_msg_id": "61375970-f22e-467a-80e8-0870f1b41d25",
        "type": "message",
        "text": "what makes you think that?",
        "user": "W81LU64GJ",
        "ts": "1569631731.335100",
        "team": "T86S8GHEG",
        "user_team": "T86S8GHEG",
        "source_team": "T86S8GHEG",
        "user_profile": {
            "avatar_hash": "51c80845c55f",
            "image_72": "https:\/\/avatars.slack-edge.com\/2019-03-06\/569423098722_51c80845c55f7f5fb696_72.jpg",
            "first_name": "Kris",
            "real_name": "Kris Wilson",
            "display_name": "kwilson",
            "team": "T86S8GHEG",
            "name": "kwilson",
            "is_restricted": false,
            "is_ultra_restricted": false
        },
        "thread_ts": "1569616916.332000",
        "parent_user_id": "WHX47BCSC"
    },
    {
        "client_msg_id": "86f1ed07-ebda-4a53-b361-71c86b08c832",
        "type": "message",
        "text": "can you give me an example of what you’re seeing thats “wrong” here?",
        "user": "W81LU64GJ",
        "ts": "1569631746.335300",
        "team": "T86S8GHEG",
        "user_team": "T86S8GHEG",
        "source_team": "T86S8GHEG",
        "user_profile": {
            "avatar_hash": "51c80845c55f",
            "image_72": "https:\/\/avatars.slack-edge.com\/2019-03-06\/569423098722_51c80845c55f7f5fb696_72.jpg",
            "first_name": "Kris",
            "real_name": "Kris Wilson",
            "display_name": "kwilson",
            "team": "T86S8GHEG",
            "name": "kwilson",
            "is_restricted": false,
            "is_ultra_restricted": false
        },
        "thread_ts": "1569616916.332000",
        "parent_user_id": "WHX47BCSC"
    },
    {
        "client_msg_id": "4e10ea9e-51d1-4e2c-b14d-63fb757182e7",
        "type": "message",
        "text": "see the red font there? :todd:",
        "user": "WHX47BCSC",
        "ts": "1569631767.335500",
        "team": "T86S8GHEG",
        "user_team": "T86S8GHEG",
        "source_team": "T86S8GHEG",
        "user_profile": {
            "avatar_hash": "8ec6efcacbf8",
            "image_72": "https:\/\/avatars.slack-edge.com\/2019-04-25\/607567221554_8ec6efcacbf80372d3f0_72.jpg",
            "first_name": "Gaoang",
            "real_name": "Gaoang Wang",
            "display_name": "gaoangw",
            "team": "T86S8GHEG",
            "name": "gaoangw",
            "is_restricted": false,
            "is_ultra_restricted": false
        },
        "thread_ts": "1569616916.332000",
        "parent_user_id": "WHX47BCSC"
    },
    {
        "client_msg_id": "b6223f50-b0f5-4e86-aba2-d5191ddc3472",
        "type": "message",
        "text": "I see, so the syntax highlighting is off when you’re using 2 space indent. thanks for letting us know, I’ll try to figure out whats going on there.",
        "user": "W81LU64GJ",
        "ts": "1569632271.335700",
        "team": "T86S8GHEG",
        "user_team": "T86S8GHEG",
        "source_team": "T86S8GHEG",
        "user_profile": {
            "avatar_hash": "51c80845c55f",
            "image_72": "https:\/\/avatars.slack-edge.com\/2019-03-06\/569423098722_51c80845c55f7f5fb696_72.jpg",
            "first_name": "Kris",
            "real_name": "Kris Wilson",
            "display_name": "kwilson",
            "team": "T86S8GHEG",
            "name": "kwilson",
            "is_restricted": false,
            "is_ultra_restricted": false
        },
        "thread_ts": "1569616916.332000",
        "parent_user_id": "WHX47BCSC",
        "reactions": [
            {
                "name": "dancing_banana",
                "users": [
                    "WHX47BCSC"
                ],
                "count": 1
            },
            {
                "name": "thankyou_tytyty",
                "users": [
                    "WHX47BCSC"
                ],
                "count": 1
            },
            {
                "name": "awthanks",
                "users": [
                    "WHX47BCSC"
                ],
                "count": 1
            }
        ]
    }
]