[
    {
        "bot_id": "B8A47HZCL",
        "type": "message",
        "text": "FYI: <@WBQDDUDBK> <@W81EYMXMZ> are now active for oncall",
        "user": "W89H645FB",
        "ts": "1554904359.068300",
        "team": "T86S8GHEG",
        "bot_profile": {
            "id": "B8A47HZCL",
            "deleted": false,
            "name": "bot",
            "updated": 1512499948,
            "app_id": "A0F7YS25R",
            "icons": {
                "image_36": "https:\/\/a.slack-edge.com\/80588\/img\/services\/bots_36.png",
                "image_48": "https:\/\/a.slack-edge.com\/80588\/img\/plugins\/bot\/service_48.png",
                "image_72": "https:\/\/a.slack-edge.com\/80588\/img\/services\/bots_72.png"
            },
            "team_id": "T86S8GHEG"
        }
    },
    {
        "client_msg_id": "df075536-578c-4c8e-afaf-16ba0da8b853",
        "type": "message",
        "text": "hello PyCX! is it possible to add a python23_library target to the notebook environment?\nthe docs have `--add_libs_target` which seems to require a python3_binary target. thanks!",
        "user": "WL22PDE1G",
        "ts": "1554915062.069400",
        "team": "T86S8GHEG",
        "user_team": "T86S8GHEG",
        "source_team": "T86S8GHEG",
        "user_profile": {
            "avatar_hash": "ga18fa06b2f1",
            "image_72": "https:\/\/secure.gravatar.com\/avatar\/da18fa06b2f1a94e07b5a34db81e8552.jpg?s=72&d=https%3A%2F%2Fa.slack-edge.com%2Fdf10d%2Fimg%2Favatars%2Fava_0019-72.png",
            "first_name": "Ricardo",
            "real_name": "Ricardo Cervera-Navarro",
            "display_name": "rcerveranavarro",
            "team": "T86S8GHEG",
            "name": "rcerveranavarro",
            "is_restricted": false,
            "is_ultra_restricted": false
        }
    },
    {
        "client_msg_id": "16577f23-5b6a-4127-af47-29dbd44a121e",
        "type": "message",
        "text": "found a binary target that contains the dependency i want :thumbsup:",
        "user": "WL22PDE1G",
        "ts": "1554916384.069800",
        "team": "T86S8GHEG",
        "user_team": "T86S8GHEG",
        "source_team": "T86S8GHEG",
        "user_profile": {
            "avatar_hash": "ga18fa06b2f1",
            "image_72": "https:\/\/secure.gravatar.com\/avatar\/da18fa06b2f1a94e07b5a34db81e8552.jpg?s=72&d=https%3A%2F%2Fa.slack-edge.com%2Fdf10d%2Fimg%2Favatars%2Fava_0019-72.png",
            "first_name": "Ricardo",
            "real_name": "Ricardo Cervera-Navarro",
            "display_name": "rcerveranavarro",
            "team": "T86S8GHEG",
            "name": "rcerveranavarro",
            "is_restricted": false,
            "is_ultra_restricted": false
        },
        "thread_ts": "1554916384.069800",
        "reply_count": 3,
        "reply_users_count": 2,
        "latest_reply": "1554916755.070300",
        "reply_users": [
            "W81HPGJTF",
            "WL22PDE1G"
        ],
        "replies": [
            {
                "user": "W81HPGJTF",
                "ts": "1554916573.069900"
            },
            {
                "user": "WL22PDE1G",
                "ts": "1554916637.070100"
            },
            {
                "user": "W81HPGJTF",
                "ts": "1554916755.070300"
            }
        ],
        "subscribed": false
    },
    {
        "client_msg_id": "4a06217b-e6e6-48ae-bc2f-8a10e5f596d0",
        "type": "message",
        "text": "what target and was it a `python3_binary` target?",
        "user": "W81HPGJTF",
        "ts": "1554916573.069900",
        "team": "T86S8GHEG",
        "user_team": "T86S8GHEG",
        "source_team": "T86S8GHEG",
        "user_profile": {
            "avatar_hash": "0da9567a6272",
            "image_72": "https:\/\/avatars.slack-edge.com\/2017-12-01\/279827564912_0da9567a62721a5401ab_72.jpg",
            "first_name": "Aaron",
            "real_name": "Aaron Gonzales",
            "display_name": "agonzales",
            "team": "T86S8GHEG",
            "name": "agonzales",
            "is_restricted": false,
            "is_ultra_restricted": false
        },
        "thread_ts": "1554916384.069800",
        "parent_user_id": "WL22PDE1G"
    },
    {
        "client_msg_id": "db8970a4-1374-4cd7-ac13-34c423ded170",
        "type": "message",
        "text": "<https:\/\/cgit.twitter.biz\/source\/tree\/src\/python\/twitter\/deepbird\/benchmark\/BUILD#n14>\nit's python_binary target, does it need python3_binary instead? thanks!",
        "user": "WL22PDE1G",
        "ts": "1554916637.070100",
        "team": "T86S8GHEG",
        "user_team": "T86S8GHEG",
        "source_team": "T86S8GHEG",
        "user_profile": {
            "avatar_hash": "ga18fa06b2f1",
            "image_72": "https:\/\/secure.gravatar.com\/avatar\/da18fa06b2f1a94e07b5a34db81e8552.jpg?s=72&d=https%3A%2F%2Fa.slack-edge.com%2Fdf10d%2Fimg%2Favatars%2Fava_0019-72.png",
            "first_name": "Ricardo",
            "real_name": "Ricardo Cervera-Navarro",
            "display_name": "rcerveranavarro",
            "team": "T86S8GHEG",
            "name": "rcerveranavarro",
            "is_restricted": false,
            "is_ultra_restricted": false
        },
        "thread_ts": "1554916384.069800",
        "parent_user_id": "WL22PDE1G"
    },
    {
        "client_msg_id": "9828d3ef-220f-4da4-a3a0-e766f5ceb376",
        "type": "message",
        "text": "oh i was just curious",
        "user": "W81HPGJTF",
        "ts": "1554916755.070300",
        "team": "T86S8GHEG",
        "user_team": "T86S8GHEG",
        "source_team": "T86S8GHEG",
        "user_profile": {
            "avatar_hash": "0da9567a6272",
            "image_72": "https:\/\/avatars.slack-edge.com\/2017-12-01\/279827564912_0da9567a62721a5401ab_72.jpg",
            "first_name": "Aaron",
            "real_name": "Aaron Gonzales",
            "display_name": "agonzales",
            "team": "T86S8GHEG",
            "name": "agonzales",
            "is_restricted": false,
            "is_ultra_restricted": false
        },
        "thread_ts": "1554916384.069800",
        "parent_user_id": "WL22PDE1G",
        "reactions": [
            {
                "name": "+1",
                "users": [
                    "WL22PDE1G"
                ],
                "count": 1
            }
        ]
    },
    {
        "client_msg_id": "6ca051c5-5fe7-4077-a08d-064007f313f3",
        "type": "message",
        "text": "I’m seeing this error again: `chmod: cannot access '.\/pycx_libs_3rdparty.pex': No such file or directory`\nWhen launching pycx with:  `pycx --pycx_thirdparty_libs_target=src\/python\/twitter\/ml\/observability\/reporting:pycx_mldo_env --create-new`\nExample failed instance: `<http:\/\/smf1-eyv-29-sr1.prod.twitter.com:1338\/task\/nlubchenco-devel-pycx-notebook-0-b685bbf1-40a1-4022-8b6e-d6502b42aec4>`\nWhen I last got help with this issue, adding `--create-new` appeared to fix the issue, but the old failing behavior continues to persist.\nAny help resolving appreciated.",
        "user": "W81PWN4UB",
        "ts": "1554927879.072000",
        "team": "T86S8GHEG",
        "user_team": "T86S8GHEG",
        "source_team": "T86S8GHEG",
        "user_profile": {
            "avatar_hash": "87e0f84e3b78",
            "image_72": "https:\/\/avatars.slack-edge.com\/2019-01-08\/520616744342_87e0f84e3b7814c9fc4a_72.jpg",
            "first_name": "Nathan",
            "real_name": "Nathan Lubchenco",
            "display_name": "nlubchenco",
            "team": "T86S8GHEG",
            "name": "nlubchenco",
            "is_restricted": false,
            "is_ultra_restricted": false
        },
        "thread_ts": "1554927879.072000",
        "reply_count": 1,
        "reply_users_count": 1,
        "latest_reply": "1555009336.079100",
        "reply_users": [
            "W81PWN4UB"
        ],
        "replies": [
            {
                "user": "W81PWN4UB",
                "ts": "1555009336.079100"
            }
        ],
        "subscribed": false
    },
    {
        "client_msg_id": "5b91db6c-fbfc-4683-9745-45198f55b09f",
        "type": "message",
        "text": "Question about Data Records RDD: how can we get some basic statistic over a certain keys? For example, in my datarecord dataset `data_record_rdd`, the user id lives in `dr.tensors[9220806961017519848]`, how can I count *distinct user ids* for it? Is there a function in <https:\/\/cgit.twitter.biz\/spark\/tree\/python\/pyspark\/rdd.py#n1515> can help me do that counting?",
        "user": "WEKP01YV7",
        "ts": "1554931016.075100",
        "team": "T86S8GHEG",
        "user_team": "T86S8GHEG",
        "source_team": "T86S8GHEG",
        "user_profile": {
            "avatar_hash": "092f08c24901",
            "image_72": "https:\/\/avatars.slack-edge.com\/2018-12-21\/510089762515_092f08c2490142d1546f_72.jpg",
            "first_name": "Chenguang",
            "real_name": "Chenguang Yu",
            "display_name": "chenguangy",
            "team": "T86S8GHEG",
            "name": "chenguangy",
            "is_restricted": false,
            "is_ultra_restricted": false
        },
        "edited": {
            "user": "WEKP01YV7",
            "ts": "1554931044.000000"
        },
        "thread_ts": "1554931016.075100",
        "reply_count": 16,
        "reply_users_count": 2,
        "latest_reply": "1554995025.078800",
        "reply_users": [
            "WG6VAR3KQ",
            "WEKP01YV7"
        ],
        "replies": [
            {
                "user": "WG6VAR3KQ",
                "ts": "1554933533.075500"
            },
            {
                "user": "WG6VAR3KQ",
                "ts": "1554933663.075700"
            },
            {
                "user": "WEKP01YV7",
                "ts": "1554948572.076100"
            },
            {
                "user": "WG6VAR3KQ",
                "ts": "1554948604.076300"
            },
            {
                "user": "WEKP01YV7",
                "ts": "1554948754.076500"
            },
            {
                "user": "WG6VAR3KQ",
                "ts": "1554956212.076800"
            },
            {
                "user": "WG6VAR3KQ",
                "ts": "1554956296.077000"
            },
            {
                "user": "WEKP01YV7",
                "ts": "1554994235.077200"
            },
            {
                "user": "WG6VAR3KQ",
                "ts": "1554994710.077400"
            },
            {
                "user": "WG6VAR3KQ",
                "ts": "1554994725.077600"
            },
            {
                "user": "WG6VAR3KQ",
                "ts": "1554994755.077800"
            },
            {
                "user": "WEKP01YV7",
                "ts": "1554994864.078000"
            },
            {
                "user": "WG6VAR3KQ",
                "ts": "1554994871.078200"
            },
            {
                "user": "WG6VAR3KQ",
                "ts": "1554994875.078400"
            },
            {
                "user": "WEKP01YV7",
                "ts": "1554995005.078600"
            },
            {
                "user": "WG6VAR3KQ",
                "ts": "1554995025.078800"
            }
        ],
        "subscribed": false
    },
    {
        "client_msg_id": "79112307-862f-4b9b-a987-1f0603a3d3ab",
        "type": "message",
        "text": "you probably want to 1) make an RDD of user ids 2) run .distinct.count on that RDD",
        "user": "WG6VAR3KQ",
        "ts": "1554933533.075500",
        "team": "T86S8GHEG",
        "user_team": "T86S8GHEG",
        "source_team": "T86S8GHEG",
        "user_profile": {
            "avatar_hash": "9be1b5b62448",
            "image_72": "https:\/\/avatars.slack-edge.com\/2019-02-26\/562776877158_9be1b5b6244839b4af23_72.jpg",
            "first_name": "Daniel",
            "real_name": "Daniel Erenrich",
            "display_name": "derenrich",
            "team": "T86S8GHEG",
            "name": "derenrich",
            "is_restricted": false,
            "is_ultra_restricted": false
        },
        "thread_ts": "1554931016.075100",
        "parent_user_id": "WEKP01YV7"
    },
    {
        "client_msg_id": "1d0adb31-98af-49b6-b817-5db0b3df46e8",
        "type": "message",
        "text": "i can be more specific if need be",
        "user": "WG6VAR3KQ",
        "ts": "1554933663.075700",
        "team": "T86S8GHEG",
        "user_team": "T86S8GHEG",
        "source_team": "T86S8GHEG",
        "user_profile": {
            "avatar_hash": "9be1b5b62448",
            "image_72": "https:\/\/avatars.slack-edge.com\/2019-02-26\/562776877158_9be1b5b6244839b4af23_72.jpg",
            "first_name": "Daniel",
            "real_name": "Daniel Erenrich",
            "display_name": "derenrich",
            "team": "T86S8GHEG",
            "name": "derenrich",
            "is_restricted": false,
            "is_ultra_restricted": false
        },
        "thread_ts": "1554931016.075100",
        "parent_user_id": "WEKP01YV7"
    },
    {
        "bot_id": "B8A47HZCL",
        "type": "message",
        "text": "FYI: <@WBKQBLQSU> <@W81EYMXMZ> are now active for oncall",
        "user": "W89H645FB",
        "ts": "1554936734.075900",
        "team": "T86S8GHEG",
        "bot_profile": {
            "id": "B8A47HZCL",
            "deleted": false,
            "name": "bot",
            "updated": 1512499948,
            "app_id": "A0F7YS25R",
            "icons": {
                "image_36": "https:\/\/a.slack-edge.com\/80588\/img\/services\/bots_36.png",
                "image_48": "https:\/\/a.slack-edge.com\/80588\/img\/plugins\/bot\/service_48.png",
                "image_72": "https:\/\/a.slack-edge.com\/80588\/img\/services\/bots_72.png"
            },
            "team_id": "T86S8GHEG"
        }
    },
    {
        "client_msg_id": "cb7e189d-9dfe-40c1-876f-77b32ed7317d",
        "type": "message",
        "text": "Yes please - how can I make an new RDD?",
        "user": "WEKP01YV7",
        "ts": "1554948572.076100",
        "team": "T86S8GHEG",
        "user_team": "T86S8GHEG",
        "source_team": "T86S8GHEG",
        "user_profile": {
            "avatar_hash": "092f08c24901",
            "image_72": "https:\/\/avatars.slack-edge.com\/2018-12-21\/510089762515_092f08c2490142d1546f_72.jpg",
            "first_name": "Chenguang",
            "real_name": "Chenguang Yu",
            "display_name": "chenguangy",
            "team": "T86S8GHEG",
            "name": "chenguangy",
            "is_restricted": false,
            "is_ultra_restricted": false
        },
        "thread_ts": "1554931016.075100",
        "parent_user_id": "WEKP01YV7"
    },
    {
        "client_msg_id": "66c7bffe-8ab9-4c33-b73c-a8c00cf07c13",
        "type": "message",
        "text": "Give me a few minutes",
        "user": "WG6VAR3KQ",
        "ts": "1554948604.076300",
        "team": "T86S8GHEG",
        "user_team": "T86S8GHEG",
        "source_team": "T86S8GHEG",
        "user_profile": {
            "avatar_hash": "9be1b5b62448",
            "image_72": "https:\/\/avatars.slack-edge.com\/2019-02-26\/562776877158_9be1b5b6244839b4af23_72.jpg",
            "first_name": "Daniel",
            "real_name": "Daniel Erenrich",
            "display_name": "derenrich",
            "team": "T86S8GHEG",
            "name": "derenrich",
            "is_restricted": false,
            "is_ultra_restricted": false
        },
        "thread_ts": "1554931016.075100",
        "parent_user_id": "WEKP01YV7"
    },
    {
        "client_msg_id": "25ff9473-005d-4334-b98c-de391494814c",
        "type": "message",
        "text": "sure, or be free to get back to it tomorrow at your office hour - it is not urgent :slightly_smiling_face:",
        "user": "WEKP01YV7",
        "ts": "1554948754.076500",
        "team": "T86S8GHEG",
        "user_team": "T86S8GHEG",
        "source_team": "T86S8GHEG",
        "user_profile": {
            "avatar_hash": "092f08c24901",
            "image_72": "https:\/\/avatars.slack-edge.com\/2018-12-21\/510089762515_092f08c2490142d1546f_72.jpg",
            "first_name": "Chenguang",
            "real_name": "Chenguang Yu",
            "display_name": "chenguangy",
            "team": "T86S8GHEG",
            "name": "chenguangy",
            "is_restricted": false,
            "is_ultra_restricted": false
        },
        "edited": {
            "user": "WEKP01YV7",
            "ts": "1554948822.000000"
        },
        "thread_ts": "1554931016.075100",
        "parent_user_id": "WEKP01YV7"
    },
    {
        "client_msg_id": "7c09f769-ea88-46ee-a7c2-d60d34671e38",
        "type": "message",
        "text": "so you want something like `rdd.flatMap(lambda dr: dr.tensors[9220806961017519848].stringTensor.strings).distinct().count()`",
        "user": "WG6VAR3KQ",
        "ts": "1554956212.076800",
        "team": "T86S8GHEG",
        "user_team": "T86S8GHEG",
        "source_team": "T86S8GHEG",
        "user_profile": {
            "avatar_hash": "9be1b5b62448",
            "image_72": "https:\/\/avatars.slack-edge.com\/2019-02-26\/562776877158_9be1b5b6244839b4af23_72.jpg",
            "first_name": "Daniel",
            "real_name": "Daniel Erenrich",
            "display_name": "derenrich",
            "team": "T86S8GHEG",
            "name": "derenrich",
            "is_restricted": false,
            "is_ultra_restricted": false
        },
        "thread_ts": "1554931016.075100",
        "parent_user_id": "WEKP01YV7"
    },
    {
        "client_msg_id": "a660ba56-2285-444a-82ff-b1df5c5de8dc",
        "type": "message",
        "text": "the answer is `13131140`",
        "user": "WG6VAR3KQ",
        "ts": "1554956296.077000",
        "team": "T86S8GHEG",
        "user_team": "T86S8GHEG",
        "source_team": "T86S8GHEG",
        "user_profile": {
            "avatar_hash": "9be1b5b62448",
            "image_72": "https:\/\/avatars.slack-edge.com\/2019-02-26\/562776877158_9be1b5b6244839b4af23_72.jpg",
            "first_name": "Daniel",
            "real_name": "Daniel Erenrich",
            "display_name": "derenrich",
            "team": "T86S8GHEG",
            "name": "derenrich",
            "is_restricted": false,
            "is_ultra_restricted": false
        },
        "thread_ts": "1554931016.075100",
        "parent_user_id": "WEKP01YV7"
    }
]