[
    {
        "client_msg_id": "8f8d1d67-5922-4a84-9088-377b2b585dfb",
        "type": "message",
        "text": "maybe a reasonable place to ask a python3_binary question: what are the `source` and `entry_point` keywords in the python3_binary? what does it mean to have a python3_library with no sources?",
        "user": "W81JMP2LB",
        "ts": "1579726180.013800",
        "team": "T86S8GHEG",
        "user_team": "T86S8GHEG",
        "source_team": "T86S8GHEG",
        "user_profile": {
            "avatar_hash": "gafe94e405a3",
            "image_72": "https:\/\/secure.gravatar.com\/avatar\/cafe94e405a31f58896317b79403b6f4.jpg?s=72&d=https%3A%2F%2Fa.slack-edge.com%2Fdf10d%2Fimg%2Favatars%2Fava_0022-72.png",
            "first_name": "Fiona",
            "real_name": "Fiona Pigott",
            "display_name": "fpigott",
            "team": "T86S8GHEG",
            "name": "fpigott",
            "is_restricted": false,
            "is_ultra_restricted": false
        },
        "blocks": [
            {
                "type": "rich_text",
                "block_id": "wQlCQ",
                "elements": [
                    {
                        "type": "rich_text_section",
                        "elements": [
                            {
                                "type": "text",
                                "text": "maybe a reasonable place to ask a python3_binary question: what are the "
                            },
                            {
                                "type": "text",
                                "text": "source",
                                "style": {
                                    "code": true
                                }
                            },
                            {
                                "type": "text",
                                "text": " and "
                            },
                            {
                                "type": "text",
                                "text": "entry_point",
                                "style": {
                                    "code": true
                                }
                            },
                            {
                                "type": "text",
                                "text": " keywords in the python3_binary? what does it mean to have a python3_library with no sources?"
                            }
                        ]
                    }
                ]
            }
        ],
        "thread_ts": "1579726180.013800",
        "reply_count": 27,
        "reply_users_count": 4,
        "latest_reply": "1579748119.030800",
        "reply_users": [
            "WG9RP9PEH",
            "W81JMP2LB",
            "W82UCH2EB",
            "W81LU64GJ"
        ],
        "replies": [
            {
                "user": "WG9RP9PEH",
                "ts": "1579727651.013900"
            },
            {
                "user": "W81JMP2LB",
                "ts": "1579727682.014100"
            },
            {
                "user": "W81JMP2LB",
                "ts": "1579727692.014300"
            },
            {
                "user": "W82UCH2EB",
                "ts": "1579727944.014500"
            },
            {
                "user": "W82UCH2EB",
                "ts": "1579727962.014700"
            },
            {
                "user": "W81JMP2LB",
                "ts": "1579727978.014900"
            },
            {
                "user": "W82UCH2EB",
                "ts": "1579727996.015100"
            },
            {
                "user": "W81JMP2LB",
                "ts": "1579728004.015300"
            },
            {
                "user": "W82UCH2EB",
                "ts": "1579728059.015500"
            },
            {
                "user": "W81JMP2LB",
                "ts": "1579728079.016000"
            },
            {
                "user": "W82UCH2EB",
                "ts": "1579728089.016200"
            },
            {
                "user": "W81JMP2LB",
                "ts": "1579728126.016400"
            },
            {
                "user": "W82UCH2EB",
                "ts": "1579728143.016600"
            },
            {
                "user": "W81JMP2LB",
                "ts": "1579728159.016800"
            },
            {
                "user": "W82UCH2EB",
                "ts": "1579728216.017000"
            },
            {
                "user": "W82UCH2EB",
                "ts": "1579728219.017200"
            },
            {
                "user": "W82UCH2EB",
                "ts": "1579728278.017500"
            },
            {
                "user": "W81LU64GJ",
                "ts": "1579748026.029000"
            },
            {
                "user": "W81LU64GJ",
                "ts": "1579748042.029200"
            },
            {
                "user": "W81JMP2LB",
                "ts": "1579748049.029400"
            },
            {
                "user": "W81LU64GJ",
                "ts": "1579748067.029600"
            },
            {
                "user": "W81JMP2LB",
                "ts": "1579748075.029800"
            },
            {
                "user": "W81LU64GJ",
                "ts": "1579748077.030000"
            },
            {
                "user": "W81LU64GJ",
                "ts": "1579748102.030200"
            },
            {
                "user": "W81JMP2LB",
                "ts": "1579748103.030400"
            },
            {
                "user": "W81JMP2LB",
                "ts": "1579748108.030600"
            },
            {
                "user": "W81LU64GJ",
                "ts": "1579748119.030800"
            }
        ],
        "subscribed": false
    },
    {
        "client_msg_id": "69a97e1d-9d17-49f2-8026-fba036d5f394",
        "type": "message",
        "text": "1. `entry_point` is what you want executed when the pex is invoked . `source`  are all the source files that you want to be included and accessible within that pex environment when its executed.\n2. A python3_library with no sources is just an empty environment that will have the standard python available packages and any dependencies specified in the `dependencies`section of your target available in the pex environment",
        "user": "WG9RP9PEH",
        "ts": "1579727651.013900",
        "team": "T86S8GHEG",
        "user_team": "T86S8GHEG",
        "source_team": "T86S8GHEG",
        "user_profile": {
            "avatar_hash": "558f1f7bfc80",
            "image_72": "https:\/\/avatars.slack-edge.com\/2019-03-13\/577182336102_558f1f7bfc80dfc94377_72.jpg",
            "first_name": "Joshua",
            "real_name": "Joshua Hamet",
            "display_name": "jhamet",
            "team": "T86S8GHEG",
            "name": "jhamet",
            "is_restricted": false,
            "is_ultra_restricted": false
        },
        "blocks": [
            {
                "type": "rich_text",
                "block_id": "Zs64",
                "elements": [
                    {
                        "type": "rich_text_list",
                        "elements": [
                            {
                                "type": "rich_text_section",
                                "elements": [
                                    {
                                        "type": "text",
                                        "text": "entry_point",
                                        "style": {
                                            "code": true
                                        }
                                    },
                                    {
                                        "type": "text",
                                        "text": " is what you want executed when the pex is invoked . "
                                    },
                                    {
                                        "type": "text",
                                        "text": "source",
                                        "style": {
                                            "code": true
                                        }
                                    },
                                    {
                                        "type": "text",
                                        "text": "  are all the source files that you want to be included and accessible within that pex environment when its executed."
                                    }
                                ]
                            },
                            {
                                "type": "rich_text_section",
                                "elements": [
                                    {
                                        "type": "text",
                                        "text": "A python3_library with no sources is just an empty environment that will have the standard python available packages and any dependencies specified in the "
                                    },
                                    {
                                        "type": "text",
                                        "text": "dependencies",
                                        "style": {
                                            "code": true
                                        }
                                    },
                                    {
                                        "type": "text",
                                        "text": "section of your target available in the pex environment"
                                    }
                                ]
                            }
                        ],
                        "style": "ordered",
                        "indent": 0
                    }
                ]
            }
        ],
        "thread_ts": "1579726180.013800",
        "parent_user_id": "W81JMP2LB"
    },
    {
        "client_msg_id": "f75fa9f3-54b6-4ca0-a674-947d74a991f9",
        "type": "message",
        "text": "\"all the source files\"--how do I specify more than one?",
        "user": "W81JMP2LB",
        "ts": "1579727682.014100",
        "team": "T86S8GHEG",
        "user_team": "T86S8GHEG",
        "source_team": "T86S8GHEG",
        "user_profile": {
            "avatar_hash": "gafe94e405a3",
            "image_72": "https:\/\/secure.gravatar.com\/avatar\/cafe94e405a31f58896317b79403b6f4.jpg?s=72&d=https%3A%2F%2Fa.slack-edge.com%2Fdf10d%2Fimg%2Favatars%2Fava_0022-72.png",
            "first_name": "Fiona",
            "real_name": "Fiona Pigott",
            "display_name": "fpigott",
            "team": "T86S8GHEG",
            "name": "fpigott",
            "is_restricted": false,
            "is_ultra_restricted": false
        },
        "blocks": [
            {
                "type": "rich_text",
                "block_id": "1dZ",
                "elements": [
                    {
                        "type": "rich_text_section",
                        "elements": [
                            {
                                "type": "text",
                                "text": "\"all the source files\"--how do I specify more than one?"
                            }
                        ]
                    }
                ]
            }
        ],
        "thread_ts": "1579726180.013800",
        "parent_user_id": "W81JMP2LB"
    },
    {
        "client_msg_id": "beec91c2-b455-448a-b40e-4f633c6ad6b6",
        "type": "message",
        "text": "I only see axamples with one for binaries, not a list",
        "user": "W81JMP2LB",
        "ts": "1579727692.014300",
        "team": "T86S8GHEG",
        "user_team": "T86S8GHEG",
        "source_team": "T86S8GHEG",
        "user_profile": {
            "avatar_hash": "gafe94e405a3",
            "image_72": "https:\/\/secure.gravatar.com\/avatar\/cafe94e405a31f58896317b79403b6f4.jpg?s=72&d=https%3A%2F%2Fa.slack-edge.com%2Fdf10d%2Fimg%2Favatars%2Fava_0022-72.png",
            "first_name": "Fiona",
            "real_name": "Fiona Pigott",
            "display_name": "fpigott",
            "team": "T86S8GHEG",
            "name": "fpigott",
            "is_restricted": false,
            "is_ultra_restricted": false
        },
        "blocks": [
            {
                "type": "rich_text",
                "block_id": "SpM7",
                "elements": [
                    {
                        "type": "rich_text_section",
                        "elements": [
                            {
                                "type": "text",
                                "text": "I only see axamples with one for binaries, not a list"
                            }
                        ]
                    }
                ]
            }
        ],
        "thread_ts": "1579726180.013800",
        "parent_user_id": "W81JMP2LB"
    },
    {
        "client_msg_id": "a6fa7602-199a-42a4-84fd-d95cb8c9528d",
        "type": "message",
        "text": "see <https:\/\/www.pantsbuild.org\/build_dictionary.html>",
        "user": "W82UCH2EB",
        "ts": "1579727944.014500",
        "team": "T86S8GHEG",
        "user_team": "T86S8GHEG",
        "source_team": "T86S8GHEG",
        "user_profile": {
            "avatar_hash": "91f21c110d85",
            "image_72": "https:\/\/avatars.slack-edge.com\/2018-05-25\/371711110887_91f21c110d858e612f45_72.jpg",
            "first_name": "Newton",
            "real_name": "Newton Le",
            "display_name": "nle",
            "team": "T86S8GHEG",
            "name": "nle",
            "is_restricted": false,
            "is_ultra_restricted": false
        },
        "blocks": [
            {
                "type": "rich_text",
                "block_id": "2DGd7",
                "elements": [
                    {
                        "type": "rich_text_section",
                        "elements": [
                            {
                                "type": "text",
                                "text": "see "
                            },
                            {
                                "type": "link",
                                "url": "https:\/\/www.pantsbuild.org\/build_dictionary.html"
                            }
                        ]
                    }
                ]
            }
        ],
        "thread_ts": "1579726180.013800",
        "parent_user_id": "W81JMP2LB"
    },
    {
        "client_msg_id": "bb57863f-daff-4e49-ae45-77327d5d836b",
        "type": "message",
        "text": "specifically:\n```sources = ...,\tZero or one source files. If more than one file is required, it should be put in a python_library which should be added to dependencies. (default: None)```",
        "user": "W82UCH2EB",
        "ts": "1579727962.014700",
        "team": "T86S8GHEG",
        "user_team": "T86S8GHEG",
        "source_team": "T86S8GHEG",
        "user_profile": {
            "avatar_hash": "91f21c110d85",
            "image_72": "https:\/\/avatars.slack-edge.com\/2018-05-25\/371711110887_91f21c110d858e612f45_72.jpg",
            "first_name": "Newton",
            "real_name": "Newton Le",
            "display_name": "nle",
            "team": "T86S8GHEG",
            "name": "nle",
            "is_restricted": false,
            "is_ultra_restricted": false
        },
        "blocks": [
            {
                "type": "rich_text",
                "block_id": "X14",
                "elements": [
                    {
                        "type": "rich_text_section",
                        "elements": [
                            {
                                "type": "text",
                                "text": "specifically:\n"
                            }
                        ]
                    },
                    {
                        "type": "rich_text_preformatted",
                        "elements": [
                            {
                                "type": "text",
                                "text": "sources = ...,\tZero or one source files. If more than one file is required, it should be put in a python_library which should be added to dependencies. (default: None)"
                            }
                        ]
                    }
                ]
            }
        ],
        "thread_ts": "1579726180.013800",
        "parent_user_id": "W81JMP2LB"
    },
    {
        "client_msg_id": "bf0d24ae-2d2e-40ba-aa41-2f8de74593ab",
        "type": "message",
        "text": "but the binary key seems to be \"source\"?",
        "user": "W81JMP2LB",
        "ts": "1579727978.014900",
        "team": "T86S8GHEG",
        "user_team": "T86S8GHEG",
        "source_team": "T86S8GHEG",
        "user_profile": {
            "avatar_hash": "gafe94e405a3",
            "image_72": "https:\/\/secure.gravatar.com\/avatar\/cafe94e405a31f58896317b79403b6f4.jpg?s=72&d=https%3A%2F%2Fa.slack-edge.com%2Fdf10d%2Fimg%2Favatars%2Fava_0022-72.png",
            "first_name": "Fiona",
            "real_name": "Fiona Pigott",
            "display_name": "fpigott",
            "team": "T86S8GHEG",
            "name": "fpigott",
            "is_restricted": false,
            "is_ultra_restricted": false
        },
        "blocks": [
            {
                "type": "rich_text",
                "block_id": "NuP",
                "elements": [
                    {
                        "type": "rich_text_section",
                        "elements": [
                            {
                                "type": "text",
                                "text": "but the binary key seems to be \"source\"?"
                            }
                        ]
                    }
                ]
            }
        ],
        "thread_ts": "1579726180.013800",
        "parent_user_id": "W81JMP2LB"
    },
    {
        "client_msg_id": "8a0f82de-7bec-40a6-8a26-96c5ff300672",
        "type": "message",
        "text": "yea I wonder if our pants is slightly different from this documented one",
        "user": "W82UCH2EB",
        "ts": "1579727996.015100",
        "team": "T86S8GHEG",
        "user_team": "T86S8GHEG",
        "source_team": "T86S8GHEG",
        "user_profile": {
            "avatar_hash": "91f21c110d85",
            "image_72": "https:\/\/avatars.slack-edge.com\/2018-05-25\/371711110887_91f21c110d858e612f45_72.jpg",
            "first_name": "Newton",
            "real_name": "Newton Le",
            "display_name": "nle",
            "team": "T86S8GHEG",
            "name": "nle",
            "is_restricted": false,
            "is_ultra_restricted": false
        },
        "blocks": [
            {
                "type": "rich_text",
                "block_id": "Gc6Hw",
                "elements": [
                    {
                        "type": "rich_text_section",
                        "elements": [
                            {
                                "type": "text",
                                "text": "yea I wonder if our pants is slightly different from this documented one"
                            }
                        ]
                    }
                ]
            }
        ],
        "thread_ts": "1579726180.013800",
        "parent_user_id": "W81JMP2LB"
    },
    {
        "client_msg_id": "a35e104d-5f3c-47dd-bce8-dda09a2a6112",
        "type": "message",
        "text": "hm :confused:",
        "user": "W81JMP2LB",
        "ts": "1579728004.015300",
        "team": "T86S8GHEG",
        "user_team": "T86S8GHEG",
        "source_team": "T86S8GHEG",
        "user_profile": {
            "avatar_hash": "gafe94e405a3",
            "image_72": "https:\/\/secure.gravatar.com\/avatar\/cafe94e405a31f58896317b79403b6f4.jpg?s=72&d=https%3A%2F%2Fa.slack-edge.com%2Fdf10d%2Fimg%2Favatars%2Fava_0022-72.png",
            "first_name": "Fiona",
            "real_name": "Fiona Pigott",
            "display_name": "fpigott",
            "team": "T86S8GHEG",
            "name": "fpigott",
            "is_restricted": false,
            "is_ultra_restricted": false
        },
        "blocks": [
            {
                "type": "rich_text",
                "block_id": "Vzo",
                "elements": [
                    {
                        "type": "rich_text_section",
                        "elements": [
                            {
                                "type": "text",
                                "text": "hm "
                            },
                            {
                                "type": "emoji",
                                "name": "confused"
                            }
                        ]
                    }
                ]
            }
        ],
        "thread_ts": "1579726180.013800",
        "parent_user_id": "W81JMP2LB"
    },
    {
        "client_msg_id": "0ec3c988-6e32-4318-b47f-7f5000a5ac08",
        "type": "message",
        "text": "for example, `python3_binary` is not a documented target",
        "user": "W82UCH2EB",
        "ts": "1579728059.015500",
        "team": "T86S8GHEG",
        "user_team": "T86S8GHEG",
        "source_team": "T86S8GHEG",
        "user_profile": {
            "avatar_hash": "91f21c110d85",
            "image_72": "https:\/\/avatars.slack-edge.com\/2018-05-25\/371711110887_91f21c110d858e612f45_72.jpg",
            "first_name": "Newton",
            "real_name": "Newton Le",
            "display_name": "nle",
            "team": "T86S8GHEG",
            "name": "nle",
            "is_restricted": false,
            "is_ultra_restricted": false
        },
        "edited": {
            "user": "W82UCH2EB",
            "ts": "1579728078.000000"
        },
        "blocks": [
            {
                "type": "rich_text",
                "block_id": "GJS",
                "elements": [
                    {
                        "type": "rich_text_section",
                        "elements": [
                            {
                                "type": "text",
                                "text": "for example, "
                            },
                            {
                                "type": "text",
                                "text": "python3_binary",
                                "style": {
                                    "code": true
                                }
                            },
                            {
                                "type": "text",
                                "text": " is not a documented target"
                            }
                        ]
                    }
                ]
            }
        ],
        "thread_ts": "1579726180.013800",
        "parent_user_id": "W81JMP2LB"
    },
    {
        "client_msg_id": "ba9f504a-5a33-4f2c-9c49-61f37e371b20",
        "type": "message",
        "text": "yeah",
        "user": "W81JMP2LB",
        "ts": "1579728079.016000",
        "team": "T86S8GHEG",
        "user_team": "T86S8GHEG",
        "source_team": "T86S8GHEG",
        "user_profile": {
            "avatar_hash": "gafe94e405a3",
            "image_72": "https:\/\/secure.gravatar.com\/avatar\/cafe94e405a31f58896317b79403b6f4.jpg?s=72&d=https%3A%2F%2Fa.slack-edge.com%2Fdf10d%2Fimg%2Favatars%2Fava_0022-72.png",
            "first_name": "Fiona",
            "real_name": "Fiona Pigott",
            "display_name": "fpigott",
            "team": "T86S8GHEG",
            "name": "fpigott",
            "is_restricted": false,
            "is_ultra_restricted": false
        },
        "blocks": [
            {
                "type": "rich_text",
                "block_id": "lFZgB",
                "elements": [
                    {
                        "type": "rich_text_section",
                        "elements": [
                            {
                                "type": "text",
                                "text": "yeah"
                            }
                        ]
                    }
                ]
            }
        ],
        "thread_ts": "1579726180.013800",
        "parent_user_id": "W81JMP2LB"
    },
    {
        "client_msg_id": "32b00dc2-939e-428f-ba22-302228ff6e80",
        "type": "message",
        "text": "so there are probably twitter-specific stuff in our build of pants",
        "user": "W82UCH2EB",
        "ts": "1579728089.016200",
        "team": "T86S8GHEG",
        "user_team": "T86S8GHEG",
        "source_team": "T86S8GHEG",
        "user_profile": {
            "avatar_hash": "91f21c110d85",
            "image_72": "https:\/\/avatars.slack-edge.com\/2018-05-25\/371711110887_91f21c110d858e612f45_72.jpg",
            "first_name": "Newton",
            "real_name": "Newton Le",
            "display_name": "nle",
            "team": "T86S8GHEG",
            "name": "nle",
            "is_restricted": false,
            "is_ultra_restricted": false
        },
        "blocks": [
            {
                "type": "rich_text",
                "block_id": "6QI",
                "elements": [
                    {
                        "type": "rich_text_section",
                        "elements": [
                            {
                                "type": "text",
                                "text": "so there are probably twitter-specific stuff in our build of pants"
                            }
                        ]
                    }
                ]
            }
        ],
        "thread_ts": "1579726180.013800",
        "parent_user_id": "W81JMP2LB"
    },
    {
        "client_msg_id": "35fd2c06-c266-4b2f-8957-de0ff0ae03d0",
        "type": "message",
        "text": "where should I go to find info on that?",
        "user": "W81JMP2LB",
        "ts": "1579728126.016400",
        "team": "T86S8GHEG",
        "user_team": "T86S8GHEG",
        "source_team": "T86S8GHEG",
        "user_profile": {
            "avatar_hash": "gafe94e405a3",
            "image_72": "https:\/\/secure.gravatar.com\/avatar\/cafe94e405a31f58896317b79403b6f4.jpg?s=72&d=https%3A%2F%2Fa.slack-edge.com%2Fdf10d%2Fimg%2Favatars%2Fava_0022-72.png",
            "first_name": "Fiona",
            "real_name": "Fiona Pigott",
            "display_name": "fpigott",
            "team": "T86S8GHEG",
            "name": "fpigott",
            "is_restricted": false,
            "is_ultra_restricted": false
        },
        "blocks": [
            {
                "type": "rich_text",
                "block_id": "DnmJq",
                "elements": [
                    {
                        "type": "rich_text_section",
                        "elements": [
                            {
                                "type": "text",
                                "text": "where should I go to find info on that?"
                            }
                        ]
                    }
                ]
            }
        ],
        "thread_ts": "1579726180.013800",
        "parent_user_id": "W81JMP2LB"
    },
    {
        "client_msg_id": "7ba48649-9ab8-48d1-ab5b-898568707f5c",
        "type": "message",
        "text": "i’m trying to find it :slightly_smiling_face:",
        "user": "W82UCH2EB",
        "ts": "1579728143.016600",
        "team": "T86S8GHEG",
        "user_team": "T86S8GHEG",
        "source_team": "T86S8GHEG",
        "user_profile": {
            "avatar_hash": "91f21c110d85",
            "image_72": "https:\/\/avatars.slack-edge.com\/2018-05-25\/371711110887_91f21c110d858e612f45_72.jpg",
            "first_name": "Newton",
            "real_name": "Newton Le",
            "display_name": "nle",
            "team": "T86S8GHEG",
            "name": "nle",
            "is_restricted": false,
            "is_ultra_restricted": false
        },
        "blocks": [
            {
                "type": "rich_text",
                "block_id": "D5z",
                "elements": [
                    {
                        "type": "rich_text_section",
                        "elements": [
                            {
                                "type": "text",
                                "text": "i’m trying to find it "
                            },
                            {
                                "type": "emoji",
                                "name": "slightly_smiling_face"
                            }
                        ]
                    }
                ]
            }
        ],
        "thread_ts": "1579726180.013800",
        "parent_user_id": "W81JMP2LB"
    },
    {
        "client_msg_id": "922d9468-b6a1-4f91-9bb1-1b79c6f77cf1",
        "type": "message",
        "text": "thanks :pray:",
        "user": "W81JMP2LB",
        "ts": "1579728159.016800",
        "team": "T86S8GHEG",
        "user_team": "T86S8GHEG",
        "source_team": "T86S8GHEG",
        "user_profile": {
            "avatar_hash": "gafe94e405a3",
            "image_72": "https:\/\/secure.gravatar.com\/avatar\/cafe94e405a31f58896317b79403b6f4.jpg?s=72&d=https%3A%2F%2Fa.slack-edge.com%2Fdf10d%2Fimg%2Favatars%2Fava_0022-72.png",
            "first_name": "Fiona",
            "real_name": "Fiona Pigott",
            "display_name": "fpigott",
            "team": "T86S8GHEG",
            "name": "fpigott",
            "is_restricted": false,
            "is_ultra_restricted": false
        },
        "blocks": [
            {
                "type": "rich_text",
                "block_id": "xq8h",
                "elements": [
                    {
                        "type": "rich_text_section",
                        "elements": [
                            {
                                "type": "text",
                                "text": "thanks "
                            },
                            {
                                "type": "emoji",
                                "name": "pray"
                            }
                        ]
                    }
                ]
            }
        ],
        "thread_ts": "1579726180.013800",
        "parent_user_id": "W81JMP2LB"
    },
    {
        "client_msg_id": "3a93900e-84da-4e6b-98e5-a5691125a065",
        "type": "message",
        "text": "<https:\/\/docbird.twitter.biz\/pants_cookbook\/python\/python_binary.html>",
        "user": "W82UCH2EB",
        "ts": "1579728216.017000",
        "team": "T86S8GHEG",
        "user_team": "T86S8GHEG",
        "source_team": "T86S8GHEG",
        "user_profile": {
            "avatar_hash": "91f21c110d85",
            "image_72": "https:\/\/avatars.slack-edge.com\/2018-05-25\/371711110887_91f21c110d858e612f45_72.jpg",
            "first_name": "Newton",
            "real_name": "Newton Le",
            "display_name": "nle",
            "team": "T86S8GHEG",
            "name": "nle",
            "is_restricted": false,
            "is_ultra_restricted": false
        },
        "blocks": [
            {
                "type": "rich_text",
                "block_id": "Jm0A",
                "elements": [
                    {
                        "type": "rich_text_section",
                        "elements": [
                            {
                                "type": "link",
                                "url": "https:\/\/docbird.twitter.biz\/pants_cookbook\/python\/python_binary.html"
                            }
                        ]
                    }
                ]
            }
        ],
        "thread_ts": "1579726180.013800",
        "parent_user_id": "W81JMP2LB"
    },
    {
        "client_msg_id": "6e55f291-143f-4fe3-b922-121f41723245",
        "type": "message",
        "text": "the best I’ve found :slightly_smiling_face:",
        "user": "W82UCH2EB",
        "ts": "1579728219.017200",
        "team": "T86S8GHEG",
        "user_team": "T86S8GHEG",
        "source_team": "T86S8GHEG",
        "user_profile": {
            "avatar_hash": "91f21c110d85",
            "image_72": "https:\/\/avatars.slack-edge.com\/2018-05-25\/371711110887_91f21c110d858e612f45_72.jpg",
            "first_name": "Newton",
            "real_name": "Newton Le",
            "display_name": "nle",
            "team": "T86S8GHEG",
            "name": "nle",
            "is_restricted": false,
            "is_ultra_restricted": false
        },
        "blocks": [
            {
                "type": "rich_text",
                "block_id": "choq",
                "elements": [
                    {
                        "type": "rich_text_section",
                        "elements": [
                            {
                                "type": "text",
                                "text": "the best I’ve found "
                            },
                            {
                                "type": "emoji",
                                "name": "slightly_smiling_face"
                            }
                        ]
                    }
                ]
            }
        ],
        "thread_ts": "1579726180.013800",
        "parent_user_id": "W81JMP2LB",
        "reactions": [
            {
                "name": "thankyou",
                "users": [
                    "W81JMP2LB"
                ],
                "count": 1
            }
        ]
    },
    {
        "client_msg_id": "14ff09c2-5778-4e91-a7cf-24d8cd74cfef",
        "type": "message",
        "text": "more generally you can try asking <#C87QA32TS|python> and some experts there can chime in",
        "user": "W82UCH2EB",
        "ts": "1579728278.017500",
        "team": "T86S8GHEG",
        "user_team": "T86S8GHEG",
        "source_team": "T86S8GHEG",
        "user_profile": {
            "avatar_hash": "91f21c110d85",
            "image_72": "https:\/\/avatars.slack-edge.com\/2018-05-25\/371711110887_91f21c110d858e612f45_72.jpg",
            "first_name": "Newton",
            "real_name": "Newton Le",
            "display_name": "nle",
            "team": "T86S8GHEG",
            "name": "nle",
            "is_restricted": false,
            "is_ultra_restricted": false
        },
        "blocks": [
            {
                "type": "rich_text",
                "block_id": "1Bt6m",
                "elements": [
                    {
                        "type": "rich_text_section",
                        "elements": [
                            {
                                "type": "text",
                                "text": "more generally you can try asking "
                            },
                            {
                                "type": "channel",
                                "channel_id": "C87QA32TS"
                            },
                            {
                                "type": "text",
                                "text": " and some experts there can chime in"
                            }
                        ]
                    }
                ]
            }
        ],
        "thread_ts": "1579726180.013800",
        "parent_user_id": "W81JMP2LB",
        "reactions": [
            {
                "name": "+1",
                "users": [
                    "W81JMP2LB"
                ],
                "count": 1
            }
        ]
    },
    {
        "client_msg_id": "460cdf54-c006-44e7-bbd9-0974ee2e3fc6",
        "type": "message",
        "text": "i think `show()` returns a random part of the data frame",
        "user": "WCPGRAHMX",
        "ts": "1579729516.017800",
        "team": "T86S8GHEG",
        "user_team": "T86S8GHEG",
        "source_team": "T86S8GHEG",
        "user_profile": {
            "avatar_hash": "d260ff20cac7",
            "image_72": "https:\/\/avatars.slack-edge.com\/2018-10-31\/470180875831_d260ff20cac7225c543a_72.jpg",
            "first_name": "Sijun",
            "real_name": "Sijun He",
            "display_name": "she",
            "team": "T86S8GHEG",
            "name": "she",
            "is_restricted": false,
            "is_ultra_restricted": false
        },
        "blocks": [
            {
                "type": "rich_text",
                "block_id": "ws8i",
                "elements": [
                    {
                        "type": "rich_text_section",
                        "elements": [
                            {
                                "type": "text",
                                "text": "i think "
                            },
                            {
                                "type": "text",
                                "text": "show()",
                                "style": {
                                    "code": true
                                }
                            },
                            {
                                "type": "text",
                                "text": " returns a random part of the data frame"
                            }
                        ]
                    }
                ]
            }
        ],
        "thread_ts": "1579654688.012000",
        "parent_user_id": "WK5T3CAUF"
    },
    {
        "client_msg_id": "eee5f71c-5a8e-44a1-b406-44fd26d65491",
        "type": "message",
        "text": "I'm attempting to create a new BUILD target for some PySpark code, and I'm missing a dependency related to `z:org.apache.spark.api.python.PythonRDD.runJob` (I just get `ModuleNotFoundError: No module named 'twitter'` ). I'm at a loss--anybody know where that dependency lives?",
        "user": "W81JMP2LB",
        "ts": "1579731685.019400",
        "team": "T86S8GHEG",
        "user_team": "T86S8GHEG",
        "source_team": "T86S8GHEG",
        "user_profile": {
            "avatar_hash": "gafe94e405a3",
            "image_72": "https:\/\/secure.gravatar.com\/avatar\/cafe94e405a31f58896317b79403b6f4.jpg?s=72&d=https%3A%2F%2Fa.slack-edge.com%2Fdf10d%2Fimg%2Favatars%2Fava_0022-72.png",
            "first_name": "Fiona",
            "real_name": "Fiona Pigott",
            "display_name": "fpigott",
            "team": "T86S8GHEG",
            "name": "fpigott",
            "is_restricted": false,
            "is_ultra_restricted": false
        },
        "blocks": [
            {
                "type": "rich_text",
                "block_id": "qvCm",
                "elements": [
                    {
                        "type": "rich_text_section",
                        "elements": [
                            {
                                "type": "text",
                                "text": "I'm attempting to create a new BUILD target for some PySpark code, and I'm missing a dependency related to "
                            },
                            {
                                "type": "text",
                                "text": "z:org.apache.spark.api.python.PythonRDD.runJob",
                                "style": {
                                    "code": true
                                }
                            },
                            {
                                "type": "text",
                                "text": " (I just get "
                            },
                            {
                                "type": "text",
                                "text": "ModuleNotFoundError: No module named 'twitter'",
                                "style": {
                                    "code": true
                                }
                            },
                            {
                                "type": "text",
                                "text": " ). I'm at a loss--anybody know where that dependency lives?"
                            }
                        ]
                    }
                ]
            }
        ],
        "thread_ts": "1579731685.019400",
        "reply_count": 21,
        "reply_users_count": 2,
        "latest_reply": "1579792695.038600",
        "reply_users": [
            "WG9RP9PEH",
            "W81JMP2LB"
        ],
        "replies": [
            {
                "user": "WG9RP9PEH",
                "ts": "1579731908.019500"
            },
            {
                "user": "W81JMP2LB",
                "ts": "1579732382.021000"
            },
            {
                "user": "W81JMP2LB",
                "ts": "1579732383.021200"
            },
            {
                "user": "W81JMP2LB",
                "ts": "1579732391.021400"
            },
            {
                "user": "W81JMP2LB",
                "ts": "1579732551.021600"
            },
            {
                "user": "W81JMP2LB",
                "ts": "1579732619.021800"
            },
            {
                "user": "W81JMP2LB",
                "ts": "1579732637.022000"
            },
            {
                "user": "WG9RP9PEH",
                "ts": "1579733139.022200"
            },
            {
                "user": "W81JMP2LB",
                "ts": "1579733216.022500"
            },
            {
                "user": "WG9RP9PEH",
                "ts": "1579741375.023300"
            },
            {
                "user": "W81JMP2LB",
                "ts": "1579741421.023700"
            },
            {
                "user": "WG9RP9PEH",
                "ts": "1579747007.024200"
            },
            {
                "user": "W81JMP2LB",
                "ts": "1579747032.024400"
            },
            {
                "user": "W81JMP2LB",
                "ts": "1579747037.024600"
            },
            {
                "user": "W81JMP2LB",
                "ts": "1579747079.024800"
            },
            {
                "user": "W81JMP2LB",
                "ts": "1579747169.025000"
            },
            {
                "user": "WG9RP9PEH",
                "ts": "1579747534.027300"
            },
            {
                "user": "W81JMP2LB",
                "ts": "1579747550.028100"
            },
            {
                "user": "WG9RP9PEH",
                "ts": "1579747564.028600"
            },
            {
                "user": "W81JMP2LB",
                "ts": "1579792650.037400"
            },
            {
                "user": "W81JMP2LB",
                "ts": "1579792695.038600"
            }
        ],
        "subscribed": false
    },
    {
        "client_msg_id": "ee90a947-1b53-4285-ba35-ec6bf30afba4",
        "type": "message",
        "text": "can you share the code (e.g. publish notebook + BUILD target ) ? A spark link or something with the logs could also be helpful",
        "user": "WG9RP9PEH",
        "ts": "1579731908.019500",
        "team": "T86S8GHEG",
        "user_team": "T86S8GHEG",
        "source_team": "T86S8GHEG",
        "user_profile": {
            "avatar_hash": "558f1f7bfc80",
            "image_72": "https:\/\/avatars.slack-edge.com\/2019-03-13\/577182336102_558f1f7bfc80dfc94377_72.jpg",
            "first_name": "Joshua",
            "real_name": "Joshua Hamet",
            "display_name": "jhamet",
            "team": "T86S8GHEG",
            "name": "jhamet",
            "is_restricted": false,
            "is_ultra_restricted": false
        },
        "blocks": [
            {
                "type": "rich_text",
                "block_id": "Yog",
                "elements": [
                    {
                        "type": "rich_text_section",
                        "elements": [
                            {
                                "type": "text",
                                "text": "can you share the code (e.g. publish notebook + BUILD target ) ? A spark link or something with the logs could also be helpful"
                            }
                        ]
                    }
                ]
            }
        ],
        "thread_ts": "1579731685.019400",
        "parent_user_id": "W81JMP2LB"
    },
    {
        "client_msg_id": "638156c0-66b1-495a-b5c0-83eda9d4351d",
        "type": "message",
        "text": "For notebooks with \"scrubbed\" in the name - where does this come from?",
        "user": "W81LFM7KN",
        "ts": "1579732077.020100",
        "team": "T86S8GHEG",
        "user_team": "T86S8GHEG",
        "source_team": "T86S8GHEG",
        "user_profile": {
            "avatar_hash": "095cd1cb47fa",
            "image_72": "https:\/\/avatars.slack-edge.com\/2018-02-21\/318153784049_095cd1cb47fad829e8e9_72.jpg",
            "first_name": "Eitan",
            "real_name": "Eitan Adler",
            "display_name": "eax",
            "team": "T86S8GHEG",
            "name": "eax",
            "is_restricted": false,
            "is_ultra_restricted": false
        },
        "blocks": [
            {
                "type": "rich_text",
                "block_id": "tS2Z2",
                "elements": [
                    {
                        "type": "rich_text_section",
                        "elements": [
                            {
                                "type": "text",
                                "text": "For notebooks with \"scrubbed\" in the name - where does this come from?"
                            }
                        ]
                    }
                ]
            }
        ]
    },
    {
        "client_msg_id": "1c87989a-b0fa-49f8-a5d9-f0836f44a471",
        "type": "message",
        "text": "is there a standard process for removing personal data from notebooks?",
        "user": "W81LFM7KN",
        "ts": "1579732092.020500",
        "team": "T86S8GHEG",
        "user_team": "T86S8GHEG",
        "source_team": "T86S8GHEG",
        "user_profile": {
            "avatar_hash": "095cd1cb47fa",
            "image_72": "https:\/\/avatars.slack-edge.com\/2018-02-21\/318153784049_095cd1cb47fad829e8e9_72.jpg",
            "first_name": "Eitan",
            "real_name": "Eitan Adler",
            "display_name": "eax",
            "team": "T86S8GHEG",
            "name": "eax",
            "is_restricted": false,
            "is_ultra_restricted": false
        },
        "blocks": [
            {
                "type": "rich_text",
                "block_id": "3b+r7",
                "elements": [
                    {
                        "type": "rich_text_section",
                        "elements": [
                            {
                                "type": "text",
                                "text": "is there a standard process for removing personal data from notebooks?"
                            }
                        ]
                    }
                ]
            }
        ],
        "thread_ts": "1579732092.020500",
        "reply_count": 3,
        "reply_users_count": 2,
        "latest_reply": "1579747702.028800",
        "reply_users": [
            "W831QSCAK",
            "W81LU64GJ"
        ],
        "replies": [
            {
                "user": "W831QSCAK",
                "ts": "1579739878.022900"
            },
            {
                "user": "W831QSCAK",
                "ts": "1579739878.023100"
            },
            {
                "user": "W81LU64GJ",
                "ts": "1579747702.028800"
            }
        ],
        "subscribed": false
    },
    {
        "client_msg_id": "386845e2-569e-4aba-a402-5b63b4781d12",
        "type": "message",
        "text": "i agree, i dont think there's a guarantee the result should contain the subset of the smaller `.show`",
        "user": "WG9RP9PEH",
        "ts": "1579732117.020700",
        "team": "T86S8GHEG",
        "user_team": "T86S8GHEG",
        "source_team": "T86S8GHEG",
        "user_profile": {
            "avatar_hash": "558f1f7bfc80",
            "image_72": "https:\/\/avatars.slack-edge.com\/2019-03-13\/577182336102_558f1f7bfc80dfc94377_72.jpg",
            "first_name": "Joshua",
            "real_name": "Joshua Hamet",
            "display_name": "jhamet",
            "team": "T86S8GHEG",
            "name": "jhamet",
            "is_restricted": false,
            "is_ultra_restricted": false
        },
        "blocks": [
            {
                "type": "rich_text",
                "block_id": "T6c2",
                "elements": [
                    {
                        "type": "rich_text_section",
                        "elements": [
                            {
                                "type": "text",
                                "text": "i agree, i dont think there's a guarantee the result should contain the subset of the smaller "
                            },
                            {
                                "type": "text",
                                "text": ".show",
                                "style": {
                                    "code": true
                                }
                            }
                        ]
                    }
                ]
            }
        ],
        "thread_ts": "1579654688.012000",
        "parent_user_id": "WK5T3CAUF"
    },
    {
        "client_msg_id": "c7138da0-5dbf-494c-afeb-c564354ec609",
        "type": "message",
        "text": "notebook",
        "user": "W81JMP2LB",
        "ts": "1579732382.021000",
        "team": "T86S8GHEG",
        "user_team": "T86S8GHEG",
        "source_team": "T86S8GHEG",
        "user_profile": {
            "avatar_hash": "gafe94e405a3",
            "image_72": "https:\/\/secure.gravatar.com\/avatar\/cafe94e405a31f58896317b79403b6f4.jpg?s=72&d=https%3A%2F%2Fa.slack-edge.com%2Fdf10d%2Fimg%2Favatars%2Fava_0022-72.png",
            "first_name": "Fiona",
            "real_name": "Fiona Pigott",
            "display_name": "fpigott",
            "team": "T86S8GHEG",
            "name": "fpigott",
            "is_restricted": false,
            "is_ultra_restricted": false
        },
        "blocks": [
            {
                "type": "rich_text",
                "block_id": "guK",
                "elements": [
                    {
                        "type": "rich_text_section",
                        "elements": [
                            {
                                "type": "text",
                                "text": "notebook"
                            }
                        ]
                    }
                ]
            }
        ],
        "thread_ts": "1579731685.019400",
        "parent_user_id": "W81JMP2LB"
    },
    {
        "client_msg_id": "8abc1db8-09e8-4a25-9ad8-22d7630f9774",
        "type": "message",
        "text": "<http:\/\/nbviewer.prod.nbviewer.service.atla.twitter.com\/url\/ton-staging.smf1.twitter.com\/notebooks\/fpigott\/CX-17651\/2020-01-22_22-32-41\/CX-17651.ipynb>",
        "user": "W81JMP2LB",
        "ts": "1579732383.021200",
        "team": "T86S8GHEG",
        "user_team": "T86S8GHEG",
        "source_team": "T86S8GHEG",
        "user_profile": {
            "avatar_hash": "gafe94e405a3",
            "image_72": "https:\/\/secure.gravatar.com\/avatar\/cafe94e405a31f58896317b79403b6f4.jpg?s=72&d=https%3A%2F%2Fa.slack-edge.com%2Fdf10d%2Fimg%2Favatars%2Fava_0022-72.png",
            "first_name": "Fiona",
            "real_name": "Fiona Pigott",
            "display_name": "fpigott",
            "team": "T86S8GHEG",
            "name": "fpigott",
            "is_restricted": false,
            "is_ultra_restricted": false
        },
        "blocks": [
            {
                "type": "rich_text",
                "block_id": "YMi\/",
                "elements": [
                    {
                        "type": "rich_text_section",
                        "elements": [
                            {
                                "type": "link",
                                "url": "http:\/\/nbviewer.prod.nbviewer.service.atla.twitter.com\/url\/ton-staging.smf1.twitter.com\/notebooks\/fpigott\/CX-17651\/2020-01-22_22-32-41\/CX-17651.ipynb"
                            }
                        ]
                    }
                ]
            }
        ],
        "thread_ts": "1579731685.019400",
        "parent_user_id": "W81JMP2LB"
    },
    {
        "client_msg_id": "b79d07a5-c48e-45c1-8962-f0a1dd7d41bb",
        "type": "message",
        "text": "one sec I'll push the target to a remote branch",
        "user": "W81JMP2LB",
        "ts": "1579732391.021400",
        "team": "T86S8GHEG",
        "user_team": "T86S8GHEG",
        "source_team": "T86S8GHEG",
        "user_profile": {
            "avatar_hash": "gafe94e405a3",
            "image_72": "https:\/\/secure.gravatar.com\/avatar\/cafe94e405a31f58896317b79403b6f4.jpg?s=72&d=https%3A%2F%2Fa.slack-edge.com%2Fdf10d%2Fimg%2Favatars%2Fava_0022-72.png",
            "first_name": "Fiona",
            "real_name": "Fiona Pigott",
            "display_name": "fpigott",
            "team": "T86S8GHEG",
            "name": "fpigott",
            "is_restricted": false,
            "is_ultra_restricted": false
        },
        "blocks": [
            {
                "type": "rich_text",
                "block_id": "NOv",
                "elements": [
                    {
                        "type": "rich_text_section",
                        "elements": [
                            {
                                "type": "text",
                                "text": "one sec I'll push the target to a remote branch"
                            }
                        ]
                    }
                ]
            }
        ],
        "thread_ts": "1579731685.019400",
        "parent_user_id": "W81JMP2LB"
    },
    {
        "client_msg_id": "61e6cdc5-8a76-4092-ab17-8aa4c3f66723",
        "type": "message",
        "text": "target is the one I'm compiling w pants_load at the top of the notebook. this is the remote branch fpigott\/CX-17651",
        "user": "W81JMP2LB",
        "ts": "1579732551.021600",
        "team": "T86S8GHEG",
        "user_team": "T86S8GHEG",
        "source_team": "T86S8GHEG",
        "user_profile": {
            "avatar_hash": "gafe94e405a3",
            "image_72": "https:\/\/secure.gravatar.com\/avatar\/cafe94e405a31f58896317b79403b6f4.jpg?s=72&d=https%3A%2F%2Fa.slack-edge.com%2Fdf10d%2Fimg%2Favatars%2Fava_0022-72.png",
            "first_name": "Fiona",
            "real_name": "Fiona Pigott",
            "display_name": "fpigott",
            "team": "T86S8GHEG",
            "name": "fpigott",
            "is_restricted": false,
            "is_ultra_restricted": false
        },
        "blocks": [
            {
                "type": "rich_text",
                "block_id": "rIo",
                "elements": [
                    {
                        "type": "rich_text_section",
                        "elements": [
                            {
                                "type": "text",
                                "text": "target is the one I'm compiling w pants_load at the top of the notebook. this is the remote branch fpigott\/CX-17651"
                            }
                        ]
                    }
                ]
            }
        ],
        "thread_ts": "1579731685.019400",
        "parent_user_id": "W81JMP2LB"
    },
    {
        "client_msg_id": "a8f9ecb7-039f-4c79-9157-26dfad0cdc83",
        "type": "message",
        "text": "tl;dr, I'm trying to remove twml as a dependency. the only explicit twml function my code used I replaced w pure python, but I think some other twml dependencies were needed",
        "user": "W81JMP2LB",
        "ts": "1579732619.021800",
        "team": "T86S8GHEG",
        "user_team": "T86S8GHEG",
        "source_team": "T86S8GHEG",
        "user_profile": {
            "avatar_hash": "gafe94e405a3",
            "image_72": "https:\/\/secure.gravatar.com\/avatar\/cafe94e405a31f58896317b79403b6f4.jpg?s=72&d=https%3A%2F%2Fa.slack-edge.com%2Fdf10d%2Fimg%2Favatars%2Fava_0022-72.png",
            "first_name": "Fiona",
            "real_name": "Fiona Pigott",
            "display_name": "fpigott",
            "team": "T86S8GHEG",
            "name": "fpigott",
            "is_restricted": false,
            "is_ultra_restricted": false
        },
        "blocks": [
            {
                "type": "rich_text",
                "block_id": "jeL",
                "elements": [
                    {
                        "type": "rich_text_section",
                        "elements": [
                            {
                                "type": "text",
                                "text": "tl;dr, I'm trying to remove twml as a dependency. the only explicit twml function my code used I replaced w pure python, but I think some other twml dependencies were needed"
                            }
                        ]
                    }
                ]
            }
        ],
        "thread_ts": "1579731685.019400",
        "parent_user_id": "W81JMP2LB"
    },
    {
        "client_msg_id": "264efa1c-14e9-44e2-9b68-8d91259a5348",
        "type": "message",
        "text": "tho I basically added most of them and am still lost",
        "user": "W81JMP2LB",
        "ts": "1579732637.022000",
        "team": "T86S8GHEG",
        "user_team": "T86S8GHEG",
        "source_team": "T86S8GHEG",
        "user_profile": {
            "avatar_hash": "gafe94e405a3",
            "image_72": "https:\/\/secure.gravatar.com\/avatar\/cafe94e405a31f58896317b79403b6f4.jpg?s=72&d=https%3A%2F%2Fa.slack-edge.com%2Fdf10d%2Fimg%2Favatars%2Fava_0022-72.png",
            "first_name": "Fiona",
            "real_name": "Fiona Pigott",
            "display_name": "fpigott",
            "team": "T86S8GHEG",
            "name": "fpigott",
            "is_restricted": false,
            "is_ultra_restricted": false
        },
        "blocks": [
            {
                "type": "rich_text",
                "block_id": "W\/2",
                "elements": [
                    {
                        "type": "rich_text_section",
                        "elements": [
                            {
                                "type": "text",
                                "text": "tho I basically added most of them and am still lost"
                            }
                        ]
                    }
                ]
            }
        ],
        "thread_ts": "1579731685.019400",
        "parent_user_id": "W81JMP2LB"
    },
    {
        "client_msg_id": "ae56ff0c-bbba-424b-a27b-12c0ae6b0e58",
        "type": "message",
        "text": "Gotcha so this is happening at deserialization time on the Spark workers.  I'll dig up the current solution after this meeting :thumbsup:",
        "user": "WG9RP9PEH",
        "ts": "1579733139.022200",
        "team": "T86S8GHEG",
        "user_team": "T86S8GHEG",
        "source_team": "T86S8GHEG",
        "user_profile": {
            "avatar_hash": "558f1f7bfc80",
            "image_72": "https:\/\/avatars.slack-edge.com\/2019-03-13\/577182336102_558f1f7bfc80dfc94377_72.jpg",
            "first_name": "Joshua",
            "real_name": "Joshua Hamet",
            "display_name": "jhamet",
            "team": "T86S8GHEG",
            "name": "jhamet",
            "is_restricted": false,
            "is_ultra_restricted": false
        },
        "blocks": [
            {
                "type": "rich_text",
                "block_id": "m9j4",
                "elements": [
                    {
                        "type": "rich_text_section",
                        "elements": [
                            {
                                "type": "text",
                                "text": "Gotcha so this is happening at deserialization time on the Spark workers.  I'll dig up the current solution after this meeting "
                            },
                            {
                                "type": "emoji",
                                "name": "thumbsup"
                            }
                        ]
                    }
                ]
            }
        ],
        "thread_ts": "1579731685.019400",
        "parent_user_id": "W81JMP2LB"
    },
    {
        "client_msg_id": "5C9C4845-F237-4273-9271-261CDE06E2B2",
        "type": "message",
        "text": "thanks!",
        "user": "W81JMP2LB",
        "ts": "1579733216.022500",
        "team": "T86S8GHEG",
        "user_team": "T86S8GHEG",
        "source_team": "T86S8GHEG",
        "user_profile": {
            "avatar_hash": "gafe94e405a3",
            "image_72": "https:\/\/secure.gravatar.com\/avatar\/cafe94e405a31f58896317b79403b6f4.jpg?s=72&d=https%3A%2F%2Fa.slack-edge.com%2Fdf10d%2Fimg%2Favatars%2Fava_0022-72.png",
            "first_name": "Fiona",
            "real_name": "Fiona Pigott",
            "display_name": "fpigott",
            "team": "T86S8GHEG",
            "name": "fpigott",
            "is_restricted": false,
            "is_ultra_restricted": false
        },
        "blocks": [
            {
                "type": "rich_text",
                "block_id": "y=sA",
                "elements": [
                    {
                        "type": "rich_text_section",
                        "elements": [
                            {
                                "type": "text",
                                "text": "thanks!"
                            }
                        ]
                    }
                ]
            }
        ],
        "thread_ts": "1579731685.019400",
        "parent_user_id": "W81JMP2LB"
    },
    {
        "client_msg_id": "9921759e-e5a2-4355-8917-d70b44aa2277",
        "type": "message",
        "text": "yeah",
        "user": "W831QSCAK",
        "ts": "1579739878.022900",
        "team": "T86S8GHEG",
        "user_team": "T86S8GHEG",
        "source_team": "T86S8GHEG",
        "user_profile": {
            "avatar_hash": "3125369172db",
            "image_72": "https:\/\/avatars.slack-edge.com\/2020-03-09\/989620483264_3125369172db64b56474_72.jpg",
            "first_name": "Xiao",
            "real_name": "Xiao Zhu",
            "display_name": "xzhu",
            "team": "T86S8GHEG",
            "name": "xzhu",
            "is_restricted": false,
            "is_ultra_restricted": false
        },
        "blocks": [
            {
                "type": "rich_text",
                "block_id": "bvoH",
                "elements": [
                    {
                        "type": "rich_text_section",
                        "elements": [
                            {
                                "type": "text",
                                "text": "yeah"
                            }
                        ]
                    }
                ]
            }
        ],
        "thread_ts": "1579732092.020500",
        "parent_user_id": "W81LFM7KN"
    },
    {
        "client_msg_id": "a526be96-2cc3-49b7-b9c1-eb65f3824835",
        "type": "message",
        "text": "<https:\/\/docbird.twitter.biz\/pycx_v2\/notebooks_pdp.html>",
        "user": "W831QSCAK",
        "ts": "1579739878.023100",
        "team": "T86S8GHEG",
        "user_team": "T86S8GHEG",
        "source_team": "T86S8GHEG",
        "user_profile": {
            "avatar_hash": "3125369172db",
            "image_72": "https:\/\/avatars.slack-edge.com\/2020-03-09\/989620483264_3125369172db64b56474_72.jpg",
            "first_name": "Xiao",
            "real_name": "Xiao Zhu",
            "display_name": "xzhu",
            "team": "T86S8GHEG",
            "name": "xzhu",
            "is_restricted": false,
            "is_ultra_restricted": false
        },
        "blocks": [
            {
                "type": "rich_text",
                "block_id": "debYZ",
                "elements": [
                    {
                        "type": "rich_text_section",
                        "elements": [
                            {
                                "type": "link",
                                "url": "https:\/\/docbird.twitter.biz\/pycx_v2\/notebooks_pdp.html"
                            }
                        ]
                    }
                ]
            }
        ],
        "thread_ts": "1579732092.020500",
        "parent_user_id": "W81LFM7KN"
    },
    {
        "client_msg_id": "b176e8d2-dcc5-416f-8743-df68884cf0a4",
        "type": "message",
        "text": "experimenting with this on my own pycx instance as an update, want to make sure the solution works",
        "user": "WG9RP9PEH",
        "ts": "1579741375.023300",
        "team": "T86S8GHEG",
        "user_team": "T86S8GHEG",
        "source_team": "T86S8GHEG",
        "user_profile": {
            "avatar_hash": "558f1f7bfc80",
            "image_72": "https:\/\/avatars.slack-edge.com\/2019-03-13\/577182336102_558f1f7bfc80dfc94377_72.jpg",
            "first_name": "Joshua",
            "real_name": "Joshua Hamet",
            "display_name": "jhamet",
            "team": "T86S8GHEG",
            "name": "jhamet",
            "is_restricted": false,
            "is_ultra_restricted": false
        },
        "blocks": [
            {
                "type": "rich_text",
                "block_id": "ptm5y",
                "elements": [
                    {
                        "type": "rich_text_section",
                        "elements": [
                            {
                                "type": "text",
                                "text": "experimenting with this on my own pycx instance as an update, want to make sure the solution works"
                            }
                        ]
                    }
                ]
            }
        ],
        "thread_ts": "1579731685.019400",
        "parent_user_id": "W81JMP2LB"
    },
    {
        "client_msg_id": "AC7365A8-4A83-4C93-A5BC-877D5CB2C53F",
        "type": "message",
        "text": "thank you!",
        "user": "W81JMP2LB",
        "ts": "1579741421.023700",
        "team": "T86S8GHEG",
        "user_team": "T86S8GHEG",
        "source_team": "T86S8GHEG",
        "user_profile": {
            "avatar_hash": "gafe94e405a3",
            "image_72": "https:\/\/secure.gravatar.com\/avatar\/cafe94e405a31f58896317b79403b6f4.jpg?s=72&d=https%3A%2F%2Fa.slack-edge.com%2Fdf10d%2Fimg%2Favatars%2Fava_0022-72.png",
            "first_name": "Fiona",
            "real_name": "Fiona Pigott",
            "display_name": "fpigott",
            "team": "T86S8GHEG",
            "name": "fpigott",
            "is_restricted": false,
            "is_ultra_restricted": false
        },
        "blocks": [
            {
                "type": "rich_text",
                "block_id": "Gdy1",
                "elements": [
                    {
                        "type": "rich_text_section",
                        "elements": [
                            {
                                "type": "text",
                                "text": "thank you!"
                            }
                        ]
                    }
                ]
            }
        ],
        "thread_ts": "1579731685.019400",
        "parent_user_id": "W81JMP2LB"
    },
    {
        "client_msg_id": "b08c7b65-f67f-465a-be1f-72eda055eac4",
        "type": "message",
        "text": "So the issue is the references to `RawTensorDecodingException`.  I would recommend moving that definition to a separate file, and then importing it within each function that needs access to that exception (assuming the function is executed on the Spark workers as part of a transformation)",
        "user": "WG9RP9PEH",
        "ts": "1579747007.024200",
        "team": "T86S8GHEG",
        "user_team": "T86S8GHEG",
        "source_team": "T86S8GHEG",
        "user_profile": {
            "avatar_hash": "558f1f7bfc80",
            "image_72": "https:\/\/avatars.slack-edge.com\/2019-03-13\/577182336102_558f1f7bfc80dfc94377_72.jpg",
            "first_name": "Joshua",
            "real_name": "Joshua Hamet",
            "display_name": "jhamet",
            "team": "T86S8GHEG",
            "name": "jhamet",
            "is_restricted": false,
            "is_ultra_restricted": false
        },
        "blocks": [
            {
                "type": "rich_text",
                "block_id": "kMNMn",
                "elements": [
                    {
                        "type": "rich_text_section",
                        "elements": [
                            {
                                "type": "text",
                                "text": "So the issue is the references to "
                            },
                            {
                                "type": "text",
                                "text": "RawTensorDecodingException",
                                "style": {
                                    "code": true
                                }
                            },
                            {
                                "type": "text",
                                "text": ".  I would recommend moving that definition to a separate file, and then importing it within each function that needs access to that exception (assuming the function is executed on the Spark workers as part of a transformation)"
                            }
                        ]
                    }
                ]
            }
        ],
        "thread_ts": "1579731685.019400",
        "parent_user_id": "W81JMP2LB"
    },
    {
        "client_msg_id": "09b030ab-7fad-43ec-a7d4-a569fca706ed",
        "type": "message",
        "text": "ohhh, yep, okay",
        "user": "W81JMP2LB",
        "ts": "1579747032.024400",
        "team": "T86S8GHEG",
        "user_team": "T86S8GHEG",
        "source_team": "T86S8GHEG",
        "user_profile": {
            "avatar_hash": "gafe94e405a3",
            "image_72": "https:\/\/secure.gravatar.com\/avatar\/cafe94e405a31f58896317b79403b6f4.jpg?s=72&d=https%3A%2F%2Fa.slack-edge.com%2Fdf10d%2Fimg%2Favatars%2Fava_0022-72.png",
            "first_name": "Fiona",
            "real_name": "Fiona Pigott",
            "display_name": "fpigott",
            "team": "T86S8GHEG",
            "name": "fpigott",
            "is_restricted": false,
            "is_ultra_restricted": false
        },
        "blocks": [
            {
                "type": "rich_text",
                "block_id": "EZUix",
                "elements": [
                    {
                        "type": "rich_text_section",
                        "elements": [
                            {
                                "type": "text",
                                "text": "ohhh, yep, okay"
                            }
                        ]
                    }
                ]
            }
        ],
        "thread_ts": "1579731685.019400",
        "parent_user_id": "W81JMP2LB"
    },
    {
        "client_msg_id": "1db87242-0b27-4fd6-a777-e46d6e67d7c8",
        "type": "message",
        "text": "I'll work on that",
        "user": "W81JMP2LB",
        "ts": "1579747037.024600",
        "team": "T86S8GHEG",
        "user_team": "T86S8GHEG",
        "source_team": "T86S8GHEG",
        "user_profile": {
            "avatar_hash": "gafe94e405a3",
            "image_72": "https:\/\/secure.gravatar.com\/avatar\/cafe94e405a31f58896317b79403b6f4.jpg?s=72&d=https%3A%2F%2Fa.slack-edge.com%2Fdf10d%2Fimg%2Favatars%2Fava_0022-72.png",
            "first_name": "Fiona",
            "real_name": "Fiona Pigott",
            "display_name": "fpigott",
            "team": "T86S8GHEG",
            "name": "fpigott",
            "is_restricted": false,
            "is_ultra_restricted": false
        },
        "blocks": [
            {
                "type": "rich_text",
                "block_id": "8SGQ",
                "elements": [
                    {
                        "type": "rich_text_section",
                        "elements": [
                            {
                                "type": "text",
                                "text": "I'll work on that"
                            }
                        ]
                    }
                ]
            }
        ],
        "thread_ts": "1579731685.019400",
        "parent_user_id": "W81JMP2LB"
    },
    {
        "client_msg_id": "b5643fa1-1c7e-4d75-8f88-cb664ef170e5",
        "type": "message",
        "text": "so basically any time a use a function on a spark worker I need to import all the dependencies inside the funtion?",
        "user": "W81JMP2LB",
        "ts": "1579747079.024800",
        "team": "T86S8GHEG",
        "user_team": "T86S8GHEG",
        "source_team": "T86S8GHEG",
        "user_profile": {
            "avatar_hash": "gafe94e405a3",
            "image_72": "https:\/\/secure.gravatar.com\/avatar\/cafe94e405a31f58896317b79403b6f4.jpg?s=72&d=https%3A%2F%2Fa.slack-edge.com%2Fdf10d%2Fimg%2Favatars%2Fava_0022-72.png",
            "first_name": "Fiona",
            "real_name": "Fiona Pigott",
            "display_name": "fpigott",
            "team": "T86S8GHEG",
            "name": "fpigott",
            "is_restricted": false,
            "is_ultra_restricted": false
        },
        "blocks": [
            {
                "type": "rich_text",
                "block_id": "sbYY",
                "elements": [
                    {
                        "type": "rich_text_section",
                        "elements": [
                            {
                                "type": "text",
                                "text": "so basically any time a use a function on a spark worker I need to import all the dependencies inside the funtion?"
                            }
                        ]
                    }
                ]
            }
        ],
        "thread_ts": "1579731685.019400",
        "parent_user_id": "W81JMP2LB",
        "reactions": [
            {
                "name": "plus1",
                "users": [
                    "WG9RP9PEH"
                ],
                "count": 1
            }
        ]
    },
    {
        "client_msg_id": "73ec9e23-9f8c-4e76-b2ea-528946dc850a",
        "type": "message",
        "text": "also--how did you diagnose that? you went to the spark logs?",
        "user": "W81JMP2LB",
        "ts": "1579747169.025000",
        "team": "T86S8GHEG",
        "user_team": "T86S8GHEG",
        "source_team": "T86S8GHEG",
        "user_profile": {
            "avatar_hash": "gafe94e405a3",
            "image_72": "https:\/\/secure.gravatar.com\/avatar\/cafe94e405a31f58896317b79403b6f4.jpg?s=72&d=https%3A%2F%2Fa.slack-edge.com%2Fdf10d%2Fimg%2Favatars%2Fava_0022-72.png",
            "first_name": "Fiona",
            "real_name": "Fiona Pigott",
            "display_name": "fpigott",
            "team": "T86S8GHEG",
            "name": "fpigott",
            "is_restricted": false,
            "is_ultra_restricted": false
        },
        "blocks": [
            {
                "type": "rich_text",
                "block_id": "0ALid",
                "elements": [
                    {
                        "type": "rich_text_section",
                        "elements": [
                            {
                                "type": "text",
                                "text": "also--how did you diagnose that? you went to the spark logs?"
                            }
                        ]
                    }
                ]
            }
        ],
        "thread_ts": "1579731685.019400",
        "parent_user_id": "W81JMP2LB"
    },
    {
        "client_msg_id": "2BF3AEBF-1449-4820-91C3-B3A22B20472B",
        "type": "message",
        "text": "I saw the logs indicating a serialization error which is usually a smell that a function being executed on the Spark workers is closing over a reference to an outside variable\/package. I followed the code and saw the exception declared outside of its usage . ",
        "user": "WG9RP9PEH",
        "ts": "1579747534.027300",
        "team": "T86S8GHEG",
        "user_team": "T86S8GHEG",
        "source_team": "T86S8GHEG",
        "user_profile": {
            "avatar_hash": "558f1f7bfc80",
            "image_72": "https:\/\/avatars.slack-edge.com\/2019-03-13\/577182336102_558f1f7bfc80dfc94377_72.jpg",
            "first_name": "Joshua",
            "real_name": "Joshua Hamet",
            "display_name": "jhamet",
            "team": "T86S8GHEG",
            "name": "jhamet",
            "is_restricted": false,
            "is_ultra_restricted": false
        },
        "blocks": [
            {
                "type": "rich_text",
                "block_id": "sQ9",
                "elements": [
                    {
                        "type": "rich_text_section",
                        "elements": [
                            {
                                "type": "text",
                                "text": "I saw the logs indicating a serialization error which is usually a smell that a function being executed on the Spark workers is closing over a reference to an outside variable\/package. I followed the code and saw the exception declared outside of its usage . "
                            }
                        ]
                    }
                ]
            }
        ],
        "thread_ts": "1579731685.019400",
        "parent_user_id": "W81JMP2LB"
    },
    {
        "client_msg_id": "6958aa0b-634f-49c1-a83e-2c017b091d22",
        "type": "message",
        "text": "okay",
        "user": "W81JMP2LB",
        "ts": "1579747550.028100",
        "team": "T86S8GHEG",
        "user_team": "T86S8GHEG",
        "source_team": "T86S8GHEG",
        "user_profile": {
            "avatar_hash": "gafe94e405a3",
            "image_72": "https:\/\/secure.gravatar.com\/avatar\/cafe94e405a31f58896317b79403b6f4.jpg?s=72&d=https%3A%2F%2Fa.slack-edge.com%2Fdf10d%2Fimg%2Favatars%2Fava_0022-72.png",
            "first_name": "Fiona",
            "real_name": "Fiona Pigott",
            "display_name": "fpigott",
            "team": "T86S8GHEG",
            "name": "fpigott",
            "is_restricted": false,
            "is_ultra_restricted": false
        },
        "blocks": [
            {
                "type": "rich_text",
                "block_id": "rbkn4",
                "elements": [
                    {
                        "type": "rich_text_section",
                        "elements": [
                            {
                                "type": "text",
                                "text": "okay"
                            }
                        ]
                    }
                ]
            }
        ],
        "thread_ts": "1579731685.019400",
        "parent_user_id": "W81JMP2LB"
    },
    {
        "client_msg_id": "8C21CBB5-687E-465C-A36B-F74E6B93D75C",
        "type": "message",
        "text": "It’s tricky so we are actively working on something to fix this usability issue ",
        "user": "WG9RP9PEH",
        "ts": "1579747564.028600",
        "team": "T86S8GHEG",
        "user_team": "T86S8GHEG",
        "source_team": "T86S8GHEG",
        "user_profile": {
            "avatar_hash": "558f1f7bfc80",
            "image_72": "https:\/\/avatars.slack-edge.com\/2019-03-13\/577182336102_558f1f7bfc80dfc94377_72.jpg",
            "first_name": "Joshua",
            "real_name": "Joshua Hamet",
            "display_name": "jhamet",
            "team": "T86S8GHEG",
            "name": "jhamet",
            "is_restricted": false,
            "is_ultra_restricted": false
        },
        "blocks": [
            {
                "type": "rich_text",
                "block_id": "SVE",
                "elements": [
                    {
                        "type": "rich_text_section",
                        "elements": [
                            {
                                "type": "text",
                                "text": "It’s tricky so we are actively working on something to fix this usability issue "
                            }
                        ]
                    }
                ]
            }
        ],
        "thread_ts": "1579731685.019400",
        "parent_user_id": "W81JMP2LB"
    },
    {
        "client_msg_id": "f09a7fac-8b79-4553-9522-25f655ecd6b3",
        "type": "message",
        "text": "we also provide a CLI tool in the pycx terminal environment that scrubs output cells for e.g. committing to source:  <https:\/\/docbird.twitter.biz\/pycx_v2\/working_with_source.html#scrubbing-output-cells-from-notebooks>",
        "user": "W81LU64GJ",
        "ts": "1579747702.028800",
        "team": "T86S8GHEG",
        "user_team": "T86S8GHEG",
        "source_team": "T86S8GHEG",
        "user_profile": {
            "avatar_hash": "51c80845c55f",
            "image_72": "https:\/\/avatars.slack-edge.com\/2019-03-06\/569423098722_51c80845c55f7f5fb696_72.jpg",
            "first_name": "Kris",
            "real_name": "Kris Wilson",
            "display_name": "kwilson",
            "team": "T86S8GHEG",
            "name": "kwilson",
            "is_restricted": false,
            "is_ultra_restricted": false
        },
        "blocks": [
            {
                "type": "rich_text",
                "block_id": "NV71",
                "elements": [
                    {
                        "type": "rich_text_section",
                        "elements": [
                            {
                                "type": "text",
                                "text": "we also provide a CLI tool in the pycx terminal environment that scrubs output cells for e.g. committing to source:  "
                            },
                            {
                                "type": "link",
                                "url": "https:\/\/docbird.twitter.biz\/pycx_v2\/working_with_source.html#scrubbing-output-cells-from-notebooks"
                            }
                        ]
                    }
                ]
            }
        ],
        "thread_ts": "1579732092.020500",
        "parent_user_id": "W81LFM7KN"
    },
    {
        "client_msg_id": "0efa5575-1499-497e-9aab-c9d041140aeb",
        "type": "message",
        "text": "&gt;  “all the source files”--how do I specify more than one?",
        "user": "W81LU64GJ",
        "ts": "1579748026.029000",
        "team": "T86S8GHEG",
        "user_team": "T86S8GHEG",
        "source_team": "T86S8GHEG",
        "user_profile": {
            "avatar_hash": "51c80845c55f",
            "image_72": "https:\/\/avatars.slack-edge.com\/2019-03-06\/569423098722_51c80845c55f7f5fb696_72.jpg",
            "first_name": "Kris",
            "real_name": "Kris Wilson",
            "display_name": "kwilson",
            "team": "T86S8GHEG",
            "name": "kwilson",
            "is_restricted": false,
            "is_ultra_restricted": false
        },
        "blocks": [
            {
                "type": "rich_text",
                "block_id": "fdF5",
                "elements": [
                    {
                        "type": "rich_text_quote",
                        "elements": [
                            {
                                "type": "text",
                                "text": " “all the source files”--how do I specify more than one?"
                            }
                        ]
                    }
                ]
            }
        ],
        "thread_ts": "1579726180.013800",
        "parent_user_id": "W81JMP2LB"
    },
    {
        "client_msg_id": "7140ce67-5ecb-4f27-9a00-f9d33fb5cb33",
        "type": "message",
        "text": "you put those under a `python3_library` `sources=…` and then depend on that from the `python3_binary`.",
        "user": "W81LU64GJ",
        "ts": "1579748042.029200",
        "team": "T86S8GHEG",
        "user_team": "T86S8GHEG",
        "source_team": "T86S8GHEG",
        "user_profile": {
            "avatar_hash": "51c80845c55f",
            "image_72": "https:\/\/avatars.slack-edge.com\/2019-03-06\/569423098722_51c80845c55f7f5fb696_72.jpg",
            "first_name": "Kris",
            "real_name": "Kris Wilson",
            "display_name": "kwilson",
            "team": "T86S8GHEG",
            "name": "kwilson",
            "is_restricted": false,
            "is_ultra_restricted": false
        },
        "blocks": [
            {
                "type": "rich_text",
                "block_id": "eEYD0",
                "elements": [
                    {
                        "type": "rich_text_section",
                        "elements": [
                            {
                                "type": "text",
                                "text": "you put those under a "
                            },
                            {
                                "type": "text",
                                "text": "python3_library",
                                "style": {
                                    "code": true
                                }
                            },
                            {
                                "type": "text",
                                "text": " "
                            },
                            {
                                "type": "text",
                                "text": "sources=…",
                                "style": {
                                    "code": true
                                }
                            },
                            {
                                "type": "text",
                                "text": " and then depend on that from the "
                            },
                            {
                                "type": "text",
                                "text": "python3_binary",
                                "style": {
                                    "code": true
                                }
                            },
                            {
                                "type": "text",
                                "text": "."
                            }
                        ]
                    }
                ]
            }
        ],
        "thread_ts": "1579726180.013800",
        "parent_user_id": "W81JMP2LB"
    },
    {
        "client_msg_id": "3a34e3dc-92cb-4360-9930-b329d0994f36",
        "type": "message",
        "text": "ah, okay",
        "user": "W81JMP2LB",
        "ts": "1579748049.029400",
        "team": "T86S8GHEG",
        "user_team": "T86S8GHEG",
        "source_team": "T86S8GHEG",
        "user_profile": {
            "avatar_hash": "gafe94e405a3",
            "image_72": "https:\/\/secure.gravatar.com\/avatar\/cafe94e405a31f58896317b79403b6f4.jpg?s=72&d=https%3A%2F%2Fa.slack-edge.com%2Fdf10d%2Fimg%2Favatars%2Fava_0022-72.png",
            "first_name": "Fiona",
            "real_name": "Fiona Pigott",
            "display_name": "fpigott",
            "team": "T86S8GHEG",
            "name": "fpigott",
            "is_restricted": false,
            "is_ultra_restricted": false
        },
        "blocks": [
            {
                "type": "rich_text",
                "block_id": "0aGOn",
                "elements": [
                    {
                        "type": "rich_text_section",
                        "elements": [
                            {
                                "type": "text",
                                "text": "ah, okay"
                            }
                        ]
                    }
                ]
            }
        ],
        "thread_ts": "1579726180.013800",
        "parent_user_id": "W81JMP2LB"
    },
    {
        "client_msg_id": "ba124f50-7068-4622-b926-7a6cc593e353",
        "type": "message",
        "text": "the idea behind `source=` in `python3_binary` is that that singular source file is executed as a script that defines the binary entrypoint.",
        "user": "W81LU64GJ",
        "ts": "1579748067.029600",
        "team": "T86S8GHEG",
        "user_team": "T86S8GHEG",
        "source_team": "T86S8GHEG",
        "user_profile": {
            "avatar_hash": "51c80845c55f",
            "image_72": "https:\/\/avatars.slack-edge.com\/2019-03-06\/569423098722_51c80845c55f7f5fb696_72.jpg",
            "first_name": "Kris",
            "real_name": "Kris Wilson",
            "display_name": "kwilson",
            "team": "T86S8GHEG",
            "name": "kwilson",
            "is_restricted": false,
            "is_ultra_restricted": false
        },
        "blocks": [
            {
                "type": "rich_text",
                "block_id": "0Zp8E",
                "elements": [
                    {
                        "type": "rich_text_section",
                        "elements": [
                            {
                                "type": "text",
                                "text": "the idea behind "
                            },
                            {
                                "type": "text",
                                "text": "source=",
                                "style": {
                                    "code": true
                                }
                            },
                            {
                                "type": "text",
                                "text": " in "
                            },
                            {
                                "type": "text",
                                "text": "python3_binary",
                                "style": {
                                    "code": true
                                }
                            },
                            {
                                "type": "text",
                                "text": " is that that singular source file is executed as a script that defines the binary entrypoint."
                            }
                        ]
                    }
                ]
            }
        ],
        "thread_ts": "1579726180.013800",
        "parent_user_id": "W81JMP2LB"
    },
    {
        "client_msg_id": "b1f2ff56-82e9-4b71-997a-750a6829600c",
        "type": "message",
        "text": "in that case, should \"source=\" be empty in the binary?",
        "user": "W81JMP2LB",
        "ts": "1579748075.029800",
        "team": "T86S8GHEG",
        "user_team": "T86S8GHEG",
        "source_team": "T86S8GHEG",
        "user_profile": {
            "avatar_hash": "gafe94e405a3",
            "image_72": "https:\/\/secure.gravatar.com\/avatar\/cafe94e405a31f58896317b79403b6f4.jpg?s=72&d=https%3A%2F%2Fa.slack-edge.com%2Fdf10d%2Fimg%2Favatars%2Fava_0022-72.png",
            "first_name": "Fiona",
            "real_name": "Fiona Pigott",
            "display_name": "fpigott",
            "team": "T86S8GHEG",
            "name": "fpigott",
            "is_restricted": false,
            "is_ultra_restricted": false
        },
        "blocks": [
            {
                "type": "rich_text",
                "block_id": "UUa",
                "elements": [
                    {
                        "type": "rich_text_section",
                        "elements": [
                            {
                                "type": "text",
                                "text": "in that case, should \"source=\" be empty in the binary?"
                            }
                        ]
                    }
                ]
            }
        ],
        "thread_ts": "1579726180.013800",
        "parent_user_id": "W81JMP2LB"
    },
    {
        "client_msg_id": "9142cf3b-5cfd-4461-9340-bb52efa6cb39",
        "type": "message",
        "text": "so its a single file because thats its sole purpose",
        "user": "W81LU64GJ",
        "ts": "1579748077.030000",
        "team": "T86S8GHEG",
        "user_team": "T86S8GHEG",
        "source_team": "T86S8GHEG",
        "user_profile": {
            "avatar_hash": "51c80845c55f",
            "image_72": "https:\/\/avatars.slack-edge.com\/2019-03-06\/569423098722_51c80845c55f7f5fb696_72.jpg",
            "first_name": "Kris",
            "real_name": "Kris Wilson",
            "display_name": "kwilson",
            "team": "T86S8GHEG",
            "name": "kwilson",
            "is_restricted": false,
            "is_ultra_restricted": false
        },
        "blocks": [
            {
                "type": "rich_text",
                "block_id": "Q8W",
                "elements": [
                    {
                        "type": "rich_text_section",
                        "elements": [
                            {
                                "type": "text",
                                "text": "so its a single file because thats its sole purpose"
                            }
                        ]
                    }
                ]
            }
        ],
        "thread_ts": "1579726180.013800",
        "parent_user_id": "W81JMP2LB"
    },
    {
        "client_msg_id": "cf41bee6-d6d5-488a-bfd6-4ce62d93fc49",
        "type": "message",
        "text": "the binary needs some kind of entrypoint, but it can be `''`  to use pex’s default entrypoint (which is just a repl)",
        "user": "W81LU64GJ",
        "ts": "1579748102.030200",
        "team": "T86S8GHEG",
        "user_team": "T86S8GHEG",
        "source_team": "T86S8GHEG",
        "user_profile": {
            "avatar_hash": "51c80845c55f",
            "image_72": "https:\/\/avatars.slack-edge.com\/2019-03-06\/569423098722_51c80845c55f7f5fb696_72.jpg",
            "first_name": "Kris",
            "real_name": "Kris Wilson",
            "display_name": "kwilson",
            "team": "T86S8GHEG",
            "name": "kwilson",
            "is_restricted": false,
            "is_ultra_restricted": false
        },
        "blocks": [
            {
                "type": "rich_text",
                "block_id": "7X8",
                "elements": [
                    {
                        "type": "rich_text_section",
                        "elements": [
                            {
                                "type": "text",
                                "text": "the binary needs some kind of entrypoint, but it can be "
                            },
                            {
                                "type": "text",
                                "text": "''",
                                "style": {
                                    "code": true
                                }
                            },
                            {
                                "type": "text",
                                "text": "  to use pex’s default entrypoint (which is just a repl)"
                            }
                        ]
                    }
                ]
            }
        ],
        "thread_ts": "1579726180.013800",
        "parent_user_id": "W81JMP2LB"
    },
    {
        "client_msg_id": "f238c8a8-03dc-40d0-ac93-4334913bf5eb",
        "type": "message",
        "text": "(if I dont actually need to execute anything)?",
        "user": "W81JMP2LB",
        "ts": "1579748103.030400",
        "team": "T86S8GHEG",
        "user_team": "T86S8GHEG",
        "source_team": "T86S8GHEG",
        "user_profile": {
            "avatar_hash": "gafe94e405a3",
            "image_72": "https:\/\/secure.gravatar.com\/avatar\/cafe94e405a31f58896317b79403b6f4.jpg?s=72&d=https%3A%2F%2Fa.slack-edge.com%2Fdf10d%2Fimg%2Favatars%2Fava_0022-72.png",
            "first_name": "Fiona",
            "real_name": "Fiona Pigott",
            "display_name": "fpigott",
            "team": "T86S8GHEG",
            "name": "fpigott",
            "is_restricted": false,
            "is_ultra_restricted": false
        },
        "blocks": [
            {
                "type": "rich_text",
                "block_id": "EMcC",
                "elements": [
                    {
                        "type": "rich_text_section",
                        "elements": [
                            {
                                "type": "text",
                                "text": "(if I dont actually need to execute anything)?"
                            }
                        ]
                    }
                ]
            }
        ],
        "thread_ts": "1579726180.013800",
        "parent_user_id": "W81JMP2LB"
    },
    {
        "client_msg_id": "68ac0edc-2675-476c-a4af-c194fcb9f037",
        "type": "message",
        "text": "ah ok",
        "user": "W81JMP2LB",
        "ts": "1579748108.030600",
        "team": "T86S8GHEG",
        "user_team": "T86S8GHEG",
        "source_team": "T86S8GHEG",
        "user_profile": {
            "avatar_hash": "gafe94e405a3",
            "image_72": "https:\/\/secure.gravatar.com\/avatar\/cafe94e405a31f58896317b79403b6f4.jpg?s=72&d=https%3A%2F%2Fa.slack-edge.com%2Fdf10d%2Fimg%2Favatars%2Fava_0022-72.png",
            "first_name": "Fiona",
            "real_name": "Fiona Pigott",
            "display_name": "fpigott",
            "team": "T86S8GHEG",
            "name": "fpigott",
            "is_restricted": false,
            "is_ultra_restricted": false
        },
        "blocks": [
            {
                "type": "rich_text",
                "block_id": "5r57=",
                "elements": [
                    {
                        "type": "rich_text_section",
                        "elements": [
                            {
                                "type": "text",
                                "text": "ah ok"
                            }
                        ]
                    }
                ]
            }
        ],
        "thread_ts": "1579726180.013800",
        "parent_user_id": "W81JMP2LB"
    },
    {
        "client_msg_id": "20076576-7aaa-4184-9b69-d525d55d7307",
        "type": "message",
        "text": "`entry_point=''` should accomplish that iirc",
        "user": "W81LU64GJ",
        "ts": "1579748119.030800",
        "team": "T86S8GHEG",
        "user_team": "T86S8GHEG",
        "source_team": "T86S8GHEG",
        "user_profile": {
            "avatar_hash": "51c80845c55f",
            "image_72": "https:\/\/avatars.slack-edge.com\/2019-03-06\/569423098722_51c80845c55f7f5fb696_72.jpg",
            "first_name": "Kris",
            "real_name": "Kris Wilson",
            "display_name": "kwilson",
            "team": "T86S8GHEG",
            "name": "kwilson",
            "is_restricted": false,
            "is_ultra_restricted": false
        },
        "blocks": [
            {
                "type": "rich_text",
                "block_id": "n7zh4",
                "elements": [
                    {
                        "type": "rich_text_section",
                        "elements": [
                            {
                                "type": "text",
                                "text": "entry_point=''",
                                "style": {
                                    "code": true
                                }
                            },
                            {
                                "type": "text",
                                "text": " should accomplish that iirc"
                            }
                        ]
                    }
                ]
            }
        ],
        "thread_ts": "1579726180.013800",
        "parent_user_id": "W81JMP2LB"
    }
]