[
    {
        "client_msg_id": "f709ac45-fd13-4568-b612-7bd1bf36f40b",
        "type": "message",
        "text": "What kind of speedup can we expect from the local 'hogwild' impl? <@W81BJEAGZ> <@WL22PDE1G>",
        "user": "W81LDDNPM",
        "ts": "1531841268.000244",
        "team": "T86S8GHEG",
        "user_team": "T86S8GHEG",
        "source_team": "T86S8GHEG",
        "user_profile": {
            "avatar_hash": "g86e75ed44d8",
            "image_72": "https:\/\/secure.gravatar.com\/avatar\/586e75ed44d83e02aa496a0c3d6ffc3d.jpg?s=72&d=https%3A%2F%2Fa.slack-edge.com%2Fdf10d%2Fimg%2Favatars%2Fava_0016-72.png",
            "first_name": "Kovas",
            "real_name": "Kovas Boguta",
            "display_name": "kboguta",
            "team": "T86S8GHEG",
            "name": "kboguta",
            "is_restricted": false,
            "is_ultra_restricted": false
        }
    },
    {
        "client_msg_id": "5c2671d0-2d9b-4ae9-99c8-44eafbe57b4a",
        "type": "message",
        "text": "I did a little bit of benchmarking on related issues.",
        "user": "W81LDDNPM",
        "ts": "1531841283.000240",
        "team": "T86S8GHEG",
        "user_team": "T86S8GHEG",
        "source_team": "T86S8GHEG",
        "user_profile": {
            "avatar_hash": "g86e75ed44d8",
            "image_72": "https:\/\/secure.gravatar.com\/avatar\/586e75ed44d83e02aa496a0c3d6ffc3d.jpg?s=72&d=https%3A%2F%2Fa.slack-edge.com%2Fdf10d%2Fimg%2Favatars%2Fava_0016-72.png",
            "first_name": "Kovas",
            "real_name": "Kovas Boguta",
            "display_name": "kboguta",
            "team": "T86S8GHEG",
            "name": "kboguta",
            "is_restricted": false,
            "is_ultra_restricted": false
        }
    },
    {
        "client_msg_id": "ba4eeaf5-eb56-4f00-b6af-8c32646b534b",
        "type": "message",
        "text": "On mesos ?",
        "user": "W81BJEAGZ",
        "ts": "1531841292.000471",
        "team": "T86S8GHEG",
        "user_team": "T86S8GHEG",
        "source_team": "T86S8GHEG",
        "user_profile": {
            "avatar_hash": "45f9fa184373",
            "image_72": "https:\/\/avatars.slack-edge.com\/2019-04-25\/620857384023_45f9fa184373c2c504f5_72.jpg",
            "first_name": "Pavan",
            "real_name": "Pavan Yalamanchili",
            "display_name": "pyalamanchili",
            "team": "T86S8GHEG",
            "name": "pyalamanchili",
            "is_restricted": false,
            "is_ultra_restricted": false
        }
    },
    {
        "client_msg_id": "9653878b-367c-49f0-acd1-8a7d4d494235",
        "type": "message",
        "text": "yeah",
        "user": "W81LDDNPM",
        "ts": "1531841296.000360",
        "team": "T86S8GHEG",
        "user_team": "T86S8GHEG",
        "source_team": "T86S8GHEG",
        "user_profile": {
            "avatar_hash": "g86e75ed44d8",
            "image_72": "https:\/\/secure.gravatar.com\/avatar\/586e75ed44d83e02aa496a0c3d6ffc3d.jpg?s=72&d=https%3A%2F%2Fa.slack-edge.com%2Fdf10d%2Fimg%2Favatars%2Fava_0016-72.png",
            "first_name": "Kovas",
            "real_name": "Kovas Boguta",
            "display_name": "kboguta",
            "team": "T86S8GHEG",
            "name": "kboguta",
            "is_restricted": false,
            "is_ultra_restricted": false
        }
    },
    {
        "client_msg_id": "99789a4e-3e17-4f08-8550-3f18ee90dd0f",
        "type": "message",
        "text": "Or on your laptop?",
        "user": "W81BJEAGZ",
        "ts": "1531841297.000656",
        "team": "T86S8GHEG",
        "user_team": "T86S8GHEG",
        "source_team": "T86S8GHEG",
        "user_profile": {
            "avatar_hash": "45f9fa184373",
            "image_72": "https:\/\/avatars.slack-edge.com\/2019-04-25\/620857384023_45f9fa184373c2c504f5_72.jpg",
            "first_name": "Pavan",
            "real_name": "Pavan Yalamanchili",
            "display_name": "pyalamanchili",
            "team": "T86S8GHEG",
            "name": "pyalamanchili",
            "is_restricted": false,
            "is_ultra_restricted": false
        }
    },
    {
        "client_msg_id": "1a602e18-2ab7-4a59-a076-65bd2e27b119",
        "type": "message",
        "text": "right now my data reading is about 2x faster than training, which indicates not that much headroom",
        "user": "W81LDDNPM",
        "ts": "1531841313.000080",
        "team": "T86S8GHEG",
        "user_team": "T86S8GHEG",
        "source_team": "T86S8GHEG",
        "user_profile": {
            "avatar_hash": "g86e75ed44d8",
            "image_72": "https:\/\/secure.gravatar.com\/avatar\/586e75ed44d83e02aa496a0c3d6ffc3d.jpg?s=72&d=https%3A%2F%2Fa.slack-edge.com%2Fdf10d%2Fimg%2Favatars%2Fava_0016-72.png",
            "first_name": "Kovas",
            "real_name": "Kovas Boguta",
            "display_name": "kboguta",
            "team": "T86S8GHEG",
            "name": "kboguta",
            "is_restricted": false,
            "is_ultra_restricted": false
        }
    },
    {
        "client_msg_id": "6179eb32-86c4-4e73-8bfa-4890d595cf5a",
        "type": "message",
        "text": "can pull and decode about 200*256 records per second",
        "user": "W81LDDNPM",
        "ts": "1531841335.000332",
        "team": "T86S8GHEG",
        "user_team": "T86S8GHEG",
        "source_team": "T86S8GHEG",
        "user_profile": {
            "avatar_hash": "g86e75ed44d8",
            "image_72": "https:\/\/secure.gravatar.com\/avatar\/586e75ed44d83e02aa496a0c3d6ffc3d.jpg?s=72&d=https%3A%2F%2Fa.slack-edge.com%2Fdf10d%2Fimg%2Favatars%2Fava_0016-72.png",
            "first_name": "Kovas",
            "real_name": "Kovas Boguta",
            "display_name": "kboguta",
            "team": "T86S8GHEG",
            "name": "kboguta",
            "is_restricted": false,
            "is_ultra_restricted": false
        }
    },
    {
        "client_msg_id": "84992dcd-c7b7-450e-b544-735b6eaa0df3",
        "type": "message",
        "text": "training is at around 100*256",
        "user": "W81LDDNPM",
        "ts": "1531841344.000014",
        "team": "T86S8GHEG",
        "user_team": "T86S8GHEG",
        "source_team": "T86S8GHEG",
        "user_profile": {
            "avatar_hash": "g86e75ed44d8",
            "image_72": "https:\/\/secure.gravatar.com\/avatar\/586e75ed44d83e02aa496a0c3d6ffc3d.jpg?s=72&d=https%3A%2F%2Fa.slack-edge.com%2Fdf10d%2Fimg%2Favatars%2Fava_0016-72.png",
            "first_name": "Kovas",
            "real_name": "Kovas Boguta",
            "display_name": "kboguta",
            "team": "T86S8GHEG",
            "name": "kboguta",
            "is_restricted": false,
            "is_ultra_restricted": false
        }
    },
    {
        "client_msg_id": "bd9b4abd-30b9-4b75-80df-127f2e697dad",
        "type": "message",
        "text": "Maybe the decoding can be fast too?",
        "user": "W81BJEAGZ",
        "ts": "1531841366.000315",
        "team": "T86S8GHEG",
        "user_team": "T86S8GHEG",
        "source_team": "T86S8GHEG",
        "user_profile": {
            "avatar_hash": "45f9fa184373",
            "image_72": "https:\/\/avatars.slack-edge.com\/2019-04-25\/620857384023_45f9fa184373c2c504f5_72.jpg",
            "first_name": "Pavan",
            "real_name": "Pavan Yalamanchili",
            "display_name": "pyalamanchili",
            "team": "T86S8GHEG",
            "name": "pyalamanchili",
            "is_restricted": false,
            "is_ultra_restricted": false
        }
    },
    {
        "client_msg_id": "bda14101-2451-45c8-a351-352ec4401653",
        "type": "message",
        "text": "without decoding its around 250*256",
        "user": "W81LDDNPM",
        "ts": "1531841385.000386",
        "team": "T86S8GHEG",
        "user_team": "T86S8GHEG",
        "source_team": "T86S8GHEG",
        "user_profile": {
            "avatar_hash": "g86e75ed44d8",
            "image_72": "https:\/\/secure.gravatar.com\/avatar\/586e75ed44d83e02aa496a0c3d6ffc3d.jpg?s=72&d=https%3A%2F%2Fa.slack-edge.com%2Fdf10d%2Fimg%2Favatars%2Fava_0016-72.png",
            "first_name": "Kovas",
            "real_name": "Kovas Boguta",
            "display_name": "kboguta",
            "team": "T86S8GHEG",
            "name": "kboguta",
            "is_restricted": false,
            "is_ultra_restricted": false
        }
    },
    {
        "client_msg_id": "174fa97d-5e80-46eb-b547-d5047ad7ffba",
        "type": "message",
        "text": "and of course it would be great to train at that speed",
        "user": "W81LDDNPM",
        "ts": "1531841417.000424",
        "team": "T86S8GHEG",
        "user_team": "T86S8GHEG",
        "source_team": "T86S8GHEG",
        "user_profile": {
            "avatar_hash": "g86e75ed44d8",
            "image_72": "https:\/\/secure.gravatar.com\/avatar\/586e75ed44d83e02aa496a0c3d6ffc3d.jpg?s=72&d=https%3A%2F%2Fa.slack-edge.com%2Fdf10d%2Fimg%2Favatars%2Fava_0016-72.png",
            "first_name": "Kovas",
            "real_name": "Kovas Boguta",
            "display_name": "kboguta",
            "team": "T86S8GHEG",
            "name": "kboguta",
            "is_restricted": false,
            "is_ultra_restricted": false
        }
    },
    {
        "client_msg_id": "fa3592a6-a517-410f-840c-fc73cfe0cc72",
        "type": "message",
        "text": "What type of models are you working on ?",
        "user": "W81BJEAGZ",
        "ts": "1531841422.000115",
        "team": "T86S8GHEG",
        "user_team": "T86S8GHEG",
        "source_team": "T86S8GHEG",
        "user_profile": {
            "avatar_hash": "45f9fa184373",
            "image_72": "https:\/\/avatars.slack-edge.com\/2019-04-25\/620857384023_45f9fa184373c2c504f5_72.jpg",
            "first_name": "Pavan",
            "real_name": "Pavan Yalamanchili",
            "display_name": "pyalamanchili",
            "team": "T86S8GHEG",
            "name": "pyalamanchili",
            "is_restricted": false,
            "is_ultra_restricted": false
        }
    },
    {
        "client_msg_id": "a2185078-195a-4653-af3c-87372cdf20c1",
        "type": "message",
        "text": "this for for a typical maxnorm + sparse layer +  3 dense layers",
        "user": "W81LDDNPM",
        "ts": "1531841450.000674",
        "team": "T86S8GHEG",
        "user_team": "T86S8GHEG",
        "source_team": "T86S8GHEG",
        "user_profile": {
            "avatar_hash": "g86e75ed44d8",
            "image_72": "https:\/\/secure.gravatar.com\/avatar\/586e75ed44d83e02aa496a0c3d6ffc3d.jpg?s=72&d=https%3A%2F%2Fa.slack-edge.com%2Fdf10d%2Fimg%2Favatars%2Fava_0016-72.png",
            "first_name": "Kovas",
            "real_name": "Kovas Boguta",
            "display_name": "kboguta",
            "team": "T86S8GHEG",
            "name": "kboguta",
            "is_restricted": false,
            "is_ultra_restricted": false
        }
    },
    {
        "client_msg_id": "df529393-e677-4aab-b394-50b00d482127",
        "type": "message",
        "text": "I.e. if you have a spare layer then hogwild could help",
        "user": "W81BJEAGZ",
        "ts": "1531841451.000131",
        "team": "T86S8GHEG",
        "user_team": "T86S8GHEG",
        "source_team": "T86S8GHEG",
        "user_profile": {
            "avatar_hash": "45f9fa184373",
            "image_72": "https:\/\/avatars.slack-edge.com\/2019-04-25\/620857384023_45f9fa184373c2c504f5_72.jpg",
            "first_name": "Pavan",
            "real_name": "Pavan Yalamanchili",
            "display_name": "pyalamanchili",
            "team": "T86S8GHEG",
            "name": "pyalamanchili",
            "is_restricted": false,
            "is_ultra_restricted": false
        }
    },
    {
        "client_msg_id": "8ade86ae-6b58-4abf-b237-b226cbf6eda7",
        "type": "message",
        "text": "If not you are better off just using gpus",
        "user": "W81BJEAGZ",
        "ts": "1531841459.000570",
        "team": "T86S8GHEG",
        "user_team": "T86S8GHEG",
        "source_team": "T86S8GHEG",
        "user_profile": {
            "avatar_hash": "45f9fa184373",
            "image_72": "https:\/\/avatars.slack-edge.com\/2019-04-25\/620857384023_45f9fa184373c2c504f5_72.jpg",
            "first_name": "Pavan",
            "real_name": "Pavan Yalamanchili",
            "display_name": "pyalamanchili",
            "team": "T86S8GHEG",
            "name": "pyalamanchili",
            "is_restricted": false,
            "is_ultra_restricted": false
        }
    },
    {
        "client_msg_id": "b245d013-c08a-402f-b7a5-8f734b0ba25e",
        "type": "message",
        "text": "Ok",
        "user": "W81BJEAGZ",
        "ts": "1531841464.000194",
        "team": "T86S8GHEG",
        "user_team": "T86S8GHEG",
        "source_team": "T86S8GHEG",
        "user_profile": {
            "avatar_hash": "45f9fa184373",
            "image_72": "https:\/\/avatars.slack-edge.com\/2019-04-25\/620857384023_45f9fa184373c2c504f5_72.jpg",
            "first_name": "Pavan",
            "real_name": "Pavan Yalamanchili",
            "display_name": "pyalamanchili",
            "team": "T86S8GHEG",
            "name": "pyalamanchili",
            "is_restricted": false,
            "is_ultra_restricted": false
        }
    },
    {
        "client_msg_id": "d37bac70-f53b-41d2-825a-fad8778915a1",
        "type": "message",
        "text": "i tried gpu, initial experiment was about 2x faster",
        "user": "W81LDDNPM",
        "ts": "1531841473.000604",
        "team": "T86S8GHEG",
        "user_team": "T86S8GHEG",
        "source_team": "T86S8GHEG",
        "user_profile": {
            "avatar_hash": "g86e75ed44d8",
            "image_72": "https:\/\/secure.gravatar.com\/avatar\/586e75ed44d83e02aa496a0c3d6ffc3d.jpg?s=72&d=https%3A%2F%2Fa.slack-edge.com%2Fdf10d%2Fimg%2Favatars%2Fava_0016-72.png",
            "first_name": "Kovas",
            "real_name": "Kovas Boguta",
            "display_name": "kboguta",
            "team": "T86S8GHEG",
            "name": "kboguta",
            "is_restricted": false,
            "is_ultra_restricted": false
        }
    },
    {
        "client_msg_id": "ed676168-383a-4849-b056-a86cc57a3d6f",
        "type": "message",
        "text": "i can't tell if im hitting IO bottleneck tho",
        "user": "W81LDDNPM",
        "ts": "1531841488.000484",
        "team": "T86S8GHEG",
        "user_team": "T86S8GHEG",
        "source_team": "T86S8GHEG",
        "user_profile": {
            "avatar_hash": "g86e75ed44d8",
            "image_72": "https:\/\/secure.gravatar.com\/avatar\/586e75ed44d83e02aa496a0c3d6ffc3d.jpg?s=72&d=https%3A%2F%2Fa.slack-edge.com%2Fdf10d%2Fimg%2Favatars%2Fava_0016-72.png",
            "first_name": "Kovas",
            "real_name": "Kovas Boguta",
            "display_name": "kboguta",
            "team": "T86S8GHEG",
            "name": "kboguta",
            "is_restricted": false,
            "is_ultra_restricted": false
        }
    },
    {
        "client_msg_id": "ee63558f-e012-48fe-8290-c738c813900c",
        "type": "message",
        "text": "For ads we are seeing 2x speedup and only 20% for timelines as of now",
        "user": "W81BJEAGZ",
        "ts": "1531841501.000433",
        "team": "T86S8GHEG",
        "user_team": "T86S8GHEG",
        "source_team": "T86S8GHEG",
        "user_profile": {
            "avatar_hash": "45f9fa184373",
            "image_72": "https:\/\/avatars.slack-edge.com\/2019-04-25\/620857384023_45f9fa184373c2c504f5_72.jpg",
            "first_name": "Pavan",
            "real_name": "Pavan Yalamanchili",
            "display_name": "pyalamanchili",
            "team": "T86S8GHEG",
            "name": "pyalamanchili",
            "is_restricted": false,
            "is_ultra_restricted": false
        }
    },
    {
        "client_msg_id": "b442de71-9d22-4ae8-83c0-5d96019aef6c",
        "type": "message",
        "text": "Wait no",
        "user": "W81BJEAGZ",
        "ts": "1531841513.000622",
        "team": "T86S8GHEG",
        "user_team": "T86S8GHEG",
        "source_team": "T86S8GHEG",
        "user_profile": {
            "avatar_hash": "45f9fa184373",
            "image_72": "https:\/\/avatars.slack-edge.com\/2019-04-25\/620857384023_45f9fa184373c2c504f5_72.jpg",
            "first_name": "Pavan",
            "real_name": "Pavan Yalamanchili",
            "display_name": "pyalamanchili",
            "team": "T86S8GHEG",
            "name": "pyalamanchili",
            "is_restricted": false,
            "is_ultra_restricted": false
        }
    },
    {
        "client_msg_id": "543e6ff7-b25c-4a8b-a8f5-d9262b883e21",
        "type": "message",
        "text": "and u r not IO constrained?",
        "user": "W81LDDNPM",
        "ts": "1531841514.000100",
        "team": "T86S8GHEG",
        "user_team": "T86S8GHEG",
        "source_team": "T86S8GHEG",
        "user_profile": {
            "avatar_hash": "g86e75ed44d8",
            "image_72": "https:\/\/secure.gravatar.com\/avatar\/586e75ed44d83e02aa496a0c3d6ffc3d.jpg?s=72&d=https%3A%2F%2Fa.slack-edge.com%2Fdf10d%2Fimg%2Favatars%2Fava_0016-72.png",
            "first_name": "Kovas",
            "real_name": "Kovas Boguta",
            "display_name": "kboguta",
            "team": "T86S8GHEG",
            "name": "kboguta",
            "is_restricted": false,
            "is_ultra_restricted": false
        }
    },
    {
        "client_msg_id": "329e1e43-28e1-431a-bd71-47f5cd44d2da",
        "type": "message",
        "text": "That's using gpus",
        "user": "W81BJEAGZ",
        "ts": "1531841520.000534",
        "team": "T86S8GHEG",
        "user_team": "T86S8GHEG",
        "source_team": "T86S8GHEG",
        "user_profile": {
            "avatar_hash": "45f9fa184373",
            "image_72": "https:\/\/avatars.slack-edge.com\/2019-04-25\/620857384023_45f9fa184373c2c504f5_72.jpg",
            "first_name": "Pavan",
            "real_name": "Pavan Yalamanchili",
            "display_name": "pyalamanchili",
            "team": "T86S8GHEG",
            "name": "pyalamanchili",
            "is_restricted": false,
            "is_ultra_restricted": false
        }
    },
    {
        "client_msg_id": "8e7a727c-3cb2-4c14-ab3e-a7c52d0b2cf1",
        "type": "message",
        "text": "Hogwild was giving 2x speed up in both cases",
        "user": "W81BJEAGZ",
        "ts": "1531841548.000074",
        "team": "T86S8GHEG",
        "user_team": "T86S8GHEG",
        "source_team": "T86S8GHEG",
        "user_profile": {
            "avatar_hash": "45f9fa184373",
            "image_72": "https:\/\/avatars.slack-edge.com\/2019-04-25\/620857384023_45f9fa184373c2c504f5_72.jpg",
            "first_name": "Pavan",
            "real_name": "Pavan Yalamanchili",
            "display_name": "pyalamanchili",
            "team": "T86S8GHEG",
            "name": "pyalamanchili",
            "is_restricted": false,
            "is_ultra_restricted": false
        }
    },
    {
        "client_msg_id": "20cf4898-b733-48c3-b064-a4c105656011",
        "type": "message",
        "text": "It could be more for you ",
        "user": "W81BJEAGZ",
        "ts": "1531841577.000029",
        "team": "T86S8GHEG",
        "user_team": "T86S8GHEG",
        "source_team": "T86S8GHEG",
        "user_profile": {
            "avatar_hash": "45f9fa184373",
            "image_72": "https:\/\/avatars.slack-edge.com\/2019-04-25\/620857384023_45f9fa184373c2c504f5_72.jpg",
            "first_name": "Pavan",
            "real_name": "Pavan Yalamanchili",
            "display_name": "pyalamanchili",
            "team": "T86S8GHEG",
            "name": "pyalamanchili",
            "is_restricted": false,
            "is_ultra_restricted": false
        }
    },
    {
        "client_msg_id": "ee9a0765-b95d-4db1-8152-806dcf92ece8",
        "type": "message",
        "text": "in general though are we expecting to hit the IO bottleneck or not?",
        "user": "W81LDDNPM",
        "ts": "1531841593.000582",
        "team": "T86S8GHEG",
        "user_team": "T86S8GHEG",
        "source_team": "T86S8GHEG",
        "user_profile": {
            "avatar_hash": "g86e75ed44d8",
            "image_72": "https:\/\/secure.gravatar.com\/avatar\/586e75ed44d83e02aa496a0c3d6ffc3d.jpg?s=72&d=https%3A%2F%2Fa.slack-edge.com%2Fdf10d%2Fimg%2Favatars%2Fava_0016-72.png",
            "first_name": "Kovas",
            "real_name": "Kovas Boguta",
            "display_name": "kboguta",
            "team": "T86S8GHEG",
            "name": "kboguta",
            "is_restricted": false,
            "is_ultra_restricted": false
        }
    },
    {
        "client_msg_id": "51c402a6-811b-4197-b2e0-22d5af568e03",
        "type": "message",
        "text": "like, 2x faster training would put me at the bottleneck",
        "user": "W81LDDNPM",
        "ts": "1531841619.000457",
        "team": "T86S8GHEG",
        "user_team": "T86S8GHEG",
        "source_team": "T86S8GHEG",
        "user_profile": {
            "avatar_hash": "g86e75ed44d8",
            "image_72": "https:\/\/secure.gravatar.com\/avatar\/586e75ed44d83e02aa496a0c3d6ffc3d.jpg?s=72&d=https%3A%2F%2Fa.slack-edge.com%2Fdf10d%2Fimg%2Favatars%2Fava_0016-72.png",
            "first_name": "Kovas",
            "real_name": "Kovas Boguta",
            "display_name": "kboguta",
            "team": "T86S8GHEG",
            "name": "kboguta",
            "is_restricted": false,
            "is_ultra_restricted": false
        }
    },
    {
        "client_msg_id": "debe7b25-f2c4-47a6-9d78-dc4aa711d75f",
        "type": "message",
        "text": "Not to constrained yet because discretizr layer is still the bottleneck",
        "user": "W81BJEAGZ",
        "ts": "1531841620.000626",
        "team": "T86S8GHEG",
        "user_team": "T86S8GHEG",
        "source_team": "T86S8GHEG",
        "user_profile": {
            "avatar_hash": "45f9fa184373",
            "image_72": "https:\/\/avatars.slack-edge.com\/2019-04-25\/620857384023_45f9fa184373c2c504f5_72.jpg",
            "first_name": "Pavan",
            "real_name": "Pavan Yalamanchili",
            "display_name": "pyalamanchili",
            "team": "T86S8GHEG",
            "name": "pyalamanchili",
            "is_restricted": false,
            "is_ultra_restricted": false
        }
    },
    {
        "client_msg_id": "da0a2638-40c9-4946-8068-a33114ffe509",
        "type": "message",
        "text": "Not io constrained,*",
        "user": "W81BJEAGZ",
        "ts": "1531841636.000274",
        "team": "T86S8GHEG",
        "user_team": "T86S8GHEG",
        "source_team": "T86S8GHEG",
        "user_profile": {
            "avatar_hash": "45f9fa184373",
            "image_72": "https:\/\/avatars.slack-edge.com\/2019-04-25\/620857384023_45f9fa184373c2c504f5_72.jpg",
            "first_name": "Pavan",
            "real_name": "Pavan Yalamanchili",
            "display_name": "pyalamanchili",
            "team": "T86S8GHEG",
            "name": "pyalamanchili",
            "is_restricted": false,
            "is_ultra_restricted": false
        }
    },
    {
        "client_msg_id": "7e89b628-52a1-4fc9-ad30-fd7ec0063c01",
        "type": "message",
        "text": "ok",
        "user": "W81LDDNPM",
        "ts": "1531841647.000450",
        "team": "T86S8GHEG",
        "user_team": "T86S8GHEG",
        "source_team": "T86S8GHEG",
        "user_profile": {
            "avatar_hash": "g86e75ed44d8",
            "image_72": "https:\/\/secure.gravatar.com\/avatar\/586e75ed44d83e02aa496a0c3d6ffc3d.jpg?s=72&d=https%3A%2F%2Fa.slack-edge.com%2Fdf10d%2Fimg%2Favatars%2Fava_0016-72.png",
            "first_name": "Kovas",
            "real_name": "Kovas Boguta",
            "display_name": "kboguta",
            "team": "T86S8GHEG",
            "name": "kboguta",
            "is_restricted": false,
            "is_ultra_restricted": false
        }
    },
    {
        "client_msg_id": "83ec39b0-b047-4702-826a-52770cc50a1c",
        "type": "message",
        "text": "soon, my code seems to work, but i need a better unit test",
        "user": "WAX2RDTGB",
        "ts": "1531841667.000350",
        "team": "T86S8GHEG",
        "user_team": "T86S8GHEG",
        "source_team": "T86S8GHEG",
        "user_profile": {
            "avatar_hash": "d652be5f2d9e",
            "image_72": "https:\/\/avatars.slack-edge.com\/2019-11-25\/848747792581_d652be5f2d9e91c30d3b_72.png",
            "first_name": "Andrew",
            "real_name": "Andrew Bean",
            "display_name": "abean",
            "team": "T86S8GHEG",
            "name": "abean",
            "is_restricted": false,
            "is_ultra_restricted": false
        }
    },
    {
        "client_msg_id": "d47aae2f-235e-4e6a-908e-72936df43ab6",
        "type": "message",
        "text": "for the discretizer",
        "user": "WAX2RDTGB",
        "ts": "1531841677.000295",
        "team": "T86S8GHEG",
        "user_team": "T86S8GHEG",
        "source_team": "T86S8GHEG",
        "user_profile": {
            "avatar_hash": "d652be5f2d9e",
            "image_72": "https:\/\/avatars.slack-edge.com\/2019-11-25\/848747792581_d652be5f2d9e91c30d3b_72.png",
            "first_name": "Andrew",
            "real_name": "Andrew Bean",
            "display_name": "abean",
            "team": "T86S8GHEG",
            "name": "abean",
            "is_restricted": false,
            "is_ultra_restricted": false
        }
    },
    {
        "client_msg_id": "9ad03bc6-7fd9-472a-925d-5f6cd09692d0",
        "type": "message",
        "text": "Yeah even then the discretizer will be the bottleneck just a smaller amount :slightly_smiling_face:",
        "user": "W81BJEAGZ",
        "ts": "1531841700.000474",
        "team": "T86S8GHEG",
        "user_team": "T86S8GHEG",
        "source_team": "T86S8GHEG",
        "user_profile": {
            "avatar_hash": "45f9fa184373",
            "image_72": "https:\/\/avatars.slack-edge.com\/2019-04-25\/620857384023_45f9fa184373c2c504f5_72.jpg",
            "first_name": "Pavan",
            "real_name": "Pavan Yalamanchili",
            "display_name": "pyalamanchili",
            "team": "T86S8GHEG",
            "name": "pyalamanchili",
            "is_restricted": false,
            "is_ultra_restricted": false
        }
    },
    {
        "client_msg_id": "0a1c5fda-92cb-4cfe-a921-ce353d18a3fa",
        "type": "message",
        "text": "how much more until it's not?",
        "user": "WAX2RDTGB",
        "ts": "1531841754.000033",
        "team": "T86S8GHEG",
        "user_team": "T86S8GHEG",
        "source_team": "T86S8GHEG",
        "user_profile": {
            "avatar_hash": "d652be5f2d9e",
            "image_72": "https:\/\/avatars.slack-edge.com\/2019-11-25\/848747792581_d652be5f2d9e91c30d3b_72.png",
            "first_name": "Andrew",
            "real_name": "Andrew Bean",
            "display_name": "abean",
            "team": "T86S8GHEG",
            "name": "abean",
            "is_restricted": false,
            "is_ultra_restricted": false
        }
    },
    {
        "client_msg_id": "9292f0ae-c32d-48ed-ad49-0ea78306f461",
        "type": "message",
        "text": "i wonder if if would be faster to do a thermometer encoding with a bunch of &lt; replacing ifs",
        "user": "W81LDDNPM",
        "ts": "1531841814.000553",
        "team": "T86S8GHEG",
        "user_team": "T86S8GHEG",
        "source_team": "T86S8GHEG",
        "user_profile": {
            "avatar_hash": "g86e75ed44d8",
            "image_72": "https:\/\/secure.gravatar.com\/avatar\/586e75ed44d83e02aa496a0c3d6ffc3d.jpg?s=72&d=https%3A%2F%2Fa.slack-edge.com%2Fdf10d%2Fimg%2Favatars%2Fava_0016-72.png",
            "first_name": "Kovas",
            "real_name": "Kovas Boguta",
            "display_name": "kboguta",
            "team": "T86S8GHEG",
            "name": "kboguta",
            "is_restricted": false,
            "is_ultra_restricted": false
        }
    },
    {
        "client_msg_id": "dbc6be03-0879-4e77-8200-9be7fa2d8d00",
        "type": "message",
        "text": "<@W81LDDNPM> not sure how big your sparse layer is but we are seeing 40x1024 for search quality",
        "user": "W81BJEAGZ",
        "ts": "1531841821.000362",
        "team": "T86S8GHEG",
        "user_team": "T86S8GHEG",
        "source_team": "T86S8GHEG",
        "user_profile": {
            "avatar_hash": "45f9fa184373",
            "image_72": "https:\/\/avatars.slack-edge.com\/2019-04-25\/620857384023_45f9fa184373c2c504f5_72.jpg",
            "first_name": "Pavan",
            "real_name": "Pavan Yalamanchili",
            "display_name": "pyalamanchili",
            "team": "T86S8GHEG",
            "name": "pyalamanchili",
            "is_restricted": false,
            "is_ultra_restricted": false
        }
    },
    {
        "client_msg_id": "b902d7b3-6e9f-44bb-9f63-f931a5ea1df2",
        "type": "message",
        "text": "And that's with mdl",
        "user": "W81BJEAGZ",
        "ts": "1531841828.000091",
        "team": "T86S8GHEG",
        "user_team": "T86S8GHEG",
        "source_team": "T86S8GHEG",
        "user_profile": {
            "avatar_hash": "45f9fa184373",
            "image_72": "https:\/\/avatars.slack-edge.com\/2019-04-25\/620857384023_45f9fa184373c2c504f5_72.jpg",
            "first_name": "Pavan",
            "real_name": "Pavan Yalamanchili",
            "display_name": "pyalamanchili",
            "team": "T86S8GHEG",
            "name": "pyalamanchili",
            "is_restricted": false,
            "is_ultra_restricted": false
        }
    },
    {
        "client_msg_id": "d045dc35-3ca9-4c5a-be3f-12b808460057",
        "type": "message",
        "text": "rn we r using size 25",
        "user": "W81LDDNPM",
        "ts": "1531841836.000539",
        "team": "T86S8GHEG",
        "user_team": "T86S8GHEG",
        "source_team": "T86S8GHEG",
        "user_profile": {
            "avatar_hash": "g86e75ed44d8",
            "image_72": "https:\/\/secure.gravatar.com\/avatar\/586e75ed44d83e02aa496a0c3d6ffc3d.jpg?s=72&d=https%3A%2F%2Fa.slack-edge.com%2Fdf10d%2Fimg%2Favatars%2Fava_0016-72.png",
            "first_name": "Kovas",
            "real_name": "Kovas Boguta",
            "display_name": "kboguta",
            "team": "T86S8GHEG",
            "name": "kboguta",
            "is_restricted": false,
            "is_ultra_restricted": false
        }
    },
    {
        "client_msg_id": "7f37c140-49d8-4fb7-954e-2266a83eee6f",
        "type": "message",
        "text": "25 bits?",
        "user": "W81BJEAGZ",
        "ts": "1531841845.000364",
        "team": "T86S8GHEG",
        "user_team": "T86S8GHEG",
        "source_team": "T86S8GHEG",
        "user_profile": {
            "avatar_hash": "45f9fa184373",
            "image_72": "https:\/\/avatars.slack-edge.com\/2019-04-25\/620857384023_45f9fa184373c2c504f5_72.jpg",
            "first_name": "Pavan",
            "real_name": "Pavan Yalamanchili",
            "display_name": "pyalamanchili",
            "team": "T86S8GHEG",
            "name": "pyalamanchili",
            "is_restricted": false,
            "is_ultra_restricted": false
        }
    },
    {
        "client_msg_id": "80445fae-eb53-4c08-a369-107d4fea664f",
        "type": "message",
        "text": "18 bits for # of buckets, size 25 output",
        "user": "W81LDDNPM",
        "ts": "1531841863.000441",
        "team": "T86S8GHEG",
        "user_team": "T86S8GHEG",
        "source_team": "T86S8GHEG",
        "user_profile": {
            "avatar_hash": "g86e75ed44d8",
            "image_72": "https:\/\/secure.gravatar.com\/avatar\/586e75ed44d83e02aa496a0c3d6ffc3d.jpg?s=72&d=https%3A%2F%2Fa.slack-edge.com%2Fdf10d%2Fimg%2Favatars%2Fava_0016-72.png",
            "first_name": "Kovas",
            "real_name": "Kovas Boguta",
            "display_name": "kboguta",
            "team": "T86S8GHEG",
            "name": "kboguta",
            "is_restricted": false,
            "is_ultra_restricted": false
        }
    },
    {
        "client_msg_id": "ff7061d1-7082-4202-9fa4-d8b1a23b36a2",
        "type": "message",
        "text": "but we r not using 'mdl' just maxnorm",
        "user": "W81LDDNPM",
        "ts": "1531841886.000527",
        "team": "T86S8GHEG",
        "user_team": "T86S8GHEG",
        "source_team": "T86S8GHEG",
        "user_profile": {
            "avatar_hash": "g86e75ed44d8",
            "image_72": "https:\/\/secure.gravatar.com\/avatar\/586e75ed44d83e02aa496a0c3d6ffc3d.jpg?s=72&d=https%3A%2F%2Fa.slack-edge.com%2Fdf10d%2Fimg%2Favatars%2Fava_0016-72.png",
            "first_name": "Kovas",
            "real_name": "Kovas Boguta",
            "display_name": "kboguta",
            "team": "T86S8GHEG",
            "name": "kboguta",
            "is_restricted": false,
            "is_ultra_restricted": false
        }
    },
    {
        "client_msg_id": "f07c3152-ccf2-4c1b-bc25-896cfca83b14",
        "type": "message",
        "text": "Ok that's on the order of search quality",
        "user": "W81BJEAGZ",
        "ts": "1531841888.000345",
        "team": "T86S8GHEG",
        "user_team": "T86S8GHEG",
        "source_team": "T86S8GHEG",
        "user_profile": {
            "avatar_hash": "45f9fa184373",
            "image_72": "https:\/\/avatars.slack-edge.com\/2019-04-25\/620857384023_45f9fa184373c2c504f5_72.jpg",
            "first_name": "Pavan",
            "real_name": "Pavan Yalamanchili",
            "display_name": "pyalamanchili",
            "team": "T86S8GHEG",
            "name": "pyalamanchili",
            "is_restricted": false,
            "is_ultra_restricted": false
        }
    },
    {
        "client_msg_id": "1132c353-48db-42a1-bdca-f3000b30f754",
        "type": "message",
        "text": "If you want to try it out let me know we can run a quick test",
        "user": "W81BJEAGZ",
        "ts": "1531841965.000291",
        "team": "T86S8GHEG",
        "user_team": "T86S8GHEG",
        "source_team": "T86S8GHEG",
        "user_profile": {
            "avatar_hash": "45f9fa184373",
            "image_72": "https:\/\/avatars.slack-edge.com\/2019-04-25\/620857384023_45f9fa184373c2c504f5_72.jpg",
            "first_name": "Pavan",
            "real_name": "Pavan Yalamanchili",
            "display_name": "pyalamanchili",
            "team": "T86S8GHEG",
            "name": "pyalamanchili",
            "is_restricted": false,
            "is_ultra_restricted": false
        }
    },
    {
        "client_msg_id": "62a95953-b348-4fe4-acd7-1ed3828df173",
        "type": "message",
        "text": "Oh wait 40x1024 was on gpu",
        "user": "W81BJEAGZ",
        "ts": "1531842002.000187",
        "team": "T86S8GHEG",
        "user_team": "T86S8GHEG",
        "source_team": "T86S8GHEG",
        "user_profile": {
            "avatar_hash": "45f9fa184373",
            "image_72": "https:\/\/avatars.slack-edge.com\/2019-04-25\/620857384023_45f9fa184373c2c504f5_72.jpg",
            "first_name": "Pavan",
            "real_name": "Pavan Yalamanchili",
            "display_name": "pyalamanchili",
            "team": "T86S8GHEG",
            "name": "pyalamanchili",
            "is_restricted": false,
            "is_ultra_restricted": false
        }
    },
    {
        "client_msg_id": "37cc0603-2fc9-4cc5-9f18-22fad38612af",
        "type": "message",
        "text": "33x1024 on cpus",
        "user": "W81BJEAGZ",
        "ts": "1531842024.000250",
        "team": "T86S8GHEG",
        "user_team": "T86S8GHEG",
        "source_team": "T86S8GHEG",
        "user_profile": {
            "avatar_hash": "45f9fa184373",
            "image_72": "https:\/\/avatars.slack-edge.com\/2019-04-25\/620857384023_45f9fa184373c2c504f5_72.jpg",
            "first_name": "Pavan",
            "real_name": "Pavan Yalamanchili",
            "display_name": "pyalamanchili",
            "team": "T86S8GHEG",
            "name": "pyalamanchili",
            "is_restricted": false,
            "is_ultra_restricted": false
        }
    },
    {
        "client_msg_id": "19b1d476-74ff-4b76-a254-99623a81f7c9",
        "type": "message",
        "text": "i tried a few forms of local parallelism using threads and got basically no speedup",
        "user": "W81LDDNPM",
        "ts": "1531842031.000571",
        "team": "T86S8GHEG",
        "user_team": "T86S8GHEG",
        "source_team": "T86S8GHEG",
        "user_profile": {
            "avatar_hash": "g86e75ed44d8",
            "image_72": "https:\/\/secure.gravatar.com\/avatar\/586e75ed44d83e02aa496a0c3d6ffc3d.jpg?s=72&d=https%3A%2F%2Fa.slack-edge.com%2Fdf10d%2Fimg%2Favatars%2Fava_0016-72.png",
            "first_name": "Kovas",
            "real_name": "Kovas Boguta",
            "display_name": "kboguta",
            "team": "T86S8GHEG",
            "name": "kboguta",
            "is_restricted": false,
            "is_ultra_restricted": false
        }
    },
    {
        "client_msg_id": "041bed9f-5d42-4515-abbe-c8d15cd7a4fe",
        "type": "message",
        "text": "Yeah if the graph doesn't have too many parallel branches tensorflow won't speed it up",
        "user": "W81BJEAGZ",
        "ts": "1531842065.000579",
        "team": "T86S8GHEG",
        "user_team": "T86S8GHEG",
        "source_team": "T86S8GHEG",
        "user_profile": {
            "avatar_hash": "45f9fa184373",
            "image_72": "https:\/\/avatars.slack-edge.com\/2019-04-25\/620857384023_45f9fa184373c2c504f5_72.jpg",
            "first_name": "Pavan",
            "real_name": "Pavan Yalamanchili",
            "display_name": "pyalamanchili",
            "team": "T86S8GHEG",
            "name": "pyalamanchili",
            "is_restricted": false,
            "is_ultra_restricted": false
        }
    },
    {
        "client_msg_id": "b4c09e51-bcd0-420c-8cbe-76397c684ff1",
        "type": "message",
        "text": "Only way to get that is to use data parallelism",
        "user": "W81BJEAGZ",
        "ts": "1531842085.000160",
        "team": "T86S8GHEG",
        "user_team": "T86S8GHEG",
        "source_team": "T86S8GHEG",
        "user_profile": {
            "avatar_hash": "45f9fa184373",
            "image_72": "https:\/\/avatars.slack-edge.com\/2019-04-25\/620857384023_45f9fa184373c2c504f5_72.jpg",
            "first_name": "Pavan",
            "real_name": "Pavan Yalamanchili",
            "display_name": "pyalamanchili",
            "team": "T86S8GHEG",
            "name": "pyalamanchili",
            "is_restricted": false,
            "is_ultra_restricted": false
        }
    },
    {
        "client_msg_id": "d9a4f86f-42ae-42df-a983-dba8f87c0804",
        "type": "message",
        "text": "yeah, that is what i was doing",
        "user": "W81LDDNPM",
        "ts": "1531842091.000311",
        "team": "T86S8GHEG",
        "user_team": "T86S8GHEG",
        "source_team": "T86S8GHEG",
        "user_profile": {
            "avatar_hash": "g86e75ed44d8",
            "image_72": "https:\/\/secure.gravatar.com\/avatar\/586e75ed44d83e02aa496a0c3d6ffc3d.jpg?s=72&d=https%3A%2F%2Fa.slack-edge.com%2Fdf10d%2Fimg%2Favatars%2Fava_0016-72.png",
            "first_name": "Kovas",
            "real_name": "Kovas Boguta",
            "display_name": "kboguta",
            "team": "T86S8GHEG",
            "name": "kboguta",
            "is_restricted": false,
            "is_ultra_restricted": false
        }
    },
    {
        "client_msg_id": "2c781bb3-a82c-47ce-a7f1-70af47414254",
        "type": "message",
        "text": "Their intra op parallelism is a joke",
        "user": "W81BJEAGZ",
        "ts": "1531842093.000408",
        "team": "T86S8GHEG",
        "user_team": "T86S8GHEG",
        "source_team": "T86S8GHEG",
        "user_profile": {
            "avatar_hash": "45f9fa184373",
            "image_72": "https:\/\/avatars.slack-edge.com\/2019-04-25\/620857384023_45f9fa184373c2c504f5_72.jpg",
            "first_name": "Pavan",
            "real_name": "Pavan Yalamanchili",
            "display_name": "pyalamanchili",
            "team": "T86S8GHEG",
            "name": "pyalamanchili",
            "is_restricted": false,
            "is_ultra_restricted": false
        }
    },
    {
        "client_msg_id": "6fbc0210-8e5c-4b8e-96a2-aed6ae3a6d8d",
        "type": "message",
        "text": "Especially for sparse layers ",
        "user": "W81BJEAGZ",
        "ts": "1531842102.000492",
        "team": "T86S8GHEG",
        "user_team": "T86S8GHEG",
        "source_team": "T86S8GHEG",
        "user_profile": {
            "avatar_hash": "45f9fa184373",
            "image_72": "https:\/\/avatars.slack-edge.com\/2019-04-25\/620857384023_45f9fa184373c2c504f5_72.jpg",
            "first_name": "Pavan",
            "real_name": "Pavan Yalamanchili",
            "display_name": "pyalamanchili",
            "team": "T86S8GHEG",
            "name": "pyalamanchili",
            "is_restricted": false,
            "is_ultra_restricted": false
        }
    },
    {
        "client_msg_id": "56d682bd-7a90-480d-8bc8-d1a95828f6bb",
        "type": "message",
        "text": "It doesn't do anything",
        "user": "W81BJEAGZ",
        "ts": "1531842109.000107",
        "team": "T86S8GHEG",
        "user_team": "T86S8GHEG",
        "source_team": "T86S8GHEG",
        "user_profile": {
            "avatar_hash": "45f9fa184373",
            "image_72": "https:\/\/avatars.slack-edge.com\/2019-04-25\/620857384023_45f9fa184373c2c504f5_72.jpg",
            "first_name": "Pavan",
            "real_name": "Pavan Yalamanchili",
            "display_name": "pyalamanchili",
            "team": "T86S8GHEG",
            "name": "pyalamanchili",
            "is_restricted": false,
            "is_ultra_restricted": false
        }
    },
    {
        "client_msg_id": "8352ffeb-622b-4c50-97de-3dcbedbf4cb6",
        "type": "message",
        "text": "playing with intraop had no effect for me as well",
        "user": "W81LDDNPM",
        "ts": "1531842214.000528",
        "team": "T86S8GHEG",
        "user_team": "T86S8GHEG",
        "source_team": "T86S8GHEG",
        "user_profile": {
            "avatar_hash": "g86e75ed44d8",
            "image_72": "https:\/\/secure.gravatar.com\/avatar\/586e75ed44d83e02aa496a0c3d6ffc3d.jpg?s=72&d=https%3A%2F%2Fa.slack-edge.com%2Fdf10d%2Fimg%2Favatars%2Fava_0016-72.png",
            "first_name": "Kovas",
            "real_name": "Kovas Boguta",
            "display_name": "kboguta",
            "team": "T86S8GHEG",
            "name": "kboguta",
            "is_restricted": false,
            "is_ultra_restricted": false
        }
    },
    {
        "client_msg_id": "4761ff15-3a71-470a-8abb-c74001191857",
        "type": "message",
        "text": "though interestingly the only measurable difference i could find was between inter_op =1 vs inter_op = 2",
        "user": "W81LDDNPM",
        "ts": "1531842245.000190",
        "team": "T86S8GHEG",
        "user_team": "T86S8GHEG",
        "source_team": "T86S8GHEG",
        "user_profile": {
            "avatar_hash": "g86e75ed44d8",
            "image_72": "https:\/\/secure.gravatar.com\/avatar\/586e75ed44d83e02aa496a0c3d6ffc3d.jpg?s=72&d=https%3A%2F%2Fa.slack-edge.com%2Fdf10d%2Fimg%2Favatars%2Fava_0016-72.png",
            "first_name": "Kovas",
            "real_name": "Kovas Boguta",
            "display_name": "kboguta",
            "team": "T86S8GHEG",
            "name": "kboguta",
            "is_restricted": false,
            "is_ultra_restricted": false
        }
    },
    {
        "client_msg_id": "1d32ccce-ae10-4200-b3e7-17b267dfac8b",
        "type": "message",
        "text": "Yeah it probably is because of of a few ops insidemax norm and sparse layers",
        "user": "W81BJEAGZ",
        "ts": "1531842293.000538",
        "team": "T86S8GHEG",
        "user_team": "T86S8GHEG",
        "source_team": "T86S8GHEG",
        "user_profile": {
            "avatar_hash": "45f9fa184373",
            "image_72": "https:\/\/avatars.slack-edge.com\/2019-04-25\/620857384023_45f9fa184373c2c504f5_72.jpg",
            "first_name": "Pavan",
            "real_name": "Pavan Yalamanchili",
            "display_name": "pyalamanchili",
            "team": "T86S8GHEG",
            "name": "pyalamanchili",
            "is_restricted": false,
            "is_ultra_restricted": false
        }
    },
    {
        "client_msg_id": "e42ab723-db1c-44ce-be1d-7c649f5981bf",
        "type": "message",
        "text": "i do wonder if it ends up hitting some lock internally",
        "user": "W81LDDNPM",
        "ts": "1531842296.000371",
        "team": "T86S8GHEG",
        "user_team": "T86S8GHEG",
        "source_team": "T86S8GHEG",
        "user_profile": {
            "avatar_hash": "g86e75ed44d8",
            "image_72": "https:\/\/secure.gravatar.com\/avatar\/586e75ed44d83e02aa496a0c3d6ffc3d.jpg?s=72&d=https%3A%2F%2Fa.slack-edge.com%2Fdf10d%2Fimg%2Favatars%2Fava_0016-72.png",
            "first_name": "Kovas",
            "real_name": "Kovas Boguta",
            "display_name": "kboguta",
            "team": "T86S8GHEG",
            "name": "kboguta",
            "is_restricted": false,
            "is_ultra_restricted": false
        }
    },
    {
        "client_msg_id": "b36afa11-8e87-4252-9530-9a5f45973daa",
        "type": "message",
        "text": "Every thing else is sequential",
        "user": "W81BJEAGZ",
        "ts": "1531842300.000590",
        "team": "T86S8GHEG",
        "user_team": "T86S8GHEG",
        "source_team": "T86S8GHEG",
        "user_profile": {
            "avatar_hash": "45f9fa184373",
            "image_72": "https:\/\/avatars.slack-edge.com\/2019-04-25\/620857384023_45f9fa184373c2c504f5_72.jpg",
            "first_name": "Pavan",
            "real_name": "Pavan Yalamanchili",
            "display_name": "pyalamanchili",
            "team": "T86S8GHEG",
            "name": "pyalamanchili",
            "is_restricted": false,
            "is_ultra_restricted": false
        }
    },
    {
        "client_msg_id": "820983b4-b472-4b96-a426-0ffa4e752414",
        "type": "message",
        "text": "Inter op won't help much if your graph is sequential",
        "user": "W81BJEAGZ",
        "ts": "1531842336.000047",
        "team": "T86S8GHEG",
        "user_team": "T86S8GHEG",
        "source_team": "T86S8GHEG",
        "user_profile": {
            "avatar_hash": "45f9fa184373",
            "image_72": "https:\/\/avatars.slack-edge.com\/2019-04-25\/620857384023_45f9fa184373c2c504f5_72.jpg",
            "first_name": "Pavan",
            "real_name": "Pavan Yalamanchili",
            "display_name": "pyalamanchili",
            "team": "T86S8GHEG",
            "name": "pyalamanchili",
            "is_restricted": false,
            "is_ultra_restricted": false
        }
    },
    {
        "client_msg_id": "28cfbfc2-0c10-4489-9005-b186945d50a9",
        "type": "message",
        "text": "See if you can split your sparse layer ",
        "user": "W81BJEAGZ",
        "ts": "1531842351.000218",
        "team": "T86S8GHEG",
        "user_team": "T86S8GHEG",
        "source_team": "T86S8GHEG",
        "user_profile": {
            "avatar_hash": "45f9fa184373",
            "image_72": "https:\/\/avatars.slack-edge.com\/2019-04-25\/620857384023_45f9fa184373c2c504f5_72.jpg",
            "first_name": "Pavan",
            "real_name": "Pavan Yalamanchili",
            "display_name": "pyalamanchili",
            "team": "T86S8GHEG",
            "name": "pyalamanchili",
            "is_restricted": false,
            "is_ultra_restricted": false
        }
    },
    {
        "client_msg_id": "d23893e5-bd07-4374-acbd-43a6214fd0b8",
        "type": "message",
        "text": "is that what partioned variables is about?",
        "user": "W81LDDNPM",
        "ts": "1531842377.000051",
        "team": "T86S8GHEG",
        "user_team": "T86S8GHEG",
        "source_team": "T86S8GHEG",
        "user_profile": {
            "avatar_hash": "g86e75ed44d8",
            "image_72": "https:\/\/secure.gravatar.com\/avatar\/586e75ed44d83e02aa496a0c3d6ffc3d.jpg?s=72&d=https%3A%2F%2Fa.slack-edge.com%2Fdf10d%2Fimg%2Favatars%2Fava_0016-72.png",
            "first_name": "Kovas",
            "real_name": "Kovas Boguta",
            "display_name": "kboguta",
            "team": "T86S8GHEG",
            "name": "kboguta",
            "is_restricted": false,
            "is_ultra_restricted": false
        }
    },
    {
        "client_msg_id": "fc11253e-c56f-4873-8ec7-4e97f140c66e",
        "type": "message",
        "text": "never understood that",
        "user": "W81LDDNPM",
        "ts": "1531842379.000290",
        "team": "T86S8GHEG",
        "user_team": "T86S8GHEG",
        "source_team": "T86S8GHEG",
        "user_profile": {
            "avatar_hash": "g86e75ed44d8",
            "image_72": "https:\/\/secure.gravatar.com\/avatar\/586e75ed44d83e02aa496a0c3d6ffc3d.jpg?s=72&d=https%3A%2F%2Fa.slack-edge.com%2Fdf10d%2Fimg%2Favatars%2Fava_0016-72.png",
            "first_name": "Kovas",
            "real_name": "Kovas Boguta",
            "display_name": "kboguta",
            "team": "T86S8GHEG",
            "name": "kboguta",
            "is_restricted": false,
            "is_ultra_restricted": false
        }
    },
    {
        "client_msg_id": "3543f7cb-090a-4d83-8064-e2395a685f0c",
        "type": "message",
        "text": "Even they don't help much",
        "user": "W81BJEAGZ",
        "ts": "1531842397.000448",
        "team": "T86S8GHEG",
        "user_team": "T86S8GHEG",
        "source_team": "T86S8GHEG",
        "user_profile": {
            "avatar_hash": "45f9fa184373",
            "image_72": "https:\/\/avatars.slack-edge.com\/2019-04-25\/620857384023_45f9fa184373c2c504f5_72.jpg",
            "first_name": "Pavan",
            "real_name": "Pavan Yalamanchili",
            "display_name": "pyalamanchili",
            "team": "T86S8GHEG",
            "name": "pyalamanchili",
            "is_restricted": false,
            "is_ultra_restricted": false
        }
    },
    {
        "client_msg_id": "02980408-c167-4a6f-8260-42c819a286cc",
        "type": "message",
        "text": "Tensortlow is being aggressive when accumulating them",
        "user": "W81BJEAGZ",
        "ts": "1531842411.000024",
        "team": "T86S8GHEG",
        "user_team": "T86S8GHEG",
        "source_team": "T86S8GHEG",
        "user_profile": {
            "avatar_hash": "45f9fa184373",
            "image_72": "https:\/\/avatars.slack-edge.com\/2019-04-25\/620857384023_45f9fa184373c2c504f5_72.jpg",
            "first_name": "Pavan",
            "real_name": "Pavan Yalamanchili",
            "display_name": "pyalamanchili",
            "team": "T86S8GHEG",
            "name": "pyalamanchili",
            "is_restricted": false,
            "is_ultra_restricted": false
        }
    },
    {
        "client_msg_id": "789baba0-3cf6-4525-af2c-c3f8b84ebae2",
        "type": "message",
        "text": "I tried this a while ago",
        "user": "W81BJEAGZ",
        "ts": "1531842418.000066",
        "team": "T86S8GHEG",
        "user_team": "T86S8GHEG",
        "source_team": "T86S8GHEG",
        "user_profile": {
            "avatar_hash": "45f9fa184373",
            "image_72": "https:\/\/avatars.slack-edge.com\/2019-04-25\/620857384023_45f9fa184373c2c504f5_72.jpg",
            "first_name": "Pavan",
            "real_name": "Pavan Yalamanchili",
            "display_name": "pyalamanchili",
            "team": "T86S8GHEG",
            "name": "pyalamanchili",
            "is_restricted": false,
            "is_ultra_restricted": false
        }
    },
    {
        "client_msg_id": "9ad60f56-aebf-4e38-ab54-a3ecc79c93b6",
        "type": "message",
        "text": "'Tensortlow is being aggressive when accumulating them' what does that mean?",
        "user": "W81LDDNPM",
        "ts": "1531842425.000543",
        "team": "T86S8GHEG",
        "user_team": "T86S8GHEG",
        "source_team": "T86S8GHEG",
        "user_profile": {
            "avatar_hash": "g86e75ed44d8",
            "image_72": "https:\/\/secure.gravatar.com\/avatar\/586e75ed44d83e02aa496a0c3d6ffc3d.jpg?s=72&d=https%3A%2F%2Fa.slack-edge.com%2Fdf10d%2Fimg%2Favatars%2Fava_0016-72.png",
            "first_name": "Kovas",
            "real_name": "Kovas Boguta",
            "display_name": "kboguta",
            "team": "T86S8GHEG",
            "name": "kboguta",
            "is_restricted": false,
            "is_ultra_restricted": false
        }
    },
    {
        "client_msg_id": "7798707a-7bed-4f33-b5bd-4d835f85ab9e",
        "type": "message",
        "text": "Like if variable a is partitioned",
        "user": "W81BJEAGZ",
        "ts": "1531842441.000197",
        "team": "T86S8GHEG",
        "user_team": "T86S8GHEG",
        "source_team": "T86S8GHEG",
        "user_profile": {
            "avatar_hash": "45f9fa184373",
            "image_72": "https:\/\/avatars.slack-edge.com\/2019-04-25\/620857384023_45f9fa184373c2c504f5_72.jpg",
            "first_name": "Pavan",
            "real_name": "Pavan Yalamanchili",
            "display_name": "pyalamanchili",
            "team": "T86S8GHEG",
            "name": "pyalamanchili",
            "is_restricted": false,
            "is_ultra_restricted": false
        }
    },
    {
        "client_msg_id": "04e5bc2b-a2a9-4677-b653-dfed22fc0360",
        "type": "message",
        "text": "And you have another tensor b",
        "user": "W81BJEAGZ",
        "ts": "1531842448.000618",
        "team": "T86S8GHEG",
        "user_team": "T86S8GHEG",
        "source_team": "T86S8GHEG",
        "user_profile": {
            "avatar_hash": "45f9fa184373",
            "image_72": "https:\/\/avatars.slack-edge.com\/2019-04-25\/620857384023_45f9fa184373c2c504f5_72.jpg",
            "first_name": "Pavan",
            "real_name": "Pavan Yalamanchili",
            "display_name": "pyalamanchili",
            "team": "T86S8GHEG",
            "name": "pyalamanchili",
            "is_restricted": false,
            "is_ultra_restricted": false
        }
    },
    {
        "client_msg_id": "102ad6c7-a88d-4986-84ff-a8f2f0e08ac1",
        "type": "message",
        "text": "If you do a * b",
        "user": "W81BJEAGZ",
        "ts": "1531842455.000401",
        "team": "T86S8GHEG",
        "user_team": "T86S8GHEG",
        "source_team": "T86S8GHEG",
        "user_profile": {
            "avatar_hash": "45f9fa184373",
            "image_72": "https:\/\/avatars.slack-edge.com\/2019-04-25\/620857384023_45f9fa184373c2c504f5_72.jpg",
            "first_name": "Pavan",
            "real_name": "Pavan Yalamanchili",
            "display_name": "pyalamanchili",
            "team": "T86S8GHEG",
            "name": "pyalamanchili",
            "is_restricted": false,
            "is_ultra_restricted": false
        }
    },
    {
        "client_msg_id": "54fb4a83-8167-438e-a218-86322ea4c910",
        "type": "message",
        "text": "It combines all.partitions of a before multiplication",
        "user": "W81BJEAGZ",
        "ts": "1531842468.000509",
        "team": "T86S8GHEG",
        "user_team": "T86S8GHEG",
        "source_team": "T86S8GHEG",
        "user_profile": {
            "avatar_hash": "45f9fa184373",
            "image_72": "https:\/\/avatars.slack-edge.com\/2019-04-25\/620857384023_45f9fa184373c2c504f5_72.jpg",
            "first_name": "Pavan",
            "real_name": "Pavan Yalamanchili",
            "display_name": "pyalamanchili",
            "team": "T86S8GHEG",
            "name": "pyalamanchili",
            "is_restricted": false,
            "is_ultra_restricted": false
        }
    },
    {
        "client_msg_id": "f4960793-8812-43f2-9aa3-e2ed5d78f2b4",
        "type": "message",
        "text": "i c",
        "user": "W81LDDNPM",
        "ts": "1531842472.000595",
        "team": "T86S8GHEG",
        "user_team": "T86S8GHEG",
        "source_team": "T86S8GHEG",
        "user_profile": {
            "avatar_hash": "g86e75ed44d8",
            "image_72": "https:\/\/secure.gravatar.com\/avatar\/586e75ed44d83e02aa496a0c3d6ffc3d.jpg?s=72&d=https%3A%2F%2Fa.slack-edge.com%2Fdf10d%2Fimg%2Favatars%2Fava_0016-72.png",
            "first_name": "Kovas",
            "real_name": "Kovas Boguta",
            "display_name": "kboguta",
            "team": "T86S8GHEG",
            "name": "kboguta",
            "is_restricted": false,
            "is_ultra_restricted": false
        }
    },
    {
        "client_msg_id": "e0d8181d-0a67-4140-8cd4-94d9c8c8a3bb",
        "type": "message",
        "text": "Rather than partition b",
        "user": "W81BJEAGZ",
        "ts": "1531842477.000405",
        "team": "T86S8GHEG",
        "user_team": "T86S8GHEG",
        "source_team": "T86S8GHEG",
        "user_profile": {
            "avatar_hash": "45f9fa184373",
            "image_72": "https:\/\/avatars.slack-edge.com\/2019-04-25\/620857384023_45f9fa184373c2c504f5_72.jpg",
            "first_name": "Pavan",
            "real_name": "Pavan Yalamanchili",
            "display_name": "pyalamanchili",
            "team": "T86S8GHEG",
            "name": "pyalamanchili",
            "is_restricted": false,
            "is_ultra_restricted": false
        }
    },
    {
        "client_msg_id": "3f80f4b2-1378-47bc-8498-1416f75a9e38",
        "type": "message",
        "text": "I ended up manually managing the TF threadpool and telling each parallel sess.run which thread to use",
        "user": "W81LDDNPM",
        "ts": "1531842526.000632",
        "team": "T86S8GHEG",
        "user_team": "T86S8GHEG",
        "source_team": "T86S8GHEG",
        "user_profile": {
            "avatar_hash": "g86e75ed44d8",
            "image_72": "https:\/\/secure.gravatar.com\/avatar\/586e75ed44d83e02aa496a0c3d6ffc3d.jpg?s=72&d=https%3A%2F%2Fa.slack-edge.com%2Fdf10d%2Fimg%2Favatars%2Fava_0016-72.png",
            "first_name": "Kovas",
            "real_name": "Kovas Boguta",
            "display_name": "kboguta",
            "team": "T86S8GHEG",
            "name": "kboguta",
            "is_restricted": false,
            "is_ultra_restricted": false
        }
    },
    {
        "client_msg_id": "819b1135-0270-45ba-904e-bacc23ef12cb",
        "type": "message",
        "text": "with no difference compared to plain old estimator training",
        "user": "W81LDDNPM",
        "ts": "1531842551.000104",
        "team": "T86S8GHEG",
        "user_team": "T86S8GHEG",
        "source_team": "T86S8GHEG",
        "user_profile": {
            "avatar_hash": "g86e75ed44d8",
            "image_72": "https:\/\/secure.gravatar.com\/avatar\/586e75ed44d83e02aa496a0c3d6ffc3d.jpg?s=72&d=https%3A%2F%2Fa.slack-edge.com%2Fdf10d%2Fimg%2Favatars%2Fava_0016-72.png",
            "first_name": "Kovas",
            "real_name": "Kovas Boguta",
            "display_name": "kboguta",
            "team": "T86S8GHEG",
            "name": "kboguta",
            "is_restricted": false,
            "is_ultra_restricted": false
        }
    },
    {
        "client_msg_id": "151309fb-803c-44f7-a53a-c22cef33f6d7",
        "type": "message",
        "text": "so either some mechanism is broken or there is something internally is blocking",
        "user": "W81LDDNPM",
        "ts": "1531842587.000615",
        "team": "T86S8GHEG",
        "user_team": "T86S8GHEG",
        "source_team": "T86S8GHEG",
        "user_profile": {
            "avatar_hash": "g86e75ed44d8",
            "image_72": "https:\/\/secure.gravatar.com\/avatar\/586e75ed44d83e02aa496a0c3d6ffc3d.jpg?s=72&d=https%3A%2F%2Fa.slack-edge.com%2Fdf10d%2Fimg%2Favatars%2Fava_0016-72.png",
            "first_name": "Kovas",
            "real_name": "Kovas Boguta",
            "display_name": "kboguta",
            "team": "T86S8GHEG",
            "name": "kboguta",
            "is_restricted": false,
            "is_ultra_restricted": false
        }
    },
    {
        "client_msg_id": "76ccfd52-a5bb-46dd-8898-79f853a6b180",
        "type": "message",
        "text": "What was each session evaluating ?",
        "user": "W81BJEAGZ",
        "ts": "1531842805.000595",
        "team": "T86S8GHEG",
        "user_team": "T86S8GHEG",
        "source_team": "T86S8GHEG",
        "user_profile": {
            "avatar_hash": "45f9fa184373",
            "image_72": "https:\/\/avatars.slack-edge.com\/2019-04-25\/620857384023_45f9fa184373c2c504f5_72.jpg",
            "first_name": "Pavan",
            "real_name": "Pavan Yalamanchili",
            "display_name": "pyalamanchili",
            "team": "T86S8GHEG",
            "name": "pyalamanchili",
            "is_restricted": false,
            "is_ultra_restricted": false
        }
    },
    {
        "client_msg_id": "2b2e424f-ef8a-444e-b66a-aaf20fbc6100",
        "type": "message",
        "text": "the train_op from the estimator spec",
        "user": "W81LDDNPM",
        "ts": "1531842819.000426",
        "team": "T86S8GHEG",
        "user_team": "T86S8GHEG",
        "source_team": "T86S8GHEG",
        "user_profile": {
            "avatar_hash": "g86e75ed44d8",
            "image_72": "https:\/\/secure.gravatar.com\/avatar\/586e75ed44d83e02aa496a0c3d6ffc3d.jpg?s=72&d=https%3A%2F%2Fa.slack-edge.com%2Fdf10d%2Fimg%2Favatars%2Fava_0016-72.png",
            "first_name": "Kovas",
            "real_name": "Kovas Boguta",
            "display_name": "kboguta",
            "team": "T86S8GHEG",
            "name": "kboguta",
            "is_restricted": false,
            "is_ultra_restricted": false
        }
    },
    {
        "client_msg_id": "bcf9e05a-e642-40dd-a4b0-cdb72cf08530",
        "type": "message",
        "text": "FYI a neat trick is to get the scaffold off the estimator spec, finalize and run its init ops",
        "user": "W81LDDNPM",
        "ts": "1531842857.000030",
        "team": "T86S8GHEG",
        "user_team": "T86S8GHEG",
        "source_team": "T86S8GHEG",
        "user_profile": {
            "avatar_hash": "g86e75ed44d8",
            "image_72": "https:\/\/secure.gravatar.com\/avatar\/586e75ed44d83e02aa496a0c3d6ffc3d.jpg?s=72&d=https%3A%2F%2Fa.slack-edge.com%2Fdf10d%2Fimg%2Favatars%2Fava_0016-72.png",
            "first_name": "Kovas",
            "real_name": "Kovas Boguta",
            "display_name": "kboguta",
            "team": "T86S8GHEG",
            "name": "kboguta",
            "is_restricted": false,
            "is_ultra_restricted": false
        }
    },
    {
        "client_msg_id": "bd857463-c62f-4ab4-94fd-b039947783d3",
        "type": "message",
        "text": "then u can do whatever u want with sess.run",
        "user": "W81LDDNPM",
        "ts": "1531842866.000032",
        "team": "T86S8GHEG",
        "user_team": "T86S8GHEG",
        "source_team": "T86S8GHEG",
        "user_profile": {
            "avatar_hash": "g86e75ed44d8",
            "image_72": "https:\/\/secure.gravatar.com\/avatar\/586e75ed44d83e02aa496a0c3d6ffc3d.jpg?s=72&d=https%3A%2F%2Fa.slack-edge.com%2Fdf10d%2Fimg%2Favatars%2Fava_0016-72.png",
            "first_name": "Kovas",
            "real_name": "Kovas Boguta",
            "display_name": "kboguta",
            "team": "T86S8GHEG",
            "name": "kboguta",
            "is_restricted": false,
            "is_ultra_restricted": false
        }
    },
    {
        "client_msg_id": "4d16e909-479a-4901-8888-457636bc30f0",
        "type": "message",
        "text": "Were you using python threads ?",
        "user": "W81BJEAGZ",
        "ts": "1531842873.000189",
        "team": "T86S8GHEG",
        "user_team": "T86S8GHEG",
        "source_team": "T86S8GHEG",
        "user_profile": {
            "avatar_hash": "45f9fa184373",
            "image_72": "https:\/\/avatars.slack-edge.com\/2019-04-25\/620857384023_45f9fa184373c2c504f5_72.jpg",
            "first_name": "Pavan",
            "real_name": "Pavan Yalamanchili",
            "display_name": "pyalamanchili",
            "team": "T86S8GHEG",
            "name": "pyalamanchili",
            "is_restricted": false,
            "is_ultra_restricted": false
        }
    },
    {
        "client_msg_id": "d68491e4-2fa3-4e62-be43-89cb25027383",
        "type": "message",
        "text": "yeah",
        "user": "W81LDDNPM",
        "ts": "1531842878.000202",
        "team": "T86S8GHEG",
        "user_team": "T86S8GHEG",
        "source_team": "T86S8GHEG",
        "user_profile": {
            "avatar_hash": "g86e75ed44d8",
            "image_72": "https:\/\/secure.gravatar.com\/avatar\/586e75ed44d83e02aa496a0c3d6ffc3d.jpg?s=72&d=https%3A%2F%2Fa.slack-edge.com%2Fdf10d%2Fimg%2Favatars%2Fava_0016-72.png",
            "first_name": "Kovas",
            "real_name": "Kovas Boguta",
            "display_name": "kboguta",
            "team": "T86S8GHEG",
            "name": "kboguta",
            "is_restricted": false,
            "is_ultra_restricted": false
        }
    },
    {
        "client_msg_id": "7ec4531a-a1d9-42c0-9bb1-1592d2cd8422",
        "type": "message",
        "text": "though i also trying using the QueueRunner",
        "user": "W81LDDNPM",
        "ts": "1531842887.000542",
        "team": "T86S8GHEG",
        "user_team": "T86S8GHEG",
        "source_team": "T86S8GHEG",
        "user_profile": {
            "avatar_hash": "g86e75ed44d8",
            "image_72": "https:\/\/secure.gravatar.com\/avatar\/586e75ed44d83e02aa496a0c3d6ffc3d.jpg?s=72&d=https%3A%2F%2Fa.slack-edge.com%2Fdf10d%2Fimg%2Favatars%2Fava_0016-72.png",
            "first_name": "Kovas",
            "real_name": "Kovas Boguta",
            "display_name": "kboguta",
            "team": "T86S8GHEG",
            "name": "kboguta",
            "is_restricted": false,
            "is_ultra_restricted": false
        }
    },
    {
        "client_msg_id": "a9bc9f04-0917-4ddd-809e-2a34d7028c44",
        "type": "message",
        "text": "Session.run is a blocking call",
        "user": "W81BJEAGZ",
        "ts": "1531842890.000203",
        "team": "T86S8GHEG",
        "user_team": "T86S8GHEG",
        "source_team": "T86S8GHEG",
        "user_profile": {
            "avatar_hash": "45f9fa184373",
            "image_72": "https:\/\/avatars.slack-edge.com\/2019-04-25\/620857384023_45f9fa184373c2c504f5_72.jpg",
            "first_name": "Pavan",
            "real_name": "Pavan Yalamanchili",
            "display_name": "pyalamanchili",
            "team": "T86S8GHEG",
            "name": "pyalamanchili",
            "is_restricted": false,
            "is_ultra_restricted": false
        }
    },
    {
        "client_msg_id": "57d39265-f399-489b-910b-5414c57e2f11",
        "type": "message",
        "text": "does it release the GIL though? i though that should work",
        "user": "W81LDDNPM",
        "ts": "1531842916.000490",
        "team": "T86S8GHEG",
        "user_team": "T86S8GHEG",
        "source_team": "T86S8GHEG",
        "user_profile": {
            "avatar_hash": "g86e75ed44d8",
            "image_72": "https:\/\/secure.gravatar.com\/avatar\/586e75ed44d83e02aa496a0c3d6ffc3d.jpg?s=72&d=https%3A%2F%2Fa.slack-edge.com%2Fdf10d%2Fimg%2Favatars%2Fava_0016-72.png",
            "first_name": "Kovas",
            "real_name": "Kovas Boguta",
            "display_name": "kboguta",
            "team": "T86S8GHEG",
            "name": "kboguta",
            "is_restricted": false,
            "is_ultra_restricted": false
        }
    },
    {
        "client_msg_id": "86e0cadd-ead0-4748-9b3a-0e257eef9ac7",
        "type": "message",
        "text": "And python threads run one at a time because of gil",
        "user": "W81BJEAGZ",
        "ts": "1531842920.000346",
        "team": "T86S8GHEG",
        "user_team": "T86S8GHEG",
        "source_team": "T86S8GHEG",
        "user_profile": {
            "avatar_hash": "45f9fa184373",
            "image_72": "https:\/\/avatars.slack-edge.com\/2019-04-25\/620857384023_45f9fa184373c2c504f5_72.jpg",
            "first_name": "Pavan",
            "real_name": "Pavan Yalamanchili",
            "display_name": "pyalamanchili",
            "team": "T86S8GHEG",
            "name": "pyalamanchili",
            "is_restricted": false,
            "is_ultra_restricted": false
        }
    },
    {
        "client_msg_id": "8b7442e8-9d05-4772-85e5-366865c4d913",
        "type": "message",
        "text": "i did some simple tests with another op and it did work as expected",
        "user": "W81LDDNPM",
        "ts": "1531842936.000586",
        "team": "T86S8GHEG",
        "user_team": "T86S8GHEG",
        "source_team": "T86S8GHEG",
        "user_profile": {
            "avatar_hash": "g86e75ed44d8",
            "image_72": "https:\/\/secure.gravatar.com\/avatar\/586e75ed44d83e02aa496a0c3d6ffc3d.jpg?s=72&d=https%3A%2F%2Fa.slack-edge.com%2Fdf10d%2Fimg%2Favatars%2Fava_0016-72.png",
            "first_name": "Kovas",
            "real_name": "Kovas Boguta",
            "display_name": "kboguta",
            "team": "T86S8GHEG",
            "name": "kboguta",
            "is_restricted": false,
            "is_ultra_restricted": false
        }
    },
    {
        "client_msg_id": "106e34b8-2324-40b9-b0ec-bbabe541d925",
        "type": "message",
        "text": "(in terms of speedup)",
        "user": "W81LDDNPM",
        "ts": "1531842944.000423",
        "team": "T86S8GHEG",
        "user_team": "T86S8GHEG",
        "source_team": "T86S8GHEG",
        "user_profile": {
            "avatar_hash": "g86e75ed44d8",
            "image_72": "https:\/\/secure.gravatar.com\/avatar\/586e75ed44d83e02aa496a0c3d6ffc3d.jpg?s=72&d=https%3A%2F%2Fa.slack-edge.com%2Fdf10d%2Fimg%2Favatars%2Fava_0016-72.png",
            "first_name": "Kovas",
            "real_name": "Kovas Boguta",
            "display_name": "kboguta",
            "team": "T86S8GHEG",
            "name": "kboguta",
            "is_restricted": false,
            "is_ultra_restricted": false
        }
    },
    {
        "client_msg_id": "f9a4d2c3-4251-40fc-a06a-8cdf1aa56629",
        "type": "message",
        "text": "Not sure if session releases gil",
        "user": "W81BJEAGZ",
        "ts": "1531842949.000007",
        "team": "T86S8GHEG",
        "user_team": "T86S8GHEG",
        "source_team": "T86S8GHEG",
        "user_profile": {
            "avatar_hash": "45f9fa184373",
            "image_72": "https:\/\/avatars.slack-edge.com\/2019-04-25\/620857384023_45f9fa184373c2c504f5_72.jpg",
            "first_name": "Pavan",
            "real_name": "Pavan Yalamanchili",
            "display_name": "pyalamanchili",
            "team": "T86S8GHEG",
            "name": "pyalamanchili",
            "is_restricted": false,
            "is_ultra_restricted": false
        }
    },
    {
        "client_msg_id": "bd4fc3c3-5e2e-492e-b426-df5afea049cd",
        "type": "message",
        "text": "Have to look into it",
        "user": "W81BJEAGZ",
        "ts": "1531842953.000483",
        "team": "T86S8GHEG",
        "user_team": "T86S8GHEG",
        "source_team": "T86S8GHEG",
        "user_profile": {
            "avatar_hash": "45f9fa184373",
            "image_72": "https:\/\/avatars.slack-edge.com\/2019-04-25\/620857384023_45f9fa184373c2c504f5_72.jpg",
            "first_name": "Pavan",
            "real_name": "Pavan Yalamanchili",
            "display_name": "pyalamanchili",
            "team": "T86S8GHEG",
            "name": "pyalamanchili",
            "is_restricted": false,
            "is_ultra_restricted": false
        }
    },
    {
        "client_msg_id": "12a371af-9489-45f4-a36a-a88f32ff5e0a",
        "type": "message",
        "text": "<https:\/\/stackoverflow.com\/questions\/34419645\/asynchronous-computation-in-tensorflow\/34420169#34420169>",
        "user": "W81LDDNPM",
        "ts": "1531843217.000243",
        "team": "T86S8GHEG",
        "user_team": "T86S8GHEG",
        "source_team": "T86S8GHEG",
        "user_profile": {
            "avatar_hash": "g86e75ed44d8",
            "image_72": "https:\/\/secure.gravatar.com\/avatar\/586e75ed44d83e02aa496a0c3d6ffc3d.jpg?s=72&d=https%3A%2F%2Fa.slack-edge.com%2Fdf10d%2Fimg%2Favatars%2Fava_0016-72.png",
            "first_name": "Kovas",
            "real_name": "Kovas Boguta",
            "display_name": "kboguta",
            "team": "T86S8GHEG",
            "name": "kboguta",
            "is_restricted": false,
            "is_ultra_restricted": false
        },
        "attachments": [
            {
                "service_name": "Stack Overflow",
                "title": "Asynchronous computation in TensorFlow",
                "title_link": "https:\/\/stackoverflow.com\/questions\/34419645\/asynchronous-computation-in-tensorflow\/34420169#34420169",
                "text": "Recently I've been toying with TensorFlow and I mentioned that the framework is not able to use all my available computational resources. In Convolutional Neural Networks tutorial they mention that...",
                "fallback": "Stack Overflow: Asynchronous computation in TensorFlow",
                "thumb_url": "https:\/\/cdn.sstatic.net\/Sites\/stackoverflow\/img\/apple-touch-icon@2.png?v=73d79a89bded",
                "from_url": "https:\/\/stackoverflow.com\/questions\/34419645\/asynchronous-computation-in-tensorflow\/34420169#34420169",
                "thumb_width": 316,
                "thumb_height": 316,
                "service_icon": "https:\/\/cdn.sstatic.net\/Sites\/stackoverflow\/img\/favicon.ico?v=4f32ecc8f43d",
                "id": 1,
                "original_url": "https:\/\/stackoverflow.com\/questions\/34419645\/asynchronous-computation-in-tensorflow\/34420169#34420169"
            }
        ]
    },
    {
        "client_msg_id": "0ba12508-bc94-4666-9e62-dbd2375706f8",
        "type": "message",
        "text": "I understand that there is some work currently going on for tracking per-user ranking metrics within deepbird v2. Does anyone know the status of this work? Is there a ticket or a phab that I can refer to?",
        "user": "W81EZ626P",
        "ts": "1531843386.000133",
        "team": "T86S8GHEG",
        "user_team": "T86S8GHEG",
        "source_team": "T86S8GHEG",
        "user_profile": {
            "avatar_hash": "bb903008f72f",
            "image_72": "https:\/\/avatars.slack-edge.com\/2019-02-05\/542203016800_bb903008f72fbebfcd01_72.png",
            "first_name": "Dan",
            "real_name": "Dan Shiebler",
            "display_name": "dshiebler",
            "team": "T86S8GHEG",
            "name": "dshiebler",
            "is_restricted": false,
            "is_ultra_restricted": false
        }
    },
    {
        "client_msg_id": "1d1a1680-1026-4ce2-9518-dd5d1bf2c6cf",
        "type": "message",
        "text": "FYI theres a lot of content in TF issues and stack overflow on using python threads with sess.run",
        "user": "W81LDDNPM",
        "ts": "1531844608.000172",
        "team": "T86S8GHEG",
        "user_team": "T86S8GHEG",
        "source_team": "T86S8GHEG",
        "user_profile": {
            "avatar_hash": "g86e75ed44d8",
            "image_72": "https:\/\/secure.gravatar.com\/avatar\/586e75ed44d83e02aa496a0c3d6ffc3d.jpg?s=72&d=https%3A%2F%2Fa.slack-edge.com%2Fdf10d%2Fimg%2Favatars%2Fava_0016-72.png",
            "first_name": "Kovas",
            "real_name": "Kovas Boguta",
            "display_name": "kboguta",
            "team": "T86S8GHEG",
            "name": "kboguta",
            "is_restricted": false,
            "is_ultra_restricted": false
        }
    },
    {
        "client_msg_id": "6871a2c8-b3c9-4c72-a89c-8ee6dcda5124",
        "type": "message",
        "text": "Hi Cortex team, I am trying to follow the setup tutorial and make twml_cli running. but after I tried all 4 ways, I still can not find \".\/twml_cli\" ? any reason why?",
        "user": "W811HTW8Y",
        "ts": "1531850763.000538",
        "team": "T86S8GHEG",
        "user_team": "T86S8GHEG",
        "source_team": "T86S8GHEG",
        "user_profile": {
            "avatar_hash": "b587db66c76d",
            "image_72": "https:\/\/avatars.slack-edge.com\/2019-05-31\/640931954786_b587db66c76d9b0a2e4c_72.jpg",
            "first_name": "Li",
            "real_name": "Li Xu",
            "display_name": "lix",
            "team": "T86S8GHEG",
            "name": "lix",
            "is_restricted": false,
            "is_ultra_restricted": false
        }
    },
    {
        "client_msg_id": "beb020af-bdc1-491a-8c39-f380efc44710",
        "type": "message",
        "text": "```-bash: .\/twml_cli: No such file or directory\n```",
        "user": "W811HTW8Y",
        "ts": "1531850774.000076",
        "team": "T86S8GHEG",
        "user_team": "T86S8GHEG",
        "source_team": "T86S8GHEG",
        "user_profile": {
            "avatar_hash": "b587db66c76d",
            "image_72": "https:\/\/avatars.slack-edge.com\/2019-05-31\/640931954786_b587db66c76d9b0a2e4c_72.jpg",
            "first_name": "Li",
            "real_name": "Li Xu",
            "display_name": "lix",
            "team": "T86S8GHEG",
            "name": "lix",
            "is_restricted": false,
            "is_ultra_restricted": false
        }
    },
    {
        "client_msg_id": "eafbcf2c-ca84-4ee4-bee9-69a87dd4457f",
        "type": "message",
        "text": "<https:\/\/docbird.twitter.biz\/deepbird\/_static\/install.html>",
        "user": "W811HTW8Y",
        "ts": "1531850788.000332",
        "team": "T86S8GHEG",
        "user_team": "T86S8GHEG",
        "source_team": "T86S8GHEG",
        "user_profile": {
            "avatar_hash": "b587db66c76d",
            "image_72": "https:\/\/avatars.slack-edge.com\/2019-05-31\/640931954786_b587db66c76d9b0a2e4c_72.jpg",
            "first_name": "Li",
            "real_name": "Li Xu",
            "display_name": "lix",
            "team": "T86S8GHEG",
            "name": "lix",
            "is_restricted": false,
            "is_ultra_restricted": false
        }
    },
    {
        "client_msg_id": "a60e9f90-fddf-4950-8f92-e5c38a94fde3",
        "type": "message",
        "text": "the twml_cli is in ~\/workspace\/twml base directory.",
        "user": "WLDEPL9C0",
        "ts": "1531850809.000320",
        "team": "T86S8GHEG",
        "user_team": "T86S8GHEG",
        "source_team": "T86S8GHEG",
        "user_profile": {
            "avatar_hash": "cf7cd52b84b2",
            "image_72": "https:\/\/avatars.slack-edge.com\/2018-01-25\/305832776663_cf7cd52b84b2e42f2f97_72.png",
            "first_name": "Cibele",
            "real_name": "Cibele Halasz",
            "display_name": "cmontezhalasz",
            "team": "T86S8GHEG",
            "name": "cmontezhalasz",
            "is_restricted": false,
            "is_ultra_restricted": false
        }
    },
    {
        "client_msg_id": "5d8d9522-bec4-4b8f-99ae-12e0fc855ec0",
        "type": "message",
        "text": "<@W811HTW8Y> which directory are you in? pasting output of `pwd` should help",
        "user": "W8MSTHA74",
        "ts": "1531850809.000450",
        "team": "T86S8GHEG",
        "user_team": "T86S8GHEG",
        "source_team": "T86S8GHEG",
        "user_profile": {
            "avatar_hash": "38e8d25b5e1a",
            "image_72": "https:\/\/avatars.slack-edge.com\/2019-07-15\/688880508289_38e8d25b5e1ab3f0d0f4_72.png",
            "first_name": "Priyank",
            "real_name": "Priyank J",
            "display_name": "priyankj",
            "team": "T86S8GHEG",
            "name": "priyankj",
            "is_restricted": false,
            "is_ultra_restricted": false
        }
    },
    {
        "client_msg_id": "88462deb-d770-48e8-bae1-6946784488aa",
        "type": "message",
        "text": "You need to make sure that you are pointing to that when running the script :slightly_smiling_face:",
        "user": "WLDEPL9C0",
        "ts": "1531850827.000286",
        "team": "T86S8GHEG",
        "user_team": "T86S8GHEG",
        "source_team": "T86S8GHEG",
        "user_profile": {
            "avatar_hash": "cf7cd52b84b2",
            "image_72": "https:\/\/avatars.slack-edge.com\/2018-01-25\/305832776663_cf7cd52b84b2e42f2f97_72.png",
            "first_name": "Cibele",
            "real_name": "Cibele Halasz",
            "display_name": "cmontezhalasz",
            "team": "T86S8GHEG",
            "name": "cmontezhalasz",
            "is_restricted": false,
            "is_ultra_restricted": false
        }
    },
    {
        "client_msg_id": "d947b69b-d060-4382-8769-094d291dd930",
        "type": "message",
        "text": "ic, let me try thanks",
        "user": "W811HTW8Y",
        "ts": "1531850841.000457",
        "team": "T86S8GHEG",
        "user_team": "T86S8GHEG",
        "source_team": "T86S8GHEG",
        "user_profile": {
            "avatar_hash": "b587db66c76d",
            "image_72": "https:\/\/avatars.slack-edge.com\/2019-05-31\/640931954786_b587db66c76d9b0a2e4c_72.jpg",
            "first_name": "Li",
            "real_name": "Li Xu",
            "display_name": "lix",
            "team": "T86S8GHEG",
            "name": "lix",
            "is_restricted": false,
            "is_ultra_restricted": false
        }
    },
    {
        "client_msg_id": "575594ad-6304-40b5-b89d-81e3aa0a8107",
        "type": "message",
        "text": "hi… I am looking to transform sentence as an array of embedded word (which in turn is represented as array of one-hot encoded character). This transformed structure is to be used as an input to my RNN model. Should i do this transformations in python or should it be available directly from datarecords? Any examples of either of the approaches?",
        "user": "WBA213DH9",
        "ts": "1531872501.000088",
        "team": "T86S8GHEG",
        "user_team": "T86S8GHEG",
        "source_team": "T86S8GHEG",
        "user_profile": {
            "avatar_hash": "gd0e8f0fecc3",
            "image_72": "https:\/\/secure.gravatar.com\/avatar\/d0e8f0fecc32edfce05d064e6fa966c6.jpg?s=72&d=https%3A%2F%2Fa.slack-edge.com%2Fdf10d%2Fimg%2Favatars%2Fava_0018-72.png",
            "first_name": "Sumit",
            "real_name": "Sumit Binnani",
            "display_name": "sbinnani",
            "team": "T86S8GHEG",
            "name": "sbinnani",
            "is_restricted": false,
            "is_ultra_restricted": false
        }
    },
    {
        "client_msg_id": "d4980de6-d28b-48ce-8430-f803630fb29e",
        "type": "message",
        "text": "<@WBA213DH9> I think we have examples of this (looking up embeddings), looking",
        "user": "WL22PDE1G",
        "ts": "1531872567.000023",
        "team": "T86S8GHEG",
        "user_team": "T86S8GHEG",
        "source_team": "T86S8GHEG",
        "user_profile": {
            "avatar_hash": "ga18fa06b2f1",
            "image_72": "https:\/\/secure.gravatar.com\/avatar\/da18fa06b2f1a94e07b5a34db81e8552.jpg?s=72&d=https%3A%2F%2Fa.slack-edge.com%2Fdf10d%2Fimg%2Favatars%2Fava_0019-72.png",
            "first_name": "Ricardo",
            "real_name": "Ricardo Cervera-Navarro",
            "display_name": "rcerveranavarro",
            "team": "T86S8GHEG",
            "name": "rcerveranavarro",
            "is_restricted": false,
            "is_ultra_restricted": false
        }
    },
    {
        "client_msg_id": "9756ce74-25a1-424a-ad08-477d57c17340",
        "type": "message",
        "text": "<@WBA213DH9> could you clarify? I'm confused because you said 'embedded word' and also 'one-hot encoded character'",
        "user": "WL22PDE1G",
        "ts": "1531872725.000039",
        "team": "T86S8GHEG",
        "user_team": "T86S8GHEG",
        "source_team": "T86S8GHEG",
        "user_profile": {
            "avatar_hash": "ga18fa06b2f1",
            "image_72": "https:\/\/secure.gravatar.com\/avatar\/da18fa06b2f1a94e07b5a34db81e8552.jpg?s=72&d=https%3A%2F%2Fa.slack-edge.com%2Fdf10d%2Fimg%2Favatars%2Fava_0019-72.png",
            "first_name": "Ricardo",
            "real_name": "Ricardo Cervera-Navarro",
            "display_name": "rcerveranavarro",
            "team": "T86S8GHEG",
            "name": "rcerveranavarro",
            "is_restricted": false,
            "is_ultra_restricted": false
        }
    },
    {
        "client_msg_id": "0b35e53b-aa5c-421c-a0a7-d8eeb42e8988",
        "type": "message",
        "text": "are you trying to look up pretrained word embeddings for your text?",
        "user": "WL22PDE1G",
        "ts": "1531872745.000002",
        "team": "T86S8GHEG",
        "user_team": "T86S8GHEG",
        "source_team": "T86S8GHEG",
        "user_profile": {
            "avatar_hash": "ga18fa06b2f1",
            "image_72": "https:\/\/secure.gravatar.com\/avatar\/da18fa06b2f1a94e07b5a34db81e8552.jpg?s=72&d=https%3A%2F%2Fa.slack-edge.com%2Fdf10d%2Fimg%2Favatars%2Fava_0019-72.png",
            "first_name": "Ricardo",
            "real_name": "Ricardo Cervera-Navarro",
            "display_name": "rcerveranavarro",
            "team": "T86S8GHEG",
            "name": "rcerveranavarro",
            "is_restricted": false,
            "is_ultra_restricted": false
        }
    },
    {
        "client_msg_id": "2b658f1d-109a-4883-8212-34b5674b7ede",
        "type": "message",
        "text": "no… this aren’t pretrianed",
        "user": "WBA213DH9",
        "ts": "1531873285.000111",
        "team": "T86S8GHEG",
        "user_team": "T86S8GHEG",
        "source_team": "T86S8GHEG",
        "user_profile": {
            "avatar_hash": "gd0e8f0fecc3",
            "image_72": "https:\/\/secure.gravatar.com\/avatar\/d0e8f0fecc32edfce05d064e6fa966c6.jpg?s=72&d=https%3A%2F%2Fa.slack-edge.com%2Fdf10d%2Fimg%2Favatars%2Fava_0018-72.png",
            "first_name": "Sumit",
            "real_name": "Sumit Binnani",
            "display_name": "sbinnani",
            "team": "T86S8GHEG",
            "name": "sbinnani",
            "is_restricted": false,
            "is_ultra_restricted": false
        }
    },
    {
        "client_msg_id": "f10a1451-a832-44f9-ac8f-0c40f57baa93",
        "type": "message",
        "text": "so… i represent each word as a matrix of one-hot encoded characters",
        "user": "WBA213DH9",
        "ts": "1531873318.000015",
        "team": "T86S8GHEG",
        "user_team": "T86S8GHEG",
        "source_team": "T86S8GHEG",
        "user_profile": {
            "avatar_hash": "gd0e8f0fecc3",
            "image_72": "https:\/\/secure.gravatar.com\/avatar\/d0e8f0fecc32edfce05d064e6fa966c6.jpg?s=72&d=https%3A%2F%2Fa.slack-edge.com%2Fdf10d%2Fimg%2Favatars%2Fava_0018-72.png",
            "first_name": "Sumit",
            "real_name": "Sumit Binnani",
            "display_name": "sbinnani",
            "team": "T86S8GHEG",
            "name": "sbinnani",
            "is_restricted": false,
            "is_ultra_restricted": false
        },
        "edited": {
            "user": "WBA213DH9",
            "ts": "1531873329.000000"
        }
    },
    {
        "client_msg_id": "94338650-2979-4e68-9213-eb6d8e818a0d",
        "type": "message",
        "text": "I can do this transformation in python at runtime… Just not sure how to complete the pipeline from text to transformed structure (for input to the model)",
        "user": "WBA213DH9",
        "ts": "1531873437.000101",
        "team": "T86S8GHEG",
        "user_team": "T86S8GHEG",
        "source_team": "T86S8GHEG",
        "user_profile": {
            "avatar_hash": "gd0e8f0fecc3",
            "image_72": "https:\/\/secure.gravatar.com\/avatar\/d0e8f0fecc32edfce05d064e6fa966c6.jpg?s=72&d=https%3A%2F%2Fa.slack-edge.com%2Fdf10d%2Fimg%2Favatars%2Fava_0018-72.png",
            "first_name": "Sumit",
            "real_name": "Sumit Binnani",
            "display_name": "sbinnani",
            "team": "T86S8GHEG",
            "name": "sbinnani",
            "is_restricted": false,
            "is_ultra_restricted": false
        },
        "edited": {
            "user": "WBA213DH9",
            "ts": "1531873448.000000"
        }
    },
    {
        "client_msg_id": "e8787964-7584-457c-b2da-101f811388d6",
        "type": "message",
        "text": "are you using DataRecords?",
        "user": "WL22PDE1G",
        "ts": "1531873454.000147",
        "team": "T86S8GHEG",
        "user_team": "T86S8GHEG",
        "source_team": "T86S8GHEG",
        "user_profile": {
            "avatar_hash": "ga18fa06b2f1",
            "image_72": "https:\/\/secure.gravatar.com\/avatar\/da18fa06b2f1a94e07b5a34db81e8552.jpg?s=72&d=https%3A%2F%2Fa.slack-edge.com%2Fdf10d%2Fimg%2Favatars%2Fava_0019-72.png",
            "first_name": "Ricardo",
            "real_name": "Ricardo Cervera-Navarro",
            "display_name": "rcerveranavarro",
            "team": "T86S8GHEG",
            "name": "rcerveranavarro",
            "is_restricted": false,
            "is_ultra_restricted": false
        }
    },
    {
        "client_msg_id": "e554e952-8905-4032-be84-2eb94890bf8e",
        "type": "message",
        "text": "yes… I am using DataRecord to get (Sentence, Label)",
        "user": "WBA213DH9",
        "ts": "1531873469.000103",
        "team": "T86S8GHEG",
        "user_team": "T86S8GHEG",
        "source_team": "T86S8GHEG",
        "user_profile": {
            "avatar_hash": "gd0e8f0fecc3",
            "image_72": "https:\/\/secure.gravatar.com\/avatar\/d0e8f0fecc32edfce05d064e6fa966c6.jpg?s=72&d=https%3A%2F%2Fa.slack-edge.com%2Fdf10d%2Fimg%2Favatars%2Fava_0018-72.png",
            "first_name": "Sumit",
            "real_name": "Sumit Binnani",
            "display_name": "sbinnani",
            "team": "T86S8GHEG",
            "name": "sbinnani",
            "is_restricted": false,
            "is_ultra_restricted": false
        },
        "edited": {
            "user": "WBA213DH9",
            "ts": "1531873474.000000"
        }
    },
    {
        "client_msg_id": "d57760d7-5115-4030-8488-5d3f8369718e",
        "type": "message",
        "text": "how is the sentence represented inside the datarecord?",
        "user": "WL22PDE1G",
        "ts": "1531873501.000094",
        "team": "T86S8GHEG",
        "user_team": "T86S8GHEG",
        "source_team": "T86S8GHEG",
        "user_profile": {
            "avatar_hash": "ga18fa06b2f1",
            "image_72": "https:\/\/secure.gravatar.com\/avatar\/da18fa06b2f1a94e07b5a34db81e8552.jpg?s=72&d=https%3A%2F%2Fa.slack-edge.com%2Fdf10d%2Fimg%2Favatars%2Fava_0019-72.png",
            "first_name": "Ricardo",
            "real_name": "Ricardo Cervera-Navarro",
            "display_name": "rcerveranavarro",
            "team": "T86S8GHEG",
            "name": "rcerveranavarro",
            "is_restricted": false,
            "is_ultra_restricted": false
        }
    },
    {
        "client_msg_id": "6d57bd62-b55a-4903-81de-1b16965bcc2f",
        "type": "message",
        "text": "currently it’s a text… but I can alter the code to get it in different format if required",
        "user": "WBA213DH9",
        "ts": "1531873529.000047",
        "team": "T86S8GHEG",
        "user_team": "T86S8GHEG",
        "source_team": "T86S8GHEG",
        "user_profile": {
            "avatar_hash": "gd0e8f0fecc3",
            "image_72": "https:\/\/secure.gravatar.com\/avatar\/d0e8f0fecc32edfce05d064e6fa966c6.jpg?s=72&d=https%3A%2F%2Fa.slack-edge.com%2Fdf10d%2Fimg%2Favatars%2Fava_0018-72.png",
            "first_name": "Sumit",
            "real_name": "Sumit Binnani",
            "display_name": "sbinnani",
            "team": "T86S8GHEG",
            "name": "sbinnani",
            "is_restricted": false,
            "is_ultra_restricted": false
        }
    },
    {
        "client_msg_id": "f98b5681-c11e-42e1-b84b-23b8f2fbc182",
        "type": "message",
        "text": "For details on how I want the representation: you may check figure 1 in this paper: <https:\/\/arxiv.org\/pdf\/1508.06615.pdf>",
        "user": "WBA213DH9",
        "ts": "1531873591.000099",
        "team": "T86S8GHEG",
        "user_team": "T86S8GHEG",
        "source_team": "T86S8GHEG",
        "user_profile": {
            "avatar_hash": "gd0e8f0fecc3",
            "image_72": "https:\/\/secure.gravatar.com\/avatar\/d0e8f0fecc32edfce05d064e6fa966c6.jpg?s=72&d=https%3A%2F%2Fa.slack-edge.com%2Fdf10d%2Fimg%2Favatars%2Fava_0018-72.png",
            "first_name": "Sumit",
            "real_name": "Sumit Binnani",
            "display_name": "sbinnani",
            "team": "T86S8GHEG",
            "name": "sbinnani",
            "is_restricted": false,
            "is_ultra_restricted": false
        }
    },
    {
        "client_msg_id": "b52740d3-8b11-4f04-a45b-b9f8749a4f07",
        "type": "message",
        "text": "is the sentence a string feature in the datarecord?",
        "user": "WL22PDE1G",
        "ts": "1531874041.000145",
        "team": "T86S8GHEG",
        "user_team": "T86S8GHEG",
        "source_team": "T86S8GHEG",
        "user_profile": {
            "avatar_hash": "ga18fa06b2f1",
            "image_72": "https:\/\/secure.gravatar.com\/avatar\/da18fa06b2f1a94e07b5a34db81e8552.jpg?s=72&d=https%3A%2F%2Fa.slack-edge.com%2Fdf10d%2Fimg%2Favatars%2Fava_0019-72.png",
            "first_name": "Ricardo",
            "real_name": "Ricardo Cervera-Navarro",
            "display_name": "rcerveranavarro",
            "team": "T86S8GHEG",
            "name": "rcerveranavarro",
            "is_restricted": false,
            "is_ultra_restricted": false
        }
    },
    {
        "client_msg_id": "b501c540-4ea7-4b2d-91fe-450e1234d80f",
        "type": "message",
        "text": "you have to write a custom parse_fn for twml, but I don't know for sure how it should look like. looking",
        "user": "WL22PDE1G",
        "ts": "1531874226.000056",
        "team": "T86S8GHEG",
        "user_team": "T86S8GHEG",
        "source_team": "T86S8GHEG",
        "user_profile": {
            "avatar_hash": "ga18fa06b2f1",
            "image_72": "https:\/\/secure.gravatar.com\/avatar\/da18fa06b2f1a94e07b5a34db81e8552.jpg?s=72&d=https%3A%2F%2Fa.slack-edge.com%2Fdf10d%2Fimg%2Favatars%2Fava_0019-72.png",
            "first_name": "Ricardo",
            "real_name": "Ricardo Cervera-Navarro",
            "display_name": "rcerveranavarro",
            "team": "T86S8GHEG",
            "name": "rcerveranavarro",
            "is_restricted": false,
            "is_ultra_restricted": false
        }
    },
    {
        "client_msg_id": "83a5ff88-4e37-4ea2-b428-580658015547",
        "type": "message",
        "text": "<@WBA213DH9> I have done this: <https:\/\/phabricator.twitter.biz\/D191823#change-iG8qsMH1Vyfa>",
        "user": "WATF0HPKL",
        "ts": "1531874382.000093",
        "team": "T86S8GHEG",
        "user_team": "T86S8GHEG",
        "source_team": "T86S8GHEG",
        "user_profile": {
            "avatar_hash": "g6dbbdebcb3c",
            "image_72": "https:\/\/secure.gravatar.com\/avatar\/d6dbbdebcb3c1fe95e5e051b06d5b077.jpg?s=72&d=https%3A%2F%2Fa.slack-edge.com%2F5818c%2Fimg%2Favatars%2Fava_0025-72.png",
            "first_name": "Maria",
            "real_name": "Maria Pacheco",
            "display_name": "mpacheco",
            "team": "T86S8GHEG",
            "name": "mpacheco",
            "is_restricted": false,
            "is_ultra_restricted": false
        }
    },
    {
        "client_msg_id": "4cdfba5d-4e55-41ac-95cf-f85889d90ccd",
        "type": "message",
        "text": "in that case the feature is a string tensor already tokenized, but I think you can split the string in tensorflow as\n<https:\/\/www.tensorflow.org\/api_docs\/python\/tf\/string_split> if you have the whole sentence",
        "user": "WATF0HPKL",
        "ts": "1531874503.000089",
        "team": "T86S8GHEG",
        "user_team": "T86S8GHEG",
        "source_team": "T86S8GHEG",
        "user_profile": {
            "avatar_hash": "g6dbbdebcb3c",
            "image_72": "https:\/\/secure.gravatar.com\/avatar\/d6dbbdebcb3c1fe95e5e051b06d5b077.jpg?s=72&d=https%3A%2F%2Fa.slack-edge.com%2F5818c%2Fimg%2Favatars%2Fava_0025-72.png",
            "first_name": "Maria",
            "real_name": "Maria Pacheco",
            "display_name": "mpacheco",
            "team": "T86S8GHEG",
            "name": "mpacheco",
            "is_restricted": false,
            "is_ultra_restricted": false
        },
        "attachments": [
            {
                "service_name": "TensorFlow",
                "title": "tf.string_split  |  TensorFlow",
                "title_link": "https:\/\/www.tensorflow.org\/api_docs\/python\/tf\/string_split",
                "fallback": "TensorFlow: tf.string_split  |  TensorFlow",
                "image_url": "https:\/\/www.tensorflow.org\/images\/tf_logo_social.png",
                "image_width": 444,
                "image_height": 250,
                "from_url": "https:\/\/www.tensorflow.org\/api_docs\/python\/tf\/string_split",
                "image_bytes": 33761,
                "service_icon": "https:\/\/www.tensorflow.org\/images\/apple-touch-icon-180x180.png",
                "id": 1,
                "original_url": "https:\/\/www.tensorflow.org\/api_docs\/python\/tf\/string_split"
            }
        ]
    },
    {
        "type": "message",
        "text": "Yes.. it's a string",
        "user": "WBA213DH9",
        "ts": "1531875282.000149",
        "team": "T86S8GHEG",
        "user_team": "T86S8GHEG",
        "source_team": "T86S8GHEG",
        "user_profile": {
            "avatar_hash": "gd0e8f0fecc3",
            "image_72": "https:\/\/secure.gravatar.com\/avatar\/d0e8f0fecc32edfce05d064e6fa966c6.jpg?s=72&d=https%3A%2F%2Fa.slack-edge.com%2Fdf10d%2Fimg%2Favatars%2Fava_0018-72.png",
            "first_name": "Sumit",
            "real_name": "Sumit Binnani",
            "display_name": "sbinnani",
            "team": "T86S8GHEG",
            "name": "sbinnani",
            "is_restricted": false,
            "is_ultra_restricted": false
        },
        "attachments": [
            {
                "fallback": "[July 17th, 2018 5:37 PM] rcerveranavarro: you have to write a custom parse_fn for twml, but I don't know for sure how it should look like. looking",
                "ts": "1531874226.000056",
                "author_id": "W820SV4P7",
                "author_subname": "Ricardo Cervera-Navarro",
                "channel_id": "C8R53SM2A",
                "channel_name": "deepbird-v2-support",
                "is_msg_unfurl": true,
                "text": "you have to write a custom parse_fn for twml, but I don't know for sure how it should look like. looking",
                "author_name": "Ricardo Cervera-Navarro",
                "author_link": "https:\/\/twitter.slack.com\/team\/W820SV4P7",
                "author_icon": "https:\/\/secure.gravatar.com\/avatar\/da18fa06b2f1a94e07b5a34db81e8552.jpg?s=48&d=https%3A%2F%2Fcfr.slack-edge.com%2F66f9%2Fimg%2Favatars%2Fava_0019-48.png",
                "mrkdwn_in": [
                    "text"
                ],
                "color": "D0D0D0",
                "from_url": "https:\/\/twitter.slack.com\/archives\/C8R53SM2A\/p1531874226000056",
                "is_share": true,
                "footer": "Posted in #deepbird-v2-support"
            }
        ]
    }
]