[
    {
        "type": "message",
        "text": "<@W81BJEAGZ> I managed to extract the features I wanted from the HashedDataRecord… unfortunately the tf.scan solution for the Sparse binary features was too slow… but I got it to work fast enough with some other ops, here’s the code: <https:\/\/phabricator.twitter.biz\/D172662>… it’s hacky, but serves as illustration….",
        "user": "W8Y21DGJK",
        "ts": "1526666787.000713",
        "team": "T86S8GHEG",
        "user_team": "T86S8GHEG",
        "source_team": "T86S8GHEG",
        "user_profile": {
            "avatar_hash": "g7f14da2af48",
            "image_72": "https:\/\/secure.gravatar.com\/avatar\/27f14da2af4839483d0403f4a65e0de1.jpg?s=72&d=https%3A%2F%2Fa.slack-edge.com%2Fdf10d%2Fimg%2Favatars%2Fava_0002-72.png",
            "first_name": "Rafael",
            "real_name": "Rafael Menezes Barreto",
            "display_name": "rbarreto",
            "team": "T86S8GHEG",
            "name": "rbarreto",
            "is_restricted": false,
            "is_ultra_restricted": false
        }
    },
    {
        "type": "message",
        "text": "<@W81LDDNPM> you might find this useful as well",
        "user": "W8Y21DGJK",
        "ts": "1526666798.000509",
        "team": "T86S8GHEG",
        "user_team": "T86S8GHEG",
        "source_team": "T86S8GHEG",
        "user_profile": {
            "avatar_hash": "g7f14da2af48",
            "image_72": "https:\/\/secure.gravatar.com\/avatar\/27f14da2af4839483d0403f4a65e0de1.jpg?s=72&d=https%3A%2F%2Fa.slack-edge.com%2Fdf10d%2Fimg%2Favatars%2Fava_0002-72.png",
            "first_name": "Rafael",
            "real_name": "Rafael Menezes Barreto",
            "display_name": "rbarreto",
            "team": "T86S8GHEG",
            "name": "rbarreto",
            "is_restricted": false,
            "is_ultra_restricted": false
        },
        "reactions": [
            {
                "name": "+1",
                "users": [
                    "W81LDDNPM"
                ],
                "count": 1
            }
        ]
    },
    {
        "type": "message",
        "text": "how do i find the hashed value for a string feature?",
        "user": "W81LDDNPM",
        "ts": "1526666972.000539",
        "team": "T86S8GHEG",
        "user_team": "T86S8GHEG",
        "source_team": "T86S8GHEG",
        "user_profile": {
            "avatar_hash": "g86e75ed44d8",
            "image_72": "https:\/\/secure.gravatar.com\/avatar\/586e75ed44d83e02aa496a0c3d6ffc3d.jpg?s=72&d=https%3A%2F%2Fa.slack-edge.com%2Fdf10d%2Fimg%2Favatars%2Fava_0016-72.png",
            "first_name": "Kovas",
            "real_name": "Kovas Boguta",
            "display_name": "kboguta",
            "team": "T86S8GHEG",
            "name": "kboguta",
            "is_restricted": false,
            "is_ultra_restricted": false
        }
    },
    {
        "type": "message",
        "text": "given a feature id &amp; the value, i want the hashed id",
        "user": "W81LDDNPM",
        "ts": "1526666982.000418",
        "team": "T86S8GHEG",
        "user_team": "T86S8GHEG",
        "source_team": "T86S8GHEG",
        "user_profile": {
            "avatar_hash": "g86e75ed44d8",
            "image_72": "https:\/\/secure.gravatar.com\/avatar\/586e75ed44d83e02aa496a0c3d6ffc3d.jpg?s=72&d=https%3A%2F%2Fa.slack-edge.com%2Fdf10d%2Fimg%2Favatars%2Fava_0016-72.png",
            "first_name": "Kovas",
            "real_name": "Kovas Boguta",
            "display_name": "kboguta",
            "team": "T86S8GHEG",
            "name": "kboguta",
            "is_restricted": false,
            "is_ultra_restricted": false
        }
    },
    {
        "type": "message",
        "text": "twml.feature_id(‘string_to_hash’)[0]",
        "user": "W8MSTHA74",
        "ts": "1526666992.000416",
        "team": "T86S8GHEG",
        "user_team": "T86S8GHEG",
        "source_team": "T86S8GHEG",
        "user_profile": {
            "avatar_hash": "38e8d25b5e1a",
            "image_72": "https:\/\/avatars.slack-edge.com\/2019-07-15\/688880508289_38e8d25b5e1ab3f0d0f4_72.png",
            "first_name": "Priyank",
            "real_name": "Priyank J",
            "display_name": "priyankj",
            "team": "T86S8GHEG",
            "name": "priyankj",
            "is_restricted": false,
            "is_ultra_restricted": false
        }
    },
    {
        "type": "message",
        "text": "that hashed the feature name",
        "user": "W81LDDNPM",
        "ts": "1526667004.000299",
        "team": "T86S8GHEG",
        "user_team": "T86S8GHEG",
        "source_team": "T86S8GHEG",
        "user_profile": {
            "avatar_hash": "g86e75ed44d8",
            "image_72": "https:\/\/secure.gravatar.com\/avatar\/586e75ed44d83e02aa496a0c3d6ffc3d.jpg?s=72&d=https%3A%2F%2Fa.slack-edge.com%2Fdf10d%2Fimg%2Favatars%2Fava_0016-72.png",
            "first_name": "Kovas",
            "real_name": "Kovas Boguta",
            "display_name": "kboguta",
            "team": "T86S8GHEG",
            "name": "kboguta",
            "is_restricted": false,
            "is_ultra_restricted": false
        }
    },
    {
        "type": "message",
        "text": "im talking about the feature name + feature value pair",
        "user": "W81LDDNPM",
        "ts": "1526667013.000478",
        "team": "T86S8GHEG",
        "user_team": "T86S8GHEG",
        "source_team": "T86S8GHEG",
        "user_profile": {
            "avatar_hash": "g86e75ed44d8",
            "image_72": "https:\/\/secure.gravatar.com\/avatar\/586e75ed44d83e02aa496a0c3d6ffc3d.jpg?s=72&d=https%3A%2F%2Fa.slack-edge.com%2Fdf10d%2Fimg%2Favatars%2Fava_0016-72.png",
            "first_name": "Kovas",
            "real_name": "Kovas Boguta",
            "display_name": "kboguta",
            "team": "T86S8GHEG",
            "name": "kboguta",
            "is_restricted": false,
            "is_ultra_restricted": false
        }
    },
    {
        "type": "message",
        "text": "eg, the output of HashedDataRecord",
        "user": "W81LDDNPM",
        "ts": "1526667020.000043",
        "team": "T86S8GHEG",
        "user_team": "T86S8GHEG",
        "source_team": "T86S8GHEG",
        "user_profile": {
            "avatar_hash": "g86e75ed44d8",
            "image_72": "https:\/\/secure.gravatar.com\/avatar\/586e75ed44d83e02aa496a0c3d6ffc3d.jpg?s=72&d=https%3A%2F%2Fa.slack-edge.com%2Fdf10d%2Fimg%2Favatars%2Fava_0016-72.png",
            "first_name": "Kovas",
            "real_name": "Kovas Boguta",
            "display_name": "kboguta",
            "team": "T86S8GHEG",
            "name": "kboguta",
            "is_restricted": false,
            "is_ultra_restricted": false
        }
    },
    {
        "type": "message",
        "text": "oh, not too sure, let me check",
        "user": "W8MSTHA74",
        "ts": "1526667031.000089",
        "team": "T86S8GHEG",
        "user_team": "T86S8GHEG",
        "source_team": "T86S8GHEG",
        "user_profile": {
            "avatar_hash": "38e8d25b5e1a",
            "image_72": "https:\/\/avatars.slack-edge.com\/2019-07-15\/688880508289_38e8d25b5e1ab3f0d0f4_72.png",
            "first_name": "Priyank",
            "real_name": "Priyank J",
            "display_name": "priyankj",
            "team": "T86S8GHEG",
            "name": "priyankj",
            "is_restricted": false,
            "is_ultra_restricted": false
        }
    },
    {
        "type": "message",
        "text": "would appreciate that",
        "user": "W81LDDNPM",
        "ts": "1526667037.000444",
        "team": "T86S8GHEG",
        "user_team": "T86S8GHEG",
        "source_team": "T86S8GHEG",
        "user_profile": {
            "avatar_hash": "g86e75ed44d8",
            "image_72": "https:\/\/secure.gravatar.com\/avatar\/586e75ed44d83e02aa496a0c3d6ffc3d.jpg?s=72&d=https%3A%2F%2Fa.slack-edge.com%2Fdf10d%2Fimg%2Favatars%2Fava_0016-72.png",
            "first_name": "Kovas",
            "real_name": "Kovas Boguta",
            "display_name": "kboguta",
            "team": "T86S8GHEG",
            "name": "kboguta",
            "is_restricted": false,
            "is_ultra_restricted": false
        }
    },
    {
        "type": "message",
        "text": "<@W8Y21DGJK> do u happen to figure this out?",
        "user": "W81LDDNPM",
        "ts": "1526667054.000090",
        "team": "T86S8GHEG",
        "user_team": "T86S8GHEG",
        "source_team": "T86S8GHEG",
        "user_profile": {
            "avatar_hash": "g86e75ed44d8",
            "image_72": "https:\/\/secure.gravatar.com\/avatar\/586e75ed44d83e02aa496a0c3d6ffc3d.jpg?s=72&d=https%3A%2F%2Fa.slack-edge.com%2Fdf10d%2Fimg%2Favatars%2Fava_0016-72.png",
            "first_name": "Kovas",
            "real_name": "Kovas Boguta",
            "display_name": "kboguta",
            "team": "T86S8GHEG",
            "name": "kboguta",
            "is_restricted": false,
            "is_ultra_restricted": false
        }
    },
    {
        "type": "message",
        "text": "no… I don’t really need the string values, so I just built the individual features from HashedDataRecord and used the keys as if they were the actual categories",
        "user": "W8Y21DGJK",
        "ts": "1526667096.000404",
        "team": "T86S8GHEG",
        "user_team": "T86S8GHEG",
        "source_team": "T86S8GHEG",
        "user_profile": {
            "avatar_hash": "g7f14da2af48",
            "image_72": "https:\/\/secure.gravatar.com\/avatar\/27f14da2af4839483d0403f4a65e0de1.jpg?s=72&d=https%3A%2F%2Fa.slack-edge.com%2Fdf10d%2Fimg%2Favatars%2Fava_0002-72.png",
            "first_name": "Rafael",
            "real_name": "Rafael Menezes Barreto",
            "display_name": "rbarreto",
            "team": "T86S8GHEG",
            "name": "rbarreto",
            "is_restricted": false,
            "is_ultra_restricted": false
        }
    },
    {
        "type": "message",
        "text": "i c",
        "user": "W81LDDNPM",
        "ts": "1526667102.000612",
        "team": "T86S8GHEG",
        "user_team": "T86S8GHEG",
        "source_team": "T86S8GHEG",
        "user_profile": {
            "avatar_hash": "g86e75ed44d8",
            "image_72": "https:\/\/secure.gravatar.com\/avatar\/586e75ed44d83e02aa496a0c3d6ffc3d.jpg?s=72&d=https%3A%2F%2Fa.slack-edge.com%2Fdf10d%2Fimg%2Favatars%2Fava_0016-72.png",
            "first_name": "Kovas",
            "real_name": "Kovas Boguta",
            "display_name": "kboguta",
            "team": "T86S8GHEG",
            "name": "kboguta",
            "is_restricted": false,
            "is_ultra_restricted": false
        }
    },
    {
        "type": "message",
        "text": "yeah i want to do a piece of logic based on the concrete value for the feature",
        "user": "W81LDDNPM",
        "ts": "1526667114.000083",
        "team": "T86S8GHEG",
        "user_team": "T86S8GHEG",
        "source_team": "T86S8GHEG",
        "user_profile": {
            "avatar_hash": "g86e75ed44d8",
            "image_72": "https:\/\/secure.gravatar.com\/avatar\/586e75ed44d83e02aa496a0c3d6ffc3d.jpg?s=72&d=https%3A%2F%2Fa.slack-edge.com%2Fdf10d%2Fimg%2Favatars%2Fava_0016-72.png",
            "first_name": "Kovas",
            "real_name": "Kovas Boguta",
            "display_name": "kboguta",
            "team": "T86S8GHEG",
            "name": "kboguta",
            "is_restricted": false,
            "is_ultra_restricted": false
        }
    },
    {
        "type": "message",
        "text": "what’s your use case?",
        "user": "W8Y21DGJK",
        "ts": "1526667117.000442",
        "team": "T86S8GHEG",
        "user_team": "T86S8GHEG",
        "source_team": "T86S8GHEG",
        "user_profile": {
            "avatar_hash": "g7f14da2af48",
            "image_72": "https:\/\/secure.gravatar.com\/avatar\/27f14da2af4839483d0403f4a65e0de1.jpg?s=72&d=https%3A%2F%2Fa.slack-edge.com%2Fdf10d%2Fimg%2Favatars%2Fava_0002-72.png",
            "first_name": "Rafael",
            "real_name": "Rafael Menezes Barreto",
            "display_name": "rbarreto",
            "team": "T86S8GHEG",
            "name": "rbarreto",
            "is_restricted": false,
            "is_ultra_restricted": false
        }
    },
    {
        "type": "message",
        "text": "but its so so slow right",
        "user": "W81LDDNPM",
        "ts": "1526667123.000227",
        "team": "T86S8GHEG",
        "user_team": "T86S8GHEG",
        "source_team": "T86S8GHEG",
        "user_profile": {
            "avatar_hash": "g86e75ed44d8",
            "image_72": "https:\/\/secure.gravatar.com\/avatar\/586e75ed44d83e02aa496a0c3d6ffc3d.jpg?s=72&d=https%3A%2F%2Fa.slack-edge.com%2Fdf10d%2Fimg%2Favatars%2Fava_0016-72.png",
            "first_name": "Kovas",
            "real_name": "Kovas Boguta",
            "display_name": "kboguta",
            "team": "T86S8GHEG",
            "name": "kboguta",
            "is_restricted": false,
            "is_ultra_restricted": false
        }
    },
    {
        "type": "message",
        "text": "i want to filter by user state",
        "user": "W81LDDNPM",
        "ts": "1526667129.000295",
        "team": "T86S8GHEG",
        "user_team": "T86S8GHEG",
        "source_team": "T86S8GHEG",
        "user_profile": {
            "avatar_hash": "g86e75ed44d8",
            "image_72": "https:\/\/secure.gravatar.com\/avatar\/586e75ed44d83e02aa496a0c3d6ffc3d.jpg?s=72&d=https%3A%2F%2Fa.slack-edge.com%2Fdf10d%2Fimg%2Favatars%2Fava_0016-72.png",
            "first_name": "Kovas",
            "real_name": "Kovas Boguta",
            "display_name": "kboguta",
            "team": "T86S8GHEG",
            "name": "kboguta",
            "is_restricted": false,
            "is_ultra_restricted": false
        }
    },
    {
        "type": "message",
        "text": "I guess in that case, you would have to use DataRecord",
        "user": "W8Y21DGJK",
        "ts": "1526667130.000339",
        "team": "T86S8GHEG",
        "user_team": "T86S8GHEG",
        "source_team": "T86S8GHEG",
        "user_profile": {
            "avatar_hash": "g7f14da2af48",
            "image_72": "https:\/\/secure.gravatar.com\/avatar\/27f14da2af4839483d0403f4a65e0de1.jpg?s=72&d=https%3A%2F%2Fa.slack-edge.com%2Fdf10d%2Fimg%2Favatars%2Fava_0002-72.png",
            "first_name": "Rafael",
            "real_name": "Rafael Menezes Barreto",
            "display_name": "rbarreto",
            "team": "T86S8GHEG",
            "name": "rbarreto",
            "is_restricted": false,
            "is_ultra_restricted": false
        },
        "edited": {
            "user": "W8Y21DGJK",
            "ts": "1526667131.000000"
        }
    },
    {
        "type": "message",
        "text": "either change the weights, or filter records entirely",
        "user": "W81LDDNPM",
        "ts": "1526667141.000364",
        "team": "T86S8GHEG",
        "user_team": "T86S8GHEG",
        "source_team": "T86S8GHEG",
        "user_profile": {
            "avatar_hash": "g86e75ed44d8",
            "image_72": "https:\/\/secure.gravatar.com\/avatar\/586e75ed44d83e02aa496a0c3d6ffc3d.jpg?s=72&d=https%3A%2F%2Fa.slack-edge.com%2Fdf10d%2Fimg%2Favatars%2Fava_0016-72.png",
            "first_name": "Kovas",
            "real_name": "Kovas Boguta",
            "display_name": "kboguta",
            "team": "T86S8GHEG",
            "name": "kboguta",
            "is_restricted": false,
            "is_ultra_restricted": false
        }
    },
    {
        "type": "message",
        "text": "its so slow",
        "user": "W81LDDNPM",
        "ts": "1526667145.000343",
        "team": "T86S8GHEG",
        "user_team": "T86S8GHEG",
        "source_team": "T86S8GHEG",
        "user_profile": {
            "avatar_hash": "g86e75ed44d8",
            "image_72": "https:\/\/secure.gravatar.com\/avatar\/586e75ed44d83e02aa496a0c3d6ffc3d.jpg?s=72&d=https%3A%2F%2Fa.slack-edge.com%2Fdf10d%2Fimg%2Favatars%2Fava_0016-72.png",
            "first_name": "Kovas",
            "real_name": "Kovas Boguta",
            "display_name": "kboguta",
            "team": "T86S8GHEG",
            "name": "kboguta",
            "is_restricted": false,
            "is_ultra_restricted": false
        }
    },
    {
        "type": "message",
        "text": "like 100x slower for me",
        "user": "W81LDDNPM",
        "ts": "1526667150.000206",
        "team": "T86S8GHEG",
        "user_team": "T86S8GHEG",
        "source_team": "T86S8GHEG",
        "user_profile": {
            "avatar_hash": "g86e75ed44d8",
            "image_72": "https:\/\/secure.gravatar.com\/avatar\/586e75ed44d83e02aa496a0c3d6ffc3d.jpg?s=72&d=https%3A%2F%2Fa.slack-edge.com%2Fdf10d%2Fimg%2Favatars%2Fava_0016-72.png",
            "first_name": "Kovas",
            "real_name": "Kovas Boguta",
            "display_name": "kboguta",
            "team": "T86S8GHEG",
            "name": "kboguta",
            "is_restricted": false,
            "is_ultra_restricted": false
        }
    },
    {
        "type": "message",
        "text": "and as I understand, filtering at Tensorflow level is going to be slow no matter what",
        "user": "W8Y21DGJK",
        "ts": "1526667151.000294",
        "team": "T86S8GHEG",
        "user_team": "T86S8GHEG",
        "source_team": "T86S8GHEG",
        "user_profile": {
            "avatar_hash": "g7f14da2af48",
            "image_72": "https:\/\/secure.gravatar.com\/avatar\/27f14da2af4839483d0403f4a65e0de1.jpg?s=72&d=https%3A%2F%2Fa.slack-edge.com%2Fdf10d%2Fimg%2Favatars%2Fava_0002-72.png",
            "first_name": "Rafael",
            "real_name": "Rafael Menezes Barreto",
            "display_name": "rbarreto",
            "team": "T86S8GHEG",
            "name": "rbarreto",
            "is_restricted": false,
            "is_ultra_restricted": false
        }
    },
    {
        "type": "message",
        "text": "should not be this slow",
        "user": "W81LDDNPM",
        "ts": "1526667167.000020",
        "team": "T86S8GHEG",
        "user_team": "T86S8GHEG",
        "source_team": "T86S8GHEG",
        "user_profile": {
            "avatar_hash": "g86e75ed44d8",
            "image_72": "https:\/\/secure.gravatar.com\/avatar\/586e75ed44d83e02aa496a0c3d6ffc3d.jpg?s=72&d=https%3A%2F%2Fa.slack-edge.com%2Fdf10d%2Fimg%2Favatars%2Fava_0016-72.png",
            "first_name": "Kovas",
            "real_name": "Kovas Boguta",
            "display_name": "kboguta",
            "team": "T86S8GHEG",
            "name": "kboguta",
            "is_restricted": false,
            "is_ultra_restricted": false
        }
    },
    {
        "type": "message",
        "text": "just see if x = y and drop records",
        "user": "W81LDDNPM",
        "ts": "1526667177.000698",
        "team": "T86S8GHEG",
        "user_team": "T86S8GHEG",
        "source_team": "T86S8GHEG",
        "user_profile": {
            "avatar_hash": "g86e75ed44d8",
            "image_72": "https:\/\/secure.gravatar.com\/avatar\/586e75ed44d83e02aa496a0c3d6ffc3d.jpg?s=72&d=https%3A%2F%2Fa.slack-edge.com%2Fdf10d%2Fimg%2Favatars%2Fava_0016-72.png",
            "first_name": "Kovas",
            "real_name": "Kovas Boguta",
            "display_name": "kboguta",
            "team": "T86S8GHEG",
            "name": "kboguta",
            "is_restricted": false,
            "is_ultra_restricted": false
        }
    },
    {
        "type": "message",
        "text": "if i knew the hashed value then it can be fast again",
        "user": "W81LDDNPM",
        "ts": "1526667268.000573",
        "team": "T86S8GHEG",
        "user_team": "T86S8GHEG",
        "source_team": "T86S8GHEG",
        "user_profile": {
            "avatar_hash": "g86e75ed44d8",
            "image_72": "https:\/\/secure.gravatar.com\/avatar\/586e75ed44d83e02aa496a0c3d6ffc3d.jpg?s=72&d=https%3A%2F%2Fa.slack-edge.com%2Fdf10d%2Fimg%2Favatars%2Fava_0016-72.png",
            "first_name": "Kovas",
            "real_name": "Kovas Boguta",
            "display_name": "kboguta",
            "team": "T86S8GHEG",
            "name": "kboguta",
            "is_restricted": false,
            "is_ultra_restricted": false
        }
    },
    {
        "type": "message",
        "text": "how often this record you want to drop shows up in the stream?",
        "user": "W8Y21DGJK",
        "ts": "1526668366.000253",
        "team": "T86S8GHEG",
        "user_team": "T86S8GHEG",
        "source_team": "T86S8GHEG",
        "user_profile": {
            "avatar_hash": "g7f14da2af48",
            "image_72": "https:\/\/secure.gravatar.com\/avatar\/27f14da2af4839483d0403f4a65e0de1.jpg?s=72&d=https%3A%2F%2Fa.slack-edge.com%2Fdf10d%2Fimg%2Favatars%2Fava_0002-72.png",
            "first_name": "Rafael",
            "real_name": "Rafael Menezes Barreto",
            "display_name": "rbarreto",
            "team": "T86S8GHEG",
            "name": "rbarreto",
            "is_restricted": false,
            "is_ultra_restricted": false
        }
    },
    {
        "type": "message",
        "text": "there is 1 feature that i believe is present in &gt; 99% of records",
        "user": "W81LDDNPM",
        "ts": "1526668383.000521",
        "team": "T86S8GHEG",
        "user_team": "T86S8GHEG",
        "source_team": "T86S8GHEG",
        "user_profile": {
            "avatar_hash": "g86e75ed44d8",
            "image_72": "https:\/\/secure.gravatar.com\/avatar\/586e75ed44d83e02aa496a0c3d6ffc3d.jpg?s=72&d=https%3A%2F%2Fa.slack-edge.com%2Fdf10d%2Fimg%2Favatars%2Fava_0016-72.png",
            "first_name": "Kovas",
            "real_name": "Kovas Boguta",
            "display_name": "kboguta",
            "team": "T86S8GHEG",
            "name": "kboguta",
            "is_restricted": false,
            "is_ultra_restricted": false
        }
    },
    {
        "type": "message",
        "text": "it has like 7 possible values",
        "user": "W81LDDNPM",
        "ts": "1526668390.000271",
        "team": "T86S8GHEG",
        "user_team": "T86S8GHEG",
        "source_team": "T86S8GHEG",
        "user_profile": {
            "avatar_hash": "g86e75ed44d8",
            "image_72": "https:\/\/secure.gravatar.com\/avatar\/586e75ed44d83e02aa496a0c3d6ffc3d.jpg?s=72&d=https%3A%2F%2Fa.slack-edge.com%2Fdf10d%2Fimg%2Favatars%2Fava_0016-72.png",
            "first_name": "Kovas",
            "real_name": "Kovas Boguta",
            "display_name": "kboguta",
            "team": "T86S8GHEG",
            "name": "kboguta",
            "is_restricted": false,
            "is_ultra_restricted": false
        }
    },
    {
        "type": "message",
        "text": "I think if you want to filter out that",
        "user": "W8Y21DGJK",
        "ts": "1526668394.000396",
        "team": "T86S8GHEG",
        "user_team": "T86S8GHEG",
        "source_team": "T86S8GHEG",
        "user_profile": {
            "avatar_hash": "g7f14da2af48",
            "image_72": "https:\/\/secure.gravatar.com\/avatar\/27f14da2af4839483d0403f4a65e0de1.jpg?s=72&d=https%3A%2F%2Fa.slack-edge.com%2Fdf10d%2Fimg%2Favatars%2Fava_0002-72.png",
            "first_name": "Rafael",
            "real_name": "Rafael Menezes Barreto",
            "display_name": "rbarreto",
            "team": "T86S8GHEG",
            "name": "rbarreto",
            "is_restricted": false,
            "is_ultra_restricted": false
        }
    },
    {
        "type": "message",
        "text": "want to keep 2 of the values",
        "user": "W81LDDNPM",
        "ts": "1526668396.000200",
        "team": "T86S8GHEG",
        "user_team": "T86S8GHEG",
        "source_team": "T86S8GHEG",
        "user_profile": {
            "avatar_hash": "g86e75ed44d8",
            "image_72": "https:\/\/secure.gravatar.com\/avatar\/586e75ed44d83e02aa496a0c3d6ffc3d.jpg?s=72&d=https%3A%2F%2Fa.slack-edge.com%2Fdf10d%2Fimg%2Favatars%2Fava_0016-72.png",
            "first_name": "Kovas",
            "real_name": "Kovas Boguta",
            "display_name": "kboguta",
            "team": "T86S8GHEG",
            "name": "kboguta",
            "is_restricted": false,
            "is_ultra_restricted": false
        }
    },
    {
        "type": "message",
        "text": "then you’re traversing over your dataset and throwing away 99% of it",
        "user": "W8Y21DGJK",
        "ts": "1526668405.000035",
        "team": "T86S8GHEG",
        "user_team": "T86S8GHEG",
        "source_team": "T86S8GHEG",
        "user_profile": {
            "avatar_hash": "g7f14da2af48",
            "image_72": "https:\/\/secure.gravatar.com\/avatar\/27f14da2af4839483d0403f4a65e0de1.jpg?s=72&d=https%3A%2F%2Fa.slack-edge.com%2Fdf10d%2Fimg%2Favatars%2Fava_0002-72.png",
            "first_name": "Rafael",
            "real_name": "Rafael Menezes Barreto",
            "display_name": "rbarreto",
            "team": "T86S8GHEG",
            "name": "rbarreto",
            "is_restricted": false,
            "is_ultra_restricted": false
        }
    },
    {
        "type": "message",
        "text": "no im keeping about 50% of the data",
        "user": "W81LDDNPM",
        "ts": "1526668414.000418",
        "team": "T86S8GHEG",
        "user_team": "T86S8GHEG",
        "source_team": "T86S8GHEG",
        "user_profile": {
            "avatar_hash": "g86e75ed44d8",
            "image_72": "https:\/\/secure.gravatar.com\/avatar\/586e75ed44d83e02aa496a0c3d6ffc3d.jpg?s=72&d=https%3A%2F%2Fa.slack-edge.com%2Fdf10d%2Fimg%2Favatars%2Fava_0016-72.png",
            "first_name": "Kovas",
            "real_name": "Kovas Boguta",
            "display_name": "kboguta",
            "team": "T86S8GHEG",
            "name": "kboguta",
            "is_restricted": false,
            "is_ultra_restricted": false
        }
    },
    {
        "type": "message",
        "text": "ohh",
        "user": "W8Y21DGJK",
        "ts": "1526668420.000438",
        "team": "T86S8GHEG",
        "user_team": "T86S8GHEG",
        "source_team": "T86S8GHEG",
        "user_profile": {
            "avatar_hash": "g7f14da2af48",
            "image_72": "https:\/\/secure.gravatar.com\/avatar\/27f14da2af4839483d0403f4a65e0de1.jpg?s=72&d=https%3A%2F%2Fa.slack-edge.com%2Fdf10d%2Fimg%2Favatars%2Fava_0002-72.png",
            "first_name": "Rafael",
            "real_name": "Rafael Menezes Barreto",
            "display_name": "rbarreto",
            "team": "T86S8GHEG",
            "name": "rbarreto",
            "is_restricted": false,
            "is_ultra_restricted": false
        }
    },
    {
        "type": "message",
        "text": "ok, I understood now",
        "user": "W8Y21DGJK",
        "ts": "1526668424.000713",
        "team": "T86S8GHEG",
        "user_team": "T86S8GHEG",
        "source_team": "T86S8GHEG",
        "user_profile": {
            "avatar_hash": "g7f14da2af48",
            "image_72": "https:\/\/secure.gravatar.com\/avatar\/27f14da2af4839483d0403f4a65e0de1.jpg?s=72&d=https%3A%2F%2Fa.slack-edge.com%2Fdf10d%2Fimg%2Favatars%2Fava_0002-72.png",
            "first_name": "Rafael",
            "real_name": "Rafael Menezes Barreto",
            "display_name": "rbarreto",
            "team": "T86S8GHEG",
            "name": "rbarreto",
            "is_restricted": false,
            "is_ultra_restricted": false
        },
        "edited": {
            "user": "W8Y21DGJK",
            "ts": "1526668426.000000"
        }
    },
    {
        "type": "message",
        "text": "still, this is going to read the data and throw away a big portion of it… depending on the size of the dataset you have, this can be pretty expensive",
        "user": "W8Y21DGJK",
        "ts": "1526668449.000506",
        "team": "T86S8GHEG",
        "user_team": "T86S8GHEG",
        "source_team": "T86S8GHEG",
        "user_profile": {
            "avatar_hash": "g7f14da2af48",
            "image_72": "https:\/\/secure.gravatar.com\/avatar\/27f14da2af4839483d0403f4a65e0de1.jpg?s=72&d=https%3A%2F%2Fa.slack-edge.com%2Fdf10d%2Fimg%2Favatars%2Fava_0002-72.png",
            "first_name": "Rafael",
            "real_name": "Rafael Menezes Barreto",
            "display_name": "rbarreto",
            "team": "T86S8GHEG",
            "name": "rbarreto",
            "is_restricted": false,
            "is_ultra_restricted": false
        }
    },
    {
        "type": "message",
        "text": "yeah im not buying that",
        "user": "W81LDDNPM",
        "ts": "1526668460.000353",
        "team": "T86S8GHEG",
        "user_team": "T86S8GHEG",
        "source_team": "T86S8GHEG",
        "user_profile": {
            "avatar_hash": "g86e75ed44d8",
            "image_72": "https:\/\/secure.gravatar.com\/avatar\/586e75ed44d83e02aa496a0c3d6ffc3d.jpg?s=72&d=https%3A%2F%2Fa.slack-edge.com%2Fdf10d%2Fimg%2Favatars%2Fava_0016-72.png",
            "first_name": "Kovas",
            "real_name": "Kovas Boguta",
            "display_name": "kboguta",
            "team": "T86S8GHEG",
            "name": "kboguta",
            "is_restricted": false,
            "is_ultra_restricted": false
        }
    },
    {
        "type": "message",
        "text": "like i said its like 100x slower",
        "user": "W81LDDNPM",
        "ts": "1526668474.000055",
        "team": "T86S8GHEG",
        "user_team": "T86S8GHEG",
        "source_team": "T86S8GHEG",
        "user_profile": {
            "avatar_hash": "g86e75ed44d8",
            "image_72": "https:\/\/secure.gravatar.com\/avatar\/586e75ed44d83e02aa496a0c3d6ffc3d.jpg?s=72&d=https%3A%2F%2Fa.slack-edge.com%2Fdf10d%2Fimg%2Favatars%2Fava_0016-72.png",
            "first_name": "Kovas",
            "real_name": "Kovas Boguta",
            "display_name": "kboguta",
            "team": "T86S8GHEG",
            "name": "kboguta",
            "is_restricted": false,
            "is_ultra_restricted": false
        }
    },
    {
        "type": "message",
        "text": "ohh",
        "user": "W8Y21DGJK",
        "ts": "1526668477.000252",
        "team": "T86S8GHEG",
        "user_team": "T86S8GHEG",
        "source_team": "T86S8GHEG",
        "user_profile": {
            "avatar_hash": "g7f14da2af48",
            "image_72": "https:\/\/secure.gravatar.com\/avatar\/27f14da2af4839483d0403f4a65e0de1.jpg?s=72&d=https%3A%2F%2Fa.slack-edge.com%2Fdf10d%2Fimg%2Favatars%2Fava_0002-72.png",
            "first_name": "Rafael",
            "real_name": "Rafael Menezes Barreto",
            "display_name": "rbarreto",
            "team": "T86S8GHEG",
            "name": "rbarreto",
            "is_restricted": false,
            "is_ultra_restricted": false
        }
    },
    {
        "type": "message",
        "text": "ok",
        "user": "W8Y21DGJK",
        "ts": "1526668477.000580",
        "team": "T86S8GHEG",
        "user_team": "T86S8GHEG",
        "source_team": "T86S8GHEG",
        "user_profile": {
            "avatar_hash": "g7f14da2af48",
            "image_72": "https:\/\/secure.gravatar.com\/avatar\/27f14da2af4839483d0403f4a65e0de1.jpg?s=72&d=https%3A%2F%2Fa.slack-edge.com%2Fdf10d%2Fimg%2Favatars%2Fava_0002-72.png",
            "first_name": "Rafael",
            "real_name": "Rafael Menezes Barreto",
            "display_name": "rbarreto",
            "team": "T86S8GHEG",
            "name": "rbarreto",
            "is_restricted": false,
            "is_ultra_restricted": false
        }
    },
    {
        "type": "message",
        "text": "do you have a diff with the code you’re using to filter?",
        "user": "W8Y21DGJK",
        "ts": "1526668506.000516",
        "team": "T86S8GHEG",
        "user_team": "T86S8GHEG",
        "source_team": "T86S8GHEG",
        "user_profile": {
            "avatar_hash": "g7f14da2af48",
            "image_72": "https:\/\/secure.gravatar.com\/avatar\/27f14da2af4839483d0403f4a65e0de1.jpg?s=72&d=https%3A%2F%2Fa.slack-edge.com%2Fdf10d%2Fimg%2Favatars%2Fava_0002-72.png",
            "first_name": "Rafael",
            "real_name": "Rafael Menezes Barreto",
            "display_name": "rbarreto",
            "team": "T86S8GHEG",
            "name": "rbarreto",
            "is_restricted": false,
            "is_ultra_restricted": false
        }
    },
    {
        "type": "message",
        "text": "100x seems too much indeed",
        "user": "W8Y21DGJK",
        "ts": "1526668512.000732",
        "team": "T86S8GHEG",
        "user_team": "T86S8GHEG",
        "source_team": "T86S8GHEG",
        "user_profile": {
            "avatar_hash": "g7f14da2af48",
            "image_72": "https:\/\/secure.gravatar.com\/avatar\/27f14da2af4839483d0403f4a65e0de1.jpg?s=72&d=https%3A%2F%2Fa.slack-edge.com%2Fdf10d%2Fimg%2Favatars%2Fava_0002-72.png",
            "first_name": "Rafael",
            "real_name": "Rafael Menezes Barreto",
            "display_name": "rbarreto",
            "team": "T86S8GHEG",
            "name": "rbarreto",
            "is_restricted": false,
            "is_ultra_restricted": false
        }
    },
    {
        "type": "message",
        "text": "right now working on some microbenchmarks to find the slowdown",
        "user": "W81LDDNPM",
        "ts": "1526668525.000372",
        "team": "T86S8GHEG",
        "user_team": "T86S8GHEG",
        "source_team": "T86S8GHEG",
        "user_profile": {
            "avatar_hash": "g86e75ed44d8",
            "image_72": "https:\/\/secure.gravatar.com\/avatar\/586e75ed44d83e02aa496a0c3d6ffc3d.jpg?s=72&d=https%3A%2F%2Fa.slack-edge.com%2Fdf10d%2Fimg%2Favatars%2Fava_0016-72.png",
            "first_name": "Kovas",
            "real_name": "Kovas Boguta",
            "display_name": "kboguta",
            "team": "T86S8GHEG",
            "name": "kboguta",
            "is_restricted": false,
            "is_ultra_restricted": false
        }
    },
    {
        "type": "message",
        "text": "is it in reading with DataRecord rather than HashedDataRecord, in my operations, etc",
        "user": "W81LDDNPM",
        "ts": "1526668541.000250",
        "team": "T86S8GHEG",
        "user_team": "T86S8GHEG",
        "source_team": "T86S8GHEG",
        "user_profile": {
            "avatar_hash": "g86e75ed44d8",
            "image_72": "https:\/\/secure.gravatar.com\/avatar\/586e75ed44d83e02aa496a0c3d6ffc3d.jpg?s=72&d=https%3A%2F%2Fa.slack-edge.com%2Fdf10d%2Fimg%2Favatars%2Fava_0016-72.png",
            "first_name": "Kovas",
            "real_name": "Kovas Boguta",
            "display_name": "kboguta",
            "team": "T86S8GHEG",
            "name": "kboguta",
            "is_restricted": false,
            "is_ultra_restricted": false
        }
    },
    {
        "type": "message",
        "text": "would rather sidestep the issue entirely",
        "user": "W81LDDNPM",
        "ts": "1526668550.000664",
        "team": "T86S8GHEG",
        "user_team": "T86S8GHEG",
        "source_team": "T86S8GHEG",
        "user_profile": {
            "avatar_hash": "g86e75ed44d8",
            "image_72": "https:\/\/secure.gravatar.com\/avatar\/586e75ed44d83e02aa496a0c3d6ffc3d.jpg?s=72&d=https%3A%2F%2Fa.slack-edge.com%2Fdf10d%2Fimg%2Favatars%2Fava_0016-72.png",
            "first_name": "Kovas",
            "real_name": "Kovas Boguta",
            "display_name": "kboguta",
            "team": "T86S8GHEG",
            "name": "kboguta",
            "is_restricted": false,
            "is_ultra_restricted": false
        }
    },
    {
        "type": "message",
        "text": "I indeed noticed that for some reason DataRecord is slower than HashedDataRecord in my tests, even though I assumed otherwise since HashedDataRecord is doing more work (in principle)",
        "user": "W8Y21DGJK",
        "ts": "1526668616.000169",
        "team": "T86S8GHEG",
        "user_team": "T86S8GHEG",
        "source_team": "T86S8GHEG",
        "user_profile": {
            "avatar_hash": "g7f14da2af48",
            "image_72": "https:\/\/secure.gravatar.com\/avatar\/27f14da2af4839483d0403f4a65e0de1.jpg?s=72&d=https%3A%2F%2Fa.slack-edge.com%2Fdf10d%2Fimg%2Favatars%2Fava_0002-72.png",
            "first_name": "Rafael",
            "real_name": "Rafael Menezes Barreto",
            "display_name": "rbarreto",
            "team": "T86S8GHEG",
            "name": "rbarreto",
            "is_restricted": false,
            "is_ultra_restricted": false
        }
    },
    {
        "type": "message",
        "text": "whats weird is that it doesn't seem to be parallelizing in my map call",
        "user": "W81LDDNPM",
        "ts": "1526668805.000680",
        "team": "T86S8GHEG",
        "user_team": "T86S8GHEG",
        "source_team": "T86S8GHEG",
        "user_profile": {
            "avatar_hash": "g86e75ed44d8",
            "image_72": "https:\/\/secure.gravatar.com\/avatar\/586e75ed44d83e02aa496a0c3d6ffc3d.jpg?s=72&d=https%3A%2F%2Fa.slack-edge.com%2Fdf10d%2Fimg%2Favatars%2Fava_0016-72.png",
            "first_name": "Kovas",
            "real_name": "Kovas Boguta",
            "display_name": "kboguta",
            "team": "T86S8GHEG",
            "name": "kboguta",
            "is_restricted": false,
            "is_ultra_restricted": false
        }
    },
    {
        "type": "message",
        "text": "wonder if theres some blocking op in there",
        "user": "W81LDDNPM",
        "ts": "1526668814.000105",
        "team": "T86S8GHEG",
        "user_team": "T86S8GHEG",
        "source_team": "T86S8GHEG",
        "user_profile": {
            "avatar_hash": "g86e75ed44d8",
            "image_72": "https:\/\/secure.gravatar.com\/avatar\/586e75ed44d83e02aa496a0c3d6ffc3d.jpg?s=72&d=https%3A%2F%2Fa.slack-edge.com%2Fdf10d%2Fimg%2Favatars%2Fava_0016-72.png",
            "first_name": "Kovas",
            "real_name": "Kovas Boguta",
            "display_name": "kboguta",
            "team": "T86S8GHEG",
            "name": "kboguta",
            "is_restricted": false,
            "is_ultra_restricted": false
        }
    },
    {
        "type": "message",
        "text": "humm… are you setting data_threads?",
        "user": "W8Y21DGJK",
        "ts": "1526668961.000034",
        "team": "T86S8GHEG",
        "user_team": "T86S8GHEG",
        "source_team": "T86S8GHEG",
        "user_profile": {
            "avatar_hash": "g7f14da2af48",
            "image_72": "https:\/\/secure.gravatar.com\/avatar\/27f14da2af4839483d0403f4a65e0de1.jpg?s=72&d=https%3A%2F%2Fa.slack-edge.com%2Fdf10d%2Fimg%2Favatars%2Fava_0002-72.png",
            "first_name": "Rafael",
            "real_name": "Rafael Menezes Barreto",
            "display_name": "rbarreto",
            "team": "T86S8GHEG",
            "name": "rbarreto",
            "is_restricted": false,
            "is_ultra_restricted": false
        }
    },
    {
        "type": "message",
        "text": "i have my own input_fn",
        "user": "W81LDDNPM",
        "ts": "1526669067.000125",
        "team": "T86S8GHEG",
        "user_team": "T86S8GHEG",
        "source_team": "T86S8GHEG",
        "user_profile": {
            "avatar_hash": "g86e75ed44d8",
            "image_72": "https:\/\/secure.gravatar.com\/avatar\/586e75ed44d83e02aa496a0c3d6ffc3d.jpg?s=72&d=https%3A%2F%2Fa.slack-edge.com%2Fdf10d%2Fimg%2Favatars%2Fava_0016-72.png",
            "first_name": "Kovas",
            "real_name": "Kovas Boguta",
            "display_name": "kboguta",
            "team": "T86S8GHEG",
            "name": "kboguta",
            "is_restricted": false,
            "is_ultra_restricted": false
        }
    },
    {
        "type": "message",
        "text": "but yes",
        "user": "W81LDDNPM",
        "ts": "1526669071.000438",
        "team": "T86S8GHEG",
        "user_team": "T86S8GHEG",
        "source_team": "T86S8GHEG",
        "user_profile": {
            "avatar_hash": "g86e75ed44d8",
            "image_72": "https:\/\/secure.gravatar.com\/avatar\/586e75ed44d83e02aa496a0c3d6ffc3d.jpg?s=72&d=https%3A%2F%2Fa.slack-edge.com%2Fdf10d%2Fimg%2Favatars%2Fava_0016-72.png",
            "first_name": "Kovas",
            "real_name": "Kovas Boguta",
            "display_name": "kboguta",
            "team": "T86S8GHEG",
            "name": "kboguta",
            "is_restricted": false,
            "is_ultra_restricted": false
        }
    },
    {
        "type": "message",
        "text": "setting the number of parallel calls to the map function",
        "user": "W81LDDNPM",
        "ts": "1526669084.000121",
        "team": "T86S8GHEG",
        "user_team": "T86S8GHEG",
        "source_team": "T86S8GHEG",
        "user_profile": {
            "avatar_hash": "g86e75ed44d8",
            "image_72": "https:\/\/secure.gravatar.com\/avatar\/586e75ed44d83e02aa496a0c3d6ffc3d.jpg?s=72&d=https%3A%2F%2Fa.slack-edge.com%2Fdf10d%2Fimg%2Favatars%2Fava_0016-72.png",
            "first_name": "Kovas",
            "real_name": "Kovas Boguta",
            "display_name": "kboguta",
            "team": "T86S8GHEG",
            "name": "kboguta",
            "is_restricted": false,
            "is_ultra_restricted": false
        }
    },
    {
        "type": "message",
        "text": "<!subteam^S8QBN9FJ6|@deepbirdv2-support> MDL loss diverged with more data: <http:\/\/http--0--sq_dbv2_mdl_05182018--devel--yanx.service.smf1.twitter.biz\/#scalars&amp;run=>.\nis this a concern? \nAlso, what’s the loss here? I thought we’re just binning the feature values into fixed intervals for the “Simple” MDL solution?",
        "user": "W820RBMEG",
        "ts": "1526672211.000092",
        "team": "T86S8GHEG",
        "user_team": "T86S8GHEG",
        "source_team": "T86S8GHEG",
        "user_profile": {
            "avatar_hash": "0b7764c945f1",
            "image_72": "https:\/\/avatars.slack-edge.com\/2017-12-01\/280585510643_0b7764c945f1fa95e304_72.jpg",
            "first_name": "Yan",
            "real_name": "Yan Xia",
            "display_name": "yanx",
            "team": "T86S8GHEG",
            "name": "yanx",
            "is_restricted": false,
            "is_ultra_restricted": false
        }
    },
    {
        "client_msg_id": "e7e3ba67-f125-4f2f-9aaf-fcd6fff9bded",
        "type": "message",
        "text": "<@W820RBMEG> ignore the loss when calibrating",
        "user": "W81BJEAGZ",
        "ts": "1526672256.000176",
        "team": "T86S8GHEG",
        "user_team": "T86S8GHEG",
        "source_team": "T86S8GHEG",
        "user_profile": {
            "avatar_hash": "45f9fa184373",
            "image_72": "https:\/\/avatars.slack-edge.com\/2019-04-25\/620857384023_45f9fa184373c2c504f5_72.jpg",
            "first_name": "Pavan",
            "real_name": "Pavan Yalamanchili",
            "display_name": "pyalamanchili",
            "team": "T86S8GHEG",
            "name": "pyalamanchili",
            "is_restricted": false,
            "is_ultra_restricted": false
        }
    },
    {
        "client_msg_id": "70b947d8-b923-4749-9da7-1128f87b403d",
        "type": "message",
        "text": "It's just a dummy op to force other ops",
        "user": "W81BJEAGZ",
        "ts": "1526672267.000595",
        "team": "T86S8GHEG",
        "user_team": "T86S8GHEG",
        "source_team": "T86S8GHEG",
        "user_profile": {
            "avatar_hash": "45f9fa184373",
            "image_72": "https:\/\/avatars.slack-edge.com\/2019-04-25\/620857384023_45f9fa184373c2c504f5_72.jpg",
            "first_name": "Pavan",
            "real_name": "Pavan Yalamanchili",
            "display_name": "pyalamanchili",
            "team": "T86S8GHEG",
            "name": "pyalamanchili",
            "is_restricted": false,
            "is_ultra_restricted": false
        }
    },
    {
        "type": "message",
        "text": "OK, SG",
        "user": "W820RBMEG",
        "ts": "1526672272.000640",
        "team": "T86S8GHEG",
        "user_team": "T86S8GHEG",
        "source_team": "T86S8GHEG",
        "user_profile": {
            "avatar_hash": "0b7764c945f1",
            "image_72": "https:\/\/avatars.slack-edge.com\/2017-12-01\/280585510643_0b7764c945f1fa95e304_72.jpg",
            "first_name": "Yan",
            "real_name": "Yan Xia",
            "display_name": "yanx",
            "team": "T86S8GHEG",
            "name": "yanx",
            "is_restricted": false,
            "is_ultra_restricted": false
        }
    },
    {
        "type": "message",
        "text": "thanks",
        "user": "W820RBMEG",
        "ts": "1526672276.000124",
        "team": "T86S8GHEG",
        "user_team": "T86S8GHEG",
        "source_team": "T86S8GHEG",
        "user_profile": {
            "avatar_hash": "0b7764c945f1",
            "image_72": "https:\/\/avatars.slack-edge.com\/2017-12-01\/280585510643_0b7764c945f1fa95e304_72.jpg",
            "first_name": "Yan",
            "real_name": "Yan Xia",
            "display_name": "yanx",
            "team": "T86S8GHEG",
            "name": "yanx",
            "is_restricted": false,
            "is_ultra_restricted": false
        },
        "edited": {
            "user": "W820RBMEG",
            "ts": "1526672283.000000"
        }
    },
    {
        "type": "message",
        "text": "<@W820RBMEG> for MDL training, the loss is the output itself.",
        "user": "W820RFKK6",
        "ts": "1526672320.000402",
        "team": "T86S8GHEG",
        "user_team": "T86S8GHEG",
        "source_team": "T86S8GHEG",
        "user_profile": {
            "avatar_hash": "d2cf7d816132",
            "image_72": "https:\/\/avatars.slack-edge.com\/2019-07-21\/694944687905_d2cf7d8161326b26f909_72.jpg",
            "first_name": "Yi",
            "real_name": "Yi Zhuang",
            "display_name": "yz",
            "team": "T86S8GHEG",
            "name": "yz",
            "is_restricted": false,
            "is_ultra_restricted": false
        }
    },
    {
        "type": "message",
        "text": "If you get NaN, it actually indicate you may have NaN in your input",
        "user": "W820RFKK6",
        "ts": "1526672336.000019",
        "team": "T86S8GHEG",
        "user_team": "T86S8GHEG",
        "source_team": "T86S8GHEG",
        "user_profile": {
            "avatar_hash": "d2cf7d816132",
            "image_72": "https:\/\/avatars.slack-edge.com\/2019-07-21\/694944687905_d2cf7d8161326b26f909_72.jpg",
            "first_name": "Yi",
            "real_name": "Yi Zhuang",
            "display_name": "yz",
            "team": "T86S8GHEG",
            "name": "yz",
            "is_restricted": false,
            "is_ultra_restricted": false
        }
    },
    {
        "type": "message",
        "text": "`    loss = tf.reduce_sum(tf.stop_gradient(output))`",
        "user": "W820RFKK6",
        "ts": "1526672355.000164",
        "team": "T86S8GHEG",
        "user_team": "T86S8GHEG",
        "source_team": "T86S8GHEG",
        "user_profile": {
            "avatar_hash": "d2cf7d816132",
            "image_72": "https:\/\/avatars.slack-edge.com\/2019-07-21\/694944687905_d2cf7d8161326b26f909_72.jpg",
            "first_name": "Yi",
            "real_name": "Yi Zhuang",
            "display_name": "yz",
            "team": "T86S8GHEG",
            "name": "yz",
            "is_restricted": false,
            "is_ultra_restricted": false
        }
    },
    {
        "type": "message",
        "text": "so this loss can be ignored, but if you are getting NaN, double check your input features.",
        "user": "W820RFKK6",
        "ts": "1526672399.000053",
        "team": "T86S8GHEG",
        "user_team": "T86S8GHEG",
        "source_team": "T86S8GHEG",
        "user_profile": {
            "avatar_hash": "d2cf7d816132",
            "image_72": "https:\/\/avatars.slack-edge.com\/2019-07-21\/694944687905_d2cf7d8161326b26f909_72.jpg",
            "first_name": "Yi",
            "real_name": "Yi Zhuang",
            "display_name": "yz",
            "team": "T86S8GHEG",
            "name": "yz",
            "is_restricted": false,
            "is_ultra_restricted": false
        }
    },
    {
        "type": "message",
        "text": "<@W820RFKK6> ok. thanks. they’re not NaNs, just really large numbers, like `63917084.0`",
        "user": "W820RBMEG",
        "ts": "1526672432.000234",
        "team": "T86S8GHEG",
        "user_team": "T86S8GHEG",
        "source_team": "T86S8GHEG",
        "user_profile": {
            "avatar_hash": "0b7764c945f1",
            "image_72": "https:\/\/avatars.slack-edge.com\/2017-12-01\/280585510643_0b7764c945f1fa95e304_72.jpg",
            "first_name": "Yan",
            "real_name": "Yan Xia",
            "display_name": "yanx",
            "team": "T86S8GHEG",
            "name": "yanx",
            "is_restricted": false,
            "is_ultra_restricted": false
        }
    },
    {
        "type": "message",
        "text": "hey guys, I’m observing something really curious",
        "user": "W8Y21DGJK",
        "ts": "1526675443.000177",
        "team": "T86S8GHEG",
        "user_team": "T86S8GHEG",
        "source_team": "T86S8GHEG",
        "user_profile": {
            "avatar_hash": "g7f14da2af48",
            "image_72": "https:\/\/secure.gravatar.com\/avatar\/27f14da2af4839483d0403f4a65e0de1.jpg?s=72&d=https%3A%2F%2Fa.slack-edge.com%2Fdf10d%2Fimg%2Favatars%2Fava_0002-72.png",
            "first_name": "Rafael",
            "real_name": "Rafael Menezes Barreto",
            "display_name": "rbarreto",
            "team": "T86S8GHEG",
            "name": "rbarreto",
            "is_restricted": false,
            "is_ultra_restricted": false
        }
    },
    {
        "type": "message",
        "text": "so far I’ve been testing my model locally using a smaller version of  my dataset",
        "user": "W8Y21DGJK",
        "ts": "1526675462.000257",
        "team": "T86S8GHEG",
        "user_team": "T86S8GHEG",
        "source_team": "T86S8GHEG",
        "user_profile": {
            "avatar_hash": "g7f14da2af48",
            "image_72": "https:\/\/secure.gravatar.com\/avatar\/27f14da2af4839483d0403f4a65e0de1.jpg?s=72&d=https%3A%2F%2Fa.slack-edge.com%2Fdf10d%2Fimg%2Favatars%2Fava_0002-72.png",
            "first_name": "Rafael",
            "real_name": "Rafael Menezes Barreto",
            "display_name": "rbarreto",
            "team": "T86S8GHEG",
            "name": "rbarreto",
            "is_restricted": false,
            "is_ultra_restricted": false
        }
    },
    {
        "type": "message",
        "text": "I installed the dependencies in a virtual environment, compiled twml and everything is work fine",
        "user": "W8Y21DGJK",
        "ts": "1526675483.000650",
        "team": "T86S8GHEG",
        "user_team": "T86S8GHEG",
        "source_team": "T86S8GHEG",
        "user_profile": {
            "avatar_hash": "g7f14da2af48",
            "image_72": "https:\/\/secure.gravatar.com\/avatar\/27f14da2af4839483d0403f4a65e0de1.jpg?s=72&d=https%3A%2F%2Fa.slack-edge.com%2Fdf10d%2Fimg%2Favatars%2Fava_0002-72.png",
            "first_name": "Rafael",
            "real_name": "Rafael Menezes Barreto",
            "display_name": "rbarreto",
            "team": "T86S8GHEG",
            "name": "rbarreto",
            "is_restricted": false,
            "is_ultra_restricted": false
        }
    },
    {
        "type": "message",
        "text": "the training is going pretty fast",
        "user": "W8Y21DGJK",
        "ts": "1526675494.000107",
        "team": "T86S8GHEG",
        "user_team": "T86S8GHEG",
        "source_team": "T86S8GHEG",
        "user_profile": {
            "avatar_hash": "g7f14da2af48",
            "image_72": "https:\/\/secure.gravatar.com\/avatar\/27f14da2af4839483d0403f4a65e0de1.jpg?s=72&d=https%3A%2F%2Fa.slack-edge.com%2Fdf10d%2Fimg%2Favatars%2Fava_0002-72.png",
            "first_name": "Rafael",
            "real_name": "Rafael Menezes Barreto",
            "display_name": "rbarreto",
            "team": "T86S8GHEG",
            "name": "rbarreto",
            "is_restricted": false,
            "is_ultra_restricted": false
        }
    },
    {
        "type": "message",
        "text": "~-40-50 steps\/sec with batch_size=1024",
        "user": "W8Y21DGJK",
        "ts": "1526675511.000151",
        "team": "T86S8GHEG",
        "user_team": "T86S8GHEG",
        "source_team": "T86S8GHEG",
        "user_profile": {
            "avatar_hash": "g7f14da2af48",
            "image_72": "https:\/\/secure.gravatar.com\/avatar\/27f14da2af4839483d0403f4a65e0de1.jpg?s=72&d=https%3A%2F%2Fa.slack-edge.com%2Fdf10d%2Fimg%2Favatars%2Fava_0002-72.png",
            "first_name": "Rafael",
            "real_name": "Rafael Menezes Barreto",
            "display_name": "rbarreto",
            "team": "T86S8GHEG",
            "name": "rbarreto",
            "is_restricted": false,
            "is_ultra_restricted": false
        }
    },
    {
        "type": "message",
        "text": "however, when I run this in mesos",
        "user": "W8Y21DGJK",
        "ts": "1526675518.000483",
        "team": "T86S8GHEG",
        "user_team": "T86S8GHEG",
        "source_team": "T86S8GHEG",
        "user_profile": {
            "avatar_hash": "g7f14da2af48",
            "image_72": "https:\/\/secure.gravatar.com\/avatar\/27f14da2af4839483d0403f4a65e0de1.jpg?s=72&d=https%3A%2F%2Fa.slack-edge.com%2Fdf10d%2Fimg%2Favatars%2Fava_0002-72.png",
            "first_name": "Rafael",
            "real_name": "Rafael Menezes Barreto",
            "display_name": "rbarreto",
            "team": "T86S8GHEG",
            "name": "rbarreto",
            "is_restricted": false,
            "is_ultra_restricted": false
        }
    },
    {
        "type": "message",
        "text": "with a --cpu=64, --memory=128G",
        "user": "W8Y21DGJK",
        "ts": "1526675532.000520",
        "team": "T86S8GHEG",
        "user_team": "T86S8GHEG",
        "source_team": "T86S8GHEG",
        "user_profile": {
            "avatar_hash": "g7f14da2af48",
            "image_72": "https:\/\/secure.gravatar.com\/avatar\/27f14da2af4839483d0403f4a65e0de1.jpg?s=72&d=https%3A%2F%2Fa.slack-edge.com%2Fdf10d%2Fimg%2Favatars%2Fava_0002-72.png",
            "first_name": "Rafael",
            "real_name": "Rafael Menezes Barreto",
            "display_name": "rbarreto",
            "team": "T86S8GHEG",
            "name": "rbarreto",
            "is_restricted": false,
            "is_ultra_restricted": false
        }
    },
    {
        "type": "message",
        "text": "it slows down to 5 steps\/sec",
        "user": "W8Y21DGJK",
        "ts": "1526675553.000436",
        "team": "T86S8GHEG",
        "user_team": "T86S8GHEG",
        "source_team": "T86S8GHEG",
        "user_profile": {
            "avatar_hash": "g7f14da2af48",
            "image_72": "https:\/\/secure.gravatar.com\/avatar\/27f14da2af4839483d0403f4a65e0de1.jpg?s=72&d=https%3A%2F%2Fa.slack-edge.com%2Fdf10d%2Fimg%2Favatars%2Fava_0002-72.png",
            "first_name": "Rafael",
            "real_name": "Rafael Menezes Barreto",
            "display_name": "rbarreto",
            "team": "T86S8GHEG",
            "name": "rbarreto",
            "is_restricted": false,
            "is_ultra_restricted": false
        }
    },
    {
        "type": "message",
        "text": "so, I thought this could be due to IO",
        "user": "W8Y21DGJK",
        "ts": "1526675561.000022",
        "team": "T86S8GHEG",
        "user_team": "T86S8GHEG",
        "source_team": "T86S8GHEG",
        "user_profile": {
            "avatar_hash": "g7f14da2af48",
            "image_72": "https:\/\/secure.gravatar.com\/avatar\/27f14da2af4839483d0403f4a65e0de1.jpg?s=72&d=https%3A%2F%2Fa.slack-edge.com%2Fdf10d%2Fimg%2Favatars%2Fava_0002-72.png",
            "first_name": "Rafael",
            "real_name": "Rafael Menezes Barreto",
            "display_name": "rbarreto",
            "team": "T86S8GHEG",
            "name": "rbarreto",
            "is_restricted": false,
            "is_ultra_restricted": false
        }
    },
    {
        "type": "message",
        "text": "however, looking at the container metrics",
        "user": "W8Y21DGJK",
        "ts": "1526675614.000326",
        "team": "T86S8GHEG",
        "user_team": "T86S8GHEG",
        "source_team": "T86S8GHEG",
        "user_profile": {
            "avatar_hash": "g7f14da2af48",
            "image_72": "https:\/\/secure.gravatar.com\/avatar\/27f14da2af4839483d0403f4a65e0de1.jpg?s=72&d=https%3A%2F%2Fa.slack-edge.com%2Fdf10d%2Fimg%2Favatars%2Fava_0002-72.png",
            "first_name": "Rafael",
            "real_name": "Rafael Menezes Barreto",
            "display_name": "rbarreto",
            "team": "T86S8GHEG",
            "name": "rbarreto",
            "is_restricted": false,
            "is_ultra_restricted": false
        }
    },
    {
        "type": "message",
        "text": "the network transmission rate is pretty low",
        "user": "W8Y21DGJK",
        "ts": "1526675626.000335",
        "team": "T86S8GHEG",
        "user_team": "T86S8GHEG",
        "source_team": "T86S8GHEG",
        "user_profile": {
            "avatar_hash": "g7f14da2af48",
            "image_72": "https:\/\/secure.gravatar.com\/avatar\/27f14da2af4839483d0403f4a65e0de1.jpg?s=72&d=https%3A%2F%2Fa.slack-edge.com%2Fdf10d%2Fimg%2Favatars%2Fava_0002-72.png",
            "first_name": "Rafael",
            "real_name": "Rafael Menezes Barreto",
            "display_name": "rbarreto",
            "team": "T86S8GHEG",
            "name": "rbarreto",
            "is_restricted": false,
            "is_ultra_restricted": false
        }
    },
    {
        "type": "message",
        "text": "<https:\/\/observe.twitter.biz\/viz\/dashboards\/mesos-container-stats?zone=smf1#tracker=false&amp;visible_zones%5B%5D=smf1&amp;cuckooshrike=&amp;chunky=&amp;nully=false&amp;filled=false&amp;stack=false&amp;scale=linear&amp;outliers=false&amp;boxPlot=&amp;time_granularity=60&amp;time_span=hours-2&amp;query=&amp;y=&amp;has_marker=false&amp;source=sd.rbarreto.devel.bid_chance_mlp_all_feat_column&amp;templateVars%5Bsource%5D=sd.rbarreto.devel.bid_chance_mlp_all_feat_column&amp;hidden=&amp;edit=false>",
        "user": "W8Y21DGJK",
        "ts": "1526675707.000199",
        "team": "T86S8GHEG",
        "user_team": "T86S8GHEG",
        "source_team": "T86S8GHEG",
        "user_profile": {
            "avatar_hash": "g7f14da2af48",
            "image_72": "https:\/\/secure.gravatar.com\/avatar\/27f14da2af4839483d0403f4a65e0de1.jpg?s=72&d=https%3A%2F%2Fa.slack-edge.com%2Fdf10d%2Fimg%2Favatars%2Fava_0002-72.png",
            "first_name": "Rafael",
            "real_name": "Rafael Menezes Barreto",
            "display_name": "rbarreto",
            "team": "T86S8GHEG",
            "name": "rbarreto",
            "is_restricted": false,
            "is_ultra_restricted": false
        }
    },
    {
        "type": "message",
        "text": "also, when I increase model complexity, it slows down as well",
        "user": "W8Y21DGJK",
        "ts": "1526675721.000370",
        "team": "T86S8GHEG",
        "user_team": "T86S8GHEG",
        "source_team": "T86S8GHEG",
        "user_profile": {
            "avatar_hash": "g7f14da2af48",
            "image_72": "https:\/\/secure.gravatar.com\/avatar\/27f14da2af4839483d0403f4a65e0de1.jpg?s=72&d=https%3A%2F%2Fa.slack-edge.com%2Fdf10d%2Fimg%2Favatars%2Fava_0002-72.png",
            "first_name": "Rafael",
            "real_name": "Rafael Menezes Barreto",
            "display_name": "rbarreto",
            "team": "T86S8GHEG",
            "name": "rbarreto",
            "is_restricted": false,
            "is_ultra_restricted": false
        }
    },
    {
        "type": "message",
        "text": "which further indicates that’s not IO",
        "user": "W8Y21DGJK",
        "ts": "1526675728.000131",
        "team": "T86S8GHEG",
        "user_team": "T86S8GHEG",
        "source_team": "T86S8GHEG",
        "user_profile": {
            "avatar_hash": "g7f14da2af48",
            "image_72": "https:\/\/secure.gravatar.com\/avatar\/27f14da2af4839483d0403f4a65e0de1.jpg?s=72&d=https%3A%2F%2Fa.slack-edge.com%2Fdf10d%2Fimg%2Favatars%2Fava_0002-72.png",
            "first_name": "Rafael",
            "real_name": "Rafael Menezes Barreto",
            "display_name": "rbarreto",
            "team": "T86S8GHEG",
            "name": "rbarreto",
            "is_restricted": false,
            "is_ultra_restricted": false
        }
    },
    {
        "type": "message",
        "text": "anyone has any idea of what could be going on?",
        "user": "W8Y21DGJK",
        "ts": "1526675734.000588",
        "team": "T86S8GHEG",
        "user_team": "T86S8GHEG",
        "source_team": "T86S8GHEG",
        "user_profile": {
            "avatar_hash": "g7f14da2af48",
            "image_72": "https:\/\/secure.gravatar.com\/avatar\/27f14da2af4839483d0403f4a65e0de1.jpg?s=72&d=https%3A%2F%2Fa.slack-edge.com%2Fdf10d%2Fimg%2Favatars%2Fava_0002-72.png",
            "first_name": "Rafael",
            "real_name": "Rafael Menezes Barreto",
            "display_name": "rbarreto",
            "team": "T86S8GHEG",
            "name": "rbarreto",
            "is_restricted": false,
            "is_ultra_restricted": false
        }
    },
    {
        "type": "message",
        "text": "I also played with data_threads to no avail",
        "user": "W8Y21DGJK",
        "ts": "1526675813.000527",
        "team": "T86S8GHEG",
        "user_team": "T86S8GHEG",
        "source_team": "T86S8GHEG",
        "user_profile": {
            "avatar_hash": "g7f14da2af48",
            "image_72": "https:\/\/secure.gravatar.com\/avatar\/27f14da2af4839483d0403f4a65e0de1.jpg?s=72&d=https%3A%2F%2Fa.slack-edge.com%2Fdf10d%2Fimg%2Favatars%2Fava_0002-72.png",
            "first_name": "Rafael",
            "real_name": "Rafael Menezes Barreto",
            "display_name": "rbarreto",
            "team": "T86S8GHEG",
            "name": "rbarreto",
            "is_restricted": false,
            "is_ultra_restricted": false
        }
    },
    {
        "type": "message",
        "text": "<!subteam^S8QBN9FJ6|@deepbirdv2-support> My training job stuck at the evaluation step forever when running multiple epochs  <http:\/\/smf1-fmh-36-sr1.prod.twitter.com:1338\/logs\/ads-usermodeling-devel-interest-0-7101fd34-f713-4340-be42-b78ee8ddea18\/train_model\/0\/stderr>   This does not happen when only running 1 epoch",
        "user": "W81M6KNBX",
        "ts": "1526676287.000403",
        "team": "T86S8GHEG",
        "user_team": "T86S8GHEG",
        "source_team": "T86S8GHEG",
        "user_profile": {
            "avatar_hash": "2bad69948a1d",
            "image_72": "https:\/\/avatars.slack-edge.com\/2019-06-19\/672683153671_2bad69948a1de76dd967_72.png",
            "first_name": "Bowen",
            "real_name": "Bowen Zhu",
            "display_name": "bzhu",
            "team": "T86S8GHEG",
            "name": "bzhu",
            "is_restricted": false,
            "is_ultra_restricted": false
        }
    },
    {
        "type": "message",
        "text": "<@W81M6KNBX> can you send link to the job not stderr",
        "user": "W81BJEAGZ",
        "ts": "1526676402.000204",
        "team": "T86S8GHEG",
        "user_team": "T86S8GHEG",
        "source_team": "T86S8GHEG",
        "user_profile": {
            "avatar_hash": "45f9fa184373",
            "image_72": "https:\/\/avatars.slack-edge.com\/2019-04-25\/620857384023_45f9fa184373c2c504f5_72.jpg",
            "first_name": "Pavan",
            "real_name": "Pavan Yalamanchili",
            "display_name": "pyalamanchili",
            "team": "T86S8GHEG",
            "name": "pyalamanchili",
            "is_restricted": false,
            "is_ultra_restricted": false
        }
    },
    {
        "type": "message",
        "text": "hmm it looks like there is an issue with `\/user\/ads-usermodeling\/targeting\/interests\/multilabel_data_survey_continuous_prior\/training\/data\/2018\/05\/14\/part-03273.lzo`",
        "user": "W81BJEAGZ",
        "ts": "1526676448.000517",
        "team": "T86S8GHEG",
        "user_team": "T86S8GHEG",
        "source_team": "T86S8GHEG",
        "user_profile": {
            "avatar_hash": "45f9fa184373",
            "image_72": "https:\/\/avatars.slack-edge.com\/2019-04-25\/620857384023_45f9fa184373c2c504f5_72.jpg",
            "first_name": "Pavan",
            "real_name": "Pavan Yalamanchili",
            "display_name": "pyalamanchili",
            "team": "T86S8GHEG",
            "name": "pyalamanchili",
            "is_restricted": false,
            "is_ultra_restricted": false
        }
    },
    {
        "type": "message",
        "text": "sure <http:\/\/smf1-fmh-36-sr1.prod.twitter.com:1338\/task\/ads-usermodeling-devel-interest-0-7101fd34-f713-4340-be42-b78ee8ddea18>",
        "user": "W81M6KNBX",
        "ts": "1526678157.000261",
        "team": "T86S8GHEG",
        "user_team": "T86S8GHEG",
        "source_team": "T86S8GHEG",
        "user_profile": {
            "avatar_hash": "2bad69948a1d",
            "image_72": "https:\/\/avatars.slack-edge.com\/2019-06-19\/672683153671_2bad69948a1de76dd967_72.png",
            "first_name": "Bowen",
            "real_name": "Bowen Zhu",
            "display_name": "bzhu",
            "team": "T86S8GHEG",
            "name": "bzhu",
            "is_restricted": false,
            "is_ultra_restricted": false
        }
    },
    {
        "type": "message",
        "text": "<@W820RFKK6> could you please help take a look?",
        "user": "W81M6KNBX",
        "ts": "1526678664.000018",
        "team": "T86S8GHEG",
        "user_team": "T86S8GHEG",
        "source_team": "T86S8GHEG",
        "user_profile": {
            "avatar_hash": "2bad69948a1d",
            "image_72": "https:\/\/avatars.slack-edge.com\/2019-06-19\/672683153671_2bad69948a1de76dd967_72.png",
            "first_name": "Bowen",
            "real_name": "Bowen Zhu",
            "display_name": "bzhu",
            "team": "T86S8GHEG",
            "name": "bzhu",
            "is_restricted": false,
            "is_ultra_restricted": false
        }
    },
    {
        "type": "message",
        "text": "how old is your twml version ?",
        "user": "W820RFKK6",
        "ts": "1526684684.000213",
        "team": "T86S8GHEG",
        "user_team": "T86S8GHEG",
        "source_team": "T86S8GHEG",
        "user_profile": {
            "avatar_hash": "d2cf7d816132",
            "image_72": "https:\/\/avatars.slack-edge.com\/2019-07-21\/694944687905_d2cf7d8161326b26f909_72.jpg",
            "first_name": "Yi",
            "real_name": "Yi Zhuang",
            "display_name": "yz",
            "team": "T86S8GHEG",
            "name": "yz",
            "is_restricted": false,
            "is_ultra_restricted": false
        }
    },
    {
        "type": "message",
        "text": "i.e. check 3rdparty\/python\/twml\/requirements.txt on your branch",
        "user": "W820RFKK6",
        "ts": "1526684698.000113",
        "team": "T86S8GHEG",
        "user_team": "T86S8GHEG",
        "source_team": "T86S8GHEG",
        "user_profile": {
            "avatar_hash": "d2cf7d816132",
            "image_72": "https:\/\/avatars.slack-edge.com\/2019-07-21\/694944687905_d2cf7d8161326b26f909_72.jpg",
            "first_name": "Yi",
            "real_name": "Yi Zhuang",
            "display_name": "yz",
            "team": "T86S8GHEG",
            "name": "yz",
            "is_restricted": false,
            "is_ultra_restricted": false
        },
        "edited": {
            "user": "W820RFKK6",
            "ts": "1526684703.000000"
        }
    },
    {
        "type": "message",
        "text": "<@W820RFKK6> twml==2.0.5rc1",
        "user": "W81M6KNBX",
        "ts": "1526685800.000147",
        "team": "T86S8GHEG",
        "user_team": "T86S8GHEG",
        "source_team": "T86S8GHEG",
        "user_profile": {
            "avatar_hash": "2bad69948a1d",
            "image_72": "https:\/\/avatars.slack-edge.com\/2019-06-19\/672683153671_2bad69948a1de76dd967_72.png",
            "first_name": "Bowen",
            "real_name": "Bowen Zhu",
            "display_name": "bzhu",
            "team": "T86S8GHEG",
            "name": "bzhu",
            "is_restricted": false,
            "is_ultra_restricted": false
        }
    }
]