[
    {
        "type": "message",
        "text": "<@W82KEML2J> <@W81SCSQ4U> <@W820RFKK6> <@WLD0VBYAG> <@WLDEPL9C0> <@W81DHCZA6> just a heads up it appears that currently TF Hub can only resolve modules saved either on the local filesystem, gcs, or to an http(s) url. So in order to use modules saved to hdfs we’d need to first download it to some local path before loading it in with `module =  hub.Module(\"\/local\/path\")`",
        "user": "WLFA90T9D",
        "ts": "1527771086.000516",
        "team": "T86S8GHEG",
        "user_team": "T86S8GHEG",
        "source_team": "T86S8GHEG",
        "user_profile": {
            "avatar_hash": "5c0688012147",
            "image_72": "https:\/\/avatars.slack-edge.com\/2018-10-15\/455870475024_5c0688012147d5b2fed8_72.jpg",
            "first_name": "Chris",
            "real_name": "Chris Green",
            "display_name": "cgreen",
            "team": "T86S8GHEG",
            "name": "cgreen",
            "is_restricted": false,
            "is_ultra_restricted": false
        }
    },
    {
        "type": "message",
        "subtype": "channel_join",
        "ts": "1527771093.000361",
        "user": "WLD0VBYAG",
        "text": "<@WLD0VBYAG> has joined the channel",
        "inviter": "W82FCNBB8"
    },
    {
        "type": "message",
        "text": "I’m trying to check if my features (SparseTensor) has nan’s by doing the following:\n```\nnan_size = tf.size(tf.reduce_all(tf.is_nan(sparse_tf.values)))\ntf.Print(nan_size, [nan_size], message = \"number of nans \")\n```\nThe problem is `nan_size` is non used in the rest of my graph to compute `output` so *I think* it is just compiled away (as I see no message)\n\nInstead I tried the following (which makes intuitive sense to me), so that is remains part of the graph:\n```\nsparse_tf = tf.Print(sparse_tf, [tf.size(tf.reduce_all(tf.is_nan(sparse_tf.values)))], message = \"number of nans\")\n```\n\nBut it seems `tf.Print` cannot accept SparseTensors as the `input_` variable (even though this just gets passed through). Does anyone know of a way around this?",
        "user": "W82KDR90F",
        "ts": "1527776858.000449",
        "team": "T86S8GHEG",
        "user_team": "T86S8GHEG",
        "source_team": "T86S8GHEG",
        "user_profile": {
            "avatar_hash": "aadd97d94aa2",
            "image_72": "https:\/\/avatars.slack-edge.com\/2018-11-29\/492133488855_aadd97d94aa280af92c9_72.jpg",
            "first_name": "Aly",
            "real_name": "Aly Tejani",
            "display_name": "atejani",
            "team": "T86S8GHEG",
            "name": "atejani",
            "is_restricted": false,
            "is_ultra_restricted": false
        }
    },
    {
        "type": "message",
        "text": "how about: `other_tensor = tf.Print(other_tensor, [tf.size(tf.reduce_all(tf.is_nan(sparse_tf.values)))])` ? Where `other_tensor` is used in graph and is not a sparse tensor.",
        "user": "W8MSTHA74",
        "ts": "1527776974.000758",
        "team": "T86S8GHEG",
        "user_team": "T86S8GHEG",
        "source_team": "T86S8GHEG",
        "user_profile": {
            "avatar_hash": "38e8d25b5e1a",
            "image_72": "https:\/\/avatars.slack-edge.com\/2019-07-15\/688880508289_38e8d25b5e1ab3f0d0f4_72.png",
            "first_name": "Priyank",
            "real_name": "Priyank J",
            "display_name": "priyankj",
            "team": "T86S8GHEG",
            "name": "priyankj",
            "is_restricted": false,
            "is_ultra_restricted": false
        },
        "edited": {
            "user": "W8MSTHA74",
            "ts": "1527777035.000000"
        }
    },
    {
        "type": "message",
        "text": "I only have one input sparse tensor to the model",
        "user": "W82KDR90F",
        "ts": "1527777071.000849",
        "team": "T86S8GHEG",
        "user_team": "T86S8GHEG",
        "source_team": "T86S8GHEG",
        "user_profile": {
            "avatar_hash": "aadd97d94aa2",
            "image_72": "https:\/\/avatars.slack-edge.com\/2018-11-29\/492133488855_aadd97d94aa280af92c9_72.jpg",
            "first_name": "Aly",
            "real_name": "Aly Tejani",
            "display_name": "atejani",
            "team": "T86S8GHEG",
            "name": "atejani",
            "is_restricted": false,
            "is_ultra_restricted": false
        },
        "edited": {
            "user": "W82KDR90F",
            "ts": "1527777074.000000"
        }
    },
    {
        "type": "message",
        "text": "which is the features (converted to a tf tensor and then passed into model)",
        "user": "W82KDR90F",
        "ts": "1527777096.000918",
        "team": "T86S8GHEG",
        "user_team": "T86S8GHEG",
        "source_team": "T86S8GHEG",
        "user_profile": {
            "avatar_hash": "aadd97d94aa2",
            "image_72": "https:\/\/avatars.slack-edge.com\/2018-11-29\/492133488855_aadd97d94aa280af92c9_72.jpg",
            "first_name": "Aly",
            "real_name": "Aly Tejani",
            "display_name": "atejani",
            "team": "T86S8GHEG",
            "name": "atejani",
            "is_restricted": false,
            "is_ultra_restricted": false
        },
        "thread_ts": "1527777096.000918",
        "reply_count": 1,
        "reply_users_count": 1,
        "latest_reply": "1527777520.000754",
        "reply_users": [
            "W8MSTHA74"
        ],
        "replies": [
            {
                "user": "W8MSTHA74",
                "ts": "1527777520.000754"
            }
        ],
        "subscribed": false
    },
    {
        "type": "message",
        "text": "Can you use the loss or output as the other_tensor?",
        "user": "W8MSTHA74",
        "ts": "1527777273.000702",
        "team": "T86S8GHEG",
        "user_team": "T86S8GHEG",
        "source_team": "T86S8GHEG",
        "user_profile": {
            "avatar_hash": "38e8d25b5e1a",
            "image_72": "https:\/\/avatars.slack-edge.com\/2019-07-15\/688880508289_38e8d25b5e1ab3f0d0f4_72.png",
            "first_name": "Priyank",
            "real_name": "Priyank J",
            "display_name": "priyankj",
            "team": "T86S8GHEG",
            "name": "priyankj",
            "is_restricted": false,
            "is_ultra_restricted": false
        }
    },
    {
        "type": "message",
        "text": "<@W82KDR90F> have you tried: `tf.size(tf.reduce_all(tf.is_nan(sparse_tf.values))).eval()` ?",
        "user": "W8MSTHA74",
        "ts": "1527777520.000754",
        "team": "T86S8GHEG",
        "user_team": "T86S8GHEG",
        "source_team": "T86S8GHEG",
        "user_profile": {
            "avatar_hash": "38e8d25b5e1a",
            "image_72": "https:\/\/avatars.slack-edge.com\/2019-07-15\/688880508289_38e8d25b5e1ab3f0d0f4_72.png",
            "first_name": "Priyank",
            "real_name": "Priyank J",
            "display_name": "priyankj",
            "team": "T86S8GHEG",
            "name": "priyankj",
            "is_restricted": false,
            "is_ultra_restricted": false
        },
        "thread_ts": "1527777096.000918",
        "parent_user_id": "W82KDR90F"
    },
    {
        "type": "message",
        "text": "yup using logits works  <@W80R6QHNC> figured it out",
        "user": "W82KDR90F",
        "ts": "1527777687.000270",
        "team": "T86S8GHEG",
        "user_team": "T86S8GHEG",
        "source_team": "T86S8GHEG",
        "user_profile": {
            "avatar_hash": "aadd97d94aa2",
            "image_72": "https:\/\/avatars.slack-edge.com\/2018-11-29\/492133488855_aadd97d94aa280af92c9_72.jpg",
            "first_name": "Aly",
            "real_name": "Aly Tejani",
            "display_name": "atejani",
            "team": "T86S8GHEG",
            "name": "atejani",
            "is_restricted": false,
            "is_ultra_restricted": false
        },
        "reactions": [
            {
                "name": "+1",
                "users": [
                    "W8MSTHA74"
                ],
                "count": 1
            }
        ]
    },
    {
        "type": "message",
        "text": "ok that works now :slightly_smiling_face:",
        "user": "W82KDR90F",
        "ts": "1527777695.000021",
        "team": "T86S8GHEG",
        "user_team": "T86S8GHEG",
        "source_team": "T86S8GHEG",
        "user_profile": {
            "avatar_hash": "aadd97d94aa2",
            "image_72": "https:\/\/avatars.slack-edge.com\/2018-11-29\/492133488855_aadd97d94aa280af92c9_72.jpg",
            "first_name": "Aly",
            "real_name": "Aly Tejani",
            "display_name": "atejani",
            "team": "T86S8GHEG",
            "name": "atejani",
            "is_restricted": false,
            "is_ultra_restricted": false
        }
    },
    {
        "type": "message",
        "text": "now my next problem… I have nan’s in my data :slightly_smiling_face:",
        "user": "W82KDR90F",
        "ts": "1527777708.000260",
        "team": "T86S8GHEG",
        "user_team": "T86S8GHEG",
        "source_team": "T86S8GHEG",
        "user_profile": {
            "avatar_hash": "aadd97d94aa2",
            "image_72": "https:\/\/avatars.slack-edge.com\/2018-11-29\/492133488855_aadd97d94aa280af92c9_72.jpg",
            "first_name": "Aly",
            "real_name": "Aly Tejani",
            "display_name": "atejani",
            "team": "T86S8GHEG",
            "name": "atejani",
            "is_restricted": false,
            "is_ultra_restricted": false
        }
    },
    {
        "type": "message",
        "text": "<@W82KDR90F> To make sure tf.is_nan is included in the graph, you can use `with tf.control_dependencies([my_op, my_other_op]):`, <https:\/\/www.tensorflow.org\/api_docs\/python\/tf\/control_dependencies> .",
        "user": "W81SCSQ4U",
        "ts": "1527778901.000567",
        "team": "T86S8GHEG",
        "user_team": "T86S8GHEG",
        "source_team": "T86S8GHEG",
        "user_profile": {
            "avatar_hash": "8c2489bfe8d4",
            "image_72": "https:\/\/avatars.slack-edge.com\/2018-01-29\/306405819714_8c2489bfe8d4c9a4e911_72.jpg",
            "first_name": "Nicholas",
            "real_name": "Nicholas Leonard",
            "display_name": "nleonard",
            "team": "T86S8GHEG",
            "name": "nleonard",
            "is_restricted": false,
            "is_ultra_restricted": false
        },
        "attachments": [
            {
                "service_name": "TensorFlow",
                "title": "tf.control_dependencies  |  TensorFlow",
                "title_link": "https:\/\/www.tensorflow.org\/api_docs\/python\/tf\/control_dependencies",
                "fallback": "TensorFlow: tf.control_dependencies  |  TensorFlow",
                "image_url": "https:\/\/www.tensorflow.org\/images\/tf_logo_social.png",
                "image_width": 444,
                "image_height": 250,
                "from_url": "https:\/\/www.tensorflow.org\/api_docs\/python\/tf\/control_dependencies",
                "image_bytes": 33761,
                "service_icon": "https:\/\/www.tensorflow.org\/images\/apple-touch-icon-180x180.png",
                "id": 1,
                "original_url": "https:\/\/www.tensorflow.org\/api_docs\/python\/tf\/control_dependencies"
            }
        ],
        "reactions": [
            {
                "name": "+1",
                "users": [
                    "W80R6QHNC",
                    "W82KDR90F"
                ],
                "count": 2
            }
        ]
    },
    {
        "type": "message",
        "text": "Sounds good. I think <@WLD0VBYAG> is working on a way to abstract this annoyance away.",
        "user": "W81SCSQ4U",
        "ts": "1527778975.000764",
        "team": "T86S8GHEG",
        "user_team": "T86S8GHEG",
        "source_team": "T86S8GHEG",
        "user_profile": {
            "avatar_hash": "8c2489bfe8d4",
            "image_72": "https:\/\/avatars.slack-edge.com\/2018-01-29\/306405819714_8c2489bfe8d4c9a4e911_72.jpg",
            "first_name": "Nicholas",
            "real_name": "Nicholas Leonard",
            "display_name": "nleonard",
            "team": "T86S8GHEG",
            "name": "nleonard",
            "is_restricted": false,
            "is_ultra_restricted": false
        },
        "attachments": [
            {
                "fallback": "[May 31st, 2018 5:51 AM] cgreen: <@W82KEML2J> <@W81SCSQ4U> <@W820RFKK6> <@WLD0VBYAG> <@WLDEPL9C0> <@W81DHCZA6> just a heads up it appears that currently TF Hub can only resolve modules saved either on the local filesystem, gcs, or to an http(s) url. So in order to use modules saved to hdfs we’d need to first download it to some local path before loading it in with `module =  hub.Module(\"\/local\/path\")`",
                "ts": "1527771086.000516",
                "author_id": "W82FCNBB8",
                "author_subname": "Chris Green",
                "channel_id": "C8R53SM2A",
                "channel_name": "deepbird-v2-support",
                "is_msg_unfurl": true,
                "text": "<@W82KEML2J> <@W81SCSQ4U> <@W820RFKK6> <@WLD0VBYAG> <@WLDEPL9C0> <@W81DHCZA6> just a heads up it appears that currently TF Hub can only resolve modules saved either on the local filesystem, gcs, or to an http(s) url. So in order to use modules saved to hdfs we’d need to first download it to some local path before loading it in with `module =  hub.Module(\"\/local\/path\")`",
                "author_name": "Chris Green",
                "author_link": "https:\/\/twitter.slack.com\/team\/W82FCNBB8",
                "author_icon": "https:\/\/secure.gravatar.com\/avatar\/f5bc9b46114a406bb8aa4ecf0939454f.jpg?s=48&d=https%3A%2F%2Fa.slack-edge.com%2F0180%2Fimg%2Favatars%2Fava_0001-48.png",
                "mrkdwn_in": [
                    "text"
                ],
                "color": "D0D0D0",
                "from_url": "https:\/\/twitter.slack.com\/archives\/C8R53SM2A\/p1527771086000516",
                "is_share": true,
                "footer": "Posted in #deepbird-v2-support"
            }
        ],
        "thread_ts": "1527778975.000764",
        "reply_count": 4,
        "reply_users_count": 3,
        "latest_reply": "1527784571.000584",
        "reply_users": [
            "WLD0VBYAG",
            "WLFA90T9D",
            "W82KEML2J"
        ],
        "replies": [
            {
                "user": "WLD0VBYAG",
                "ts": "1527779314.000541"
            },
            {
                "user": "WLD0VBYAG",
                "ts": "1527784269.000553"
            },
            {
                "user": "WLFA90T9D",
                "ts": "1527784281.000392"
            },
            {
                "user": "W82KEML2J",
                "ts": "1527784571.000584"
            }
        ],
        "subscribed": false
    },
    {
        "type": "message",
        "text": "yep, a module registered with our solution will deal with HDFS and possibly packer",
        "user": "WLD0VBYAG",
        "ts": "1527779314.000541",
        "team": "T86S8GHEG",
        "user_team": "T86S8GHEG",
        "source_team": "T86S8GHEG",
        "user_profile": {
            "avatar_hash": "05628168650a",
            "image_72": "https:\/\/avatars.slack-edge.com\/2018-04-26\/354229354194_05628168650a9d6705d7_72.jpg",
            "first_name": "Samuel",
            "real_name": "Samuel Ngahane",
            "display_name": "sngahane",
            "team": "T86S8GHEG",
            "name": "sngahane",
            "is_restricted": false,
            "is_ultra_restricted": false
        },
        "thread_ts": "1527778975.000764",
        "parent_user_id": "W81SCSQ4U"
    },
    {
        "type": "message",
        "text": "We can probably use TF.gfile.copy so we can have it work over hdfs ",
        "user": "W81BJEAGZ",
        "ts": "1527783043.000680",
        "team": "T86S8GHEG",
        "user_team": "T86S8GHEG",
        "source_team": "T86S8GHEG",
        "user_profile": {
            "avatar_hash": "45f9fa184373",
            "image_72": "https:\/\/avatars.slack-edge.com\/2019-04-25\/620857384023_45f9fa184373c2c504f5_72.jpg",
            "first_name": "Pavan",
            "real_name": "Pavan Yalamanchili",
            "display_name": "pyalamanchili",
            "team": "T86S8GHEG",
            "name": "pyalamanchili",
            "is_restricted": false,
            "is_ultra_restricted": false
        },
        "attachments": [
            {
                "fallback": "[May 31st, 2018 5:51 AM] cgreen: <@W82KEML2J> <@W81SCSQ4U> <@W820RFKK6> <@WLD0VBYAG> <@WLDEPL9C0> <@W81DHCZA6> just a heads up it appears that currently TF Hub can only resolve modules saved either on the local filesystem, gcs, or to an http(s) url. So in order to use modules saved to hdfs we’d need to first download it to some local path before loading it in with `module =  hub.Module(\"\/local\/path\")`",
                "ts": "1527771086.000516",
                "author_id": "W82FCNBB8",
                "author_subname": "Chris Green",
                "channel_id": "C8R53SM2A",
                "channel_name": "deepbird-v2-support",
                "is_msg_unfurl": true,
                "text": "<@W82KEML2J> <@W81SCSQ4U> <@W820RFKK6> <@WLD0VBYAG> <@WLDEPL9C0> <@W81DHCZA6> just a heads up it appears that currently TF Hub can only resolve modules saved either on the local filesystem, gcs, or to an http(s) url. So in order to use modules saved to hdfs we’d need to first download it to some local path before loading it in with `module =  hub.Module(\"\/local\/path\")`",
                "author_name": "Chris Green",
                "author_link": "https:\/\/twitter.slack.com\/team\/W82FCNBB8",
                "author_icon": "https:\/\/secure.gravatar.com\/avatar\/f5bc9b46114a406bb8aa4ecf0939454f.jpg?s=48&d=https%3A%2F%2Fa.slack-edge.com%2F0180%2Fimg%2Favatars%2Fava_0001-48.png",
                "mrkdwn_in": [
                    "text"
                ],
                "color": "D0D0D0",
                "from_url": "https:\/\/twitter.slack.com\/archives\/C8R53SM2A\/p1527771086000516",
                "is_share": true,
                "footer": "Posted in #deepbird-v2-support"
            }
        ]
    },
    {
        "type": "message",
        "text": "`A developer wanted to do local splitnet embeddings... you won't believe that happened next` … <https:\/\/phabricator.twitter.biz\/D175813>",
        "user": "W82KEML2J",
        "ts": "1527783675.000206",
        "team": "T86S8GHEG",
        "user_team": "T86S8GHEG",
        "source_team": "T86S8GHEG",
        "user_profile": {
            "avatar_hash": "76cfed1472fd",
            "image_72": "https:\/\/avatars.slack-edge.com\/2018-01-16\/299349490449_76cfed1472fd5cb7033e_72.png",
            "first_name": "Luca",
            "real_name": "Luca Belli",
            "display_name": "lbelli",
            "team": "T86S8GHEG",
            "name": "lbelli",
            "is_restricted": false,
            "is_ultra_restricted": false
        },
        "reactions": [
            {
                "name": "birthdaypartyparrot",
                "users": [
                    "W82KDR90F"
                ],
                "count": 1
            }
        ]
    },
    {
        "type": "message",
        "subtype": "thread_broadcast",
        "text": "But this work won’t be before next quarter. So if folks want to integrate that nicely in TF Hub before, be my guest!",
        "user": "WLD0VBYAG",
        "ts": "1527784269.000553",
        "thread_ts": "1527778975.000764",
        "root": {
            "type": "message",
            "text": "Sounds good. I think <@WLD0VBYAG> is working on a way to abstract this annoyance away.",
            "user": "W81SCSQ4U",
            "ts": "1527778975.000764",
            "team": "T86S8GHEG",
            "attachments": [
                {
                    "fallback": "[May 31st, 2018 5:51 AM] cgreen: <@W82KEML2J> <@W81SCSQ4U> <@W820RFKK6> <@WLD0VBYAG> <@WLDEPL9C0> <@W81DHCZA6> just a heads up it appears that currently TF Hub can only resolve modules saved either on the local filesystem, gcs, or to an http(s) url. So in order to use modules saved to hdfs we’d need to first download it to some local path before loading it in with `module =  hub.Module(\"\/local\/path\")`",
                    "ts": "1527771086.000516",
                    "author_id": "W82FCNBB8",
                    "author_subname": "Chris Green",
                    "channel_id": "C8R53SM2A",
                    "channel_name": "deepbird-v2-support",
                    "is_msg_unfurl": true,
                    "text": "<@W82KEML2J> <@W81SCSQ4U> <@W820RFKK6> <@WLD0VBYAG> <@WLDEPL9C0> <@W81DHCZA6> just a heads up it appears that currently TF Hub can only resolve modules saved either on the local filesystem, gcs, or to an http(s) url. So in order to use modules saved to hdfs we’d need to first download it to some local path before loading it in with `module =  hub.Module(\"\/local\/path\")`",
                    "author_name": "Chris Green",
                    "author_link": "https:\/\/twitter.slack.com\/team\/W82FCNBB8",
                    "author_icon": "https:\/\/secure.gravatar.com\/avatar\/f5bc9b46114a406bb8aa4ecf0939454f.jpg?s=48&d=https%3A%2F%2Fa.slack-edge.com%2F0180%2Fimg%2Favatars%2Fava_0001-48.png",
                    "mrkdwn_in": [
                        "text"
                    ],
                    "color": "D0D0D0",
                    "from_url": "https:\/\/twitter.slack.com\/archives\/C8R53SM2A\/p1527771086000516",
                    "is_share": true,
                    "footer": "Posted in #deepbird-v2-support"
                }
            ],
            "thread_ts": "1527778975.000764",
            "reply_count": 4,
            "reply_users_count": 3,
            "latest_reply": "1527784571.000584",
            "reply_users": [
                "WLD0VBYAG",
                "WLFA90T9D",
                "W82KEML2J"
            ],
            "replies": [
                {
                    "user": "WLD0VBYAG",
                    "ts": "1527779314.000541"
                },
                {
                    "user": "WLD0VBYAG",
                    "ts": "1527784269.000553"
                },
                {
                    "user": "WLFA90T9D",
                    "ts": "1527784281.000392"
                },
                {
                    "user": "W82KEML2J",
                    "ts": "1527784571.000584"
                }
            ],
            "subscribed": false
        }
    },
    {
        "type": "message",
        "text": "<@W82KEML2J>",
        "user": "WLFA90T9D",
        "ts": "1527784281.000392",
        "team": "T86S8GHEG",
        "user_team": "T86S8GHEG",
        "source_team": "T86S8GHEG",
        "user_profile": {
            "avatar_hash": "5c0688012147",
            "image_72": "https:\/\/avatars.slack-edge.com\/2018-10-15\/455870475024_5c0688012147d5b2fed8_72.jpg",
            "first_name": "Chris",
            "real_name": "Chris Green",
            "display_name": "cgreen",
            "team": "T86S8GHEG",
            "name": "cgreen",
            "is_restricted": false,
            "is_ultra_restricted": false
        },
        "thread_ts": "1527778975.000764",
        "parent_user_id": "W81SCSQ4U"
    },
    {
        "type": "message",
        "text": "will do another pass to copy to hdfs then",
        "user": "W82KEML2J",
        "ts": "1527784571.000584",
        "team": "T86S8GHEG",
        "user_team": "T86S8GHEG",
        "source_team": "T86S8GHEG",
        "user_profile": {
            "avatar_hash": "76cfed1472fd",
            "image_72": "https:\/\/avatars.slack-edge.com\/2018-01-16\/299349490449_76cfed1472fd5cb7033e_72.png",
            "first_name": "Luca",
            "real_name": "Luca Belli",
            "display_name": "lbelli",
            "team": "T86S8GHEG",
            "name": "lbelli",
            "is_restricted": false,
            "is_ultra_restricted": false
        },
        "thread_ts": "1527778975.000764",
        "parent_user_id": "W81SCSQ4U"
    },
    {
        "type": "message",
        "text": "<@WLD0VBYAG>, I am currently working on integrating that to TF Hub (but testing locally so far). I think Pavan's idea of using tf.gfile would help when I start testing in HDFS. Will keep you in the loop.",
        "user": "WLDEPL9C0",
        "ts": "1527784672.000253",
        "team": "T86S8GHEG",
        "user_team": "T86S8GHEG",
        "source_team": "T86S8GHEG",
        "user_profile": {
            "avatar_hash": "cf7cd52b84b2",
            "image_72": "https:\/\/avatars.slack-edge.com\/2018-01-25\/305832776663_cf7cd52b84b2e42f2f97_72.png",
            "first_name": "Cibele",
            "real_name": "Cibele Halasz",
            "display_name": "cmontezhalasz",
            "team": "T86S8GHEG",
            "name": "cmontezhalasz",
            "is_restricted": false,
            "is_ultra_restricted": false
        }
    },
    {
        "type": "message",
        "text": "sounds good, thanks <@WLDEPL9C0>",
        "user": "WLD0VBYAG",
        "ts": "1527786694.000289",
        "team": "T86S8GHEG",
        "user_team": "T86S8GHEG",
        "source_team": "T86S8GHEG",
        "user_profile": {
            "avatar_hash": "05628168650a",
            "image_72": "https:\/\/avatars.slack-edge.com\/2018-04-26\/354229354194_05628168650a9d6705d7_72.jpg",
            "first_name": "Samuel",
            "real_name": "Samuel Ngahane",
            "display_name": "sngahane",
            "team": "T86S8GHEG",
            "name": "sngahane",
            "is_restricted": false,
            "is_ultra_restricted": false
        }
    },
    {
        "type": "message",
        "text": "<@W81SCSQ4U> i’d like to fix the doc formatting here: <https:\/\/docbird.twitter.biz\/deepbird\/_static\/tutorials\/pants_source.html>",
        "user": "WLFA90T9D",
        "ts": "1527787750.000310",
        "team": "T86S8GHEG",
        "user_team": "T86S8GHEG",
        "source_team": "T86S8GHEG",
        "user_profile": {
            "avatar_hash": "5c0688012147",
            "image_72": "https:\/\/avatars.slack-edge.com\/2018-10-15\/455870475024_5c0688012147d5b2fed8_72.jpg",
            "first_name": "Chris",
            "real_name": "Chris Green",
            "display_name": "cgreen",
            "team": "T86S8GHEG",
            "name": "cgreen",
            "is_restricted": false,
            "is_ultra_restricted": false
        }
    },
    {
        "type": "message",
        "text": "if i change `src\/python\/twitter\/cortex\/deepbird\/examples\/movielens\/README.md` will this be picked up?",
        "user": "WLFA90T9D",
        "ts": "1527787769.000682",
        "team": "T86S8GHEG",
        "user_team": "T86S8GHEG",
        "source_team": "T86S8GHEG",
        "user_profile": {
            "avatar_hash": "5c0688012147",
            "image_72": "https:\/\/avatars.slack-edge.com\/2018-10-15\/455870475024_5c0688012147d5b2fed8_72.jpg",
            "first_name": "Chris",
            "real_name": "Chris Green",
            "display_name": "cgreen",
            "team": "T86S8GHEG",
            "name": "cgreen",
            "is_restricted": false,
            "is_ultra_restricted": false
        }
    },
    {
        "type": "message",
        "text": "yes. Once you merge your change to master, I can update deepbird-docs",
        "user": "W81SCSQ4U",
        "ts": "1527787802.000080",
        "team": "T86S8GHEG",
        "user_team": "T86S8GHEG",
        "source_team": "T86S8GHEG",
        "user_profile": {
            "avatar_hash": "8c2489bfe8d4",
            "image_72": "https:\/\/avatars.slack-edge.com\/2018-01-29\/306405819714_8c2489bfe8d4c9a4e911_72.jpg",
            "first_name": "Nicholas",
            "real_name": "Nicholas Leonard",
            "display_name": "nleonard",
            "team": "T86S8GHEG",
            "name": "nleonard",
            "is_restricted": false,
            "is_ultra_restricted": false
        },
        "thread_ts": "1527787802.000080",
        "reply_count": 1,
        "reply_users_count": 1,
        "latest_reply": "1527789209.000661",
        "reply_users": [
            "WLFA90T9D"
        ],
        "replies": [
            {
                "user": "WLFA90T9D",
                "ts": "1527789209.000661"
            }
        ],
        "subscribed": false
    },
    {
        "type": "message",
        "text": ":thumbsup:",
        "user": "WLFA90T9D",
        "ts": "1527787808.000668",
        "team": "T86S8GHEG",
        "user_team": "T86S8GHEG",
        "source_team": "T86S8GHEG",
        "user_profile": {
            "avatar_hash": "5c0688012147",
            "image_72": "https:\/\/avatars.slack-edge.com\/2018-10-15\/455870475024_5c0688012147d5b2fed8_72.jpg",
            "first_name": "Chris",
            "real_name": "Chris Green",
            "display_name": "cgreen",
            "team": "T86S8GHEG",
            "name": "cgreen",
            "is_restricted": false,
            "is_ultra_restricted": false
        }
    },
    {
        "type": "message",
        "text": "can i test it locally to ensure it’ll look as expected?",
        "user": "WLFA90T9D",
        "ts": "1527787845.000566",
        "team": "T86S8GHEG",
        "user_team": "T86S8GHEG",
        "source_team": "T86S8GHEG",
        "user_profile": {
            "avatar_hash": "5c0688012147",
            "image_72": "https:\/\/avatars.slack-edge.com\/2018-10-15\/455870475024_5c0688012147d5b2fed8_72.jpg",
            "first_name": "Chris",
            "real_name": "Chris Green",
            "display_name": "cgreen",
            "team": "T86S8GHEG",
            "name": "cgreen",
            "is_restricted": false,
            "is_ultra_restricted": false
        }
    },
    {
        "type": "message",
        "text": "<https:\/\/phabricator.twitter.biz\/D177246>",
        "user": "WLFA90T9D",
        "ts": "1527789209.000661",
        "team": "T86S8GHEG",
        "user_team": "T86S8GHEG",
        "source_team": "T86S8GHEG",
        "user_profile": {
            "avatar_hash": "5c0688012147",
            "image_72": "https:\/\/avatars.slack-edge.com\/2018-10-15\/455870475024_5c0688012147d5b2fed8_72.jpg",
            "first_name": "Chris",
            "real_name": "Chris Green",
            "display_name": "cgreen",
            "team": "T86S8GHEG",
            "name": "cgreen",
            "is_restricted": false,
            "is_ultra_restricted": false
        },
        "thread_ts": "1527787802.000080",
        "parent_user_id": "W81SCSQ4U"
    },
    {
        "type": "message",
        "text": "I get a weird error when I try to use a trained dbv2 model for prediction -\n``` java.lang.IllegalArgumentException: Batch size (dim 0) for all tensors must be the same\n\t [[Node: batch_prediction_tensor_writer\/BatchPredictionTensorResponseWriter = BatchPredictionTensorResponseWriter[T=[DT_FLOAT, DT_FLOAT, DT_FLOAT, DT_FLOAT], _device=\"\/job:localhost\/replica:0\/task:0\/device:CPU:0\"](Const, ads_unified_light_pctr_experiment\/model\/combined\/ad_network\/ad_dense_layer\/Selu, ads_unified_light_pctr_experiment\/model\/Sigmoid, ads_unified_light_pctr_experiment\/model\/logits\/engagement_network\/cmul_layer\/kernel\/read, ads_unified_light_pctr_experiment\/model\/combined\/user_network\/user_dense_layer\/Selu)]]\n```\nIs this a common error? I can give more context about the training model.py and eval script if needed",
        "user": "W8WSE8U80",
        "ts": "1527807072.000055",
        "team": "T86S8GHEG",
        "user_team": "T86S8GHEG",
        "source_team": "T86S8GHEG",
        "user_profile": {
            "avatar_hash": "0972251dded7",
            "image_72": "https:\/\/avatars.slack-edge.com\/2018-04-06\/342789524194_0972251dded76cb9819a_72.jpg",
            "first_name": "Deepak",
            "real_name": "Deepak Dilipkumar",
            "display_name": "ddilipkumar",
            "team": "T86S8GHEG",
            "name": "ddilipkumar",
            "is_restricted": false,
            "is_ultra_restricted": false
        }
    },
    {
        "type": "message",
        "text": "<@W8WSE8U80> what are you trying to write out ?",
        "user": "W81BJEAGZ",
        "ts": "1527807367.000253",
        "team": "T86S8GHEG",
        "user_team": "T86S8GHEG",
        "source_team": "T86S8GHEG",
        "user_profile": {
            "avatar_hash": "45f9fa184373",
            "image_72": "https:\/\/avatars.slack-edge.com\/2019-04-25\/620857384023_45f9fa184373c2c504f5_72.jpg",
            "first_name": "Pavan",
            "real_name": "Pavan Yalamanchili",
            "display_name": "pyalamanchili",
            "team": "T86S8GHEG",
            "name": "pyalamanchili",
            "is_restricted": false,
            "is_ultra_restricted": false
        },
        "thread_ts": "1527807367.000253",
        "reply_count": 9,
        "reply_users_count": 2,
        "latest_reply": "1527875546.000737",
        "reply_users": [
            "W8WSE8U80",
            "W81BJEAGZ"
        ],
        "replies": [
            {
                "user": "W8WSE8U80",
                "ts": "1527808145.000047"
            },
            {
                "user": "W8WSE8U80",
                "ts": "1527808166.000166"
            },
            {
                "user": "W8WSE8U80",
                "ts": "1527808210.000357"
            },
            {
                "user": "W81BJEAGZ",
                "ts": "1527811893.000075"
            },
            {
                "user": "W81BJEAGZ",
                "ts": "1527811903.000179"
            },
            {
                "user": "W8WSE8U80",
                "ts": "1527812311.000164"
            },
            {
                "user": "W8WSE8U80",
                "ts": "1527813457.000135"
            },
            {
                "user": "W81BJEAGZ",
                "ts": "1527869692.000614"
            },
            {
                "user": "W81BJEAGZ",
                "ts": "1527875546.000737"
            }
        ],
        "subscribed": false
    },
    {
        "type": "message",
        "text": "I have a serialized data record that I pass to a TensorflowPredictionEngineConfig to get the prediction from the trained model",
        "user": "W8WSE8U80",
        "ts": "1527808145.000047",
        "team": "T86S8GHEG",
        "user_team": "T86S8GHEG",
        "source_team": "T86S8GHEG",
        "user_profile": {
            "avatar_hash": "0972251dded7",
            "image_72": "https:\/\/avatars.slack-edge.com\/2018-04-06\/342789524194_0972251dded76cb9819a_72.jpg",
            "first_name": "Deepak",
            "real_name": "Deepak Dilipkumar",
            "display_name": "ddilipkumar",
            "team": "T86S8GHEG",
            "name": "ddilipkumar",
            "is_restricted": false,
            "is_ultra_restricted": false
        },
        "thread_ts": "1527807367.000253",
        "parent_user_id": "W81BJEAGZ"
    },
    {
        "type": "message",
        "text": "This is the eval script <@W81BJEAGZ> - <https:\/\/cgit.twitter.biz\/source\/tree\/src\/scala\/com\/twitter\/ads\/batch\/experimental\/ruiz\/light_pctr_evaluation\/TensorFlowEvalationLightPctr.scala#n22>",
        "user": "W8WSE8U80",
        "ts": "1527808166.000166",
        "team": "T86S8GHEG",
        "user_team": "T86S8GHEG",
        "source_team": "T86S8GHEG",
        "user_profile": {
            "avatar_hash": "0972251dded7",
            "image_72": "https:\/\/avatars.slack-edge.com\/2018-04-06\/342789524194_0972251dded76cb9819a_72.jpg",
            "first_name": "Deepak",
            "real_name": "Deepak Dilipkumar",
            "display_name": "ddilipkumar",
            "team": "T86S8GHEG",
            "name": "ddilipkumar",
            "is_restricted": false,
            "is_ultra_restricted": false
        },
        "thread_ts": "1527807367.000253",
        "parent_user_id": "W81BJEAGZ"
    },
    {
        "type": "message",
        "text": "Sorry, I pass the data record to a TensorflowPredictionEngine",
        "user": "W8WSE8U80",
        "ts": "1527808210.000357",
        "team": "T86S8GHEG",
        "user_team": "T86S8GHEG",
        "source_team": "T86S8GHEG",
        "user_profile": {
            "avatar_hash": "0972251dded7",
            "image_72": "https:\/\/avatars.slack-edge.com\/2018-04-06\/342789524194_0972251dded76cb9819a_72.jpg",
            "first_name": "Deepak",
            "real_name": "Deepak Dilipkumar",
            "display_name": "ddilipkumar",
            "team": "T86S8GHEG",
            "name": "ddilipkumar",
            "is_restricted": false,
            "is_ultra_restricted": false
        },
        "thread_ts": "1527807367.000253",
        "parent_user_id": "W81BJEAGZ"
    },
    {
        "type": "message",
        "text": "Can you share the model.py",
        "user": "W81BJEAGZ",
        "ts": "1527811893.000075",
        "team": "T86S8GHEG",
        "user_team": "T86S8GHEG",
        "source_team": "T86S8GHEG",
        "user_profile": {
            "avatar_hash": "45f9fa184373",
            "image_72": "https:\/\/avatars.slack-edge.com\/2019-04-25\/620857384023_45f9fa184373c2c504f5_72.jpg",
            "first_name": "Pavan",
            "real_name": "Pavan Yalamanchili",
            "display_name": "pyalamanchili",
            "team": "T86S8GHEG",
            "name": "pyalamanchili",
            "is_restricted": false,
            "is_ultra_restricted": false
        },
        "thread_ts": "1527807367.000253",
        "parent_user_id": "W81BJEAGZ"
    },
    {
        "type": "message",
        "text": "I want to see the export_output function you are using",
        "user": "W81BJEAGZ",
        "ts": "1527811903.000179",
        "team": "T86S8GHEG",
        "user_team": "T86S8GHEG",
        "source_team": "T86S8GHEG",
        "user_profile": {
            "avatar_hash": "45f9fa184373",
            "image_72": "https:\/\/avatars.slack-edge.com\/2019-04-25\/620857384023_45f9fa184373c2c504f5_72.jpg",
            "first_name": "Pavan",
            "real_name": "Pavan Yalamanchili",
            "display_name": "pyalamanchili",
            "team": "T86S8GHEG",
            "name": "pyalamanchili",
            "is_restricted": false,
            "is_ultra_restricted": false
        },
        "thread_ts": "1527807367.000253",
        "parent_user_id": "W81BJEAGZ"
    },
    {
        "type": "message",
        "text": "The model.py file is in this diff - <https:\/\/phabricator.twitter.biz\/D164611>",
        "user": "W8WSE8U80",
        "ts": "1527812311.000164",
        "team": "T86S8GHEG",
        "user_team": "T86S8GHEG",
        "source_team": "T86S8GHEG",
        "user_profile": {
            "avatar_hash": "0972251dded7",
            "image_72": "https:\/\/avatars.slack-edge.com\/2018-04-06\/342789524194_0972251dded76cb9819a_72.jpg",
            "first_name": "Deepak",
            "real_name": "Deepak Dilipkumar",
            "display_name": "ddilipkumar",
            "team": "T86S8GHEG",
            "name": "ddilipkumar",
            "is_restricted": false,
            "is_ultra_restricted": false
        },
        "thread_ts": "1527807367.000253",
        "parent_user_id": "W81BJEAGZ"
    },
    {
        "type": "message",
        "text": "Just realized that the export_output_fn definition isn’t in the diff. That’s here - <https:\/\/cgit.twitter.biz\/source\/tree\/src\/python\/twitter\/ads\/batch\/job\/ml\/experimental\/early_filtering\/model\/utils.py#n69>",
        "user": "W8WSE8U80",
        "ts": "1527813457.000135",
        "team": "T86S8GHEG",
        "user_team": "T86S8GHEG",
        "source_team": "T86S8GHEG",
        "user_profile": {
            "avatar_hash": "0972251dded7",
            "image_72": "https:\/\/avatars.slack-edge.com\/2018-04-06\/342789524194_0972251dded76cb9819a_72.jpg",
            "first_name": "Deepak",
            "real_name": "Deepak Dilipkumar",
            "display_name": "ddilipkumar",
            "team": "T86S8GHEG",
            "name": "ddilipkumar",
            "is_restricted": false,
            "is_ultra_restricted": false
        },
        "thread_ts": "1527807367.000253",
        "parent_user_id": "W81BJEAGZ"
    }
]