[
    {
        "type": "message",
        "text": "<!subteam^S8QBN9FJ6|@deepbirdv2-support> I created a minimal tensorboard cli: <https:\/\/phabricator.twitter.biz\/D151396>",
        "user": "WLFABDFK9",
        "ts": "1521820382.000381",
        "team": "T86S8GHEG",
        "user_team": "T86S8GHEG",
        "source_team": "T86S8GHEG",
        "user_profile": {
            "avatar_hash": "5a1012ece6cf",
            "image_72": "https:\/\/avatars.slack-edge.com\/2017-12-18\/287654651345_5a1012ece6cffa282673_72.jpg",
            "first_name": "Joost",
            "real_name": "Joost van Amersfoort",
            "display_name": "jvanamersfoort",
            "team": "T86S8GHEG",
            "name": "jvanamersfoort",
            "is_restricted": false,
            "is_ultra_restricted": false
        }
    },
    {
        "type": "message",
        "text": "It currently uses a custom pex upload script, but you can easily point the aurora file to the prebuilt + packered twml pex you provide",
        "user": "WLFABDFK9",
        "ts": "1521820396.000477",
        "team": "T86S8GHEG",
        "user_team": "T86S8GHEG",
        "source_team": "T86S8GHEG",
        "user_profile": {
            "avatar_hash": "5a1012ece6cf",
            "image_72": "https:\/\/avatars.slack-edge.com\/2017-12-18\/287654651345_5a1012ece6cffa282673_72.jpg",
            "first_name": "Joost",
            "real_name": "Joost van Amersfoort",
            "display_name": "jvanamersfoort",
            "team": "T86S8GHEG",
            "name": "jvanamersfoort",
            "is_restricted": false,
            "is_ultra_restricted": false
        }
    },
    {
        "type": "message",
        "text": "instead of instantiating a trainer it just calls tensorboard directly `tensorboard --logdir={{profile.tensorboard_dir}} --port={{thermos.ports[http]}}`",
        "user": "WLFABDFK9",
        "ts": "1521820445.000291",
        "team": "T86S8GHEG",
        "user_team": "T86S8GHEG",
        "source_team": "T86S8GHEG",
        "user_profile": {
            "avatar_hash": "5a1012ece6cf",
            "image_72": "https:\/\/avatars.slack-edge.com\/2017-12-18\/287654651345_5a1012ece6cffa282673_72.jpg",
            "first_name": "Joost",
            "real_name": "Joost van Amersfoort",
            "display_name": "jvanamersfoort",
            "team": "T86S8GHEG",
            "name": "jvanamersfoort",
            "is_restricted": false,
            "is_ultra_restricted": false
        }
    },
    {
        "type": "message",
        "text": "Feel free to steal and adjust for dbv2 users, I would like to keep the power over the uploaded twml pex so not switching to the preuploaded one :slightly_smiling_face:",
        "user": "WLFABDFK9",
        "ts": "1521820506.000358",
        "team": "T86S8GHEG",
        "user_team": "T86S8GHEG",
        "source_team": "T86S8GHEG",
        "user_profile": {
            "avatar_hash": "5a1012ece6cf",
            "image_72": "https:\/\/avatars.slack-edge.com\/2017-12-18\/287654651345_5a1012ece6cffa282673_72.jpg",
            "first_name": "Joost",
            "real_name": "Joost van Amersfoort",
            "display_name": "jvanamersfoort",
            "team": "T86S8GHEG",
            "name": "jvanamersfoort",
            "is_restricted": false,
            "is_ultra_restricted": false
        }
    },
    {
        "client_msg_id": "073e9f01-6078-49f8-96ac-d54a8e37a1b1",
        "type": "message",
        "text": "<@WLFABDFK9> we already have one in source",
        "user": "W81BJEAGZ",
        "ts": "1521820532.000748",
        "team": "T86S8GHEG",
        "user_team": "T86S8GHEG",
        "source_team": "T86S8GHEG",
        "user_profile": {
            "avatar_hash": "45f9fa184373",
            "image_72": "https:\/\/avatars.slack-edge.com\/2019-04-25\/620857384023_45f9fa184373c2c504f5_72.jpg",
            "first_name": "Pavan",
            "real_name": "Pavan Yalamanchili",
            "display_name": "pyalamanchili",
            "team": "T86S8GHEG",
            "name": "pyalamanchili",
            "is_restricted": false,
            "is_ultra_restricted": false
        }
    },
    {
        "client_msg_id": "25fd822d-37dd-4c05-826d-e882021ff0bb",
        "type": "message",
        "text": "Can you send in a review to replace it",
        "user": "W81BJEAGZ",
        "ts": "1521820560.000520",
        "team": "T86S8GHEG",
        "user_team": "T86S8GHEG",
        "source_team": "T86S8GHEG",
        "user_profile": {
            "avatar_hash": "45f9fa184373",
            "image_72": "https:\/\/avatars.slack-edge.com\/2019-04-25\/620857384023_45f9fa184373c2c504f5_72.jpg",
            "first_name": "Pavan",
            "real_name": "Pavan Yalamanchili",
            "display_name": "pyalamanchili",
            "team": "T86S8GHEG",
            "name": "pyalamanchili",
            "is_restricted": false,
            "is_ultra_restricted": false
        }
    },
    {
        "client_msg_id": "3b53e5d9-dee2-4108-8dbe-df3035fc3173",
        "type": "message",
        "text": "Or is it what the review is doing",
        "user": "W81BJEAGZ",
        "ts": "1521820580.000564",
        "team": "T86S8GHEG",
        "user_team": "T86S8GHEG",
        "source_team": "T86S8GHEG",
        "user_profile": {
            "avatar_hash": "45f9fa184373",
            "image_72": "https:\/\/avatars.slack-edge.com\/2019-04-25\/620857384023_45f9fa184373c2c504f5_72.jpg",
            "first_name": "Pavan",
            "real_name": "Pavan Yalamanchili",
            "display_name": "pyalamanchili",
            "team": "T86S8GHEG",
            "name": "pyalamanchili",
            "is_restricted": false,
            "is_ultra_restricted": false
        }
    },
    {
        "type": "message",
        "text": "no this is in magicpony folder, do you think it looks like it could be useful for you though?",
        "user": "WLFABDFK9",
        "ts": "1521820602.000694",
        "team": "T86S8GHEG",
        "user_team": "T86S8GHEG",
        "source_team": "T86S8GHEG",
        "user_profile": {
            "avatar_hash": "5a1012ece6cf",
            "image_72": "https:\/\/avatars.slack-edge.com\/2017-12-18\/287654651345_5a1012ece6cffa282673_72.jpg",
            "first_name": "Joost",
            "real_name": "Joost van Amersfoort",
            "display_name": "jvanamersfoort",
            "team": "T86S8GHEG",
            "name": "jvanamersfoort",
            "is_restricted": false,
            "is_ultra_restricted": false
        }
    },
    {
        "type": "message",
        "text": "Hi <@W81BJEAGZ> could you take a look at this error please: <http:\/\/smf1-ezy-04-sr1.prod.twitter.com:1338\/logs\/yanx-devel-train_mlp_02-0-1b210001-caad-4c6b-8613-0e3fb3f8f41f\/train_model\/0\/stderr>",
        "user": "W820RBMEG",
        "ts": "1521821560.000503",
        "team": "T86S8GHEG",
        "user_team": "T86S8GHEG",
        "source_team": "T86S8GHEG",
        "user_profile": {
            "avatar_hash": "0b7764c945f1",
            "image_72": "https:\/\/avatars.slack-edge.com\/2017-12-01\/280585510643_0b7764c945f1fa95e304_72.jpg",
            "first_name": "Yan",
            "real_name": "Yan Xia",
            "display_name": "yanx",
            "team": "T86S8GHEG",
            "name": "yanx",
            "is_restricted": false,
            "is_ultra_restricted": false
        }
    },
    {
        "type": "message",
        "text": "did `pants clean all` and still see this. And the complained line number (`twml\/trainers\/data_record_trainer.py\", line 106`) indicates that I might have a twml version issue.",
        "user": "W820RBMEG",
        "ts": "1521821689.000628",
        "team": "T86S8GHEG",
        "user_team": "T86S8GHEG",
        "source_team": "T86S8GHEG",
        "user_profile": {
            "avatar_hash": "0b7764c945f1",
            "image_72": "https:\/\/avatars.slack-edge.com\/2017-12-01\/280585510643_0b7764c945f1fa95e304_72.jpg",
            "first_name": "Yan",
            "real_name": "Yan Xia",
            "display_name": "yanx",
            "team": "T86S8GHEG",
            "name": "yanx",
            "is_restricted": false,
            "is_ultra_restricted": false
        }
    },
    {
        "client_msg_id": "745e0398-11f5-4284-b828-909a7c5e772e",
        "type": "message",
        "text": "<@W820RBMEG> I'm on my way to the office",
        "user": "W81BJEAGZ",
        "ts": "1521821745.000739",
        "team": "T86S8GHEG",
        "user_team": "T86S8GHEG",
        "source_team": "T86S8GHEG",
        "user_profile": {
            "avatar_hash": "45f9fa184373",
            "image_72": "https:\/\/avatars.slack-edge.com\/2019-04-25\/620857384023_45f9fa184373c2c504f5_72.jpg",
            "first_name": "Pavan",
            "real_name": "Pavan Yalamanchili",
            "display_name": "pyalamanchili",
            "team": "T86S8GHEG",
            "name": "pyalamanchili",
            "is_restricted": false,
            "is_ultra_restricted": false
        }
    },
    {
        "client_msg_id": "fc185c9a-a741-448a-a798-fb5738a71649",
        "type": "message",
        "text": "<!subteam^S8QBN9FJ6|deepbirdv2-support> can someone else look at it in the mean time",
        "user": "W81BJEAGZ",
        "ts": "1521821784.000170",
        "team": "T86S8GHEG",
        "user_team": "T86S8GHEG",
        "source_team": "T86S8GHEG",
        "user_profile": {
            "avatar_hash": "45f9fa184373",
            "image_72": "https:\/\/avatars.slack-edge.com\/2019-04-25\/620857384023_45f9fa184373c2c504f5_72.jpg",
            "first_name": "Pavan",
            "real_name": "Pavan Yalamanchili",
            "display_name": "pyalamanchili",
            "team": "T86S8GHEG",
            "name": "pyalamanchili",
            "is_restricted": false,
            "is_ultra_restricted": false
        }
    },
    {
        "type": "message",
        "text": "<@W81BJEAGZ> I actually got a nicer solution, putting up a diff soon :slightly_smiling_face:",
        "user": "WLFABDFK9",
        "ts": "1521821805.000720",
        "team": "T86S8GHEG",
        "user_team": "T86S8GHEG",
        "source_team": "T86S8GHEG",
        "user_profile": {
            "avatar_hash": "5a1012ece6cf",
            "image_72": "https:\/\/avatars.slack-edge.com\/2017-12-18\/287654651345_5a1012ece6cffa282673_72.jpg",
            "first_name": "Joost",
            "real_name": "Joost van Amersfoort",
            "display_name": "jvanamersfoort",
            "team": "T86S8GHEG",
            "name": "jvanamersfoort",
            "is_restricted": false,
            "is_ultra_restricted": false
        },
        "reactions": [
            {
                "name": "+1",
                "users": [
                    "W81SCSQ4U"
                ],
                "count": 1
            }
        ]
    },
    {
        "type": "message",
        "text": "<@W820RBMEG> do you have your model.py?",
        "user": "WL22PDE1G",
        "ts": "1521822671.000552",
        "team": "T86S8GHEG",
        "user_team": "T86S8GHEG",
        "source_team": "T86S8GHEG",
        "user_profile": {
            "avatar_hash": "ga18fa06b2f1",
            "image_72": "https:\/\/secure.gravatar.com\/avatar\/da18fa06b2f1a94e07b5a34db81e8552.jpg?s=72&d=https%3A%2F%2Fa.slack-edge.com%2Fdf10d%2Fimg%2Favatars%2Fava_0019-72.png",
            "first_name": "Ricardo",
            "real_name": "Ricardo Cervera-Navarro",
            "display_name": "rcerveranavarro",
            "team": "T86S8GHEG",
            "name": "rcerveranavarro",
            "is_restricted": false,
            "is_ultra_restricted": false
        }
    },
    {
        "type": "message",
        "text": "<@W81U46EBW> Tensorflow has thread pools of its own, and it is not a blocking call from Scala, but a CPU intensive call. meaning, just because you create another threadpool you're not going to be able to serve more requests by unblocking the Finagle threads, since you have CPU intensive load serving the previous requests anyway, a thread pool buys you nothing. thread pools are more useful when some of the request processing load is blocking for resources to be ready",
        "user": "WL22PDE1G",
        "ts": "1521822813.000333",
        "team": "T86S8GHEG",
        "user_team": "T86S8GHEG",
        "source_team": "T86S8GHEG",
        "user_profile": {
            "avatar_hash": "ga18fa06b2f1",
            "image_72": "https:\/\/secure.gravatar.com\/avatar\/da18fa06b2f1a94e07b5a34db81e8552.jpg?s=72&d=https%3A%2F%2Fa.slack-edge.com%2Fdf10d%2Fimg%2Favatars%2Fava_0019-72.png",
            "first_name": "Ricardo",
            "real_name": "Ricardo Cervera-Navarro",
            "display_name": "rcerveranavarro",
            "team": "T86S8GHEG",
            "name": "rcerveranavarro",
            "is_restricted": false,
            "is_ultra_restricted": false
        }
    },
    {
        "type": "message",
        "text": "that said depending on server performance we may try adding a JVM thread pool for comparison",
        "user": "WL22PDE1G",
        "ts": "1521822857.000097",
        "team": "T86S8GHEG",
        "user_team": "T86S8GHEG",
        "source_team": "T86S8GHEG",
        "user_profile": {
            "avatar_hash": "ga18fa06b2f1",
            "image_72": "https:\/\/secure.gravatar.com\/avatar\/da18fa06b2f1a94e07b5a34db81e8552.jpg?s=72&d=https%3A%2F%2Fa.slack-edge.com%2Fdf10d%2Fimg%2Favatars%2Fava_0019-72.png",
            "first_name": "Ricardo",
            "real_name": "Ricardo Cervera-Navarro",
            "display_name": "rcerveranavarro",
            "team": "T86S8GHEG",
            "name": "rcerveranavarro",
            "is_restricted": false,
            "is_ultra_restricted": false
        }
    },
    {
        "type": "message",
        "text": "<@W820RBMEG> i'd like to reproduce the issue on our end so we can track it down",
        "user": "WL22PDE1G",
        "ts": "1521823246.000248",
        "team": "T86S8GHEG",
        "user_team": "T86S8GHEG",
        "source_team": "T86S8GHEG",
        "user_profile": {
            "avatar_hash": "ga18fa06b2f1",
            "image_72": "https:\/\/secure.gravatar.com\/avatar\/da18fa06b2f1a94e07b5a34db81e8552.jpg?s=72&d=https%3A%2F%2Fa.slack-edge.com%2Fdf10d%2Fimg%2Favatars%2Fava_0019-72.png",
            "first_name": "Ricardo",
            "real_name": "Ricardo Cervera-Navarro",
            "display_name": "rcerveranavarro",
            "team": "T86S8GHEG",
            "name": "rcerveranavarro",
            "is_restricted": false,
            "is_ultra_restricted": false
        }
    },
    {
        "type": "message",
        "text": "<https:\/\/phabricator.twitter.biz\/D133304>",
        "user": "W820RBMEG",
        "ts": "1521825589.000190",
        "team": "T86S8GHEG",
        "user_team": "T86S8GHEG",
        "source_team": "T86S8GHEG",
        "user_profile": {
            "avatar_hash": "0b7764c945f1",
            "image_72": "https:\/\/avatars.slack-edge.com\/2017-12-01\/280585510643_0b7764c945f1fa95e304_72.jpg",
            "first_name": "Yan",
            "real_name": "Yan Xia",
            "display_name": "yanx",
            "team": "T86S8GHEG",
            "name": "yanx",
            "is_restricted": false,
            "is_ultra_restricted": false
        }
    },
    {
        "type": "message",
        "text": "`model.py`",
        "user": "W820RBMEG",
        "ts": "1521825596.000639",
        "team": "T86S8GHEG",
        "user_team": "T86S8GHEG",
        "source_team": "T86S8GHEG",
        "user_profile": {
            "avatar_hash": "0b7764c945f1",
            "image_72": "https:\/\/avatars.slack-edge.com\/2017-12-01\/280585510643_0b7764c945f1fa95e304_72.jpg",
            "first_name": "Yan",
            "real_name": "Yan Xia",
            "display_name": "yanx",
            "team": "T86S8GHEG",
            "name": "yanx",
            "is_restricted": false,
            "is_ultra_restricted": false
        }
    },
    {
        "type": "message",
        "text": "command:\n```\naurora job create smf1\/yanx\/devel\/train_mlp_02 \\\n  src\/python\/twitter\/cortex\/deepbird\/examples\/search_mlp\/train.aurora \\\n  --bind profile.aurora_job=train_mlp_02 \\\n  --bind profile.model_args=\" \\\n  --train_data_dir=<hdfs:\/\/default\/user\/search\/engagement-predictor\/tweet_ranking\/training_0311_0319\/processed25\/train\/data> \\\n  --eval_data_dir=<hdfs:\/\/default\/user\/search\/engagement-predictor\/tweet_ranking\/training_0311_0319\/processed25\/test\/data> \\\n  --data_spec=<hdfs:\/\/default\/user\/search\/engagement-predictor\/tweet_ranking\/training_0311_0319\/processed25\/train\/data_spec.json> \\\n  --save_dir=<hdfs:\/\/default\/user\/yanx\/dbv2\/tensorboard\/mlp\/export_test\/02> \\\n  --export_dir=<hdfs:\/\/default\/user\/yanx\/dbv2\/models> \\\n  --num_threads 1 \\\n  --optimizer Adam \\\n  --max_epoch=10 \\\n  --train_epoch_size 625 \\\n  --eval_epoch_size 500 \\\n  --train_batch_size 16\"\n```",
        "user": "W820RBMEG",
        "ts": "1521825606.000229",
        "team": "T86S8GHEG",
        "user_team": "T86S8GHEG",
        "source_team": "T86S8GHEG",
        "user_profile": {
            "avatar_hash": "0b7764c945f1",
            "image_72": "https:\/\/avatars.slack-edge.com\/2017-12-01\/280585510643_0b7764c945f1fa95e304_72.jpg",
            "first_name": "Yan",
            "real_name": "Yan Xia",
            "display_name": "yanx",
            "team": "T86S8GHEG",
            "name": "yanx",
            "is_restricted": false,
            "is_ultra_restricted": false
        }
    },
    {
        "type": "message",
        "text": "thank you!",
        "user": "WL22PDE1G",
        "ts": "1521825617.000521",
        "team": "T86S8GHEG",
        "user_team": "T86S8GHEG",
        "source_team": "T86S8GHEG",
        "user_profile": {
            "avatar_hash": "ga18fa06b2f1",
            "image_72": "https:\/\/secure.gravatar.com\/avatar\/da18fa06b2f1a94e07b5a34db81e8552.jpg?s=72&d=https%3A%2F%2Fa.slack-edge.com%2Fdf10d%2Fimg%2Favatars%2Fava_0019-72.png",
            "first_name": "Ricardo",
            "real_name": "Ricardo Cervera-Navarro",
            "display_name": "rcerveranavarro",
            "team": "T86S8GHEG",
            "name": "rcerveranavarro",
            "is_restricted": false,
            "is_ultra_restricted": false
        }
    },
    {
        "type": "message",
        "text": ":slightly_smiling_face:",
        "user": "W820RBMEG",
        "ts": "1521825726.000351",
        "team": "T86S8GHEG",
        "user_team": "T86S8GHEG",
        "source_team": "T86S8GHEG",
        "user_profile": {
            "avatar_hash": "0b7764c945f1",
            "image_72": "https:\/\/avatars.slack-edge.com\/2017-12-01\/280585510643_0b7764c945f1fa95e304_72.jpg",
            "first_name": "Yan",
            "real_name": "Yan Xia",
            "display_name": "yanx",
            "team": "T86S8GHEG",
            "name": "yanx",
            "is_restricted": false,
            "is_ultra_restricted": false
        }
    },
    {
        "type": "message",
        "text": "<@W820RBMEG> build 358 introduced a change to how you specify the prediction label output. <@W81SCSQ4U> worked on it. let's see if we can advise you how to update your code, looking into it",
        "user": "WL22PDE1G",
        "ts": "1521826548.000710",
        "team": "T86S8GHEG",
        "user_team": "T86S8GHEG",
        "source_team": "T86S8GHEG",
        "user_profile": {
            "avatar_hash": "ga18fa06b2f1",
            "image_72": "https:\/\/secure.gravatar.com\/avatar\/da18fa06b2f1a94e07b5a34db81e8552.jpg?s=72&d=https%3A%2F%2Fa.slack-edge.com%2Fdf10d%2Fimg%2Favatars%2Fava_0019-72.png",
            "first_name": "Ricardo",
            "real_name": "Ricardo Cervera-Navarro",
            "display_name": "rcerveranavarro",
            "team": "T86S8GHEG",
            "name": "rcerveranavarro",
            "is_restricted": false,
            "is_ultra_restricted": false
        }
    },
    {
        "client_msg_id": "E654FFCD-DC38-460B-B50A-9843D8AE3569",
        "type": "message",
        "text": "Ok, thanks! I did look into data_record_trainer and saw the prediction_label is still an argument. ",
        "user": "W820RBMEG",
        "ts": "1521826711.000588",
        "team": "T86S8GHEG",
        "user_team": "T86S8GHEG",
        "source_team": "T86S8GHEG",
        "user_profile": {
            "avatar_hash": "0b7764c945f1",
            "image_72": "https:\/\/avatars.slack-edge.com\/2017-12-01\/280585510643_0b7764c945f1fa95e304_72.jpg",
            "first_name": "Yan",
            "real_name": "Yan Xia",
            "display_name": "yanx",
            "team": "T86S8GHEG",
            "name": "yanx",
            "is_restricted": false,
            "is_ultra_restricted": false
        }
    },
    {
        "type": "message",
        "text": "<@W81BJEAGZ> cleaned up tensorboard cli: <https:\/\/phabricator.twitter.biz\/D151460> :slightly_smiling_face: it no longer instantiates a trainer object",
        "user": "WLFABDFK9",
        "ts": "1521826729.000256",
        "team": "T86S8GHEG",
        "user_team": "T86S8GHEG",
        "source_team": "T86S8GHEG",
        "user_profile": {
            "avatar_hash": "5a1012ece6cf",
            "image_72": "https:\/\/avatars.slack-edge.com\/2017-12-18\/287654651345_5a1012ece6cffa282673_72.jpg",
            "first_name": "Joost",
            "real_name": "Joost van Amersfoort",
            "display_name": "jvanamersfoort",
            "team": "T86S8GHEG",
            "name": "jvanamersfoort",
            "is_restricted": false,
            "is_ultra_restricted": false
        },
        "edited": {
            "user": "W82H6JBGE",
            "ts": "1521826804.000000"
        }
    },
    {
        "type": "message",
        "text": "<@W820RBMEG> now you provide an output function instead of a prediction_label:\n<https:\/\/cgit.twitter.biz\/twml\/tree\/backends\/tensorflow\/twml\/trainers\/data_record_trainer.py#n28>\n<https:\/\/cgit.twitter.biz\/twml\/tree\/backends\/tensorflow\/twml\/export_outputs.py#n18>",
        "user": "WL22PDE1G",
        "ts": "1521827187.000490",
        "team": "T86S8GHEG",
        "user_team": "T86S8GHEG",
        "source_team": "T86S8GHEG",
        "user_profile": {
            "avatar_hash": "ga18fa06b2f1",
            "image_72": "https:\/\/secure.gravatar.com\/avatar\/da18fa06b2f1a94e07b5a34db81e8552.jpg?s=72&d=https%3A%2F%2Fa.slack-edge.com%2Fdf10d%2Fimg%2Favatars%2Fava_0019-72.png",
            "first_name": "Ricardo",
            "real_name": "Ricardo Cervera-Navarro",
            "display_name": "rcerveranavarro",
            "team": "T86S8GHEG",
            "name": "rcerveranavarro",
            "is_restricted": false,
            "is_ultra_restricted": false
        }
    },
    {
        "type": "message",
        "text": "should be an easy change, but let us know any questions",
        "user": "WL22PDE1G",
        "ts": "1521827204.000206",
        "team": "T86S8GHEG",
        "user_team": "T86S8GHEG",
        "source_team": "T86S8GHEG",
        "user_profile": {
            "avatar_hash": "ga18fa06b2f1",
            "image_72": "https:\/\/secure.gravatar.com\/avatar\/da18fa06b2f1a94e07b5a34db81e8552.jpg?s=72&d=https%3A%2F%2Fa.slack-edge.com%2Fdf10d%2Fimg%2Favatars%2Fava_0019-72.png",
            "first_name": "Ricardo",
            "real_name": "Ricardo Cervera-Navarro",
            "display_name": "rcerveranavarro",
            "team": "T86S8GHEG",
            "name": "rcerveranavarro",
            "is_restricted": false,
            "is_ultra_restricted": false
        }
    },
    {
        "client_msg_id": "AE9BCD28-8787-4C55-A6DF-5B93ADB9D4D0",
        "type": "message",
        "text": "Got it. I’ll give it a try later. Thanks <@WL22PDE1G> ",
        "user": "W820RBMEG",
        "ts": "1521827378.000728",
        "team": "T86S8GHEG",
        "user_team": "T86S8GHEG",
        "source_team": "T86S8GHEG",
        "user_profile": {
            "avatar_hash": "0b7764c945f1",
            "image_72": "https:\/\/avatars.slack-edge.com\/2017-12-01\/280585510643_0b7764c945f1fa95e304_72.jpg",
            "first_name": "Yan",
            "real_name": "Yan Xia",
            "display_name": "yanx",
            "team": "T86S8GHEG",
            "name": "yanx",
            "is_restricted": false,
            "is_ultra_restricted": false
        }
    },
    {
        "type": "message",
        "text": "Inside the pants repl interpreted, I am trying to do",
        "user": "W8MSTHA74",
        "ts": "1521827546.000057",
        "team": "T86S8GHEG",
        "user_team": "T86S8GHEG",
        "source_team": "T86S8GHEG",
        "user_profile": {
            "avatar_hash": "38e8d25b5e1a",
            "image_72": "https:\/\/avatars.slack-edge.com\/2019-07-15\/688880508289_38e8d25b5e1ab3f0d0f4_72.png",
            "first_name": "Priyank",
            "real_name": "Priyank J",
            "display_name": "priyankj",
            "team": "T86S8GHEG",
            "name": "priyankj",
            "is_restricted": false,
            "is_ultra_restricted": false
        }
    },
    {
        "type": "message",
        "text": "",
        "files": [
            {
                "id": "F9W2RBYTG",
                "created": 1521827561,
                "timestamp": 1521827561,
                "name": "-.py",
                "title": "Untitled",
                "mimetype": "text\/plain",
                "filetype": "python",
                "pretty_type": "Python",
                "user": "W8MSTHA74",
                "editable": true,
                "size": 37,
                "mode": "snippet",
                "is_external": false,
                "external_type": "",
                "is_public": true,
                "public_url_shared": false,
                "display_as_bot": false,
                "username": "",
                "url_private": "https:\/\/files.slack.com\/files-pri\/T7U3XVBLP-F9W2RBYTG\/-.py?t=xoxe-278892561492-1005149783089-1017423836678-e1e14aa1789ddce7f4decc622097bda8",
                "url_private_download": "https:\/\/files.slack.com\/files-pri\/T7U3XVBLP-F9W2RBYTG\/download\/-.py?t=xoxe-278892561492-1005149783089-1017423836678-e1e14aa1789ddce7f4decc622097bda8",
                "permalink": "https:\/\/twitter.enterprise.slack.com\/files\/W8MSTHA74\/F9W2RBYTG\/-.py",
                "permalink_public": "https:\/\/slack-files.com\/T7U3XVBLP-F9W2RBYTG-9a1593e262",
                "edit_link": "https:\/\/twitter.enterprise.slack.com\/files\/W8MSTHA74\/F9W2RBYTG\/-.py\/edit",
                "is_starred": false,
                "has_rich_preview": false
            }
        ],
        "upload": true,
        "user": "W8MSTHA74",
        "display_as_bot": false,
        "ts": "1521827562.000088"
    },
    {
        "type": "message",
        "text": "AttributeError: ‘module’ object has no attribute ‘core’",
        "user": "W8MSTHA74",
        "ts": "1521827575.000219",
        "team": "T86S8GHEG",
        "user_team": "T86S8GHEG",
        "source_team": "T86S8GHEG",
        "user_profile": {
            "avatar_hash": "38e8d25b5e1a",
            "image_72": "https:\/\/avatars.slack-edge.com\/2019-07-15\/688880508289_38e8d25b5e1ab3f0d0f4_72.png",
            "first_name": "Priyank",
            "real_name": "Priyank J",
            "display_name": "priyankj",
            "team": "T86S8GHEG",
            "name": "priyankj",
            "is_restricted": false,
            "is_ultra_restricted": false
        }
    },
    {
        "type": "message",
        "text": "<@W8MSTHA74> ```\nIn [1]: import tensorflow as tf\n\nIn [2]: tf.core\n---------------------------------------------------------------------------\nAttributeError                            Traceback (most recent call last)\n&lt;ipython-input-2-286ace82e90d&gt; in &lt;module&gt;()\n----&gt; 1 tf.core\n\nAttributeError: module 'tensorflow' has no attribute 'core'\n\nIn [3]: dir(tf.core)\n---------------------------------------------------------------------------\nAttributeError                            Traceback (most recent call last)\n&lt;ipython-input-3-8c09b11f29e0&gt; in &lt;module&gt;()\n----&gt; 1 dir(tf.core)\n\nAttributeError: module 'tensorflow' has no attribute 'core'\n```",
        "user": "W81BJEAGZ",
        "ts": "1521827833.000328",
        "team": "T86S8GHEG",
        "user_team": "T86S8GHEG",
        "source_team": "T86S8GHEG",
        "user_profile": {
            "avatar_hash": "45f9fa184373",
            "image_72": "https:\/\/avatars.slack-edge.com\/2019-04-25\/620857384023_45f9fa184373c2c504f5_72.jpg",
            "first_name": "Pavan",
            "real_name": "Pavan Yalamanchili",
            "display_name": "pyalamanchili",
            "team": "T86S8GHEG",
            "name": "pyalamanchili",
            "is_restricted": false,
            "is_ultra_restricted": false
        },
        "thread_ts": "1521827833.000328",
        "reply_count": 1,
        "reply_users_count": 1,
        "latest_reply": "1521831856.000405",
        "reply_users": [
            "W8MSTHA74"
        ],
        "replies": [
            {
                "user": "W8MSTHA74",
                "ts": "1521831856.000405"
            }
        ],
        "subscribed": false
    },
    {
        "type": "message",
        "text": "this is in ipython, nothing to do with pants",
        "user": "W81BJEAGZ",
        "ts": "1521827843.000308",
        "team": "T86S8GHEG",
        "user_team": "T86S8GHEG",
        "source_team": "T86S8GHEG",
        "user_profile": {
            "avatar_hash": "45f9fa184373",
            "image_72": "https:\/\/avatars.slack-edge.com\/2019-04-25\/620857384023_45f9fa184373c2c504f5_72.jpg",
            "first_name": "Pavan",
            "real_name": "Pavan Yalamanchili",
            "display_name": "pyalamanchili",
            "team": "T86S8GHEG",
            "name": "pyalamanchili",
            "is_restricted": false,
            "is_ultra_restricted": false
        }
    },
    {
        "type": "message",
        "text": "<!subteam^S8QBN9FJ6|@deepbirdv2-support> qq: may I ask how to retrieve the prediction score from response? could we specify the prediction feature name, or only get the head of continuous or tensor feature?",
        "user": "W811FTQFJ",
        "ts": "1521828779.000195",
        "team": "T86S8GHEG",
        "user_team": "T86S8GHEG",
        "source_team": "T86S8GHEG",
        "user_profile": {
            "avatar_hash": "g5adcdef4304",
            "image_72": "https:\/\/secure.gravatar.com\/avatar\/65adcdef430490da0c605118469db2c0.jpg?s=72&d=https%3A%2F%2Fa.slack-edge.com%2Fdf10d%2Fimg%2Favatars%2Fava_0013-72.png",
            "first_name": "Joe",
            "real_name": "Joe Xie",
            "display_name": "jxie",
            "team": "T86S8GHEG",
            "name": "jxie",
            "is_restricted": false,
            "is_ultra_restricted": false
        }
    },
    {
        "client_msg_id": "5DAC8779-BC53-4C4E-A1A1-AC7D68389755",
        "type": "message",
        "text": "<@W811FTQFJ> check <@WL22PDE1G> ‘s response above",
        "user": "W820RBMEG",
        "ts": "1521828826.000126",
        "team": "T86S8GHEG",
        "user_team": "T86S8GHEG",
        "source_team": "T86S8GHEG",
        "user_profile": {
            "avatar_hash": "0b7764c945f1",
            "image_72": "https:\/\/avatars.slack-edge.com\/2017-12-01\/280585510643_0b7764c945f1fa95e304_72.jpg",
            "first_name": "Yan",
            "real_name": "Yan Xia",
            "display_name": "yanx",
            "team": "T86S8GHEG",
            "name": "yanx",
            "is_restricted": false,
            "is_ultra_restricted": false
        }
    },
    {
        "client_msg_id": "C73E0369-2B01-4BAC-9369-6F75458C7A5F",
        "type": "message",
        "text": "The prediction service’s api is the same as DBv1",
        "user": "W820RBMEG",
        "ts": "1521828845.000492",
        "team": "T86S8GHEG",
        "user_team": "T86S8GHEG",
        "source_team": "T86S8GHEG",
        "user_profile": {
            "avatar_hash": "0b7764c945f1",
            "image_72": "https:\/\/avatars.slack-edge.com\/2017-12-01\/280585510643_0b7764c945f1fa95e304_72.jpg",
            "first_name": "Yan",
            "real_name": "Yan Xia",
            "display_name": "yanx",
            "team": "T86S8GHEG",
            "name": "yanx",
            "is_restricted": false,
            "is_ultra_restricted": false
        }
    },
    {
        "type": "message",
        "text": "yes, when you build your model you can specify how to output the predictions, be it continuous values, tensors, etc. the server will respect your output function. \\what is the use case you have in mind?",
        "user": "WL22PDE1G",
        "ts": "1521828900.000424",
        "team": "T86S8GHEG",
        "user_team": "T86S8GHEG",
        "source_team": "T86S8GHEG",
        "user_profile": {
            "avatar_hash": "ga18fa06b2f1",
            "image_72": "https:\/\/secure.gravatar.com\/avatar\/da18fa06b2f1a94e07b5a34db81e8552.jpg?s=72&d=https%3A%2F%2Fa.slack-edge.com%2Fdf10d%2Fimg%2Favatars%2Fava_0019-72.png",
            "first_name": "Ricardo",
            "real_name": "Ricardo Cervera-Navarro",
            "display_name": "rcerveranavarro",
            "team": "T86S8GHEG",
            "name": "rcerveranavarro",
            "is_restricted": false,
            "is_ultra_restricted": false
        }
    },
    {
        "type": "message",
        "text": "Thanks <@W820RBMEG> <@WL22PDE1G> Our use case of v1 is to specify the output prediction feature name",
        "user": "W811FTQFJ",
        "ts": "1521828952.000724",
        "team": "T86S8GHEG",
        "user_team": "T86S8GHEG",
        "source_team": "T86S8GHEG",
        "user_profile": {
            "avatar_hash": "g5adcdef4304",
            "image_72": "https:\/\/secure.gravatar.com\/avatar\/65adcdef430490da0c605118469db2c0.jpg?s=72&d=https%3A%2F%2Fa.slack-edge.com%2Fdf10d%2Fimg%2Favatars%2Fava_0013-72.png",
            "first_name": "Joe",
            "real_name": "Joe Xie",
            "display_name": "jxie",
            "team": "T86S8GHEG",
            "name": "jxie",
            "is_restricted": false,
            "is_ultra_restricted": false
        }
    },
    {
        "type": "message",
        "text": "yes, the answer to Yan above is what you want to use to specify the prediction feature name (the output function has a parameter for that)",
        "user": "WL22PDE1G",
        "ts": "1521829004.000382",
        "team": "T86S8GHEG",
        "user_team": "T86S8GHEG",
        "source_team": "T86S8GHEG",
        "user_profile": {
            "avatar_hash": "ga18fa06b2f1",
            "image_72": "https:\/\/secure.gravatar.com\/avatar\/da18fa06b2f1a94e07b5a34db81e8552.jpg?s=72&d=https%3A%2F%2Fa.slack-edge.com%2Fdf10d%2Fimg%2Favatars%2Fava_0019-72.png",
            "first_name": "Ricardo",
            "real_name": "Ricardo Cervera-Navarro",
            "display_name": "rcerveranavarro",
            "team": "T86S8GHEG",
            "name": "rcerveranavarro",
            "is_restricted": false,
            "is_ultra_restricted": false
        }
    },
    {
        "type": "message",
        "text": "Thanks! As I’m testing the transformer using TF model trained by Steven, I will coordinate with him",
        "user": "W811FTQFJ",
        "ts": "1521829186.000694",
        "team": "T86S8GHEG",
        "user_team": "T86S8GHEG",
        "source_team": "T86S8GHEG",
        "user_profile": {
            "avatar_hash": "g5adcdef4304",
            "image_72": "https:\/\/secure.gravatar.com\/avatar\/65adcdef430490da0c605118469db2c0.jpg?s=72&d=https%3A%2F%2Fa.slack-edge.com%2Fdf10d%2Fimg%2Favatars%2Fava_0013-72.png",
            "first_name": "Joe",
            "real_name": "Joe Xie",
            "display_name": "jxie",
            "team": "T86S8GHEG",
            "name": "jxie",
            "is_restricted": false,
            "is_ultra_restricted": false
        },
        "reactions": [
            {
                "name": "+1",
                "users": [
                    "WL22PDE1G"
                ],
                "count": 1
            }
        ]
    },
    {
        "type": "message",
        "text": "<@W811FTQFJ> I can also share an example if that’ll help",
        "user": "W81U1DTPF",
        "ts": "1521830058.000389",
        "team": "T86S8GHEG",
        "user_team": "T86S8GHEG",
        "source_team": "T86S8GHEG",
        "user_profile": {
            "avatar_hash": "gcab983eb601",
            "image_72": "https:\/\/secure.gravatar.com\/avatar\/dcab983eb601ece6a7ee6a77a31ce23e.jpg?s=72&d=https%3A%2F%2Fa.slack-edge.com%2Fdf10d%2Fimg%2Favatars%2Fava_0025-72.png",
            "first_name": "Jiyuan",
            "real_name": "Jiyuan Qian",
            "display_name": "jqian",
            "team": "T86S8GHEG",
            "name": "jqian",
            "is_restricted": false,
            "is_ultra_restricted": false
        }
    },
    {
        "type": "message",
        "text": "Still having the “Need to accumulate features for calibratrion”, Raised ticket: <https:\/\/jira.twitter.biz\/browse\/CX-8832>.",
        "user": "W8MSTHA74",
        "ts": "1521831667.000706",
        "team": "T86S8GHEG",
        "user_team": "T86S8GHEG",
        "source_team": "T86S8GHEG",
        "user_profile": {
            "avatar_hash": "38e8d25b5e1a",
            "image_72": "https:\/\/avatars.slack-edge.com\/2019-07-15\/688880508289_38e8d25b5e1ab3f0d0f4_72.png",
            "first_name": "Priyank",
            "real_name": "Priyank J",
            "display_name": "priyankj",
            "team": "T86S8GHEG",
            "name": "priyankj",
            "is_restricted": false,
            "is_ultra_restricted": false
        }
    },
    {
        "type": "message",
        "text": "Right, this happens in vanilla python as well. Was wondering if anyone had a clue behind it. TF test code uses that which works: <https:\/\/github.com\/tensorflow\/tensorflow\/blob\/master\/tensorflow\/python\/debug\/lib\/profiling_test.py>",
        "user": "W8MSTHA74",
        "ts": "1521831856.000405",
        "team": "T86S8GHEG",
        "user_team": "T86S8GHEG",
        "source_team": "T86S8GHEG",
        "user_profile": {
            "avatar_hash": "38e8d25b5e1a",
            "image_72": "https:\/\/avatars.slack-edge.com\/2019-07-15\/688880508289_38e8d25b5e1ab3f0d0f4_72.png",
            "first_name": "Priyank",
            "real_name": "Priyank J",
            "display_name": "priyankj",
            "team": "T86S8GHEG",
            "name": "priyankj",
            "is_restricted": false,
            "is_ultra_restricted": false
        },
        "attachments": [
            {
                "fallback": "tensorflow\/python\/debug\/lib\/profiling_test.py",
                "text": "```\n# Copyright 2017 The TensorFlow Authors. All Rights Reserved.\n#\n# Licensed under the Apache License, Version 2.0 (the \"License\");\n# you may not use this file except in compliance with the License.\n# You may obtain a copy of the License at\n#\n#     <http:\/\/www.apache.org\/licenses\/LICENSE-2.0>\n#\n# Unless required by applicable law or agreed to in writing, software\n# distributed under the License is distributed on an \"AS IS\" BASIS,\n# WITHOUT WARRANTIES OR CONDITIONS OF ANY KIND, either express or implied.\n# See the License for the specific language governing permissions and\n# limitations under the License.\n# ==============================================================================\n\"\"\"Unit tests for the basic data structures and algorithms for profiling.\"\"\"\n\nfrom __future__ import absolute_import\nfrom __future__ import division\nfrom __future__ import print_function\n\nfrom tensorflow.core.framework import step_stats_pb2\nfrom tensorflow.python.debug.lib import profiling\nfrom tensorflow.python.framework import test_util\nfrom tensorflow.python.platform import googletest\n\n\nclass AggregateProfile(test_util.TensorFlowTestCase):\n\n  def setUp(self):\n    node_1 = step_stats_pb2.NodeExecStats(\n        node_name=\"Add\/123\",\n        op_start_rel_micros=3,\n        op_end_rel_micros=5,\n        all_end_rel_micros=4)\n    self.profile_datum_1 = profiling.ProfileDatum(\n        \"cpu:0\", node_1, \"\/foo\/bar.py\", 10, \"func1\", \"Add\")\n\n    node_2 = step_stats_pb2.NodeExecStats(\n        node_name=\"Mul\/456\",\n        op_start_rel_micros=13,\n        op_end_rel_micros=16,\n        all_end_rel_micros=17)\n    self.profile_datum_2 = profiling.ProfileDatum(\n        \"cpu:0\", node_2, \"\/foo\/bar.py\", 11, \"func1\", \"Mul\")\n\n    node_3 = step_stats_pb2.NodeExecStats(\n        node_name=\"Add\/123\",\n        op_start_rel_micros=103,\n        op_end_rel_micros=105,\n        all_end_rel_micros=4)\n    self.profile_datum_3 = profiling.ProfileDatum(\n        \"cpu:0\", node_3, \"\/foo\/bar.py\", 12, \"func1\", \"Add\")\n\n    node_4 = step_stats_pb2.NodeExecStats(\n        node_name=\"Add\/123\",\n        op_start_rel_micros=203,\n        op_end_rel_micros=205,\n        all_end_rel_micros=4)\n    self.profile_datum_4 = profiling.ProfileDatum(\n        \"gpu:0\", node_4, \"\/foo\/bar.py\", 13, \"func1\", \"Add\")\n\n  def testAggregateProfileConstructorWorks(self):\n    aggregate_data = profiling.AggregateProfile(self.profile_datum_1)\n\n    self.assertEqual(2, aggregate_data.total_op_time)\n    self.assertEqual(4, aggregate_data.total_exec_time)\n    self.assertEqual(1, aggregate_data.node_count)\n    self.assertEqual(1, aggregate_data.node_exec_count)\n\n  def testAddToAggregateProfileWithDifferentNodeWorks(self):\n    aggregate_data = profiling.AggregateProfile(self.profile_datum_1)\n    aggregate_data.add(self.profile_datum_2)\n\n    self.assertEqual(5, aggregate_data.total_op_time)\n    self.assertEqual(21, aggregate_data.total_exec_time)\n    self.assertEqual(2, aggregate_data.node_count)\n    self.assertEqual(2, aggregate_data.node_exec_count)\n\n  def testAddToAggregateProfileWithSameNodeWorks(self):\n    aggregate_data = profiling.AggregateProfile(self.profile_datum_1)\n    aggregate_data.add(self.profile_datum_2)\n    aggregate_data.add(self.profile_datum_3)\n\n    self.assertEqual(7, aggregate_data.total_op_time)\n    self.assertEqual(25, aggregate_data.total_exec_time)\n    self.assertEqual(2, aggregate_data.node_count)\n    self.assertEqual(3, aggregate_data.node_exec_count)\n\n  def testAddToAggregateProfileWithDifferentDeviceSameNodeWorks(self):\n    aggregate_data = profiling.AggregateProfile(self.profile_datum_1)\n    aggregate_data.add(self.profile_datum_4)\n\n    self.assertEqual(4, aggregate_data.total_op_time)\n    self.assertEqual(8, aggregate_data.total_exec_time)\n    self.assertEqual(2, aggregate_data.node_count)\n    self.assertEqual(2, aggregate_data.node_exec_count)\n\n\nif __name__ == \"__main__\":\n  googletest.main()\n\n```",
                "title": "tensorflow\/python\/debug\/lib\/profiling_test.py",
                "footer": "<https:\/\/github.com\/tensorflow\/tensorflow|tensorflow\/tensorflow>",
                "id": 1,
                "title_link": "https:\/\/github.com\/tensorflow\/tensorflow\/blob\/master\/tensorflow\/python\/debug\/lib\/profiling_test.py",
                "footer_icon": "https:\/\/assets-cdn.github.com\/favicon.ico",
                "color": "24292f",
                "mrkdwn_in": [
                    "text"
                ],
                "bot_id": "B9F92LEE4",
                "app_unfurl_url": "https:\/\/github.com\/tensorflow\/tensorflow\/blob\/master\/tensorflow\/python\/debug\/lib\/profiling_test.py",
                "is_app_unfurl": true
            }
        ],
        "thread_ts": "1521827833.000328",
        "parent_user_id": "W81BJEAGZ"
    },
    {
        "type": "message",
        "text": "<@W8MSTHA74> would we be able to replicate from that phab? thanks!",
        "user": "WL22PDE1G",
        "ts": "1521835155.000098",
        "team": "T86S8GHEG",
        "user_team": "T86S8GHEG",
        "source_team": "T86S8GHEG",
        "user_profile": {
            "avatar_hash": "ga18fa06b2f1",
            "image_72": "https:\/\/secure.gravatar.com\/avatar\/da18fa06b2f1a94e07b5a34db81e8552.jpg?s=72&d=https%3A%2F%2Fa.slack-edge.com%2Fdf10d%2Fimg%2Favatars%2Fava_0019-72.png",
            "first_name": "Ricardo",
            "real_name": "Ricardo Cervera-Navarro",
            "display_name": "rcerveranavarro",
            "team": "T86S8GHEG",
            "name": "rcerveranavarro",
            "is_restricted": false,
            "is_ultra_restricted": false
        }
    },
    {
        "type": "message",
        "text": "Just added two commands to replicate the issue",
        "user": "W8MSTHA74",
        "ts": "1521835283.000164",
        "team": "T86S8GHEG",
        "user_team": "T86S8GHEG",
        "source_team": "T86S8GHEG",
        "user_profile": {
            "avatar_hash": "38e8d25b5e1a",
            "image_72": "https:\/\/avatars.slack-edge.com\/2019-07-15\/688880508289_38e8d25b5e1ab3f0d0f4_72.png",
            "first_name": "Priyank",
            "real_name": "Priyank J",
            "display_name": "priyankj",
            "team": "T86S8GHEG",
            "name": "priyankj",
            "is_restricted": false,
            "is_ultra_restricted": false
        }
    },
    {
        "type": "message",
        "text": "on the ticket <@WL22PDE1G>",
        "user": "W8MSTHA74",
        "ts": "1521835294.000337",
        "team": "T86S8GHEG",
        "user_team": "T86S8GHEG",
        "source_team": "T86S8GHEG",
        "user_profile": {
            "avatar_hash": "38e8d25b5e1a",
            "image_72": "https:\/\/avatars.slack-edge.com\/2019-07-15\/688880508289_38e8d25b5e1ab3f0d0f4_72.png",
            "first_name": "Priyank",
            "real_name": "Priyank J",
            "display_name": "priyankj",
            "team": "T86S8GHEG",
            "name": "priyankj",
            "is_restricted": false,
            "is_ultra_restricted": false
        }
    },
    {
        "type": "message",
        "text": "thank you!",
        "user": "WL22PDE1G",
        "ts": "1521835301.000310",
        "team": "T86S8GHEG",
        "user_team": "T86S8GHEG",
        "source_team": "T86S8GHEG",
        "user_profile": {
            "avatar_hash": "ga18fa06b2f1",
            "image_72": "https:\/\/secure.gravatar.com\/avatar\/da18fa06b2f1a94e07b5a34db81e8552.jpg?s=72&d=https%3A%2F%2Fa.slack-edge.com%2Fdf10d%2Fimg%2Favatars%2Fava_0019-72.png",
            "first_name": "Ricardo",
            "real_name": "Ricardo Cervera-Navarro",
            "display_name": "rcerveranavarro",
            "team": "T86S8GHEG",
            "name": "rcerveranavarro",
            "is_restricted": false,
            "is_ultra_restricted": false
        },
        "reactions": [
            {
                "name": "+1",
                "users": [
                    "W8MSTHA74"
                ],
                "count": 1
            }
        ]
    },
    {
        "type": "message",
        "text": "<@W81BJEAGZ> That issue of UnknownError still persists, I increased the train_epoch_size now relative to eval_epoch_size so now it hits the namenode less frequently. Not sure what’s happening. Filed a ticket: <https:\/\/jira.twitter.biz\/browse\/CX-8835>",
        "user": "W8MSTHA74",
        "ts": "1521836525.000608",
        "team": "T86S8GHEG",
        "user_team": "T86S8GHEG",
        "source_team": "T86S8GHEG",
        "user_profile": {
            "avatar_hash": "38e8d25b5e1a",
            "image_72": "https:\/\/avatars.slack-edge.com\/2019-07-15\/688880508289_38e8d25b5e1ab3f0d0f4_72.png",
            "first_name": "Priyank",
            "real_name": "Priyank J",
            "display_name": "priyankj",
            "team": "T86S8GHEG",
            "name": "priyankj",
            "is_restricted": false,
            "is_ultra_restricted": false
        }
    },
    {
        "type": "message",
        "text": "<@W8MSTHA74> link to the job not just stderr",
        "user": "W81BJEAGZ",
        "ts": "1521836677.000221",
        "team": "T86S8GHEG",
        "user_team": "T86S8GHEG",
        "source_team": "T86S8GHEG",
        "user_profile": {
            "avatar_hash": "45f9fa184373",
            "image_72": "https:\/\/avatars.slack-edge.com\/2019-04-25\/620857384023_45f9fa184373c2c504f5_72.jpg",
            "first_name": "Pavan",
            "real_name": "Pavan Yalamanchili",
            "display_name": "pyalamanchili",
            "team": "T86S8GHEG",
            "name": "pyalamanchili",
            "is_restricted": false,
            "is_ultra_restricted": false
        }
    },
    {
        "type": "message",
        "text": "Sorry, updated jira",
        "user": "W8MSTHA74",
        "ts": "1521836726.000430",
        "team": "T86S8GHEG",
        "user_team": "T86S8GHEG",
        "source_team": "T86S8GHEG",
        "user_profile": {
            "avatar_hash": "38e8d25b5e1a",
            "image_72": "https:\/\/avatars.slack-edge.com\/2019-07-15\/688880508289_38e8d25b5e1ab3f0d0f4_72.png",
            "first_name": "Priyank",
            "real_name": "Priyank J",
            "display_name": "priyankj",
            "team": "T86S8GHEG",
            "name": "priyankj",
            "is_restricted": false,
            "is_ultra_restricted": false
        }
    },
    {
        "type": "message",
        "text": "<@W8MSTHA74> can you launch your job on atla ?",
        "user": "W81BJEAGZ",
        "ts": "1521837272.000437",
        "team": "T86S8GHEG",
        "user_team": "T86S8GHEG",
        "source_team": "T86S8GHEG",
        "user_profile": {
            "avatar_hash": "45f9fa184373",
            "image_72": "https:\/\/avatars.slack-edge.com\/2019-04-25\/620857384023_45f9fa184373c2c504f5_72.jpg",
            "first_name": "Pavan",
            "real_name": "Pavan Yalamanchili",
            "display_name": "pyalamanchili",
            "team": "T86S8GHEG",
            "name": "pyalamanchili",
            "is_restricted": false,
            "is_ultra_restricted": false
        }
    },
    {
        "type": "message",
        "text": "will launch",
        "user": "W8MSTHA74",
        "ts": "1521837293.000416",
        "team": "T86S8GHEG",
        "user_team": "T86S8GHEG",
        "source_team": "T86S8GHEG",
        "user_profile": {
            "avatar_hash": "38e8d25b5e1a",
            "image_72": "https:\/\/avatars.slack-edge.com\/2019-07-15\/688880508289_38e8d25b5e1ab3f0d0f4_72.png",
            "first_name": "Priyank",
            "real_name": "Priyank J",
            "display_name": "priyankj",
            "team": "T86S8GHEG",
            "name": "priyankj",
            "is_restricted": false,
            "is_ultra_restricted": false
        }
    },
    {
        "type": "message",
        "text": "@S8QBN9FJ6|@deepbirdv2-support: Hi I trying to run a final seperate step for eval on whole dataset using `--continue_from_checkpoint`. In that case I don’t need to pass any of the usaul epoch and batch parameters rgiht. Somehting like below hsould work right? Assuming my save_dir is same from before.\n```\naurora job create smf1\/cassowary\/devel\/mr_p_open_ntabclick_maxnorm_mlp_train_1 cortex-core\/sandbox\/magic_recs\/pOpenOrNtabClick\/tensorflow_model\/maxnorm_mlp_train.aurora \\\n  --bind profile.model_args=\"\\\n  --train_data_dir <hdfs:\/\/default\/user\/cassowary\/general_data\/201802080000\/data\/train\/pushAndNtabClick\/upperWeightingEngagement\/data\/> \\\n  --eval_data_dir <hdfs:\/\/default\/user\/cassowary\/general_data\/201802080000\/data\/test\/pushAndNtabClick\/upperWeightingEngagement\/data> \\\n  --data_spec <hdfs:\/\/default\/user\/cassowary\/general_data\/201802080000\/data\/test\/pushAndNtabClick\/upperWeightingEngagement\/data_spec.json> \\\n  --save_dir <hdfs:\/\/default\/user\/cassowary\/mr_p_open_ntabclick_maxnorm_mlp_train\/20180316133801> \\\n  --export_dir <hdfs:\/\/default\/user\/cassowary\/mr_p_open_ntabclick_maxnorm_mlp_train\/20180316133801\/exported_model> \\\n  --num_threads 30 \\\n  --continue_from_checkpoint\n  \"\n```\nAlso I commented the `trainer.learn`",
        "user": "W81P6Q3HB",
        "ts": "1521837482.000368",
        "team": "T86S8GHEG",
        "user_team": "T86S8GHEG",
        "source_team": "T86S8GHEG",
        "user_profile": {
            "avatar_hash": "33ca23099495",
            "image_72": "https:\/\/avatars.slack-edge.com\/2018-03-01\/322806966228_33ca23099495fa5d481b_72.jpg",
            "first_name": "Debpriya",
            "real_name": "Debpriya Seal",
            "display_name": "dseal",
            "team": "T86S8GHEG",
            "name": "dseal",
            "is_restricted": false,
            "is_ultra_restricted": false
        },
        "edited": {
            "user": "W81P6Q3HB",
            "ts": "1521837558.000000"
        },
        "thread_ts": "1521837482.000368",
        "reply_count": 1,
        "reply_users_count": 1,
        "latest_reply": "1521837849.000013",
        "reply_users": [
            "W81P6Q3HB"
        ],
        "replies": [
            {
                "user": "W81P6Q3HB",
                "ts": "1521837849.000013"
            }
        ],
        "subscribed": false
    },
    {
        "type": "message",
        "text": "<!subteam^S8QBN9FJ6|@deepbirdv2-support>",
        "user": "W81P6Q3HB",
        "ts": "1521837849.000013",
        "team": "T86S8GHEG",
        "user_team": "T86S8GHEG",
        "source_team": "T86S8GHEG",
        "user_profile": {
            "avatar_hash": "33ca23099495",
            "image_72": "https:\/\/avatars.slack-edge.com\/2018-03-01\/322806966228_33ca23099495fa5d481b_72.jpg",
            "first_name": "Debpriya",
            "real_name": "Debpriya Seal",
            "display_name": "dseal",
            "team": "T86S8GHEG",
            "name": "dseal",
            "is_restricted": false,
            "is_ultra_restricted": false
        },
        "thread_ts": "1521837482.000368",
        "parent_user_id": "W81P6Q3HB"
    },
    {
        "type": "message",
        "text": "<@W81P6Q3HB> it is better if you use a large batch size, if not eval will default to 1",
        "user": "W81BJEAGZ",
        "ts": "1521837914.000424",
        "team": "T86S8GHEG",
        "user_team": "T86S8GHEG",
        "source_team": "T86S8GHEG",
        "user_profile": {
            "avatar_hash": "45f9fa184373",
            "image_72": "https:\/\/avatars.slack-edge.com\/2019-04-25\/620857384023_45f9fa184373c2c504f5_72.jpg",
            "first_name": "Pavan",
            "real_name": "Pavan Yalamanchili",
            "display_name": "pyalamanchili",
            "team": "T86S8GHEG",
            "name": "pyalamanchili",
            "is_restricted": false,
            "is_ultra_restricted": false
        }
    },
    {
        "type": "message",
        "text": "<@W81BJEAGZ> I am using steps=-1 in the call to evaluate over all the dataset. \n```\n    print(\"Evaluating...\")\n    start = datetime.now()\n    trainer.evaluate(name='eval_on_whole', steps=-1)\n    end = datetime.now()\n    print(\"Evaluation time: \" + str(end-start))\n```",
        "user": "W81P6Q3HB",
        "ts": "1521837980.000666",
        "team": "T86S8GHEG",
        "user_team": "T86S8GHEG",
        "source_team": "T86S8GHEG",
        "user_profile": {
            "avatar_hash": "33ca23099495",
            "image_72": "https:\/\/avatars.slack-edge.com\/2018-03-01\/322806966228_33ca23099495fa5d481b_72.jpg",
            "first_name": "Debpriya",
            "real_name": "Debpriya Seal",
            "display_name": "dseal",
            "team": "T86S8GHEG",
            "name": "dseal",
            "is_restricted": false,
            "is_ultra_restricted": false
        }
    },
    {
        "type": "message",
        "text": "<@W81P6Q3HB> `steps=-1` means whole data set, but it doesnt say how many samples you are evaluating in a single go",
        "user": "W81BJEAGZ",
        "ts": "1521838011.000091",
        "team": "T86S8GHEG",
        "user_team": "T86S8GHEG",
        "source_team": "T86S8GHEG",
        "user_profile": {
            "avatar_hash": "45f9fa184373",
            "image_72": "https:\/\/avatars.slack-edge.com\/2019-04-25\/620857384023_45f9fa184373c2c504f5_72.jpg",
            "first_name": "Pavan",
            "real_name": "Pavan Yalamanchili",
            "display_name": "pyalamanchili",
            "team": "T86S8GHEG",
            "name": "pyalamanchili",
            "is_restricted": false,
            "is_ultra_restricted": false
        }
    },
    {
        "type": "message",
        "text": "if you dont specify a eval_batch_size, it is going to be slow :confused:",
        "user": "W81BJEAGZ",
        "ts": "1521838026.000362",
        "team": "T86S8GHEG",
        "user_team": "T86S8GHEG",
        "source_team": "T86S8GHEG",
        "user_profile": {
            "avatar_hash": "45f9fa184373",
            "image_72": "https:\/\/avatars.slack-edge.com\/2019-04-25\/620857384023_45f9fa184373c2c504f5_72.jpg",
            "first_name": "Pavan",
            "real_name": "Pavan Yalamanchili",
            "display_name": "pyalamanchili",
            "team": "T86S8GHEG",
            "name": "pyalamanchili",
            "is_restricted": false,
            "is_ultra_restricted": false
        }
    },
    {
        "type": "message",
        "text": "<@W81BJEAGZ>: Got it. Will mention that as well in the cml then.",
        "user": "W81P6Q3HB",
        "ts": "1521838047.000122",
        "team": "T86S8GHEG",
        "user_team": "T86S8GHEG",
        "source_team": "T86S8GHEG",
        "user_profile": {
            "avatar_hash": "33ca23099495",
            "image_72": "https:\/\/avatars.slack-edge.com\/2018-03-01\/322806966228_33ca23099495fa5d481b_72.jpg",
            "first_name": "Debpriya",
            "real_name": "Debpriya Seal",
            "display_name": "dseal",
            "team": "T86S8GHEG",
            "name": "dseal",
            "is_restricted": false,
            "is_ultra_restricted": false
        }
    },
    {
        "type": "message",
        "text": "<@W81BJEAGZ> I thought if I don’t specify eval_batch_size, it’s set to train_batch_size?",
        "user": "W820RBMEG",
        "ts": "1521849271.000227",
        "team": "T86S8GHEG",
        "user_team": "T86S8GHEG",
        "source_team": "T86S8GHEG",
        "user_profile": {
            "avatar_hash": "0b7764c945f1",
            "image_72": "https:\/\/avatars.slack-edge.com\/2017-12-01\/280585510643_0b7764c945f1fa95e304_72.jpg",
            "first_name": "Yan",
            "real_name": "Yan Xia",
            "display_name": "yanx",
            "team": "T86S8GHEG",
            "name": "yanx",
            "is_restricted": false,
            "is_ultra_restricted": false
        }
    },
    {
        "type": "message",
        "text": "<@W820RBMEG> no :disappointed:",
        "user": "W81BJEAGZ",
        "ts": "1521849282.000040",
        "team": "T86S8GHEG",
        "user_team": "T86S8GHEG",
        "source_team": "T86S8GHEG",
        "user_profile": {
            "avatar_hash": "45f9fa184373",
            "image_72": "https:\/\/avatars.slack-edge.com\/2019-04-25\/620857384023_45f9fa184373c2c504f5_72.jpg",
            "first_name": "Pavan",
            "real_name": "Pavan Yalamanchili",
            "display_name": "pyalamanchili",
            "team": "T86S8GHEG",
            "name": "pyalamanchili",
            "is_restricted": false,
            "is_ultra_restricted": false
        }
    },
    {
        "type": "message",
        "text": "unless someone fixed it recently, it was using 1 when I checked..",
        "user": "W81BJEAGZ",
        "ts": "1521849300.000221",
        "team": "T86S8GHEG",
        "user_team": "T86S8GHEG",
        "source_team": "T86S8GHEG",
        "user_profile": {
            "avatar_hash": "45f9fa184373",
            "image_72": "https:\/\/avatars.slack-edge.com\/2019-04-25\/620857384023_45f9fa184373c2c504f5_72.jpg",
            "first_name": "Pavan",
            "real_name": "Pavan Yalamanchili",
            "display_name": "pyalamanchili",
            "team": "T86S8GHEG",
            "name": "pyalamanchili",
            "is_restricted": false,
            "is_ultra_restricted": false
        }
    },
    {
        "type": "message",
        "text": "That was the behavior before I remember.\nWhat’s the size I should set to make it fast?",
        "user": "W820RBMEG",
        "ts": "1521849301.000162",
        "team": "T86S8GHEG",
        "user_team": "T86S8GHEG",
        "source_team": "T86S8GHEG",
        "user_profile": {
            "avatar_hash": "0b7764c945f1",
            "image_72": "https:\/\/avatars.slack-edge.com\/2017-12-01\/280585510643_0b7764c945f1fa95e304_72.jpg",
            "first_name": "Yan",
            "real_name": "Yan Xia",
            "display_name": "yanx",
            "team": "T86S8GHEG",
            "name": "yanx",
            "is_restricted": false,
            "is_ultra_restricted": false
        }
    },
    {
        "type": "message",
        "text": "ok. I was doing something similar as well. It was extremely slow…",
        "user": "W820RBMEG",
        "ts": "1521849330.000196",
        "team": "T86S8GHEG",
        "user_team": "T86S8GHEG",
        "source_team": "T86S8GHEG",
        "user_profile": {
            "avatar_hash": "0b7764c945f1",
            "image_72": "https:\/\/avatars.slack-edge.com\/2017-12-01\/280585510643_0b7764c945f1fa95e304_72.jpg",
            "first_name": "Yan",
            "real_name": "Yan Xia",
            "display_name": "yanx",
            "team": "T86S8GHEG",
            "name": "yanx",
            "is_restricted": false,
            "is_ultra_restricted": false
        }
    },
    {
        "type": "message",
        "text": "I should set `eval_batch_size` to some large number, right? Like 100000000000000 ?",
        "user": "W820RBMEG",
        "ts": "1521849355.000052",
        "team": "T86S8GHEG",
        "user_team": "T86S8GHEG",
        "source_team": "T86S8GHEG",
        "user_profile": {
            "avatar_hash": "0b7764c945f1",
            "image_72": "https:\/\/avatars.slack-edge.com\/2017-12-01\/280585510643_0b7764c945f1fa95e304_72.jpg",
            "first_name": "Yan",
            "real_name": "Yan Xia",
            "display_name": "yanx",
            "team": "T86S8GHEG",
            "name": "yanx",
            "is_restricted": false,
            "is_ultra_restricted": false
        }
    },
    {
        "type": "message",
        "text": "<@W820RBMEG> that will take up too much memory :slightly_smiling_face:",
        "user": "W81BJEAGZ",
        "ts": "1521849364.000133",
        "team": "T86S8GHEG",
        "user_team": "T86S8GHEG",
        "source_team": "T86S8GHEG",
        "user_profile": {
            "avatar_hash": "45f9fa184373",
            "image_72": "https:\/\/avatars.slack-edge.com\/2019-04-25\/620857384023_45f9fa184373c2c504f5_72.jpg",
            "first_name": "Pavan",
            "real_name": "Pavan Yalamanchili",
            "display_name": "pyalamanchili",
            "team": "T86S8GHEG",
            "name": "pyalamanchili",
            "is_restricted": false,
            "is_ultra_restricted": false
        }
    },
    {
        "type": "message",
        "text": "just use ~1024 or something like that",
        "user": "W81BJEAGZ",
        "ts": "1521849373.000130",
        "team": "T86S8GHEG",
        "user_team": "T86S8GHEG",
        "source_team": "T86S8GHEG",
        "user_profile": {
            "avatar_hash": "45f9fa184373",
            "image_72": "https:\/\/avatars.slack-edge.com\/2019-04-25\/620857384023_45f9fa184373c2c504f5_72.jpg",
            "first_name": "Pavan",
            "real_name": "Pavan Yalamanchili",
            "display_name": "pyalamanchili",
            "team": "T86S8GHEG",
            "name": "pyalamanchili",
            "is_restricted": false,
            "is_ultra_restricted": false
        }
    },
    {
        "type": "message",
        "text": "ok. got it",
        "user": "W820RBMEG",
        "ts": "1521849384.000112",
        "team": "T86S8GHEG",
        "user_team": "T86S8GHEG",
        "source_team": "T86S8GHEG",
        "user_profile": {
            "avatar_hash": "0b7764c945f1",
            "image_72": "https:\/\/avatars.slack-edge.com\/2017-12-01\/280585510643_0b7764c945f1fa95e304_72.jpg",
            "first_name": "Yan",
            "real_name": "Yan Xia",
            "display_name": "yanx",
            "team": "T86S8GHEG",
            "name": "yanx",
            "is_restricted": false,
            "is_ultra_restricted": false
        }
    },
    {
        "type": "message",
        "text": "we do have 80GB memory in the default training aurora file",
        "user": "W820RBMEG",
        "ts": "1521849414.000161",
        "team": "T86S8GHEG",
        "user_team": "T86S8GHEG",
        "source_team": "T86S8GHEG",
        "user_profile": {
            "avatar_hash": "0b7764c945f1",
            "image_72": "https:\/\/avatars.slack-edge.com\/2017-12-01\/280585510643_0b7764c945f1fa95e304_72.jpg",
            "first_name": "Yan",
            "real_name": "Yan Xia",
            "display_name": "yanx",
            "team": "T86S8GHEG",
            "name": "yanx",
            "is_restricted": false,
            "is_ultra_restricted": false
        }
    },
    {
        "type": "message",
        "text": "<@W81BJEAGZ> an unrelated question:\nI am seeing the following error during training….\n```\n  File \"\/var\/lib\/mesos\/slaves\/2396dbb1-c91a-4ff5-a50c-bcdb02af4814-S18048\/frameworks\/201104070004-0000002563-0000\/executors\/thermos-yanx-devel-train_selection_00-0-d374d4c5-85e8-4d4c-b5da-e493019ea670\/runs\/25179668-9448-4272-a83a-9ae5cd2623ed\/sandbox\/.pex\/install\/twml-0.1.358-py2-none-any.whl.fc662a1126da92c8d78294e4d5170ec686ab0fb7\/twml-0.1.358-py2-none-any.whl\/twml\/trainers\/trainer.py\", line 156, in __init__\n    \"The specified save_dir has existing checkpoints.\"\nValueError: The specified save_dir has existing checkpoints.If you want to start fresh, use a different save_dir. If you want to continue from the checkpoints, add option --continue_from_checkpoint.\n```",
        "user": "W820RBMEG",
        "ts": "1521849524.000203",
        "team": "T86S8GHEG",
        "user_team": "T86S8GHEG",
        "source_team": "T86S8GHEG",
        "user_profile": {
            "avatar_hash": "0b7764c945f1",
            "image_72": "https:\/\/avatars.slack-edge.com\/2017-12-01\/280585510643_0b7764c945f1fa95e304_72.jpg",
            "first_name": "Yan",
            "real_name": "Yan Xia",
            "display_name": "yanx",
            "team": "T86S8GHEG",
            "name": "yanx",
            "is_restricted": false,
            "is_ultra_restricted": false
        }
    },
    {
        "type": "message",
        "text": "if you used batch_size 100000000000000 , assuming the sparse layer is has 18 bits, and the output is 100\n```\n(100000000000000 * (1 &lt;&lt; 18) * 100 * 5 * 4) \/ (1 &lt;&lt; 50)\n46566128.730773926\n```",
        "user": "W81BJEAGZ",
        "ts": "1521849550.000024",
        "team": "T86S8GHEG",
        "user_team": "T86S8GHEG",
        "source_team": "T86S8GHEG",
        "user_profile": {
            "avatar_hash": "45f9fa184373",
            "image_72": "https:\/\/avatars.slack-edge.com\/2019-04-25\/620857384023_45f9fa184373c2c504f5_72.jpg",
            "first_name": "Pavan",
            "real_name": "Pavan Yalamanchili",
            "display_name": "pyalamanchili",
            "team": "T86S8GHEG",
            "name": "pyalamanchili",
            "is_restricted": false,
            "is_ultra_restricted": false
        }
    },
    {
        "type": "message",
        "text": "that is 46 million peta bytes :stuck_out_tongue_winking_eye:",
        "user": "W81BJEAGZ",
        "ts": "1521849562.000022",
        "team": "T86S8GHEG",
        "user_team": "T86S8GHEG",
        "source_team": "T86S8GHEG",
        "user_profile": {
            "avatar_hash": "45f9fa184373",
            "image_72": "https:\/\/avatars.slack-edge.com\/2019-04-25\/620857384023_45f9fa184373c2c504f5_72.jpg",
            "first_name": "Pavan",
            "real_name": "Pavan Yalamanchili",
            "display_name": "pyalamanchili",
            "team": "T86S8GHEG",
            "name": "pyalamanchili",
            "is_restricted": false,
            "is_ultra_restricted": false
        }
    },
    {
        "type": "message",
        "text": "yeah, points taken.",
        "user": "W820RBMEG",
        "ts": "1521849586.000210",
        "team": "T86S8GHEG",
        "user_team": "T86S8GHEG",
        "source_team": "T86S8GHEG",
        "user_profile": {
            "avatar_hash": "0b7764c945f1",
            "image_72": "https:\/\/avatars.slack-edge.com\/2017-12-01\/280585510643_0b7764c945f1fa95e304_72.jpg",
            "first_name": "Yan",
            "real_name": "Yan Xia",
            "display_name": "yanx",
            "team": "T86S8GHEG",
            "name": "yanx",
            "is_restricted": false,
            "is_ultra_restricted": false
        }
    },
    {
        "type": "message",
        "text": "could you please help me figure out why this job failed? <http:\/\/smf1-dxk-21-sr1.prod.twitter.com:1338\/task\/yanx-devel-train_selection_00-0-8e4fd6ef-cd9f-4c3e-a974-8d05d2d57776> thanks!",
        "user": "W820RBMEG",
        "ts": "1521849607.000010",
        "team": "T86S8GHEG",
        "user_team": "T86S8GHEG",
        "source_team": "T86S8GHEG",
        "user_profile": {
            "avatar_hash": "0b7764c945f1",
            "image_72": "https:\/\/avatars.slack-edge.com\/2017-12-01\/280585510643_0b7764c945f1fa95e304_72.jpg",
            "first_name": "Yan",
            "real_name": "Yan Xia",
            "display_name": "yanx",
            "team": "T86S8GHEG",
            "name": "yanx",
            "is_restricted": false,
            "is_ultra_restricted": false
        }
    },
    {
        "type": "message",
        "text": "ok I was wrong, you dont need ```1&lt;&lt;18```, so it is only 177 peta bytes :slightly_smiling_face:",
        "user": "W81BJEAGZ",
        "ts": "1521849613.000248",
        "team": "T86S8GHEG",
        "user_team": "T86S8GHEG",
        "source_team": "T86S8GHEG",
        "user_profile": {
            "avatar_hash": "45f9fa184373",
            "image_72": "https:\/\/avatars.slack-edge.com\/2019-04-25\/620857384023_45f9fa184373c2c504f5_72.jpg",
            "first_name": "Pavan",
            "real_name": "Pavan Yalamanchili",
            "display_name": "pyalamanchili",
            "team": "T86S8GHEG",
            "name": "pyalamanchili",
            "is_restricted": false,
            "is_ultra_restricted": false
        }
    },
    {
        "type": "message",
        "text": "looking at the error",
        "user": "W81BJEAGZ",
        "ts": "1521849618.000244",
        "team": "T86S8GHEG",
        "user_team": "T86S8GHEG",
        "source_team": "T86S8GHEG",
        "user_profile": {
            "avatar_hash": "45f9fa184373",
            "image_72": "https:\/\/avatars.slack-edge.com\/2019-04-25\/620857384023_45f9fa184373c2c504f5_72.jpg",
            "first_name": "Pavan",
            "real_name": "Pavan Yalamanchili",
            "display_name": "pyalamanchili",
            "team": "T86S8GHEG",
            "name": "pyalamanchili",
            "is_restricted": false,
            "is_ultra_restricted": false
        }
    },
    {
        "type": "message",
        "text": "<@W820RBMEG> we changed the trainer to stop if you use the same save directory as a previously trained model",
        "user": "W81BJEAGZ",
        "ts": "1521849646.000126",
        "team": "T86S8GHEG",
        "user_team": "T86S8GHEG",
        "source_team": "T86S8GHEG",
        "user_profile": {
            "avatar_hash": "45f9fa184373",
            "image_72": "https:\/\/avatars.slack-edge.com\/2019-04-25\/620857384023_45f9fa184373c2c504f5_72.jpg",
            "first_name": "Pavan",
            "real_name": "Pavan Yalamanchili",
            "display_name": "pyalamanchili",
            "team": "T86S8GHEG",
            "name": "pyalamanchili",
            "is_restricted": false,
            "is_ultra_restricted": false
        },
        "edited": {
            "user": "W81BJEAGZ",
            "ts": "1521849656.000000"
        }
    },
    {
        "type": "message",
        "text": "yeah, what happened was, a job failed and restarted automatically by mesos.",
        "user": "W820RBMEG",
        "ts": "1521849671.000137",
        "team": "T86S8GHEG",
        "user_team": "T86S8GHEG",
        "source_team": "T86S8GHEG",
        "user_profile": {
            "avatar_hash": "0b7764c945f1",
            "image_72": "https:\/\/avatars.slack-edge.com\/2017-12-01\/280585510643_0b7764c945f1fa95e304_72.jpg",
            "first_name": "Yan",
            "real_name": "Yan Xia",
            "display_name": "yanx",
            "team": "T86S8GHEG",
            "name": "yanx",
            "is_restricted": false,
            "is_ultra_restricted": false
        }
    },
    {
        "type": "message",
        "text": "i was curious about the first failure",
        "user": "W820RBMEG",
        "ts": "1521849679.000062",
        "team": "T86S8GHEG",
        "user_team": "T86S8GHEG",
        "source_team": "T86S8GHEG",
        "user_profile": {
            "avatar_hash": "0b7764c945f1",
            "image_72": "https:\/\/avatars.slack-edge.com\/2017-12-01\/280585510643_0b7764c945f1fa95e304_72.jpg",
            "first_name": "Yan",
            "real_name": "Yan Xia",
            "display_name": "yanx",
            "team": "T86S8GHEG",
            "name": "yanx",
            "is_restricted": false,
            "is_ultra_restricted": false
        }
    },
    {
        "type": "message",
        "text": "ok, in that case, use `--continue_from_checkpoint`",
        "user": "W81BJEAGZ",
        "ts": "1521849692.000084",
        "team": "T86S8GHEG",
        "user_team": "T86S8GHEG",
        "source_team": "T86S8GHEG",
        "user_profile": {
            "avatar_hash": "45f9fa184373",
            "image_72": "https:\/\/avatars.slack-edge.com\/2019-04-25\/620857384023_45f9fa184373c2c504f5_72.jpg",
            "first_name": "Pavan",
            "real_name": "Pavan Yalamanchili",
            "display_name": "pyalamanchili",
            "team": "T86S8GHEG",
            "name": "pyalamanchili",
            "is_restricted": false,
            "is_ultra_restricted": false
        }
    },
    {
        "type": "message",
        "text": "also can you make sure your account has enough space left",
        "user": "W81BJEAGZ",
        "ts": "1521849718.000034",
        "team": "T86S8GHEG",
        "user_team": "T86S8GHEG",
        "source_team": "T86S8GHEG",
        "user_profile": {
            "avatar_hash": "45f9fa184373",
            "image_72": "https:\/\/avatars.slack-edge.com\/2019-04-25\/620857384023_45f9fa184373c2c504f5_72.jpg",
            "first_name": "Pavan",
            "real_name": "Pavan Yalamanchili",
            "display_name": "pyalamanchili",
            "team": "T86S8GHEG",
            "name": "pyalamanchili",
            "is_restricted": false,
            "is_ultra_restricted": false
        }
    },
    {
        "type": "message",
        "text": "oh… i see what happened…. my training got pre-empted in favor of `ads-prediction-lolly-parameter-server`….",
        "user": "W820RBMEG",
        "ts": "1521849747.000139",
        "team": "T86S8GHEG",
        "user_team": "T86S8GHEG",
        "source_team": "T86S8GHEG",
        "user_profile": {
            "avatar_hash": "0b7764c945f1",
            "image_72": "https:\/\/avatars.slack-edge.com\/2017-12-01\/280585510643_0b7764c945f1fa95e304_72.jpg",
            "first_name": "Yan",
            "real_name": "Yan Xia",
            "display_name": "yanx",
            "team": "T86S8GHEG",
            "name": "yanx",
            "is_restricted": false,
            "is_ultra_restricted": false
        }
    },
    {
        "type": "message",
        "text": "then was automatically restarted.",
        "user": "W820RBMEG",
        "ts": "1521849759.000036",
        "team": "T86S8GHEG",
        "user_team": "T86S8GHEG",
        "source_team": "T86S8GHEG",
        "user_profile": {
            "avatar_hash": "0b7764c945f1",
            "image_72": "https:\/\/avatars.slack-edge.com\/2017-12-01\/280585510643_0b7764c945f1fa95e304_72.jpg",
            "first_name": "Yan",
            "real_name": "Yan Xia",
            "display_name": "yanx",
            "team": "T86S8GHEG",
            "name": "yanx",
            "is_restricted": false,
            "is_ultra_restricted": false
        }
    },
    {
        "type": "message",
        "text": "hmm",
        "user": "W81BJEAGZ",
        "ts": "1521849770.000166",
        "team": "T86S8GHEG",
        "user_team": "T86S8GHEG",
        "source_team": "T86S8GHEG",
        "user_profile": {
            "avatar_hash": "45f9fa184373",
            "image_72": "https:\/\/avatars.slack-edge.com\/2019-04-25\/620857384023_45f9fa184373c2c504f5_72.jpg",
            "first_name": "Pavan",
            "real_name": "Pavan Yalamanchili",
            "display_name": "pyalamanchili",
            "team": "T86S8GHEG",
            "name": "pyalamanchili",
            "is_restricted": false,
            "is_ultra_restricted": false
        }
    },
    {
        "type": "message",
        "text": "yeah may be have `--continue_from_checkpoint` in your model so that even if it restarts it will continue training ?",
        "user": "W81BJEAGZ",
        "ts": "1521849793.000191",
        "team": "T86S8GHEG",
        "user_team": "T86S8GHEG",
        "source_team": "T86S8GHEG",
        "user_profile": {
            "avatar_hash": "45f9fa184373",
            "image_72": "https:\/\/avatars.slack-edge.com\/2019-04-25\/620857384023_45f9fa184373c2c504f5_72.jpg",
            "first_name": "Pavan",
            "real_name": "Pavan Yalamanchili",
            "display_name": "pyalamanchili",
            "team": "T86S8GHEG",
            "name": "pyalamanchili",
            "is_restricted": false,
            "is_ultra_restricted": false
        }
    },
    {
        "type": "message",
        "text": "to your model args*",
        "user": "W81BJEAGZ",
        "ts": "1521849809.000008",
        "team": "T86S8GHEG",
        "user_team": "T86S8GHEG",
        "source_team": "T86S8GHEG",
        "user_profile": {
            "avatar_hash": "45f9fa184373",
            "image_72": "https:\/\/avatars.slack-edge.com\/2019-04-25\/620857384023_45f9fa184373c2c504f5_72.jpg",
            "first_name": "Pavan",
            "real_name": "Pavan Yalamanchili",
            "display_name": "pyalamanchili",
            "team": "T86S8GHEG",
            "name": "pyalamanchili",
            "is_restricted": false,
            "is_ultra_restricted": false
        }
    },
    {
        "type": "message",
        "text": "yeah, for this case agreed. but sometimes i do want to start from a new save_dir though.",
        "user": "W820RBMEG",
        "ts": "1521849838.000178",
        "team": "T86S8GHEG",
        "user_team": "T86S8GHEG",
        "source_team": "T86S8GHEG",
        "user_profile": {
            "avatar_hash": "0b7764c945f1",
            "image_72": "https:\/\/avatars.slack-edge.com\/2017-12-01\/280585510643_0b7764c945f1fa95e304_72.jpg",
            "first_name": "Yan",
            "real_name": "Yan Xia",
            "display_name": "yanx",
            "team": "T86S8GHEG",
            "name": "yanx",
            "is_restricted": false,
            "is_ultra_restricted": false
        }
    },
    {
        "type": "message",
        "text": "thanks for the help, <@W81BJEAGZ>",
        "user": "W820RBMEG",
        "ts": "1521849873.000200",
        "team": "T86S8GHEG",
        "user_team": "T86S8GHEG",
        "source_team": "T86S8GHEG",
        "user_profile": {
            "avatar_hash": "0b7764c945f1",
            "image_72": "https:\/\/avatars.slack-edge.com\/2017-12-01\/280585510643_0b7764c945f1fa95e304_72.jpg",
            "first_name": "Yan",
            "real_name": "Yan Xia",
            "display_name": "yanx",
            "team": "T86S8GHEG",
            "name": "yanx",
            "is_restricted": false,
            "is_ultra_restricted": false
        }
    },
    {
        "type": "message",
        "text": "I wonder if aurora sets an environment variable saying that the job was restarted or something",
        "user": "W81BJEAGZ",
        "ts": "1521849962.000088",
        "team": "T86S8GHEG",
        "user_team": "T86S8GHEG",
        "source_team": "T86S8GHEG",
        "user_profile": {
            "avatar_hash": "45f9fa184373",
            "image_72": "https:\/\/avatars.slack-edge.com\/2019-04-25\/620857384023_45f9fa184373c2c504f5_72.jpg",
            "first_name": "Pavan",
            "real_name": "Pavan Yalamanchili",
            "display_name": "pyalamanchili",
            "team": "T86S8GHEG",
            "name": "pyalamanchili",
            "is_restricted": false,
            "is_ultra_restricted": false
        }
    },
    {
        "type": "message",
        "text": "in which case we could potentially detect it and continue training",
        "user": "W81BJEAGZ",
        "ts": "1521849979.000062",
        "team": "T86S8GHEG",
        "user_team": "T86S8GHEG",
        "source_team": "T86S8GHEG",
        "user_profile": {
            "avatar_hash": "45f9fa184373",
            "image_72": "https:\/\/avatars.slack-edge.com\/2019-04-25\/620857384023_45f9fa184373c2c504f5_72.jpg",
            "first_name": "Pavan",
            "real_name": "Pavan Yalamanchili",
            "display_name": "pyalamanchili",
            "team": "T86S8GHEG",
            "name": "pyalamanchili",
            "is_restricted": false,
            "is_ultra_restricted": false
        }
    },
    {
        "type": "message",
        "text": "worth filing a ticket?",
        "user": "W820RBMEG",
        "ts": "1521849999.000066",
        "team": "T86S8GHEG",
        "user_team": "T86S8GHEG",
        "source_team": "T86S8GHEG",
        "user_profile": {
            "avatar_hash": "0b7764c945f1",
            "image_72": "https:\/\/avatars.slack-edge.com\/2017-12-01\/280585510643_0b7764c945f1fa95e304_72.jpg",
            "first_name": "Yan",
            "real_name": "Yan Xia",
            "display_name": "yanx",
            "team": "T86S8GHEG",
            "name": "yanx",
            "is_restricted": false,
            "is_ultra_restricted": false
        }
    },
    {
        "type": "message",
        "text": "the aurora config could check the destination dir to see if something is already there, and if so, include the relevant flag?",
        "user": "WL22PDE1G",
        "ts": "1521850035.000124",
        "team": "T86S8GHEG",
        "user_team": "T86S8GHEG",
        "source_team": "T86S8GHEG",
        "user_profile": {
            "avatar_hash": "ga18fa06b2f1",
            "image_72": "https:\/\/secure.gravatar.com\/avatar\/da18fa06b2f1a94e07b5a34db81e8552.jpg?s=72&d=https%3A%2F%2Fa.slack-edge.com%2Fdf10d%2Fimg%2Favatars%2Fava_0019-72.png",
            "first_name": "Ricardo",
            "real_name": "Ricardo Cervera-Navarro",
            "display_name": "rcerveranavarro",
            "team": "T86S8GHEG",
            "name": "rcerveranavarro",
            "is_restricted": false,
            "is_ultra_restricted": false
        }
    },
    {
        "type": "message",
        "text": "well, the purpose of that flag is to make sure users don’t accidentally reuse a save_dir",
        "user": "W820RFKK6",
        "ts": "1521850171.000106",
        "team": "T86S8GHEG",
        "user_team": "T86S8GHEG",
        "source_team": "T86S8GHEG",
        "user_profile": {
            "avatar_hash": "d2cf7d816132",
            "image_72": "https:\/\/avatars.slack-edge.com\/2019-07-21\/694944687905_d2cf7d8161326b26f909_72.jpg",
            "first_name": "Yi",
            "real_name": "Yi Zhuang",
            "display_name": "yz",
            "team": "T86S8GHEG",
            "name": "yz",
            "is_restricted": false,
            "is_ultra_restricted": false
        }
    },
    {
        "type": "message",
        "text": "oh good point",
        "user": "WL22PDE1G",
        "ts": "1521850179.000202",
        "team": "T86S8GHEG",
        "user_team": "T86S8GHEG",
        "source_team": "T86S8GHEG",
        "user_profile": {
            "avatar_hash": "ga18fa06b2f1",
            "image_72": "https:\/\/secure.gravatar.com\/avatar\/da18fa06b2f1a94e07b5a34db81e8552.jpg?s=72&d=https%3A%2F%2Fa.slack-edge.com%2Fdf10d%2Fimg%2Favatars%2Fava_0019-72.png",
            "first_name": "Ricardo",
            "real_name": "Ricardo Cervera-Navarro",
            "display_name": "rcerveranavarro",
            "team": "T86S8GHEG",
            "name": "rcerveranavarro",
            "is_restricted": false,
            "is_ultra_restricted": false
        }
    },
    {
        "type": "message",
        "text": "I don’t think we should automatically add that flag",
        "user": "W820RFKK6",
        "ts": "1521850184.000128",
        "team": "T86S8GHEG",
        "user_team": "T86S8GHEG",
        "source_team": "T86S8GHEG",
        "user_profile": {
            "avatar_hash": "d2cf7d816132",
            "image_72": "https:\/\/avatars.slack-edge.com\/2019-07-21\/694944687905_d2cf7d8161326b26f909_72.jpg",
            "first_name": "Yi",
            "real_name": "Yi Zhuang",
            "display_name": "yz",
            "team": "T86S8GHEG",
            "name": "yz",
            "is_restricted": false,
            "is_ultra_restricted": false
        }
    },
    {
        "type": "message",
        "text": "regarding jobs getting preempted: when you run it in prod instead of devel, your jobs should not get killed in favor of another job.",
        "user": "W820RFKK6",
        "ts": "1521850210.000153",
        "team": "T86S8GHEG",
        "user_team": "T86S8GHEG",
        "source_team": "T86S8GHEG",
        "user_profile": {
            "avatar_hash": "d2cf7d816132",
            "image_72": "https:\/\/avatars.slack-edge.com\/2019-07-21\/694944687905_d2cf7d8161326b26f909_72.jpg",
            "first_name": "Yi",
            "real_name": "Yi Zhuang",
            "display_name": "yz",
            "team": "T86S8GHEG",
            "name": "yz",
            "is_restricted": false,
            "is_ultra_restricted": false
        },
        "edited": {
            "user": "W820RFKK6",
            "ts": "1521850212.000000"
        }
    },
    {
        "type": "message",
        "text": ":slightly_smiling_face:  is this why we don’t have enough resources for prod nowadays?",
        "user": "W820RBMEG",
        "ts": "1521850634.000103",
        "team": "T86S8GHEG",
        "user_team": "T86S8GHEG",
        "source_team": "T86S8GHEG",
        "user_profile": {
            "avatar_hash": "0b7764c945f1",
            "image_72": "https:\/\/avatars.slack-edge.com\/2017-12-01\/280585510643_0b7764c945f1fa95e304_72.jpg",
            "first_name": "Yan",
            "real_name": "Yan Xia",
            "display_name": "yanx",
            "team": "T86S8GHEG",
            "name": "yanx",
            "is_restricted": false,
            "is_ultra_restricted": false
        }
    }
]