[
    {
        "client_msg_id": "9cb415b8-65f9-4955-9cd0-b043c54c972c",
        "type": "message",
        "text": "FYI I spend some time trying out tensorflow.js on frontend. works pretty well with my small model (which is also trained by tensorflow.js). I'm not entirely sure if it's compatible w\/ deepbird v2. will keep looking",
        "user": "W831QSCAK",
        "ts": "1535736585.000100",
        "team": "T86S8GHEG",
        "user_team": "T86S8GHEG",
        "source_team": "T86S8GHEG",
        "user_profile": {
            "avatar_hash": "3125369172db",
            "image_72": "https:\/\/avatars.slack-edge.com\/2020-03-09\/989620483264_3125369172db64b56474_72.jpg",
            "first_name": "Xiao",
            "real_name": "Xiao Zhu",
            "display_name": "xzhu",
            "team": "T86S8GHEG",
            "name": "xzhu",
            "is_restricted": false,
            "is_ultra_restricted": false
        },
        "edited": {
            "user": "W831QSCAK",
            "ts": "1535736595.000000"
        },
        "thread_ts": "1535736585.000100",
        "reply_count": 11,
        "reply_users_count": 3,
        "latest_reply": "1535751578.000100",
        "reply_users": [
            "W82KEML2J",
            "WBA213DH9",
            "W831QSCAK"
        ],
        "replies": [
            {
                "user": "W82KEML2J",
                "ts": "1535751271.000100"
            },
            {
                "user": "WBA213DH9",
                "ts": "1535751310.000100"
            },
            {
                "user": "WBA213DH9",
                "ts": "1535751312.000100"
            },
            {
                "user": "WBA213DH9",
                "ts": "1535751333.000100"
            },
            {
                "user": "W831QSCAK",
                "ts": "1535751403.000100"
            },
            {
                "user": "WBA213DH9",
                "ts": "1535751425.000100"
            },
            {
                "user": "W831QSCAK",
                "ts": "1535751449.000100"
            },
            {
                "user": "W831QSCAK",
                "ts": "1535751452.000100"
            },
            {
                "user": "WBA213DH9",
                "ts": "1535751474.000100"
            },
            {
                "user": "WBA213DH9",
                "ts": "1535751546.000100"
            },
            {
                "user": "W831QSCAK",
                "ts": "1535751578.000100"
            }
        ],
        "subscribed": false
    },
    {
        "client_msg_id": "94e9a782-16b9-4164-889d-58effad63b33",
        "type": "message",
        "text": "(tldr: we might be able to run deepbirdv2 models in users browsers if the model is small enough and it's ok to let users download the whole model)",
        "user": "W831QSCAK",
        "ts": "1535736654.000100",
        "team": "T86S8GHEG",
        "user_team": "T86S8GHEG",
        "source_team": "T86S8GHEG",
        "user_profile": {
            "avatar_hash": "3125369172db",
            "image_72": "https:\/\/avatars.slack-edge.com\/2020-03-09\/989620483264_3125369172db64b56474_72.jpg",
            "first_name": "Xiao",
            "real_name": "Xiao Zhu",
            "display_name": "xzhu",
            "team": "T86S8GHEG",
            "name": "xzhu",
            "is_restricted": false,
            "is_ultra_restricted": false
        }
    },
    {
        "client_msg_id": "aa75269a-ea2d-4a92-b537-0600e79e08ed",
        "type": "message",
        "text": "Hello",
        "user": "WB2409BLN",
        "ts": "1535745109.000100",
        "team": "T86S8GHEG",
        "user_team": "T86S8GHEG",
        "source_team": "T86S8GHEG",
        "user_profile": {
            "avatar_hash": "g1879a64a89d",
            "image_72": "https:\/\/secure.gravatar.com\/avatar\/91879a64a89d391278cb3191ed3cec53.jpg?s=72&d=https%3A%2F%2Fa.slack-edge.com%2Fdf10d%2Fimg%2Favatars%2Fava_0017-72.png",
            "first_name": "Anahita",
            "real_name": "Anahita Hosseini",
            "display_name": "ahosseini",
            "team": "T86S8GHEG",
            "name": "ahosseini",
            "is_restricted": false,
            "is_ultra_restricted": false
        }
    },
    {
        "client_msg_id": "2db10745-233f-4518-8751-67a3e7921d80",
        "type": "message",
        "text": "I recently moved to use twml in source and use hogwild. Since then the tensorboard links sent to me face the following error",
        "user": "WB2409BLN",
        "ts": "1535745152.000100",
        "team": "T86S8GHEG",
        "user_team": "T86S8GHEG",
        "source_team": "T86S8GHEG",
        "user_profile": {
            "avatar_hash": "g1879a64a89d",
            "image_72": "https:\/\/secure.gravatar.com\/avatar\/91879a64a89d391278cb3191ed3cec53.jpg?s=72&d=https%3A%2F%2Fa.slack-edge.com%2Fdf10d%2Fimg%2Favatars%2Fava_0017-72.png",
            "first_name": "Anahita",
            "real_name": "Anahita Hosseini",
            "display_name": "ahosseini",
            "team": "T86S8GHEG",
            "name": "ahosseini",
            "is_restricted": false,
            "is_ultra_restricted": false
        }
    },
    {
        "client_msg_id": "bc932a9d-bcaa-4e70-940a-dc608e721ad8",
        "type": "message",
        "text": "any help would be appreciated",
        "user": "WB2409BLN",
        "ts": "1535745160.000200",
        "team": "T86S8GHEG",
        "user_team": "T86S8GHEG",
        "source_team": "T86S8GHEG",
        "user_profile": {
            "avatar_hash": "g1879a64a89d",
            "image_72": "https:\/\/secure.gravatar.com\/avatar\/91879a64a89d391278cb3191ed3cec53.jpg?s=72&d=https%3A%2F%2Fa.slack-edge.com%2Fdf10d%2Fimg%2Favatars%2Fava_0017-72.png",
            "first_name": "Anahita",
            "real_name": "Anahita Hosseini",
            "display_name": "ahosseini",
            "team": "T86S8GHEG",
            "name": "ahosseini",
            "is_restricted": false,
            "is_ultra_restricted": false
        }
    },
    {
        "client_msg_id": "abaa73de-64b9-4314-b0b7-3f96eef04b6f",
        "type": "message",
        "text": "what error?",
        "user": "W81QKRYG3",
        "ts": "1535745171.000100",
        "team": "T86S8GHEG",
        "user_team": "T86S8GHEG",
        "source_team": "T86S8GHEG",
        "user_profile": {
            "avatar_hash": "fc37bdaad5b1",
            "image_72": "https:\/\/avatars.slack-edge.com\/2019-01-16\/525311341939_fc37bdaad5b1b4245612_72.jpg",
            "first_name": "Ruhua",
            "real_name": "Ruhua Jiang",
            "display_name": "ruhuaj",
            "team": "T86S8GHEG",
            "name": "ruhuaj",
            "is_restricted": false,
            "is_ultra_restricted": false
        }
    },
    {
        "type": "message",
        "text": "",
        "files": [
            {
                "id": "FCLB0CZ1V",
                "created": 1535745194,
                "timestamp": 1535745194,
                "name": "Screen Shot 2018-08-31 at 12.51.35 PM.png",
                "title": "Screen Shot 2018-08-31 at 12.51.35 PM.png",
                "mimetype": "image\/png",
                "filetype": "png",
                "pretty_type": "PNG",
                "user": "WB2409BLN",
                "editable": false,
                "size": 103884,
                "mode": "hosted",
                "is_external": false,
                "external_type": "",
                "is_public": true,
                "public_url_shared": false,
                "display_as_bot": false,
                "username": "",
                "url_private": "https:\/\/files.slack.com\/files-pri\/T7U3XVBLP-FCLB0CZ1V\/screen_shot_2018-08-31_at_12.51.35_pm.png?t=xoxe-278892561492-1005149783089-1017423836678-e1e14aa1789ddce7f4decc622097bda8",
                "url_private_download": "https:\/\/files.slack.com\/files-pri\/T7U3XVBLP-FCLB0CZ1V\/download\/screen_shot_2018-08-31_at_12.51.35_pm.png?t=xoxe-278892561492-1005149783089-1017423836678-e1e14aa1789ddce7f4decc622097bda8",
                "thumb_64": "https:\/\/files.slack.com\/files-tmb\/T7U3XVBLP-FCLB0CZ1V-600eb016ba\/screen_shot_2018-08-31_at_12.51.35_pm_64.png?t=xoxe-278892561492-1005149783089-1017423836678-e1e14aa1789ddce7f4decc622097bda8",
                "thumb_80": "https:\/\/files.slack.com\/files-tmb\/T7U3XVBLP-FCLB0CZ1V-600eb016ba\/screen_shot_2018-08-31_at_12.51.35_pm_80.png?t=xoxe-278892561492-1005149783089-1017423836678-e1e14aa1789ddce7f4decc622097bda8",
                "thumb_360": "https:\/\/files.slack.com\/files-tmb\/T7U3XVBLP-FCLB0CZ1V-600eb016ba\/screen_shot_2018-08-31_at_12.51.35_pm_360.png?t=xoxe-278892561492-1005149783089-1017423836678-e1e14aa1789ddce7f4decc622097bda8",
                "thumb_360_w": 360,
                "thumb_360_h": 37,
                "thumb_480": "https:\/\/files.slack.com\/files-tmb\/T7U3XVBLP-FCLB0CZ1V-600eb016ba\/screen_shot_2018-08-31_at_12.51.35_pm_480.png?t=xoxe-278892561492-1005149783089-1017423836678-e1e14aa1789ddce7f4decc622097bda8",
                "thumb_480_w": 480,
                "thumb_480_h": 50,
                "thumb_160": "https:\/\/files.slack.com\/files-tmb\/T7U3XVBLP-FCLB0CZ1V-600eb016ba\/screen_shot_2018-08-31_at_12.51.35_pm_160.png?t=xoxe-278892561492-1005149783089-1017423836678-e1e14aa1789ddce7f4decc622097bda8",
                "thumb_720": "https:\/\/files.slack.com\/files-tmb\/T7U3XVBLP-FCLB0CZ1V-600eb016ba\/screen_shot_2018-08-31_at_12.51.35_pm_720.png?t=xoxe-278892561492-1005149783089-1017423836678-e1e14aa1789ddce7f4decc622097bda8",
                "thumb_720_w": 720,
                "thumb_720_h": 75,
                "thumb_800": "https:\/\/files.slack.com\/files-tmb\/T7U3XVBLP-FCLB0CZ1V-600eb016ba\/screen_shot_2018-08-31_at_12.51.35_pm_800.png?t=xoxe-278892561492-1005149783089-1017423836678-e1e14aa1789ddce7f4decc622097bda8",
                "thumb_800_w": 800,
                "thumb_800_h": 83,
                "thumb_960": "https:\/\/files.slack.com\/files-tmb\/T7U3XVBLP-FCLB0CZ1V-600eb016ba\/screen_shot_2018-08-31_at_12.51.35_pm_960.png?t=xoxe-278892561492-1005149783089-1017423836678-e1e14aa1789ddce7f4decc622097bda8",
                "thumb_960_w": 960,
                "thumb_960_h": 99,
                "thumb_1024": "https:\/\/files.slack.com\/files-tmb\/T7U3XVBLP-FCLB0CZ1V-600eb016ba\/screen_shot_2018-08-31_at_12.51.35_pm_1024.png?t=xoxe-278892561492-1005149783089-1017423836678-e1e14aa1789ddce7f4decc622097bda8",
                "thumb_1024_w": 1024,
                "thumb_1024_h": 106,
                "image_exif_rotation": 1,
                "original_w": 2764,
                "original_h": 286,
                "permalink": "https:\/\/twitter.enterprise.slack.com\/files\/WB2409BLN\/FCLB0CZ1V\/screen_shot_2018-08-31_at_12.51.35_pm.png",
                "permalink_public": "https:\/\/slack-files.com\/T7U3XVBLP-FCLB0CZ1V-bf6b2359dd",
                "is_starred": false,
                "has_rich_preview": false
            }
        ],
        "upload": true,
        "user": "WB2409BLN",
        "display_as_bot": false,
        "ts": "1535745197.000100"
    },
    {
        "client_msg_id": "f0236da0-e9a6-4881-8fc2-6f1088db2729",
        "type": "message",
        "text": "Can you share us the aurora job link?",
        "user": "W81QKRYG3",
        "ts": "1535745226.000100",
        "team": "T86S8GHEG",
        "user_team": "T86S8GHEG",
        "source_team": "T86S8GHEG",
        "user_profile": {
            "avatar_hash": "fc37bdaad5b1",
            "image_72": "https:\/\/avatars.slack-edge.com\/2019-01-16\/525311341939_fc37bdaad5b1b4245612_72.jpg",
            "first_name": "Ruhua",
            "real_name": "Ruhua Jiang",
            "display_name": "ruhuaj",
            "team": "T86S8GHEG",
            "name": "ruhuaj",
            "is_restricted": false,
            "is_ultra_restricted": false
        }
    },
    {
        "client_msg_id": "bafcf511-a3c0-48e8-affe-d42a78f03ff6",
        "type": "message",
        "text": "sure",
        "user": "WB2409BLN",
        "ts": "1535745462.000200",
        "team": "T86S8GHEG",
        "user_team": "T86S8GHEG",
        "source_team": "T86S8GHEG",
        "user_profile": {
            "avatar_hash": "g1879a64a89d",
            "image_72": "https:\/\/secure.gravatar.com\/avatar\/91879a64a89d391278cb3191ed3cec53.jpg?s=72&d=https%3A%2F%2Fa.slack-edge.com%2Fdf10d%2Fimg%2Favatars%2Fava_0017-72.png",
            "first_name": "Anahita",
            "real_name": "Anahita Hosseini",
            "display_name": "ahosseini",
            "team": "T86S8GHEG",
            "name": "ahosseini",
            "is_restricted": false,
            "is_ultra_restricted": false
        }
    },
    {
        "client_msg_id": "f562d4b1-d70e-45e5-a33a-02618b9901ec",
        "type": "message",
        "text": "<https:\/\/aurora-atla.twitter.biz\/scheduler\/cortex-m40\/devel\/ahosseini_ads_dt>",
        "user": "WB2409BLN",
        "ts": "1535745463.000200",
        "team": "T86S8GHEG",
        "user_team": "T86S8GHEG",
        "source_team": "T86S8GHEG",
        "user_profile": {
            "avatar_hash": "g1879a64a89d",
            "image_72": "https:\/\/secure.gravatar.com\/avatar\/91879a64a89d391278cb3191ed3cec53.jpg?s=72&d=https%3A%2F%2Fa.slack-edge.com%2Fdf10d%2Fimg%2Favatars%2Fava_0017-72.png",
            "first_name": "Anahita",
            "real_name": "Anahita Hosseini",
            "display_name": "ahosseini",
            "team": "T86S8GHEG",
            "name": "ahosseini",
            "is_restricted": false,
            "is_ultra_restricted": false
        }
    },
    {
        "client_msg_id": "2f797868-6c6d-4a6e-8a41-6723dc1291d8",
        "type": "message",
        "text": "ha",
        "user": "W81QKRYG3",
        "ts": "1535745518.000100",
        "team": "T86S8GHEG",
        "user_team": "T86S8GHEG",
        "source_team": "T86S8GHEG",
        "user_profile": {
            "avatar_hash": "fc37bdaad5b1",
            "image_72": "https:\/\/avatars.slack-edge.com\/2019-01-16\/525311341939_fc37bdaad5b1b4245612_72.jpg",
            "first_name": "Ruhua",
            "real_name": "Ruhua Jiang",
            "display_name": "ruhuaj",
            "team": "T86S8GHEG",
            "name": "ruhuaj",
            "is_restricted": false,
            "is_ultra_restricted": false
        }
    },
    {
        "type": "message",
        "text": "",
        "files": [
            {
                "id": "FCLL16RL6",
                "created": 1535745526,
                "timestamp": 1535745526,
                "name": "-.txt",
                "title": "Untitled",
                "mimetype": "text\/plain",
                "filetype": "text",
                "pretty_type": "Plain Text",
                "user": "W81QKRYG3",
                "editable": true,
                "size": 2632,
                "mode": "snippet",
                "is_external": false,
                "external_type": "",
                "is_public": true,
                "public_url_shared": false,
                "display_as_bot": false,
                "username": "",
                "url_private": "https:\/\/files.slack.com\/files-pri\/T7U3XVBLP-FCLL16RL6\/-.txt?t=xoxe-278892561492-1005149783089-1017423836678-e1e14aa1789ddce7f4decc622097bda8",
                "url_private_download": "https:\/\/files.slack.com\/files-pri\/T7U3XVBLP-FCLL16RL6\/download\/-.txt?t=xoxe-278892561492-1005149783089-1017423836678-e1e14aa1789ddce7f4decc622097bda8",
                "permalink": "https:\/\/twitter.enterprise.slack.com\/files\/W81QKRYG3\/FCLL16RL6\/-.txt",
                "permalink_public": "https:\/\/slack-files.com\/T7U3XVBLP-FCLL16RL6-ea9841e208",
                "edit_link": "https:\/\/twitter.enterprise.slack.com\/files\/W81QKRYG3\/FCLL16RL6\/-.txt\/edit",
                "is_starred": false,
                "has_rich_preview": false
            }
        ],
        "upload": true,
        "user": "W81QKRYG3",
        "display_as_bot": false,
        "ts": "1535745527.000100"
    },
    {
        "client_msg_id": "6fddabbc-12b0-4e0e-8ff7-39a620716200",
        "type": "message",
        "text": "in the evaluator error log I can see a tensorboard load error",
        "user": "WB2409BLN",
        "ts": "1535745529.000100",
        "team": "T86S8GHEG",
        "user_team": "T86S8GHEG",
        "source_team": "T86S8GHEG",
        "user_profile": {
            "avatar_hash": "g1879a64a89d",
            "image_72": "https:\/\/secure.gravatar.com\/avatar\/91879a64a89d391278cb3191ed3cec53.jpg?s=72&d=https%3A%2F%2Fa.slack-edge.com%2Fdf10d%2Fimg%2Favatars%2Fava_0017-72.png",
            "first_name": "Anahita",
            "real_name": "Anahita Hosseini",
            "display_name": "ahosseini",
            "team": "T86S8GHEG",
            "name": "ahosseini",
            "is_restricted": false,
            "is_ultra_restricted": false
        }
    },
    {
        "client_msg_id": "55417ea6-2360-425e-8c40-a0429caf2e86",
        "type": "message",
        "text": "we aware of this <https:\/\/jira.twitter.biz\/browse\/CX-11223>  will fix it",
        "user": "W81QKRYG3",
        "ts": "1535745540.000100",
        "team": "T86S8GHEG",
        "user_team": "T86S8GHEG",
        "source_team": "T86S8GHEG",
        "user_profile": {
            "avatar_hash": "fc37bdaad5b1",
            "image_72": "https:\/\/avatars.slack-edge.com\/2019-01-16\/525311341939_fc37bdaad5b1b4245612_72.jpg",
            "first_name": "Ruhua",
            "real_name": "Ruhua Jiang",
            "display_name": "ruhuaj",
            "team": "T86S8GHEG",
            "name": "ruhuaj",
            "is_restricted": false,
            "is_ultra_restricted": false
        }
    },
    {
        "client_msg_id": "e66b062b-bdfa-40e3-aae9-57a4fc5cdc58",
        "type": "message",
        "text": "thanks",
        "user": "W81QKRYG3",
        "ts": "1535745541.000100",
        "team": "T86S8GHEG",
        "user_team": "T86S8GHEG",
        "source_team": "T86S8GHEG",
        "user_profile": {
            "avatar_hash": "fc37bdaad5b1",
            "image_72": "https:\/\/avatars.slack-edge.com\/2019-01-16\/525311341939_fc37bdaad5b1b4245612_72.jpg",
            "first_name": "Ruhua",
            "real_name": "Ruhua Jiang",
            "display_name": "ruhuaj",
            "team": "T86S8GHEG",
            "name": "ruhuaj",
            "is_restricted": false,
            "is_ultra_restricted": false
        }
    },
    {
        "client_msg_id": "4df681c5-05d1-4b53-ac09-db1513c995e7",
        "type": "message",
        "text": "is there anything i can do at this point?",
        "user": "WB2409BLN",
        "ts": "1535745570.000100",
        "team": "T86S8GHEG",
        "user_team": "T86S8GHEG",
        "source_team": "T86S8GHEG",
        "user_profile": {
            "avatar_hash": "g1879a64a89d",
            "image_72": "https:\/\/secure.gravatar.com\/avatar\/91879a64a89d391278cb3191ed3cec53.jpg?s=72&d=https%3A%2F%2Fa.slack-edge.com%2Fdf10d%2Fimg%2Favatars%2Fava_0017-72.png",
            "first_name": "Anahita",
            "real_name": "Anahita Hosseini",
            "display_name": "ahosseini",
            "team": "T86S8GHEG",
            "name": "ahosseini",
            "is_restricted": false,
            "is_ultra_restricted": false
        }
    },
    {
        "client_msg_id": "5f453b28-b8ac-4758-9b7a-339113be24b3",
        "type": "message",
        "text": "<@W81SCSQ4U> have you found any workaround for this?",
        "user": "W81QKRYG3",
        "ts": "1535745589.000100",
        "team": "T86S8GHEG",
        "user_team": "T86S8GHEG",
        "source_team": "T86S8GHEG",
        "user_profile": {
            "avatar_hash": "fc37bdaad5b1",
            "image_72": "https:\/\/avatars.slack-edge.com\/2019-01-16\/525311341939_fc37bdaad5b1b4245612_72.jpg",
            "first_name": "Ruhua",
            "real_name": "Ruhua Jiang",
            "display_name": "ruhuaj",
            "team": "T86S8GHEG",
            "name": "ruhuaj",
            "is_restricted": false,
            "is_ultra_restricted": false
        }
    },
    {
        "client_msg_id": "36932e3f-1576-42e6-82f8-37653bec0d14",
        "type": "message",
        "text": "<@W81QKRYG3> should be fixed in latest twml",
        "user": "W81SCSQ4U",
        "ts": "1535746029.000200",
        "team": "T86S8GHEG",
        "user_team": "T86S8GHEG",
        "source_team": "T86S8GHEG",
        "user_profile": {
            "avatar_hash": "8c2489bfe8d4",
            "image_72": "https:\/\/avatars.slack-edge.com\/2018-01-29\/306405819714_8c2489bfe8d4c9a4e911_72.jpg",
            "first_name": "Nicholas",
            "real_name": "Nicholas Leonard",
            "display_name": "nleonard",
            "team": "T86S8GHEG",
            "name": "nleonard",
            "is_restricted": false,
            "is_ultra_restricted": false
        }
    },
    {
        "client_msg_id": "783cffb2-d752-4008-a0e9-85b09ff83b4d",
        "type": "message",
        "text": "nice <@WB2409BLN> can you pull the latest master and try again?",
        "user": "W81QKRYG3",
        "ts": "1535746074.000100",
        "team": "T86S8GHEG",
        "user_team": "T86S8GHEG",
        "source_team": "T86S8GHEG",
        "user_profile": {
            "avatar_hash": "fc37bdaad5b1",
            "image_72": "https:\/\/avatars.slack-edge.com\/2019-01-16\/525311341939_fc37bdaad5b1b4245612_72.jpg",
            "first_name": "Ruhua",
            "real_name": "Ruhua Jiang",
            "display_name": "ruhuaj",
            "team": "T86S8GHEG",
            "name": "ruhuaj",
            "is_restricted": false,
            "is_ultra_restricted": false
        }
    },
    {
        "client_msg_id": "6767a6de-c3ea-4a76-a945-65ca4f6a0604",
        "type": "message",
        "text": "<@WBA213DH9>",
        "user": "W82KEML2J",
        "ts": "1535751271.000100",
        "team": "T86S8GHEG",
        "user_team": "T86S8GHEG",
        "source_team": "T86S8GHEG",
        "user_profile": {
            "avatar_hash": "76cfed1472fd",
            "image_72": "https:\/\/avatars.slack-edge.com\/2018-01-16\/299349490449_76cfed1472fd5cb7033e_72.png",
            "first_name": "Luca",
            "real_name": "Luca Belli",
            "display_name": "lbelli",
            "team": "T86S8GHEG",
            "name": "lbelli",
            "is_restricted": false,
            "is_ultra_restricted": false
        },
        "thread_ts": "1535736585.000100",
        "parent_user_id": "W831QSCAK"
    },
    {
        "client_msg_id": "5fd0c14d-b938-4ce5-bbba-fed5920f1f68",
        "type": "message",
        "text": "I ran it!",
        "user": "WBA213DH9",
        "ts": "1535751310.000100",
        "team": "T86S8GHEG",
        "user_team": "T86S8GHEG",
        "source_team": "T86S8GHEG",
        "user_profile": {
            "avatar_hash": "gd0e8f0fecc3",
            "image_72": "https:\/\/secure.gravatar.com\/avatar\/d0e8f0fecc32edfce05d064e6fa966c6.jpg?s=72&d=https%3A%2F%2Fa.slack-edge.com%2Fdf10d%2Fimg%2Favatars%2Fava_0018-72.png",
            "first_name": "Sumit",
            "real_name": "Sumit Binnani",
            "display_name": "sbinnani",
            "team": "T86S8GHEG",
            "name": "sbinnani",
            "is_restricted": false,
            "is_ultra_restricted": false
        },
        "thread_ts": "1535736585.000100",
        "parent_user_id": "W831QSCAK"
    },
    {
        "client_msg_id": "5c948e01-830e-4ca6-b71d-2846dee0cc41",
        "type": "message",
        "text": "It works!",
        "user": "WBA213DH9",
        "ts": "1535751312.000100",
        "team": "T86S8GHEG",
        "user_team": "T86S8GHEG",
        "source_team": "T86S8GHEG",
        "user_profile": {
            "avatar_hash": "gd0e8f0fecc3",
            "image_72": "https:\/\/secure.gravatar.com\/avatar\/d0e8f0fecc32edfce05d064e6fa966c6.jpg?s=72&d=https%3A%2F%2Fa.slack-edge.com%2Fdf10d%2Fimg%2Favatars%2Fava_0018-72.png",
            "first_name": "Sumit",
            "real_name": "Sumit Binnani",
            "display_name": "sbinnani",
            "team": "T86S8GHEG",
            "name": "sbinnani",
            "is_restricted": false,
            "is_ultra_restricted": false
        },
        "thread_ts": "1535736585.000100",
        "parent_user_id": "W831QSCAK"
    },
    {
        "client_msg_id": "d77a132d-7c9f-4ed0-8a39-636dabfae3e6",
        "type": "message",
        "text": "Though there are a few things which does not work pretty well. e.g. Dynamic RNN",
        "user": "WBA213DH9",
        "ts": "1535751333.000100",
        "team": "T86S8GHEG",
        "user_team": "T86S8GHEG",
        "source_team": "T86S8GHEG",
        "user_profile": {
            "avatar_hash": "gd0e8f0fecc3",
            "image_72": "https:\/\/secure.gravatar.com\/avatar\/d0e8f0fecc32edfce05d064e6fa966c6.jpg?s=72&d=https%3A%2F%2Fa.slack-edge.com%2Fdf10d%2Fimg%2Favatars%2Fava_0018-72.png",
            "first_name": "Sumit",
            "real_name": "Sumit Binnani",
            "display_name": "sbinnani",
            "team": "T86S8GHEG",
            "name": "sbinnani",
            "is_restricted": false,
            "is_ultra_restricted": false
        },
        "thread_ts": "1535736585.000100",
        "parent_user_id": "W831QSCAK"
    },
    {
        "client_msg_id": "0f90e17b-5bc2-4821-8f50-bd74b478e3f7",
        "type": "message",
        "text": "ahhh nice",
        "user": "W831QSCAK",
        "ts": "1535751403.000100",
        "team": "T86S8GHEG",
        "user_team": "T86S8GHEG",
        "source_team": "T86S8GHEG",
        "user_profile": {
            "avatar_hash": "3125369172db",
            "image_72": "https:\/\/avatars.slack-edge.com\/2020-03-09\/989620483264_3125369172db64b56474_72.jpg",
            "first_name": "Xiao",
            "real_name": "Xiao Zhu",
            "display_name": "xzhu",
            "team": "T86S8GHEG",
            "name": "xzhu",
            "is_restricted": false,
            "is_ultra_restricted": false
        },
        "thread_ts": "1535736585.000100",
        "parent_user_id": "W831QSCAK"
    },
    {
        "client_msg_id": "0491a8f7-67d1-4e3e-b1e9-ea8340f722f8",
        "type": "message",
        "text": "I have a working model with a complicated architecture. Planning to demo it :slightly_smiling_face:",
        "user": "WBA213DH9",
        "ts": "1535751425.000100",
        "team": "T86S8GHEG",
        "user_team": "T86S8GHEG",
        "source_team": "T86S8GHEG",
        "user_profile": {
            "avatar_hash": "gd0e8f0fecc3",
            "image_72": "https:\/\/secure.gravatar.com\/avatar\/d0e8f0fecc32edfce05d064e6fa966c6.jpg?s=72&d=https%3A%2F%2Fa.slack-edge.com%2Fdf10d%2Fimg%2Favatars%2Fava_0018-72.png",
            "first_name": "Sumit",
            "real_name": "Sumit Binnani",
            "display_name": "sbinnani",
            "team": "T86S8GHEG",
            "name": "sbinnani",
            "is_restricted": false,
            "is_ultra_restricted": false
        },
        "thread_ts": "1535736585.000100",
        "parent_user_id": "W831QSCAK"
    },
    {
        "client_msg_id": "60e092ad-93be-4c5e-9b99-4694abca6a6f",
        "type": "message",
        "text": "cool!",
        "user": "W831QSCAK",
        "ts": "1535751449.000100",
        "team": "T86S8GHEG",
        "user_team": "T86S8GHEG",
        "source_team": "T86S8GHEG",
        "user_profile": {
            "avatar_hash": "3125369172db",
            "image_72": "https:\/\/avatars.slack-edge.com\/2020-03-09\/989620483264_3125369172db64b56474_72.jpg",
            "first_name": "Xiao",
            "real_name": "Xiao Zhu",
            "display_name": "xzhu",
            "team": "T86S8GHEG",
            "name": "xzhu",
            "is_restricted": false,
            "is_ultra_restricted": false
        },
        "thread_ts": "1535736585.000100",
        "parent_user_id": "W831QSCAK"
    },
    {
        "client_msg_id": "a075cb62-cdc8-4ba3-84ed-9444a537bff3",
        "type": "message",
        "text": "I'm going to run a small model on mldashboard",
        "user": "W831QSCAK",
        "ts": "1535751452.000100",
        "team": "T86S8GHEG",
        "user_team": "T86S8GHEG",
        "source_team": "T86S8GHEG",
        "user_profile": {
            "avatar_hash": "3125369172db",
            "image_72": "https:\/\/avatars.slack-edge.com\/2020-03-09\/989620483264_3125369172db64b56474_72.jpg",
            "first_name": "Xiao",
            "real_name": "Xiao Zhu",
            "display_name": "xzhu",
            "team": "T86S8GHEG",
            "name": "xzhu",
            "is_restricted": false,
            "is_ultra_restricted": false
        },
        "thread_ts": "1535736585.000100",
        "parent_user_id": "W831QSCAK"
    },
    {
        "client_msg_id": "1982c2b4-6661-4d43-ac06-e5c867dd8403",
        "type": "message",
        "text": "Nice!",
        "user": "WBA213DH9",
        "ts": "1535751474.000100",
        "team": "T86S8GHEG",
        "user_team": "T86S8GHEG",
        "source_team": "T86S8GHEG",
        "user_profile": {
            "avatar_hash": "gd0e8f0fecc3",
            "image_72": "https:\/\/secure.gravatar.com\/avatar\/d0e8f0fecc32edfce05d064e6fa966c6.jpg?s=72&d=https%3A%2F%2Fa.slack-edge.com%2Fdf10d%2Fimg%2Favatars%2Fava_0018-72.png",
            "first_name": "Sumit",
            "real_name": "Sumit Binnani",
            "display_name": "sbinnani",
            "team": "T86S8GHEG",
            "name": "sbinnani",
            "is_restricted": false,
            "is_ultra_restricted": false
        },
        "thread_ts": "1535736585.000100",
        "parent_user_id": "W831QSCAK"
    },
    {
        "client_msg_id": "0ed5c141-338f-4213-8258-fd60fcbc610d",
        "type": "message",
        "text": "Also, the dynamic RNN not working is a bug. I (unluckily) cannot file the same w\/o giving model details.",
        "user": "WBA213DH9",
        "ts": "1535751546.000100",
        "team": "T86S8GHEG",
        "user_team": "T86S8GHEG",
        "source_team": "T86S8GHEG",
        "user_profile": {
            "avatar_hash": "gd0e8f0fecc3",
            "image_72": "https:\/\/secure.gravatar.com\/avatar\/d0e8f0fecc32edfce05d064e6fa966c6.jpg?s=72&d=https%3A%2F%2Fa.slack-edge.com%2Fdf10d%2Fimg%2Favatars%2Fava_0018-72.png",
            "first_name": "Sumit",
            "real_name": "Sumit Binnani",
            "display_name": "sbinnani",
            "team": "T86S8GHEG",
            "name": "sbinnani",
            "is_restricted": false,
            "is_ultra_restricted": false
        },
        "edited": {
            "user": "WBA213DH9",
            "ts": "1535751567.000000"
        },
        "thread_ts": "1535736585.000100",
        "parent_user_id": "W831QSCAK"
    },
    {
        "client_msg_id": "34a2b370-3bf5-4005-8c83-5af25680fc04",
        "type": "message",
        "text": "interesting",
        "user": "W831QSCAK",
        "ts": "1535751578.000100",
        "team": "T86S8GHEG",
        "user_team": "T86S8GHEG",
        "source_team": "T86S8GHEG",
        "user_profile": {
            "avatar_hash": "3125369172db",
            "image_72": "https:\/\/avatars.slack-edge.com\/2020-03-09\/989620483264_3125369172db64b56474_72.jpg",
            "first_name": "Xiao",
            "real_name": "Xiao Zhu",
            "display_name": "xzhu",
            "team": "T86S8GHEG",
            "name": "xzhu",
            "is_restricted": false,
            "is_ultra_restricted": false
        },
        "thread_ts": "1535736585.000100",
        "parent_user_id": "W831QSCAK"
    },
    {
        "client_msg_id": "bf6a13d3-5cc9-4d97-bbc1-58fa291e723d",
        "type": "message",
        "text": "Hi, if I want to run train my model on day 1 data first, and then on day 2, both in a hogwild manner, what is the recommended way? I tried directly running train_and_evaluate twice in my job and the second one gets `tensorflow.python.framework.errors_impl.UnknownError: Could not start gRPC server` with `{\"created\":\"@1535754733.269945221\",\"description\":\"No address added out of total 1 resolved\",\"file\":\"external\/grpc\/src\/core\/ext\/transport\/chttp2\/server\/chttp2_server.cc\",\"file_line\":307,\"referenced_errors\":[{\"created\":\"@1535754733.269939793\",\"description\":\"Failed to add any wildcard listeners\",\"file\":\"external\/grpc\/src\/core\/lib\/iomgr\/tcp_server_posix.cc\",\"file_line\":324,\"referenced_errors\":[{\"created\":\"@1535754733.269925979\",\"description\":\"Unable to configure socket\",\"fd\":122,\"file\":\"external\/grpc\/src\/core\/lib\/iomgr\/tcp_server_utils_posix_common.cc\",\"file_line\":214,\"referenced_errors\":[{\"created\":\"@1535754733.269912661\",\"description\":\"OS Error\",\"errno\":98,\"file\":\"external\/grpc\/src\/core\/lib\/iomgr\/tcp_server_utils_posix_common.cc\",\"file_line\":187,\"os_error\":\"Address already in use\",\"syscall\":\"bind\"}]},{\"created\":\"@1535754733.269939166\",\"description\":\"Unable to configure socket\",\"fd\":122,\"file\":\"external\/grpc\/src\/core\/lib\/iomgr\/tcp_server_utils_posix_common.cc\",\"file_line\":214,\"referenced_errors\":[{\"created\":\"@1535754733.269935471\",\"description\":\"OS Error\",\"errno\":98,\"file\":\"external\/grpc\/src\/core\/lib\/iomgr\/tcp_server_utils_posix_common.cc\",\"file_line\":187,\"os_error\":\"Address already in use\",\"syscall\":\"bind\"}]}]}]}`",
        "user": "W823KPUFP",
        "ts": "1535756682.000100",
        "team": "T86S8GHEG",
        "user_team": "T86S8GHEG",
        "source_team": "T86S8GHEG",
        "user_profile": {
            "avatar_hash": "g1d53a8af774",
            "image_72": "https:\/\/secure.gravatar.com\/avatar\/71d53a8af774578a2fbf6b522e2cc478.jpg?s=72&d=https%3A%2F%2Fa.slack-edge.com%2Fdf10d%2Fimg%2Favatars%2Fava_0011-72.png",
            "first_name": "Gary",
            "real_name": "Gary Zhang",
            "display_name": "zhijunz",
            "team": "T86S8GHEG",
            "name": "zhijunz",
            "is_restricted": false,
            "is_ultra_restricted": false
        },
        "thread_ts": "1535756682.000100",
        "reply_count": 3,
        "reply_users_count": 2,
        "latest_reply": "1535803168.000100",
        "reply_users": [
            "W81QKRYG3",
            "W823KPUFP"
        ],
        "replies": [
            {
                "user": "W81QKRYG3",
                "ts": "1535760702.000100"
            },
            {
                "user": "W823KPUFP",
                "ts": "1535761844.000100"
            },
            {
                "user": "W81QKRYG3",
                "ts": "1535803168.000100"
            }
        ],
        "subscribed": false
    },
    {
        "client_msg_id": "d400a56b-fef6-4510-b307-8893a911e2cd",
        "type": "message",
        "text": "Hi. I am trying to run tensorboard_cli and I am getting an error.",
        "user": "WLDEPF3SL",
        "ts": "1535758417.000100",
        "team": "T86S8GHEG",
        "user_team": "T86S8GHEG",
        "source_team": "T86S8GHEG",
        "user_profile": {
            "avatar_hash": "18278d0e6d20",
            "image_72": "https:\/\/avatars.slack-edge.com\/2018-11-20\/484532006468_18278d0e6d20c0d33c01_72.png",
            "first_name": "Min Hyung",
            "real_name": "Min Hyung Lee",
            "display_name": "minlee",
            "team": "T86S8GHEG",
            "name": "minlee",
            "is_restricted": false,
            "is_ultra_restricted": false
        }
    },
    {
        "client_msg_id": "e6908874-6237-4027-9e83-469ed2e90368",
        "type": "message",
        "text": "Command: src\/python\/twitter\/deepbird\/tools\/tensorboard_cli --role $USER --cluster smf1 --tensorboard_dir <hdfs:\/\/default\/smf1\/dw2\/user\/minlee\/email\/models\/EmailTweetCtr\/v8\/minlee-task_train_v7-84f425c> --uptime_minutes 100000",
        "user": "WLDEPF3SL",
        "ts": "1535758429.000200",
        "team": "T86S8GHEG",
        "user_team": "T86S8GHEG",
        "source_team": "T86S8GHEG",
        "user_profile": {
            "avatar_hash": "18278d0e6d20",
            "image_72": "https:\/\/avatars.slack-edge.com\/2018-11-20\/484532006468_18278d0e6d20c0d33c01_72.png",
            "first_name": "Min Hyung",
            "real_name": "Min Hyung Lee",
            "display_name": "minlee",
            "team": "T86S8GHEG",
            "name": "minlee",
            "is_restricted": false,
            "is_ultra_restricted": false
        }
    },
    {
        "client_msg_id": "f263a3ef-04f6-4767-b8c3-e89196d2d84d",
        "type": "message",
        "text": "Error: <http:\/\/smf1-eaj-11-sr1.prod.twitter.com:1338\/logs\/minlee-devel-minlee_tensorboard_service_-0-3bbf06ca-e4f3-4acd-804e-40c64251855f\/run_tensorboard\/0\/stderr>",
        "user": "WLDEPF3SL",
        "ts": "1535758436.000100",
        "team": "T86S8GHEG",
        "user_team": "T86S8GHEG",
        "source_team": "T86S8GHEG",
        "user_profile": {
            "avatar_hash": "18278d0e6d20",
            "image_72": "https:\/\/avatars.slack-edge.com\/2018-11-20\/484532006468_18278d0e6d20c0d33c01_72.png",
            "first_name": "Min Hyung",
            "real_name": "Min Hyung Lee",
            "display_name": "minlee",
            "team": "T86S8GHEG",
            "name": "minlee",
            "is_restricted": false,
            "is_ultra_restricted": false
        }
    },
    {
        "client_msg_id": "5fe9a644-fc61-4a14-b4aa-00c309630e0e",
        "type": "message",
        "text": "can you update the latest source master",
        "user": "W81SCSQ4U",
        "ts": "1535758462.000100",
        "team": "T86S8GHEG",
        "user_team": "T86S8GHEG",
        "source_team": "T86S8GHEG",
        "user_profile": {
            "avatar_hash": "8c2489bfe8d4",
            "image_72": "https:\/\/avatars.slack-edge.com\/2018-01-29\/306405819714_8c2489bfe8d4c9a4e911_72.jpg",
            "first_name": "Nicholas",
            "real_name": "Nicholas Leonard",
            "display_name": "nleonard",
            "team": "T86S8GHEG",
            "name": "nleonard",
            "is_restricted": false,
            "is_ultra_restricted": false
        }
    },
    {
        "client_msg_id": "245d8b24-a7c0-4634-95a8-c3c52f45a2cc",
        "type": "message",
        "text": "This should be fixed in latest",
        "user": "W81SCSQ4U",
        "ts": "1535758466.000100",
        "team": "T86S8GHEG",
        "user_team": "T86S8GHEG",
        "source_team": "T86S8GHEG",
        "user_profile": {
            "avatar_hash": "8c2489bfe8d4",
            "image_72": "https:\/\/avatars.slack-edge.com\/2018-01-29\/306405819714_8c2489bfe8d4c9a4e911_72.jpg",
            "first_name": "Nicholas",
            "real_name": "Nicholas Leonard",
            "display_name": "nleonard",
            "team": "T86S8GHEG",
            "name": "nleonard",
            "is_restricted": false,
            "is_ultra_restricted": false
        }
    },
    {
        "client_msg_id": "d15be9fd-94ec-40cc-9818-f73e3fad2e97",
        "type": "message",
        "text": "let me try that",
        "user": "WLDEPF3SL",
        "ts": "1535758471.000100",
        "team": "T86S8GHEG",
        "user_team": "T86S8GHEG",
        "source_team": "T86S8GHEG",
        "user_profile": {
            "avatar_hash": "18278d0e6d20",
            "image_72": "https:\/\/avatars.slack-edge.com\/2018-11-20\/484532006468_18278d0e6d20c0d33c01_72.png",
            "first_name": "Min Hyung",
            "real_name": "Min Hyung Lee",
            "display_name": "minlee",
            "team": "T86S8GHEG",
            "name": "minlee",
            "is_restricted": false,
            "is_ultra_restricted": false
        }
    },
    {
        "client_msg_id": "4b7dc8d8-e8d2-4701-bb60-d6ae4230326d",
        "type": "message",
        "text": "<@W81SCSQ4U> it’s still failing with the same error after pulling",
        "user": "WLDEPF3SL",
        "ts": "1535760624.000100",
        "team": "T86S8GHEG",
        "user_team": "T86S8GHEG",
        "source_team": "T86S8GHEG",
        "user_profile": {
            "avatar_hash": "18278d0e6d20",
            "image_72": "https:\/\/avatars.slack-edge.com\/2018-11-20\/484532006468_18278d0e6d20c0d33c01_72.png",
            "first_name": "Min Hyung",
            "real_name": "Min Hyung Lee",
            "display_name": "minlee",
            "team": "T86S8GHEG",
            "name": "minlee",
            "is_restricted": false,
            "is_ultra_restricted": false
        }
    },
    {
        "client_msg_id": "df153d6c-4afa-4651-bf75-3248246429c6",
        "type": "message",
        "text": "<http:\/\/smf1-ace-05-sr1.prod.twitter.com:1338\/logs\/minlee-devel-minlee_tensorboard_service_-0-505b82bc-32d0-46f2-9aca-150aa0bcfa30\/run_tensorboard\/0\/stderr>",
        "user": "WLDEPF3SL",
        "ts": "1535760628.000200",
        "team": "T86S8GHEG",
        "user_team": "T86S8GHEG",
        "source_team": "T86S8GHEG",
        "user_profile": {
            "avatar_hash": "18278d0e6d20",
            "image_72": "https:\/\/avatars.slack-edge.com\/2018-11-20\/484532006468_18278d0e6d20c0d33c01_72.png",
            "first_name": "Min Hyung",
            "real_name": "Min Hyung Lee",
            "display_name": "minlee",
            "team": "T86S8GHEG",
            "name": "minlee",
            "is_restricted": false,
            "is_ultra_restricted": false
        }
    },
    {
        "client_msg_id": "6D8A7EE4-7271-42BD-B7AB-40B8BE09232A",
        "type": "message",
        "text": "You can’t run two train_and_evaluate() in hogwild ",
        "user": "W81QKRYG3",
        "ts": "1535760702.000100",
        "team": "T86S8GHEG",
        "user_team": "T86S8GHEG",
        "source_team": "T86S8GHEG",
        "user_profile": {
            "avatar_hash": "fc37bdaad5b1",
            "image_72": "https:\/\/avatars.slack-edge.com\/2019-01-16\/525311341939_fc37bdaad5b1b4245612_72.jpg",
            "first_name": "Ruhua",
            "real_name": "Ruhua Jiang",
            "display_name": "ruhuaj",
            "team": "T86S8GHEG",
            "name": "ruhuaj",
            "is_restricted": false,
            "is_ultra_restricted": false
        },
        "thread_ts": "1535756682.000100",
        "parent_user_id": "W823KPUFP"
    },
    {
        "client_msg_id": "f5a86115-4b5f-41d6-8462-86217f4e3a2c",
        "type": "message",
        "text": "what does your build file look like?",
        "user": "W81SCSQ4U",
        "ts": "1535760907.000100",
        "team": "T86S8GHEG",
        "user_team": "T86S8GHEG",
        "source_team": "T86S8GHEG",
        "user_profile": {
            "avatar_hash": "8c2489bfe8d4",
            "image_72": "https:\/\/avatars.slack-edge.com\/2018-01-29\/306405819714_8c2489bfe8d4c9a4e911_72.jpg",
            "first_name": "Nicholas",
            "real_name": "Nicholas Leonard",
            "display_name": "nleonard",
            "team": "T86S8GHEG",
            "name": "nleonard",
            "is_restricted": false,
            "is_ultra_restricted": false
        }
    },
    {
        "client_msg_id": "fbec62fb-ea3a-4989-9b4a-3060e43cc5e2",
        "type": "message",
        "text": "python_binary(\n    name = “tensorboard_service”,\n    entry_point = “”,\n    dependencies = [\n        “twml”,\n    ],\n)",
        "user": "WLDEPF3SL",
        "ts": "1535761177.000100",
        "team": "T86S8GHEG",
        "user_team": "T86S8GHEG",
        "source_team": "T86S8GHEG",
        "user_profile": {
            "avatar_hash": "18278d0e6d20",
            "image_72": "https:\/\/avatars.slack-edge.com\/2018-11-20\/484532006468_18278d0e6d20c0d33c01_72.png",
            "first_name": "Min Hyung",
            "real_name": "Min Hyung Lee",
            "display_name": "minlee",
            "team": "T86S8GHEG",
            "name": "minlee",
            "is_restricted": false,
            "is_ultra_restricted": false
        }
    },
    {
        "client_msg_id": "b33ff063-83f4-4145-a2e9-9119587ea7d9",
        "type": "message",
        "text": "i was assuming the build file is src\/python\/twitter\/deepbird\/tools\/tensorboard_service\/BUILD",
        "user": "WLDEPF3SL",
        "ts": "1535761221.000100",
        "team": "T86S8GHEG",
        "user_team": "T86S8GHEG",
        "source_team": "T86S8GHEG",
        "user_profile": {
            "avatar_hash": "18278d0e6d20",
            "image_72": "https:\/\/avatars.slack-edge.com\/2018-11-20\/484532006468_18278d0e6d20c0d33c01_72.png",
            "first_name": "Min Hyung",
            "real_name": "Min Hyung Lee",
            "display_name": "minlee",
            "team": "T86S8GHEG",
            "name": "minlee",
            "is_restricted": false,
            "is_ultra_restricted": false
        }
    },
    {
        "client_msg_id": "d152c367-e0cc-45ba-aee0-c52d4c5f618c",
        "type": "message",
        "text": "Right, I can’t. So, what should I do if I want to train on one dataset first and then the other?",
        "user": "W823KPUFP",
        "ts": "1535761844.000100",
        "team": "T86S8GHEG",
        "user_team": "T86S8GHEG",
        "source_team": "T86S8GHEG",
        "user_profile": {
            "avatar_hash": "g1d53a8af774",
            "image_72": "https:\/\/secure.gravatar.com\/avatar\/71d53a8af774578a2fbf6b522e2cc478.jpg?s=72&d=https%3A%2F%2Fa.slack-edge.com%2Fdf10d%2Fimg%2Favatars%2Fava_0011-72.png",
            "first_name": "Gary",
            "real_name": "Gary Zhang",
            "display_name": "zhijunz",
            "team": "T86S8GHEG",
            "name": "zhijunz",
            "is_restricted": false,
            "is_ultra_restricted": false
        },
        "thread_ts": "1535756682.000100",
        "parent_user_id": "W823KPUFP"
    }
]