[
    {
        "client_msg_id": "923f3652-3190-45ca-9a81-ad16dcb31cba",
        "type": "message",
        "text": ":+1:",
        "user": "W820HUD4J",
        "ts": "1536830113.000100",
        "team": "T86S8GHEG",
        "user_team": "T86S8GHEG",
        "source_team": "T86S8GHEG",
        "user_profile": {
            "avatar_hash": "4d91a780639d",
            "image_72": "https:\/\/avatars.slack-edge.com\/2017-12-07\/283147672372_4d91a780639dc6eba90d_72.jpg",
            "first_name": "Wenzhe",
            "real_name": "Wenzhe Shi",
            "display_name": "wshi",
            "team": "T86S8GHEG",
            "name": "wshi",
            "is_restricted": false,
            "is_ultra_restricted": false
        },
        "thread_ts": "1536762111.000200",
        "parent_user_id": "W820HUD4J"
    },
    {
        "client_msg_id": "7b01bd4e-e6b0-4664-89da-589e0c8f54f2",
        "type": "message",
        "text": "docstring for FullDense seems a bit unfinished business:\n```\n  Densely-connected layer class. This is just\n  This layer implements the operation:\n```",
        "user": "W818XSLV7",
        "ts": "1536836038.000100",
        "team": "T86S8GHEG",
        "user_team": "T86S8GHEG",
        "source_team": "T86S8GHEG",
        "user_profile": {
            "avatar_hash": "a47d3a213457",
            "image_72": "https:\/\/avatars.slack-edge.com\/2018-01-17\/300559006965_a47d3a2134571ddc0c6d_72.jpg",
            "first_name": "Ferenc",
            "real_name": "Ferenc Huszar",
            "display_name": "fhuszar",
            "team": "T86S8GHEG",
            "name": "fhuszar",
            "is_restricted": false,
            "is_ultra_restricted": false
        },
        "thread_ts": "1536836038.000100",
        "reply_count": 2,
        "reply_users_count": 2,
        "latest_reply": "1536854267.000100",
        "reply_users": [
            "WLDEPL9C0",
            "W818XSLV7"
        ],
        "replies": [
            {
                "user": "WLDEPL9C0",
                "ts": "1536853950.000100"
            },
            {
                "user": "W818XSLV7",
                "ts": "1536854267.000100"
            }
        ],
        "subscribed": false
    },
    {
        "client_msg_id": "ECA7D09F-6654-4CF2-AA48-2B272482FD94",
        "type": "message",
        "text": "At least it's not unjust",
        "user": "WAX2RDTGB",
        "ts": "1536839164.000100",
        "team": "T86S8GHEG",
        "user_team": "T86S8GHEG",
        "source_team": "T86S8GHEG",
        "user_profile": {
            "avatar_hash": "d652be5f2d9e",
            "image_72": "https:\/\/avatars.slack-edge.com\/2019-11-25\/848747792581_d652be5f2d9e91c30d3b_72.png",
            "first_name": "Andrew",
            "real_name": "Andrew Bean",
            "display_name": "abean",
            "team": "T86S8GHEG",
            "name": "abean",
            "is_restricted": false,
            "is_ultra_restricted": false
        },
        "reactions": [
            {
                "name": "+1",
                "users": [
                    "W818XSLV7",
                    "W8MSTHA74",
                    "WLDEPL9C0"
                ],
                "count": 3
            }
        ]
    },
    {
        "client_msg_id": "72309b1f-7055-4603-addf-f6e8765cef4c",
        "type": "message",
        "text": "Thank you for the feedback. Submitted a quick fix: <https:\/\/phabricator.twitter.biz\/D214634>",
        "user": "WLDEPL9C0",
        "ts": "1536853950.000100",
        "team": "T86S8GHEG",
        "user_team": "T86S8GHEG",
        "source_team": "T86S8GHEG",
        "user_profile": {
            "avatar_hash": "cf7cd52b84b2",
            "image_72": "https:\/\/avatars.slack-edge.com\/2018-01-25\/305832776663_cf7cd52b84b2e42f2f97_72.png",
            "first_name": "Cibele",
            "real_name": "Cibele Halasz",
            "display_name": "cmontezhalasz",
            "team": "T86S8GHEG",
            "name": "cmontezhalasz",
            "is_restricted": false,
            "is_ultra_restricted": false
        },
        "thread_ts": "1536836038.000100",
        "parent_user_id": "W818XSLV7"
    },
    {
        "client_msg_id": "def9d32a-2228-4a9f-bd41-46ca9acd61e9",
        "type": "message",
        "text": "Thanks!",
        "user": "W818XSLV7",
        "ts": "1536854267.000100",
        "team": "T86S8GHEG",
        "user_team": "T86S8GHEG",
        "source_team": "T86S8GHEG",
        "user_profile": {
            "avatar_hash": "a47d3a213457",
            "image_72": "https:\/\/avatars.slack-edge.com\/2018-01-17\/300559006965_a47d3a2134571ddc0c6d_72.jpg",
            "first_name": "Ferenc",
            "real_name": "Ferenc Huszar",
            "display_name": "fhuszar",
            "team": "T86S8GHEG",
            "name": "fhuszar",
            "is_restricted": false,
            "is_ultra_restricted": false
        },
        "thread_ts": "1536836038.000100",
        "parent_user_id": "W818XSLV7"
    },
    {
        "client_msg_id": "8527b536-5ece-4de6-8d62-95447989a8aa",
        "type": "message",
        "text": "i’m trying to use `twml_cli` to launch a `tensorflow`-only lightweight training example on mesos…regardless of how many cpus i specify the job eats up all of them and is almost immediately throttled. Anyone ever run in to this?",
        "user": "WLFA90T9D",
        "ts": "1536863425.000100",
        "team": "T86S8GHEG",
        "user_team": "T86S8GHEG",
        "source_team": "T86S8GHEG",
        "user_profile": {
            "avatar_hash": "5c0688012147",
            "image_72": "https:\/\/avatars.slack-edge.com\/2018-10-15\/455870475024_5c0688012147d5b2fed8_72.jpg",
            "first_name": "Chris",
            "real_name": "Chris Green",
            "display_name": "cgreen",
            "team": "T86S8GHEG",
            "name": "cgreen",
            "is_restricted": false,
            "is_ultra_restricted": false
        }
    },
    {
        "client_msg_id": "8dd95613-d969-45c8-bce1-e212663939de",
        "type": "message",
        "text": "do you have a link to the job?",
        "user": "WL22PDE1G",
        "ts": "1536863505.000100",
        "team": "T86S8GHEG",
        "user_team": "T86S8GHEG",
        "source_team": "T86S8GHEG",
        "user_profile": {
            "avatar_hash": "ga18fa06b2f1",
            "image_72": "https:\/\/secure.gravatar.com\/avatar\/da18fa06b2f1a94e07b5a34db81e8552.jpg?s=72&d=https%3A%2F%2Fa.slack-edge.com%2Fdf10d%2Fimg%2Favatars%2Fava_0019-72.png",
            "first_name": "Ricardo",
            "real_name": "Ricardo Cervera-Navarro",
            "display_name": "rcerveranavarro",
            "team": "T86S8GHEG",
            "name": "rcerveranavarro",
            "is_restricted": false,
            "is_ultra_restricted": false
        }
    },
    {
        "client_msg_id": "2eb0f9b1-97f9-46e9-94f2-d6856ec5212c",
        "type": "message",
        "text": "<https:\/\/aurora-smf1.twitter.biz\/scheduler\/cgreen\/devel\/cgreen_imdb_tf_estimator?jobView=status>",
        "user": "WLFA90T9D",
        "ts": "1536863521.000200",
        "team": "T86S8GHEG",
        "user_team": "T86S8GHEG",
        "source_team": "T86S8GHEG",
        "user_profile": {
            "avatar_hash": "5c0688012147",
            "image_72": "https:\/\/avatars.slack-edge.com\/2018-10-15\/455870475024_5c0688012147d5b2fed8_72.jpg",
            "first_name": "Chris",
            "real_name": "Chris Green",
            "display_name": "cgreen",
            "team": "T86S8GHEG",
            "name": "cgreen",
            "is_restricted": false,
            "is_ultra_restricted": false
        }
    },
    {
        "client_msg_id": "41bcecec-8795-4d6d-8f30-c5702524eee3",
        "type": "message",
        "text": "it seems like it is working, right?\n<https:\/\/aurora-smf1.twitter.biz\/scheduler\/cgreen\/devel\/cgreen_imdb_tf_estimator?jobView=history>\n<http:\/\/smf1-dra-17-sr1.prod.twitter.com:1338\/logs\/cgreen-devel-cgreen_imdb_tf_estimator-0-a08fe3d3-e4a5-43c9-9cc8-41125b96d509\/train\/0\/stderr>",
        "user": "WL22PDE1G",
        "ts": "1536863596.000100",
        "team": "T86S8GHEG",
        "user_team": "T86S8GHEG",
        "source_team": "T86S8GHEG",
        "user_profile": {
            "avatar_hash": "ga18fa06b2f1",
            "image_72": "https:\/\/secure.gravatar.com\/avatar\/da18fa06b2f1a94e07b5a34db81e8552.jpg?s=72&d=https%3A%2F%2Fa.slack-edge.com%2Fdf10d%2Fimg%2Favatars%2Fava_0019-72.png",
            "first_name": "Ricardo",
            "real_name": "Ricardo Cervera-Navarro",
            "display_name": "rcerveranavarro",
            "team": "T86S8GHEG",
            "name": "rcerveranavarro",
            "is_restricted": false,
            "is_ultra_restricted": false
        }
    },
    {
        "client_msg_id": "ea632255-dce9-4c45-b18a-4009b8bef7ec",
        "type": "message",
        "text": "<https:\/\/observe.twitter.biz\/viz\/dashboards\/mesos-container-stats?zone=smf1#tracker=false&amp;visible_zones%5B%5D=smf1&amp;cuckooshrike=&amp;chunky=&amp;nully=false&amp;filled=false&amp;stack=false&amp;scale=linear&amp;outliers=false&amp;boxPlot=&amp;time_granularity=60&amp;time_span=hours-2&amp;query=&amp;y=&amp;has_marker=false&amp;source=sd.cgreen.devel.cgreen_imdb_tf_estimator&amp;templateVars%5Bsource%5D=sd.cgreen.devel.cgreen_imdb_tf_estimator&amp;hidden=&amp;edit=false>",
        "user": "WLFA90T9D",
        "ts": "1536863615.000200",
        "team": "T86S8GHEG",
        "user_team": "T86S8GHEG",
        "source_team": "T86S8GHEG",
        "user_profile": {
            "avatar_hash": "5c0688012147",
            "image_72": "https:\/\/avatars.slack-edge.com\/2018-10-15\/455870475024_5c0688012147d5b2fed8_72.jpg",
            "first_name": "Chris",
            "real_name": "Chris Green",
            "display_name": "cgreen",
            "team": "T86S8GHEG",
            "name": "cgreen",
            "is_restricted": false,
            "is_ultra_restricted": false
        }
    },
    {
        "client_msg_id": "88d7b2be-5296-4746-a4fc-e4504c423364",
        "type": "message",
        "text": "look at Total CPU",
        "user": "WLFA90T9D",
        "ts": "1536863621.000100",
        "team": "T86S8GHEG",
        "user_team": "T86S8GHEG",
        "source_team": "T86S8GHEG",
        "user_profile": {
            "avatar_hash": "5c0688012147",
            "image_72": "https:\/\/avatars.slack-edge.com\/2018-10-15\/455870475024_5c0688012147d5b2fed8_72.jpg",
            "first_name": "Chris",
            "real_name": "Chris Green",
            "display_name": "cgreen",
            "team": "T86S8GHEG",
            "name": "cgreen",
            "is_restricted": false,
            "is_ultra_restricted": false
        }
    },
    {
        "client_msg_id": "49d029ed-5d0e-4736-afda-bf54bf6a22d7",
        "type": "message",
        "text": "training takes 10 seconds on my laptop",
        "user": "WLFA90T9D",
        "ts": "1536863646.000100",
        "team": "T86S8GHEG",
        "user_team": "T86S8GHEG",
        "source_team": "T86S8GHEG",
        "user_profile": {
            "avatar_hash": "5c0688012147",
            "image_72": "https:\/\/avatars.slack-edge.com\/2018-10-15\/455870475024_5c0688012147d5b2fed8_72.jpg",
            "first_name": "Chris",
            "real_name": "Chris Green",
            "display_name": "cgreen",
            "team": "T86S8GHEG",
            "name": "cgreen",
            "is_restricted": false,
            "is_ultra_restricted": false
        }
    },
    {
        "client_msg_id": "39eb24dd-6441-4ded-bff7-372b6f0cc363",
        "type": "message",
        "text": "if you're not using twml\/deepbird, i think setting OMP_NUM_THREADS to 1 will make a difference",
        "user": "WL22PDE1G",
        "ts": "1536863700.000100",
        "team": "T86S8GHEG",
        "user_team": "T86S8GHEG",
        "source_team": "T86S8GHEG",
        "user_profile": {
            "avatar_hash": "ga18fa06b2f1",
            "image_72": "https:\/\/secure.gravatar.com\/avatar\/da18fa06b2f1a94e07b5a34db81e8552.jpg?s=72&d=https%3A%2F%2Fa.slack-edge.com%2Fdf10d%2Fimg%2Favatars%2Fava_0019-72.png",
            "first_name": "Ricardo",
            "real_name": "Ricardo Cervera-Navarro",
            "display_name": "rcerveranavarro",
            "team": "T86S8GHEG",
            "name": "rcerveranavarro",
            "is_restricted": false,
            "is_ultra_restricted": false
        }
    },
    {
        "client_msg_id": "53abbfc0-78d8-4b01-b701-491effa951d9",
        "type": "message",
        "text": "(twml python code sets that)",
        "user": "WL22PDE1G",
        "ts": "1536863716.000100",
        "team": "T86S8GHEG",
        "user_team": "T86S8GHEG",
        "source_team": "T86S8GHEG",
        "user_profile": {
            "avatar_hash": "ga18fa06b2f1",
            "image_72": "https:\/\/secure.gravatar.com\/avatar\/da18fa06b2f1a94e07b5a34db81e8552.jpg?s=72&d=https%3A%2F%2Fa.slack-edge.com%2Fdf10d%2Fimg%2Favatars%2Fava_0019-72.png",
            "first_name": "Ricardo",
            "real_name": "Ricardo Cervera-Navarro",
            "display_name": "rcerveranavarro",
            "team": "T86S8GHEG",
            "name": "rcerveranavarro",
            "is_restricted": false,
            "is_ultra_restricted": false
        }
    },
    {
        "client_msg_id": "a04a0f22-3bb4-46e0-9149-217618d1e5eb",
        "type": "message",
        "text": "where can i set that?",
        "user": "WLFA90T9D",
        "ts": "1536863734.000100",
        "team": "T86S8GHEG",
        "user_team": "T86S8GHEG",
        "source_team": "T86S8GHEG",
        "user_profile": {
            "avatar_hash": "5c0688012147",
            "image_72": "https:\/\/avatars.slack-edge.com\/2018-10-15\/455870475024_5c0688012147d5b2fed8_72.jpg",
            "first_name": "Chris",
            "real_name": "Chris Green",
            "display_name": "cgreen",
            "team": "T86S8GHEG",
            "name": "cgreen",
            "is_restricted": false,
            "is_ultra_restricted": false
        }
    },
    {
        "client_msg_id": "bc83edc7-bfb8-47ea-8951-065e78ce7e16",
        "type": "message",
        "text": "in the aurora file that twml_cli uses, one sec",
        "user": "WL22PDE1G",
        "ts": "1536863744.000100",
        "team": "T86S8GHEG",
        "user_team": "T86S8GHEG",
        "source_team": "T86S8GHEG",
        "user_profile": {
            "avatar_hash": "ga18fa06b2f1",
            "image_72": "https:\/\/secure.gravatar.com\/avatar\/da18fa06b2f1a94e07b5a34db81e8552.jpg?s=72&d=https%3A%2F%2Fa.slack-edge.com%2Fdf10d%2Fimg%2Favatars%2Fava_0019-72.png",
            "first_name": "Ricardo",
            "real_name": "Ricardo Cervera-Navarro",
            "display_name": "rcerveranavarro",
            "team": "T86S8GHEG",
            "name": "rcerveranavarro",
            "is_restricted": false,
            "is_ultra_restricted": false
        }
    },
    {
        "client_msg_id": "955d62eb-0cbd-4502-8457-950b4f35c6ed",
        "type": "message",
        "text": "found it in twml\/__init__.py",
        "user": "WLFA90T9D",
        "ts": "1536863865.000100",
        "team": "T86S8GHEG",
        "user_team": "T86S8GHEG",
        "source_team": "T86S8GHEG",
        "user_profile": {
            "avatar_hash": "5c0688012147",
            "image_72": "https:\/\/avatars.slack-edge.com\/2018-10-15\/455870475024_5c0688012147d5b2fed8_72.jpg",
            "first_name": "Chris",
            "real_name": "Chris Green",
            "display_name": "cgreen",
            "team": "T86S8GHEG",
            "name": "cgreen",
            "is_restricted": false,
            "is_ultra_restricted": false
        }
    },
    {
        "client_msg_id": "e0ba3739-5bf3-4250-9b4c-41a79e2f6022",
        "type": "message",
        "text": "most likely here: <https:\/\/cgit.twitter.biz\/source\/tree\/src\/python\/twitter\/deepbird\/tools\/templates\/train.aurora#n95>",
        "user": "WL22PDE1G",
        "ts": "1536863881.000100",
        "team": "T86S8GHEG",
        "user_team": "T86S8GHEG",
        "source_team": "T86S8GHEG",
        "user_profile": {
            "avatar_hash": "ga18fa06b2f1",
            "image_72": "https:\/\/secure.gravatar.com\/avatar\/da18fa06b2f1a94e07b5a34db81e8552.jpg?s=72&d=https%3A%2F%2Fa.slack-edge.com%2Fdf10d%2Fimg%2Favatars%2Fava_0019-72.png",
            "first_name": "Ricardo",
            "real_name": "Ricardo Cervera-Navarro",
            "display_name": "rcerveranavarro",
            "team": "T86S8GHEG",
            "name": "rcerveranavarro",
            "is_restricted": false,
            "is_ultra_restricted": false
        }
    },
    {
        "client_msg_id": "9e29bc65-5921-4efa-96b8-f94a50c0e200",
        "type": "message",
        "text": "export OMP_NUM_THREADS=1",
        "user": "WL22PDE1G",
        "ts": "1536863890.000100",
        "team": "T86S8GHEG",
        "user_team": "T86S8GHEG",
        "source_team": "T86S8GHEG",
        "user_profile": {
            "avatar_hash": "ga18fa06b2f1",
            "image_72": "https:\/\/secure.gravatar.com\/avatar\/da18fa06b2f1a94e07b5a34db81e8552.jpg?s=72&d=https%3A%2F%2Fa.slack-edge.com%2Fdf10d%2Fimg%2Favatars%2Fava_0019-72.png",
            "first_name": "Ricardo",
            "real_name": "Ricardo Cervera-Navarro",
            "display_name": "rcerveranavarro",
            "team": "T86S8GHEG",
            "name": "rcerveranavarro",
            "is_restricted": false,
            "is_ultra_restricted": false
        }
    },
    {
        "client_msg_id": "6ae55f2e-6960-4f1c-bfdf-b5cc9a3ccc86",
        "type": "message",
        "text": "I added:\n```\nif 'OMP_NUM_THREADS' not in os.environ:\n  os.environ[\"OMP_NUM_THREADS\"] = '1'\n```\nto my main script",
        "user": "WLFA90T9D",
        "ts": "1536864138.000100",
        "team": "T86S8GHEG",
        "user_team": "T86S8GHEG",
        "source_team": "T86S8GHEG",
        "user_profile": {
            "avatar_hash": "5c0688012147",
            "image_72": "https:\/\/avatars.slack-edge.com\/2018-10-15\/455870475024_5c0688012147d5b2fed8_72.jpg",
            "first_name": "Chris",
            "real_name": "Chris Green",
            "display_name": "cgreen",
            "team": "T86S8GHEG",
            "name": "cgreen",
            "is_restricted": false,
            "is_ultra_restricted": false
        }
    },
    {
        "client_msg_id": "f1c1f3f7-8e6c-4055-a59d-cacebe04fa01",
        "type": "message",
        "text": "fixed it..thanks <@WL22PDE1G>",
        "user": "WLFA90T9D",
        "ts": "1536864150.000100",
        "team": "T86S8GHEG",
        "user_team": "T86S8GHEG",
        "source_team": "T86S8GHEG",
        "user_profile": {
            "avatar_hash": "5c0688012147",
            "image_72": "https:\/\/avatars.slack-edge.com\/2018-10-15\/455870475024_5c0688012147d5b2fed8_72.jpg",
            "first_name": "Chris",
            "real_name": "Chris Green",
            "display_name": "cgreen",
            "team": "T86S8GHEG",
            "name": "cgreen",
            "is_restricted": false,
            "is_ultra_restricted": false
        }
    },
    {
        "client_msg_id": "abdc7833-c249-43b6-ae06-9d07ea44cdf0",
        "type": "message",
        "text": "did it make a difference? just curious",
        "user": "WL22PDE1G",
        "ts": "1536864166.000100",
        "team": "T86S8GHEG",
        "user_team": "T86S8GHEG",
        "source_team": "T86S8GHEG",
        "user_profile": {
            "avatar_hash": "ga18fa06b2f1",
            "image_72": "https:\/\/secure.gravatar.com\/avatar\/da18fa06b2f1a94e07b5a34db81e8552.jpg?s=72&d=https%3A%2F%2Fa.slack-edge.com%2Fdf10d%2Fimg%2Favatars%2Fava_0019-72.png",
            "first_name": "Ricardo",
            "real_name": "Ricardo Cervera-Navarro",
            "display_name": "rcerveranavarro",
            "team": "T86S8GHEG",
            "name": "rcerveranavarro",
            "is_restricted": false,
            "is_ultra_restricted": false
        },
        "thread_ts": "1536864166.000100",
        "reply_count": 1,
        "reply_users_count": 1,
        "latest_reply": "1536864264.000100",
        "reply_users": [
            "WLFA90T9D"
        ],
        "replies": [
            {
                "user": "WLFA90T9D",
                "ts": "1536864264.000100"
            }
        ],
        "subscribed": false
    },
    {
        "client_msg_id": "fc1457a5-ca74-4382-8396-cc242f480741",
        "type": "message",
        "text": "<@WLFA90T9D> you need to have it before you import tensorflow",
        "user": "W81BJEAGZ",
        "ts": "1536864177.000200",
        "team": "T86S8GHEG",
        "user_team": "T86S8GHEG",
        "source_team": "T86S8GHEG",
        "user_profile": {
            "avatar_hash": "45f9fa184373",
            "image_72": "https:\/\/avatars.slack-edge.com\/2019-04-25\/620857384023_45f9fa184373c2c504f5_72.jpg",
            "first_name": "Pavan",
            "real_name": "Pavan Yalamanchili",
            "display_name": "pyalamanchili",
            "team": "T86S8GHEG",
            "name": "pyalamanchili",
            "is_restricted": false,
            "is_ultra_restricted": false
        }
    },
    {
        "client_msg_id": "c7fdaca7-5784-4197-ba54-780cffff2f75",
        "type": "message",
        "text": "it actually worked after",
        "user": "WLFA90T9D",
        "ts": "1536864190.000100",
        "team": "T86S8GHEG",
        "user_team": "T86S8GHEG",
        "source_team": "T86S8GHEG",
        "user_profile": {
            "avatar_hash": "5c0688012147",
            "image_72": "https:\/\/avatars.slack-edge.com\/2018-10-15\/455870475024_5c0688012147d5b2fed8_72.jpg",
            "first_name": "Chris",
            "real_name": "Chris Green",
            "display_name": "cgreen",
            "team": "T86S8GHEG",
            "name": "cgreen",
            "is_restricted": false,
            "is_ultra_restricted": false
        }
    },
    {
        "client_msg_id": "c4aa2d9c-ed9c-4720-ae5f-5059914a2109",
        "type": "message",
        "text": "ok",
        "user": "W81BJEAGZ",
        "ts": "1536864196.000100",
        "team": "T86S8GHEG",
        "user_team": "T86S8GHEG",
        "source_team": "T86S8GHEG",
        "user_profile": {
            "avatar_hash": "45f9fa184373",
            "image_72": "https:\/\/avatars.slack-edge.com\/2019-04-25\/620857384023_45f9fa184373c2c504f5_72.jpg",
            "first_name": "Pavan",
            "real_name": "Pavan Yalamanchili",
            "display_name": "pyalamanchili",
            "team": "T86S8GHEG",
            "name": "pyalamanchili",
            "is_restricted": false,
            "is_ultra_restricted": false
        }
    },
    {
        "type": "message",
        "text": "",
        "files": [
            {
                "id": "FCU750U7R",
                "created": 1536864201,
                "timestamp": 1536864201,
                "name": "-.txt",
                "title": "Untitled",
                "mimetype": "text\/plain",
                "filetype": "text",
                "pretty_type": "Plain Text",
                "user": "WLFA90T9D",
                "editable": true,
                "size": 165,
                "mode": "snippet",
                "is_external": false,
                "external_type": "",
                "is_public": true,
                "public_url_shared": false,
                "display_as_bot": false,
                "username": "",
                "url_private": "https:\/\/files.slack.com\/files-pri\/T7U3XVBLP-FCU750U7R\/-.txt?t=xoxe-278892561492-1005149783089-1017423836678-e1e14aa1789ddce7f4decc622097bda8",
                "url_private_download": "https:\/\/files.slack.com\/files-pri\/T7U3XVBLP-FCU750U7R\/download\/-.txt?t=xoxe-278892561492-1005149783089-1017423836678-e1e14aa1789ddce7f4decc622097bda8",
                "permalink": "https:\/\/twitter.enterprise.slack.com\/files\/WLFA90T9D\/FCU750U7R\/-.txt",
                "permalink_public": "https:\/\/slack-files.com\/T7U3XVBLP-FCU750U7R-1aa1294110",
                "edit_link": "https:\/\/twitter.enterprise.slack.com\/files\/WLFA90T9D\/FCU750U7R\/-.txt\/edit",
                "is_starred": false,
                "has_rich_preview": false
            }
        ],
        "upload": true,
        "user": "WLFA90T9D",
        "display_as_bot": false,
        "ts": "1536864202.000100"
    },
    {
        "client_msg_id": "d32594cd-0895-48ba-841b-c62242c105cb",
        "type": "message",
        "text": "if it works it works :confused:",
        "user": "W81BJEAGZ",
        "ts": "1536864203.000100",
        "team": "T86S8GHEG",
        "user_team": "T86S8GHEG",
        "source_team": "T86S8GHEG",
        "user_profile": {
            "avatar_hash": "45f9fa184373",
            "image_72": "https:\/\/avatars.slack-edge.com\/2019-04-25\/620857384023_45f9fa184373c2c504f5_72.jpg",
            "first_name": "Pavan",
            "real_name": "Pavan Yalamanchili",
            "display_name": "pyalamanchili",
            "team": "T86S8GHEG",
            "name": "pyalamanchili",
            "is_restricted": false,
            "is_ultra_restricted": false
        }
    },
    {
        "client_msg_id": "49439b88-c1be-4bba-ac92-14e5cdabf342",
        "type": "message",
        "text": "<https:\/\/cgit.twitter.biz\/source\/tree\/twml\/twml\/__init__.py>",
        "user": "WLFA90T9D",
        "ts": "1536864214.000200",
        "team": "T86S8GHEG",
        "user_team": "T86S8GHEG",
        "source_team": "T86S8GHEG",
        "user_profile": {
            "avatar_hash": "5c0688012147",
            "image_72": "https:\/\/avatars.slack-edge.com\/2018-10-15\/455870475024_5c0688012147d5b2fed8_72.jpg",
            "first_name": "Chris",
            "real_name": "Chris Green",
            "display_name": "cgreen",
            "team": "T86S8GHEG",
            "name": "cgreen",
            "is_restricted": false,
            "is_ultra_restricted": false
        }
    },
    {
        "client_msg_id": "c3b7b1b1-b303-408c-97ea-4d952c9ceb61",
        "type": "message",
        "text": "even if you dont use twml, you can simply import it :stuck_out_tongue:",
        "user": "W81BJEAGZ",
        "ts": "1536864217.000100",
        "team": "T86S8GHEG",
        "user_team": "T86S8GHEG",
        "source_team": "T86S8GHEG",
        "user_profile": {
            "avatar_hash": "45f9fa184373",
            "image_72": "https:\/\/avatars.slack-edge.com\/2019-04-25\/620857384023_45f9fa184373c2c504f5_72.jpg",
            "first_name": "Pavan",
            "real_name": "Pavan Yalamanchili",
            "display_name": "pyalamanchili",
            "team": "T86S8GHEG",
            "name": "pyalamanchili",
            "is_restricted": false,
            "is_ultra_restricted": false
        },
        "reactions": [
            {
                "name": "+1",
                "users": [
                    "WLFA90T9D"
                ],
                "count": 1
            }
        ]
    },
    {
        "client_msg_id": "e6fdfcb9-3553-431f-b872-90d2d5e01efb",
        "type": "message",
        "text": "it’s after there too ^^",
        "user": "WLFA90T9D",
        "ts": "1536864221.000100",
        "team": "T86S8GHEG",
        "user_team": "T86S8GHEG",
        "source_team": "T86S8GHEG",
        "user_profile": {
            "avatar_hash": "5c0688012147",
            "image_72": "https:\/\/avatars.slack-edge.com\/2018-10-15\/455870475024_5c0688012147d5b2fed8_72.jpg",
            "first_name": "Chris",
            "real_name": "Chris Green",
            "display_name": "cgreen",
            "team": "T86S8GHEG",
            "name": "cgreen",
            "is_restricted": false,
            "is_ultra_restricted": false
        }
    },
    {
        "client_msg_id": "d37366d0-2244-4269-97fc-191cb19df0a2",
        "type": "message",
        "text": "that way you dont have to deal with this",
        "user": "W81BJEAGZ",
        "ts": "1536864224.000100",
        "team": "T86S8GHEG",
        "user_team": "T86S8GHEG",
        "source_team": "T86S8GHEG",
        "user_profile": {
            "avatar_hash": "45f9fa184373",
            "image_72": "https:\/\/avatars.slack-edge.com\/2019-04-25\/620857384023_45f9fa184373c2c504f5_72.jpg",
            "first_name": "Pavan",
            "real_name": "Pavan Yalamanchili",
            "display_name": "pyalamanchili",
            "team": "T86S8GHEG",
            "name": "pyalamanchili",
            "is_restricted": false,
            "is_ultra_restricted": false
        }
    },
    {
        "client_msg_id": "6f1e24a4-e73f-446d-b638-bd8b57e6514a",
        "type": "message",
        "text": "huge difference",
        "user": "WLFA90T9D",
        "ts": "1536864264.000100",
        "team": "T86S8GHEG",
        "user_team": "T86S8GHEG",
        "source_team": "T86S8GHEG",
        "user_profile": {
            "avatar_hash": "5c0688012147",
            "image_72": "https:\/\/avatars.slack-edge.com\/2018-10-15\/455870475024_5c0688012147d5b2fed8_72.jpg",
            "first_name": "Chris",
            "real_name": "Chris Green",
            "display_name": "cgreen",
            "team": "T86S8GHEG",
            "name": "cgreen",
            "is_restricted": false,
            "is_ultra_restricted": false
        },
        "thread_ts": "1536864166.000100",
        "parent_user_id": "WL22PDE1G",
        "reactions": [
            {
                "name": "+1",
                "users": [
                    "WL22PDE1G"
                ],
                "count": 1
            }
        ]
    },
    {
        "client_msg_id": "a546e78e-7701-48e9-9608-4a5009450220",
        "type": "message",
        "text": "Hi team, I found when I use hogwild to train, even if the job has been done (training process done, model exported), the chief node won't stop and running forever. so I have to manually kill the job before I start a new job. here is an example `<http:\/\/smf1-dzs-11-sr1.prod.twitter.com:1338\/task\/lix-devel-lix_abuse_qf_cpu_mdl_try6_prelu_hogwild-0-82c39599-1d08-4a57-ab57-6ea6693251ee>` anything I didn't config right? does anyone see this too? Thanks!",
        "user": "W811HTW8Y",
        "ts": "1536870924.000100",
        "team": "T86S8GHEG",
        "user_team": "T86S8GHEG",
        "source_team": "T86S8GHEG",
        "user_profile": {
            "avatar_hash": "b587db66c76d",
            "image_72": "https:\/\/avatars.slack-edge.com\/2019-05-31\/640931954786_b587db66c76d9b0a2e4c_72.jpg",
            "first_name": "Li",
            "real_name": "Li Xu",
            "display_name": "lix",
            "team": "T86S8GHEG",
            "name": "lix",
            "is_restricted": false,
            "is_ultra_restricted": false
        }
    },
    {
        "client_msg_id": "e05d6b9d-71db-4b14-a78b-f524459c4e61",
        "type": "message",
        "text": "<@W811HTW8Y> we have a ticket open for this",
        "user": "WLDEPL9C0",
        "ts": "1536871329.000100",
        "team": "T86S8GHEG",
        "user_team": "T86S8GHEG",
        "source_team": "T86S8GHEG",
        "user_profile": {
            "avatar_hash": "cf7cd52b84b2",
            "image_72": "https:\/\/avatars.slack-edge.com\/2018-01-25\/305832776663_cf7cd52b84b2e42f2f97_72.png",
            "first_name": "Cibele",
            "real_name": "Cibele Halasz",
            "display_name": "cmontezhalasz",
            "team": "T86S8GHEG",
            "name": "cmontezhalasz",
            "is_restricted": false,
            "is_ultra_restricted": false
        }
    },
    {
        "client_msg_id": "cc55942f-ab8a-4318-a761-2a5ea742563a",
        "type": "message",
        "text": "CX-11340",
        "user": "WLDEPL9C0",
        "ts": "1536871346.000200",
        "team": "T86S8GHEG",
        "user_team": "T86S8GHEG",
        "source_team": "T86S8GHEG",
        "user_profile": {
            "avatar_hash": "cf7cd52b84b2",
            "image_72": "https:\/\/avatars.slack-edge.com\/2018-01-25\/305832776663_cf7cd52b84b2e42f2f97_72.png",
            "first_name": "Cibele",
            "real_name": "Cibele Halasz",
            "display_name": "cmontezhalasz",
            "team": "T86S8GHEG",
            "name": "cmontezhalasz",
            "is_restricted": false,
            "is_ultra_restricted": false
        }
    },
    {
        "client_msg_id": "1aa883b5-af04-46f1-8f42-5635aff9061c",
        "type": "message",
        "text": "added you as a watcher :slightly_smiling_face:",
        "user": "WLDEPL9C0",
        "ts": "1536871365.000100",
        "team": "T86S8GHEG",
        "user_team": "T86S8GHEG",
        "source_team": "T86S8GHEG",
        "user_profile": {
            "avatar_hash": "cf7cd52b84b2",
            "image_72": "https:\/\/avatars.slack-edge.com\/2018-01-25\/305832776663_cf7cd52b84b2e42f2f97_72.png",
            "first_name": "Cibele",
            "real_name": "Cibele Halasz",
            "display_name": "cmontezhalasz",
            "team": "T86S8GHEG",
            "name": "cmontezhalasz",
            "is_restricted": false,
            "is_ultra_restricted": false
        }
    },
    {
        "client_msg_id": "e8db1ce3-95d9-4ced-9689-a2192194474d",
        "type": "message",
        "text": "gotcha, thanks!",
        "user": "W811HTW8Y",
        "ts": "1536871405.000100",
        "team": "T86S8GHEG",
        "user_team": "T86S8GHEG",
        "source_team": "T86S8GHEG",
        "user_profile": {
            "avatar_hash": "b587db66c76d",
            "image_72": "https:\/\/avatars.slack-edge.com\/2019-05-31\/640931954786_b587db66c76d9b0a2e4c_72.jpg",
            "first_name": "Li",
            "real_name": "Li Xu",
            "display_name": "lix",
            "team": "T86S8GHEG",
            "name": "lix",
            "is_restricted": false,
            "is_ultra_restricted": false
        }
    },
    {
        "client_msg_id": "60e6c82d-683e-42ab-8636-e60ab53ca224",
        "type": "message",
        "text": "so i have a scalding job (currently repl) that i am running as `onboarding-analytics`. i have a model that saved on hdfs in the cortex folder, and i am trying to get predictions",
        "user": "W82KEML2J",
        "ts": "1536873238.000100",
        "team": "T86S8GHEG",
        "user_team": "T86S8GHEG",
        "source_team": "T86S8GHEG",
        "user_profile": {
            "avatar_hash": "76cfed1472fd",
            "image_72": "https:\/\/avatars.slack-edge.com\/2018-01-16\/299349490449_76cfed1472fd5cb7033e_72.png",
            "first_name": "Luca",
            "real_name": "Luca Belli",
            "display_name": "lbelli",
            "team": "T86S8GHEG",
            "name": "lbelli",
            "is_restricted": false,
            "is_ultra_restricted": false
        }
    },
    {
        "type": "message",
        "text": "",
        "files": [
            {
                "id": "FCSMF9L49",
                "created": 1536873284,
                "timestamp": 1536873284,
                "name": "-.scala",
                "title": "Untitled",
                "mimetype": "text\/plain",
                "filetype": "scala",
                "pretty_type": "Scala",
                "user": "W82KEML2J",
                "editable": true,
                "size": 7221,
                "mode": "snippet",
                "is_external": false,
                "external_type": "",
                "is_public": true,
                "public_url_shared": false,
                "display_as_bot": false,
                "username": "",
                "url_private": "https:\/\/files.slack.com\/files-pri\/T7U3XVBLP-FCSMF9L49\/-.scala?t=xoxe-278892561492-1005149783089-1017423836678-e1e14aa1789ddce7f4decc622097bda8",
                "url_private_download": "https:\/\/files.slack.com\/files-pri\/T7U3XVBLP-FCSMF9L49\/download\/-.scala?t=xoxe-278892561492-1005149783089-1017423836678-e1e14aa1789ddce7f4decc622097bda8",
                "permalink": "https:\/\/twitter.enterprise.slack.com\/files\/W82KEML2J\/FCSMF9L49\/-.scala",
                "permalink_public": "https:\/\/slack-files.com\/T7U3XVBLP-FCSMF9L49-695eb32264",
                "edit_link": "https:\/\/twitter.enterprise.slack.com\/files\/W82KEML2J\/FCSMF9L49\/-.scala\/edit",
                "is_starred": false,
                "has_rich_preview": false
            }
        ],
        "upload": true,
        "user": "W82KEML2J",
        "display_as_bot": false,
        "ts": "1536873285.000200"
    },
    {
        "client_msg_id": "41a79581-aaa2-4cc9-b973-14405a6e63f2",
        "type": "message",
        "text": "i get this error ```org.apache.hadoop.ipc.RemoteException(org.apache.hadoop.ipc.StandbyException): Operation category READ is not supported in state standby```",
        "user": "W82KEML2J",
        "ts": "1536873307.000100",
        "team": "T86S8GHEG",
        "user_team": "T86S8GHEG",
        "source_team": "T86S8GHEG",
        "user_profile": {
            "avatar_hash": "76cfed1472fd",
            "image_72": "https:\/\/avatars.slack-edge.com\/2018-01-16\/299349490449_76cfed1472fd5cb7033e_72.png",
            "first_name": "Luca",
            "real_name": "Luca Belli",
            "display_name": "lbelli",
            "team": "T86S8GHEG",
            "name": "lbelli",
            "is_restricted": false,
            "is_ultra_restricted": false
        }
    },
    {
        "client_msg_id": "4c56cec8-58f0-485c-ae88-d6dafeef1ad2",
        "type": "message",
        "text": "(cc <@WL22PDE1G>)",
        "user": "W82KEML2J",
        "ts": "1536873316.000100",
        "team": "T86S8GHEG",
        "user_team": "T86S8GHEG",
        "source_team": "T86S8GHEG",
        "user_profile": {
            "avatar_hash": "76cfed1472fd",
            "image_72": "https:\/\/avatars.slack-edge.com\/2018-01-16\/299349490449_76cfed1472fd5cb7033e_72.png",
            "first_name": "Luca",
            "real_name": "Luca Belli",
            "display_name": "lbelli",
            "team": "T86S8GHEG",
            "name": "lbelli",
            "is_restricted": false,
            "is_ultra_restricted": false
        }
    },
    {
        "client_msg_id": "fd6cab3f-b6e6-49ff-b78e-ef505b3bb5fe",
        "type": "message",
        "text": "can you rule out this is not a permissions issue?",
        "user": "WL22PDE1G",
        "ts": "1536873391.000200",
        "team": "T86S8GHEG",
        "user_team": "T86S8GHEG",
        "source_team": "T86S8GHEG",
        "user_profile": {
            "avatar_hash": "ga18fa06b2f1",
            "image_72": "https:\/\/secure.gravatar.com\/avatar\/da18fa06b2f1a94e07b5a34db81e8552.jpg?s=72&d=https%3A%2F%2Fa.slack-edge.com%2Fdf10d%2Fimg%2Favatars%2Fava_0019-72.png",
            "first_name": "Ricardo",
            "real_name": "Ricardo Cervera-Navarro",
            "display_name": "rcerveranavarro",
            "team": "T86S8GHEG",
            "name": "rcerveranavarro",
            "is_restricted": false,
            "is_ultra_restricted": false
        }
    },
    {
        "client_msg_id": "6cacb2c5-c5a8-4d47-8e03-227eba21f148",
        "type": "message",
        "text": "(like accessing the model from hadoopnest when you log into hadoopnest as the onboarding user)",
        "user": "WL22PDE1G",
        "ts": "1536873467.000100",
        "team": "T86S8GHEG",
        "user_team": "T86S8GHEG",
        "source_team": "T86S8GHEG",
        "user_profile": {
            "avatar_hash": "ga18fa06b2f1",
            "image_72": "https:\/\/secure.gravatar.com\/avatar\/da18fa06b2f1a94e07b5a34db81e8552.jpg?s=72&d=https%3A%2F%2Fa.slack-edge.com%2Fdf10d%2Fimg%2Favatars%2Fava_0019-72.png",
            "first_name": "Ricardo",
            "real_name": "Ricardo Cervera-Navarro",
            "display_name": "rcerveranavarro",
            "team": "T86S8GHEG",
            "name": "rcerveranavarro",
            "is_restricted": false,
            "is_ultra_restricted": false
        }
    },
    {
        "client_msg_id": "e360f1ab-0371-44d1-ac51-02763758acfa",
        "type": "message",
        "text": "mmmm good point. how could i access it?",
        "user": "W82KEML2J",
        "ts": "1536874291.000200",
        "team": "T86S8GHEG",
        "user_team": "T86S8GHEG",
        "source_team": "T86S8GHEG",
        "user_profile": {
            "avatar_hash": "76cfed1472fd",
            "image_72": "https:\/\/avatars.slack-edge.com\/2018-01-16\/299349490449_76cfed1472fd5cb7033e_72.png",
            "first_name": "Luca",
            "real_name": "Luca Belli",
            "display_name": "lbelli",
            "team": "T86S8GHEG",
            "name": "lbelli",
            "is_restricted": false,
            "is_ultra_restricted": false
        }
    },
    {
        "client_msg_id": "a3922275-b651-4acf-8f32-5b633112a490",
        "type": "message",
        "text": "maybe i can copy over in onboarding to rule this out",
        "user": "W82KEML2J",
        "ts": "1536874311.000100",
        "team": "T86S8GHEG",
        "user_team": "T86S8GHEG",
        "source_team": "T86S8GHEG",
        "user_profile": {
            "avatar_hash": "76cfed1472fd",
            "image_72": "https:\/\/avatars.slack-edge.com\/2018-01-16\/299349490449_76cfed1472fd5cb7033e_72.png",
            "first_name": "Luca",
            "real_name": "Luca Belli",
            "display_name": "lbelli",
            "team": "T86S8GHEG",
            "name": "lbelli",
            "is_restricted": false,
            "is_ultra_restricted": false
        },
        "edited": {
            "user": "W82KEML2J",
            "ts": "1536874313.000000"
        }
    },
    {
        "client_msg_id": "283e7e4d-9026-4ea7-a527-1ba15a73cc97",
        "type": "message",
        "text": "ssh onboarding-analytics@hadoopnest\nhadoop fs -ls \/user\/cortex\/embeddings\/data\/onboarding_splitnet\/adhoc\/export\/LAST_onboarding_splitnet_normal\/",
        "user": "WL22PDE1G",
        "ts": "1536874343.000100",
        "team": "T86S8GHEG",
        "user_team": "T86S8GHEG",
        "source_team": "T86S8GHEG",
        "user_profile": {
            "avatar_hash": "ga18fa06b2f1",
            "image_72": "https:\/\/secure.gravatar.com\/avatar\/da18fa06b2f1a94e07b5a34db81e8552.jpg?s=72&d=https%3A%2F%2Fa.slack-edge.com%2Fdf10d%2Fimg%2Favatars%2Fava_0019-72.png",
            "first_name": "Ricardo",
            "real_name": "Ricardo Cervera-Navarro",
            "display_name": "rcerveranavarro",
            "team": "T86S8GHEG",
            "name": "rcerveranavarro",
            "is_restricted": false,
            "is_ultra_restricted": false
        }
    },
    {
        "client_msg_id": "21c67933-d020-4f79-9983-ffaf866b5ab4",
        "type": "message",
        "text": "something like that",
        "user": "WL22PDE1G",
        "ts": "1536874345.000100",
        "team": "T86S8GHEG",
        "user_team": "T86S8GHEG",
        "source_team": "T86S8GHEG",
        "user_profile": {
            "avatar_hash": "ga18fa06b2f1",
            "image_72": "https:\/\/secure.gravatar.com\/avatar\/da18fa06b2f1a94e07b5a34db81e8552.jpg?s=72&d=https%3A%2F%2Fa.slack-edge.com%2Fdf10d%2Fimg%2Favatars%2Fava_0019-72.png",
            "first_name": "Ricardo",
            "real_name": "Ricardo Cervera-Navarro",
            "display_name": "rcerveranavarro",
            "team": "T86S8GHEG",
            "name": "rcerveranavarro",
            "is_restricted": false,
            "is_ultra_restricted": false
        }
    },
    {
        "client_msg_id": "3eb994c6-f710-49be-b950-91bb481f3211",
        "type": "message",
        "text": "oh yeah that i have already tried before",
        "user": "W82KEML2J",
        "ts": "1536874374.000100",
        "team": "T86S8GHEG",
        "user_team": "T86S8GHEG",
        "source_team": "T86S8GHEG",
        "user_profile": {
            "avatar_hash": "76cfed1472fd",
            "image_72": "https:\/\/avatars.slack-edge.com\/2018-01-16\/299349490449_76cfed1472fd5cb7033e_72.png",
            "first_name": "Luca",
            "real_name": "Luca Belli",
            "display_name": "lbelli",
            "team": "T86S8GHEG",
            "name": "lbelli",
            "is_restricted": false,
            "is_ultra_restricted": false
        }
    },
    {
        "client_msg_id": "e2058db5-9dd1-4696-ba97-6ea2ca630a88",
        "type": "message",
        "text": "so that works?",
        "user": "WL22PDE1G",
        "ts": "1536874390.000100",
        "team": "T86S8GHEG",
        "user_team": "T86S8GHEG",
        "source_team": "T86S8GHEG",
        "user_profile": {
            "avatar_hash": "ga18fa06b2f1",
            "image_72": "https:\/\/secure.gravatar.com\/avatar\/da18fa06b2f1a94e07b5a34db81e8552.jpg?s=72&d=https%3A%2F%2Fa.slack-edge.com%2Fdf10d%2Fimg%2Favatars%2Fava_0019-72.png",
            "first_name": "Ricardo",
            "real_name": "Ricardo Cervera-Navarro",
            "display_name": "rcerveranavarro",
            "team": "T86S8GHEG",
            "name": "rcerveranavarro",
            "is_restricted": false,
            "is_ultra_restricted": false
        }
    },
    {
        "client_msg_id": "26a0aa06-9e8f-47c1-84c1-349341f2dde3",
        "type": "message",
        "text": "yes",
        "user": "W82KEML2J",
        "ts": "1536874409.000200",
        "team": "T86S8GHEG",
        "user_team": "T86S8GHEG",
        "source_team": "T86S8GHEG",
        "user_profile": {
            "avatar_hash": "76cfed1472fd",
            "image_72": "https:\/\/avatars.slack-edge.com\/2018-01-16\/299349490449_76cfed1472fd5cb7033e_72.png",
            "first_name": "Luca",
            "real_name": "Luca Belli",
            "display_name": "lbelli",
            "team": "T86S8GHEG",
            "name": "lbelli",
            "is_restricted": false,
            "is_ultra_restricted": false
        }
    },
    {
        "client_msg_id": "45167897-7eda-4790-807e-e743eb6ffcf6",
        "type": "message",
        "text": "also moved to \/user\/onboarding\/lbelli\/model let’s see if it makes a difference",
        "user": "W82KEML2J",
        "ts": "1536874428.000100",
        "team": "T86S8GHEG",
        "user_team": "T86S8GHEG",
        "source_team": "T86S8GHEG",
        "user_profile": {
            "avatar_hash": "76cfed1472fd",
            "image_72": "https:\/\/avatars.slack-edge.com\/2018-01-16\/299349490449_76cfed1472fd5cb7033e_72.png",
            "first_name": "Luca",
            "real_name": "Luca Belli",
            "display_name": "lbelli",
            "team": "T86S8GHEG",
            "name": "lbelli",
            "is_restricted": false,
            "is_ultra_restricted": false
        }
    },
    {
        "client_msg_id": "b56251ff-12fc-4a83-8b0a-30a92e64cd1e",
        "type": "message",
        "text": "ok this seems to work",
        "user": "W82KEML2J",
        "ts": "1536874507.000100",
        "team": "T86S8GHEG",
        "user_team": "T86S8GHEG",
        "source_team": "T86S8GHEG",
        "user_profile": {
            "avatar_hash": "76cfed1472fd",
            "image_72": "https:\/\/avatars.slack-edge.com\/2018-01-16\/299349490449_76cfed1472fd5cb7033e_72.png",
            "first_name": "Luca",
            "real_name": "Luca Belli",
            "display_name": "lbelli",
            "team": "T86S8GHEG",
            "name": "lbelli",
            "is_restricted": false,
            "is_ultra_restricted": false
        }
    },
    {
        "client_msg_id": "e52a2ab2-854c-4e00-a141-79d1ea593df0",
        "type": "message",
        "text": "i guess good to know \/ document?",
        "user": "W82KEML2J",
        "ts": "1536874515.000100",
        "team": "T86S8GHEG",
        "user_team": "T86S8GHEG",
        "source_team": "T86S8GHEG",
        "user_profile": {
            "avatar_hash": "76cfed1472fd",
            "image_72": "https:\/\/avatars.slack-edge.com\/2018-01-16\/299349490449_76cfed1472fd5cb7033e_72.png",
            "first_name": "Luca",
            "real_name": "Luca Belli",
            "display_name": "lbelli",
            "team": "T86S8GHEG",
            "name": "lbelli",
            "is_restricted": false,
            "is_ultra_restricted": false
        }
    },
    {
        "client_msg_id": "8caae900-70cd-4ef0-9333-8fc02d68749f",
        "type": "message",
        "text": "<@W82KEML2J> this is a HDFS thing, looks like your hdfs request is sent in the middle of HDFS namenode failover",
        "user": "W81QKRYG3",
        "ts": "1536874533.000100",
        "team": "T86S8GHEG",
        "user_team": "T86S8GHEG",
        "source_team": "T86S8GHEG",
        "user_profile": {
            "avatar_hash": "fc37bdaad5b1",
            "image_72": "https:\/\/avatars.slack-edge.com\/2019-01-16\/525311341939_fc37bdaad5b1b4245612_72.jpg",
            "first_name": "Ruhua",
            "real_name": "Ruhua Jiang",
            "display_name": "ruhuaj",
            "team": "T86S8GHEG",
            "name": "ruhuaj",
            "is_restricted": false,
            "is_ultra_restricted": false
        },
        "edited": {
            "user": "W81QKRYG3",
            "ts": "1536874540.000000"
        }
    },
    {
        "client_msg_id": "f7ad16c5-3993-45bf-b09b-89ce3142ac2d",
        "type": "message",
        "text": "i understand those words, but i have no idea what they mean :slightly_smiling_face:",
        "user": "W82KEML2J",
        "ts": "1536874547.000100",
        "team": "T86S8GHEG",
        "user_team": "T86S8GHEG",
        "source_team": "T86S8GHEG",
        "user_profile": {
            "avatar_hash": "76cfed1472fd",
            "image_72": "https:\/\/avatars.slack-edge.com\/2018-01-16\/299349490449_76cfed1472fd5cb7033e_72.png",
            "first_name": "Luca",
            "real_name": "Luca Belli",
            "display_name": "lbelli",
            "team": "T86S8GHEG",
            "name": "lbelli",
            "is_restricted": false,
            "is_ultra_restricted": false
        }
    },
    {
        "client_msg_id": "d418fbc8-08d3-4d73-8b02-d726787a8025",
        "type": "message",
        "text": "but i had this problem every time i tried",
        "user": "W82KEML2J",
        "ts": "1536874560.000100",
        "team": "T86S8GHEG",
        "user_team": "T86S8GHEG",
        "source_team": "T86S8GHEG",
        "user_profile": {
            "avatar_hash": "76cfed1472fd",
            "image_72": "https:\/\/avatars.slack-edge.com\/2018-01-16\/299349490449_76cfed1472fd5cb7033e_72.png",
            "first_name": "Luca",
            "real_name": "Luca Belli",
            "display_name": "lbelli",
            "team": "T86S8GHEG",
            "name": "lbelli",
            "is_restricted": false,
            "is_ultra_restricted": false
        }
    },
    {
        "client_msg_id": "35728177-142a-447f-9340-f266e27bc354",
        "type": "message",
        "text": "ok, it means the problem should gone after a while",
        "user": "W81QKRYG3",
        "ts": "1536874565.000100",
        "team": "T86S8GHEG",
        "user_team": "T86S8GHEG",
        "source_team": "T86S8GHEG",
        "user_profile": {
            "avatar_hash": "fc37bdaad5b1",
            "image_72": "https:\/\/avatars.slack-edge.com\/2019-01-16\/525311341939_fc37bdaad5b1b4245612_72.jpg",
            "first_name": "Ruhua",
            "real_name": "Ruhua Jiang",
            "display_name": "ruhuaj",
            "team": "T86S8GHEG",
            "name": "ruhuaj",
            "is_restricted": false,
            "is_ultra_restricted": false
        }
    },
    {
        "client_msg_id": "8c39591d-5d29-423a-b76c-85a2d2da20bf",
        "type": "message",
        "text": "you were just running your job in a unlucky time",
        "user": "W81QKRYG3",
        "ts": "1536874585.000100",
        "team": "T86S8GHEG",
        "user_team": "T86S8GHEG",
        "source_team": "T86S8GHEG",
        "user_profile": {
            "avatar_hash": "fc37bdaad5b1",
            "image_72": "https:\/\/avatars.slack-edge.com\/2019-01-16\/525311341939_fc37bdaad5b1b4245612_72.jpg",
            "first_name": "Ruhua",
            "real_name": "Ruhua Jiang",
            "display_name": "ruhuaj",
            "team": "T86S8GHEG",
            "name": "ruhuaj",
            "is_restricted": false,
            "is_ultra_restricted": false
        }
    },
    {
        "client_msg_id": "c24483a1-ba43-408a-88f8-b0dc97d94605",
        "type": "message",
        "text": "ok",
        "user": "W82KEML2J",
        "ts": "1536874599.000200",
        "team": "T86S8GHEG",
        "user_team": "T86S8GHEG",
        "source_team": "T86S8GHEG",
        "user_profile": {
            "avatar_hash": "76cfed1472fd",
            "image_72": "https:\/\/avatars.slack-edge.com\/2018-01-16\/299349490449_76cfed1472fd5cb7033e_72.png",
            "first_name": "Luca",
            "real_name": "Luca Belli",
            "display_name": "lbelli",
            "team": "T86S8GHEG",
            "name": "lbelli",
            "is_restricted": false,
            "is_ultra_restricted": false
        }
    },
    {
        "client_msg_id": "f7ed793a-c0ee-4a36-b28b-f69734a1dc10",
        "type": "message",
        "text": "thanks",
        "user": "W82KEML2J",
        "ts": "1536874611.000100",
        "team": "T86S8GHEG",
        "user_team": "T86S8GHEG",
        "source_team": "T86S8GHEG",
        "user_profile": {
            "avatar_hash": "76cfed1472fd",
            "image_72": "https:\/\/avatars.slack-edge.com\/2018-01-16\/299349490449_76cfed1472fd5cb7033e_72.png",
            "first_name": "Luca",
            "real_name": "Luca Belli",
            "display_name": "lbelli",
            "team": "T86S8GHEG",
            "name": "lbelli",
            "is_restricted": false,
            "is_ultra_restricted": false
        }
    },
    {
        "client_msg_id": "13bd52c7-8f6d-4674-8035-be8420b68214",
        "type": "message",
        "text": "Hi, I'm trying to deploy a trained model on meso for production use. but got following error \"Error: Could not find or load main class com.twitter.cortex.deepbird.runtime.DeepbirdPredictionServerMain\" this is the cmd and servce.profile I used `<https:\/\/phabricator.twitter.biz\/P15729>` I have verified the path does have the exported model ```lix[6]smf1-cfj-21-sr1[hadoopnest] ~ $ hls \/user\/cortex\/lix\/abuse_qf\/lix_abuse_qf_cpu_mdl_try8_export_fix_lr_single_fast-1536877667\/export_model\/1536878510\nFound 2 items\ndrwxr-xr-x   - lix cortex-hdfs          0 2018-09-13 22:41 \/user\/cortex\/lix\/abuse_qf\/lix_abuse_qf_cpu_mdl_try8_export_fix_lr_single_fast-1536877667\/export_model\/1536878510\/variables\n-rw-r--r--   3 lix cortex-hdfs     <tel:1027332018-09-13|102733 2018-09-13> 22:41 \/user\/cortex\/lix\/abuse_qf\/lix_abuse_qf_cpu_mdl_try8_export_fix_lr_single_fast-1536877667\/export_model\/1536878510\/saved_model.pb```  and here is the aurora service `<https:\/\/aurora-smf1.twitter.biz\/scheduler\/lix\/devel\/abuse_qf_mention_dbv2_v1?jobView=history>` Thanks!",
        "user": "W811HTW8Y",
        "ts": "1536880279.000100",
        "team": "T86S8GHEG",
        "user_team": "T86S8GHEG",
        "source_team": "T86S8GHEG",
        "user_profile": {
            "avatar_hash": "b587db66c76d",
            "image_72": "https:\/\/avatars.slack-edge.com\/2019-05-31\/640931954786_b587db66c76d9b0a2e4c_72.jpg",
            "first_name": "Li",
            "real_name": "Li Xu",
            "display_name": "lix",
            "team": "T86S8GHEG",
            "name": "lix",
            "is_restricted": false,
            "is_ultra_restricted": false
        }
    },
    {
        "client_msg_id": "9d342dae-07e9-4f6e-8fd9-06e61e201c77",
        "type": "message",
        "text": "<@W811HTW8Y> could you try deploying from master? the package name for the server has changed, but all the tools and aurora configs should be up to date in master",
        "user": "WL22PDE1G",
        "ts": "1536880425.000100",
        "team": "T86S8GHEG",
        "user_team": "T86S8GHEG",
        "source_team": "T86S8GHEG",
        "user_profile": {
            "avatar_hash": "ga18fa06b2f1",
            "image_72": "https:\/\/secure.gravatar.com\/avatar\/da18fa06b2f1a94e07b5a34db81e8552.jpg?s=72&d=https%3A%2F%2Fa.slack-edge.com%2Fdf10d%2Fimg%2Favatars%2Fava_0019-72.png",
            "first_name": "Ricardo",
            "real_name": "Ricardo Cervera-Navarro",
            "display_name": "rcerveranavarro",
            "team": "T86S8GHEG",
            "name": "rcerveranavarro",
            "is_restricted": false,
            "is_ultra_restricted": false
        }
    },
    {
        "client_msg_id": "4899b395-ff01-4701-8d8d-b016728a08fd",
        "type": "message",
        "text": "ic",
        "user": "W811HTW8Y",
        "ts": "1536880450.000200",
        "team": "T86S8GHEG",
        "user_team": "T86S8GHEG",
        "source_team": "T86S8GHEG",
        "user_profile": {
            "avatar_hash": "b587db66c76d",
            "image_72": "https:\/\/avatars.slack-edge.com\/2019-05-31\/640931954786_b587db66c76d9b0a2e4c_72.jpg",
            "first_name": "Li",
            "real_name": "Li Xu",
            "display_name": "lix",
            "team": "T86S8GHEG",
            "name": "lix",
            "is_restricted": false,
            "is_ultra_restricted": false
        }
    },
    {
        "client_msg_id": "d41f97ee-7658-4076-a141-86e35f793ee8",
        "type": "message",
        "text": "HI <@WL22PDE1G> still failing for same error message.",
        "user": "W811HTW8Y",
        "ts": "1536880798.000100",
        "team": "T86S8GHEG",
        "user_team": "T86S8GHEG",
        "source_team": "T86S8GHEG",
        "user_profile": {
            "avatar_hash": "b587db66c76d",
            "image_72": "https:\/\/avatars.slack-edge.com\/2019-05-31\/640931954786_b587db66c76d9b0a2e4c_72.jpg",
            "first_name": "Li",
            "real_name": "Li Xu",
            "display_name": "lix",
            "team": "T86S8GHEG",
            "name": "lix",
            "is_restricted": false,
            "is_ultra_restricted": false
        }
    },
    {
        "client_msg_id": "99522515-9c28-4966-b900-93adef80f9c5",
        "type": "message",
        "text": "```[tw-mbp-lix qf-mention-dbv2 (master)]$ aurora job create smf1\/lix\/devel\/abuse_qf_mention_dbv2_v1 server.aurora --bind profile.model_source=hdfs:\/\/\/user\/cortex\/lix\/abuse_qf\/lix_abuse_qf_cpu_mdl_try8_export_fix_lr_single_fast-1536877667\/export_model\/1536878510\n```",
        "user": "W811HTW8Y",
        "ts": "1536880805.000100",
        "team": "T86S8GHEG",
        "user_team": "T86S8GHEG",
        "source_team": "T86S8GHEG",
        "user_profile": {
            "avatar_hash": "b587db66c76d",
            "image_72": "https:\/\/avatars.slack-edge.com\/2019-05-31\/640931954786_b587db66c76d9b0a2e4c_72.jpg",
            "first_name": "Li",
            "real_name": "Li Xu",
            "display_name": "lix",
            "team": "T86S8GHEG",
            "name": "lix",
            "is_restricted": false,
            "is_ultra_restricted": false
        },
        "edited": {
            "user": "W811HTW8Y",
            "ts": "1536880832.000000"
        }
    },
    {
        "client_msg_id": "aff989df-62d4-4bc7-8349-03b1b0afd0d7",
        "type": "message",
        "text": "i pulled the lastest master",
        "user": "W811HTW8Y",
        "ts": "1536880818.000100",
        "team": "T86S8GHEG",
        "user_team": "T86S8GHEG",
        "source_team": "T86S8GHEG",
        "user_profile": {
            "avatar_hash": "b587db66c76d",
            "image_72": "https:\/\/avatars.slack-edge.com\/2019-05-31\/640931954786_b587db66c76d9b0a2e4c_72.jpg",
            "first_name": "Li",
            "real_name": "Li Xu",
            "display_name": "lix",
            "team": "T86S8GHEG",
            "name": "lix",
            "is_restricted": false,
            "is_ultra_restricted": false
        }
    },
    {
        "client_msg_id": "aa3df0be-c0c5-4288-a0df-92f079d2be5d",
        "type": "message",
        "text": "could you share server.aurora?",
        "user": "WL22PDE1G",
        "ts": "1536880842.000100",
        "team": "T86S8GHEG",
        "user_team": "T86S8GHEG",
        "source_team": "T86S8GHEG",
        "user_profile": {
            "avatar_hash": "ga18fa06b2f1",
            "image_72": "https:\/\/secure.gravatar.com\/avatar\/da18fa06b2f1a94e07b5a34db81e8552.jpg?s=72&d=https%3A%2F%2Fa.slack-edge.com%2Fdf10d%2Fimg%2Favatars%2Fava_0019-72.png",
            "first_name": "Ricardo",
            "real_name": "Ricardo Cervera-Navarro",
            "display_name": "rcerveranavarro",
            "team": "T86S8GHEG",
            "name": "rcerveranavarro",
            "is_restricted": false,
            "is_ultra_restricted": false
        }
    },
    {
        "client_msg_id": "b9339ae4-f9d1-4cec-b56d-f46132766ef2",
        "type": "message",
        "text": "this is the cmd and servce.profile I used `<https:\/\/phabricator.twitter.biz\/P15729>`",
        "user": "W811HTW8Y",
        "ts": "1536880858.000200",
        "team": "T86S8GHEG",
        "user_team": "T86S8GHEG",
        "source_team": "T86S8GHEG",
        "user_profile": {
            "avatar_hash": "b587db66c76d",
            "image_72": "https:\/\/avatars.slack-edge.com\/2019-05-31\/640931954786_b587db66c76d9b0a2e4c_72.jpg",
            "first_name": "Li",
            "real_name": "Li Xu",
            "display_name": "lix",
            "team": "T86S8GHEG",
            "name": "lix",
            "is_restricted": false,
            "is_ultra_restricted": false
        }
    },
    {
        "client_msg_id": "ea801fb8-f696-4679-ae29-547da60636b1",
        "type": "message",
        "text": "Oh, I remembered long time ago, I accounted same problem. I should change   server_pkg_version  = Default(String, 'latest')\nto ?",
        "user": "W811HTW8Y",
        "ts": "1536880948.000100",
        "team": "T86S8GHEG",
        "user_team": "T86S8GHEG",
        "source_team": "T86S8GHEG",
        "user_profile": {
            "avatar_hash": "b587db66c76d",
            "image_72": "https:\/\/avatars.slack-edge.com\/2019-05-31\/640931954786_b587db66c76d9b0a2e4c_72.jpg",
            "first_name": "Li",
            "real_name": "Li Xu",
            "display_name": "lix",
            "team": "T86S8GHEG",
            "name": "lix",
            "is_restricted": false,
            "is_ultra_restricted": false
        }
    },
    {
        "client_msg_id": "01d6347e-55a5-43ff-af36-b133f3384930",
        "type": "message",
        "text": "<https:\/\/phabricator.twitter.biz\/P15729$51>  should be `'com.twitter.twml.runtime.server.DeepbirdPredictionServerMain'`",
        "user": "WL22PDE1G",
        "ts": "1536880952.000100",
        "team": "T86S8GHEG",
        "user_team": "T86S8GHEG",
        "source_team": "T86S8GHEG",
        "user_profile": {
            "avatar_hash": "ga18fa06b2f1",
            "image_72": "https:\/\/secure.gravatar.com\/avatar\/da18fa06b2f1a94e07b5a34db81e8552.jpg?s=72&d=https%3A%2F%2Fa.slack-edge.com%2Fdf10d%2Fimg%2Favatars%2Fava_0019-72.png",
            "first_name": "Ricardo",
            "real_name": "Ricardo Cervera-Navarro",
            "display_name": "rcerveranavarro",
            "team": "T86S8GHEG",
            "name": "rcerveranavarro",
            "is_restricted": false,
            "is_ultra_restricted": false
        },
        "reactions": [
            {
                "name": "heart",
                "users": [
                    "W811HTW8Y"
                ],
                "count": 1
            }
        ]
    },
    {
        "client_msg_id": "3b693f7d-ec1e-491f-a8a5-e2f581c4a5ae",
        "type": "message",
        "text": "ic",
        "user": "W811HTW8Y",
        "ts": "1536880964.000100",
        "team": "T86S8GHEG",
        "user_team": "T86S8GHEG",
        "source_team": "T86S8GHEG",
        "user_profile": {
            "avatar_hash": "b587db66c76d",
            "image_72": "https:\/\/avatars.slack-edge.com\/2019-05-31\/640931954786_b587db66c76d9b0a2e4c_72.jpg",
            "first_name": "Li",
            "real_name": "Li Xu",
            "display_name": "lix",
            "team": "T86S8GHEG",
            "name": "lix",
            "is_restricted": false,
            "is_ultra_restricted": false
        }
    }
]