[
    {
        "client_msg_id": "5c00b117-a1ec-491f-a9a0-cac7046b45c4",
        "type": "message",
        "text": "this doesn’t work",
        "user": "WLFA90T9D",
        "ts": "1537367581.000100",
        "team": "T86S8GHEG",
        "user_team": "T86S8GHEG",
        "source_team": "T86S8GHEG",
        "user_profile": {
            "avatar_hash": "5c0688012147",
            "image_72": "https:\/\/avatars.slack-edge.com\/2018-10-15\/455870475024_5c0688012147d5b2fed8_72.jpg",
            "first_name": "Chris",
            "real_name": "Chris Green",
            "display_name": "cgreen",
            "team": "T86S8GHEG",
            "name": "cgreen",
            "is_restricted": false,
            "is_ultra_restricted": false
        },
        "thread_ts": "1537282486.000100",
        "parent_user_id": "W81EY00N7"
    },
    {
        "client_msg_id": "c3d46720-fc5a-459e-a126-78b1cb56d6f3",
        "type": "message",
        "text": "it’s saying that `logging` doesn’t have `_get_logger`",
        "user": "WLFA90T9D",
        "ts": "1537367612.000100",
        "team": "T86S8GHEG",
        "user_team": "T86S8GHEG",
        "source_team": "T86S8GHEG",
        "user_profile": {
            "avatar_hash": "5c0688012147",
            "image_72": "https:\/\/avatars.slack-edge.com\/2018-10-15\/455870475024_5c0688012147d5b2fed8_72.jpg",
            "first_name": "Chris",
            "real_name": "Chris Green",
            "display_name": "cgreen",
            "team": "T86S8GHEG",
            "name": "cgreen",
            "is_restricted": false,
            "is_ultra_restricted": false
        },
        "thread_ts": "1537282486.000100",
        "parent_user_id": "W81EY00N7"
    },
    {
        "client_msg_id": "53287f55-f0b2-40b6-804b-11c881447576",
        "type": "message",
        "text": "<@W81EY00N7>",
        "user": "WLFA90T9D",
        "ts": "1537367617.000100",
        "team": "T86S8GHEG",
        "user_team": "T86S8GHEG",
        "source_team": "T86S8GHEG",
        "user_profile": {
            "avatar_hash": "5c0688012147",
            "image_72": "https:\/\/avatars.slack-edge.com\/2018-10-15\/455870475024_5c0688012147d5b2fed8_72.jpg",
            "first_name": "Chris",
            "real_name": "Chris Green",
            "display_name": "cgreen",
            "team": "T86S8GHEG",
            "name": "cgreen",
            "is_restricted": false,
            "is_ultra_restricted": false
        },
        "thread_ts": "1537282486.000100",
        "parent_user_id": "W81EY00N7"
    },
    {
        "client_msg_id": "3303df71-6201-4c7c-8462-d9b5736f8b63",
        "type": "message",
        "text": "looking",
        "user": "W81EY00N7",
        "ts": "1537368040.000100",
        "team": "T86S8GHEG",
        "user_team": "T86S8GHEG",
        "source_team": "T86S8GHEG",
        "user_profile": {
            "avatar_hash": "d30a8ec2b572",
            "image_72": "https:\/\/avatars.slack-edge.com\/2019-04-22\/614865012036_d30a8ec2b5727438f308_72.png",
            "first_name": "Briac",
            "real_name": "Briac Marcatte",
            "display_name": "bmarcatte",
            "team": "T86S8GHEG",
            "name": "bmarcatte",
            "is_restricted": false,
            "is_ultra_restricted": false
        },
        "thread_ts": "1537282486.000100",
        "parent_user_id": "W81EY00N7"
    },
    {
        "client_msg_id": "df5c3036-f08d-4ba1-b6fe-512b7e0bf019",
        "type": "message",
        "text": "What how did that happen",
        "user": "W81BJEAGZ",
        "ts": "1537368257.000100",
        "team": "T86S8GHEG",
        "user_team": "T86S8GHEG",
        "source_team": "T86S8GHEG",
        "user_profile": {
            "avatar_hash": "45f9fa184373",
            "image_72": "https:\/\/avatars.slack-edge.com\/2019-04-25\/620857384023_45f9fa184373c2c504f5_72.jpg",
            "first_name": "Pavan",
            "real_name": "Pavan Yalamanchili",
            "display_name": "pyalamanchili",
            "team": "T86S8GHEG",
            "name": "pyalamanchili",
            "is_restricted": false,
            "is_ultra_restricted": false
        }
    },
    {
        "client_msg_id": "00e37901-05fc-4dd1-8b0d-77fa2ac5900f",
        "type": "message",
        "text": "my bad, my code was done on TF 1.5 (:sweat_smile:) - updated code",
        "user": "W81EY00N7",
        "ts": "1537368445.000100",
        "team": "T86S8GHEG",
        "user_team": "T86S8GHEG",
        "source_team": "T86S8GHEG",
        "user_profile": {
            "avatar_hash": "d30a8ec2b572",
            "image_72": "https:\/\/avatars.slack-edge.com\/2019-04-22\/614865012036_d30a8ec2b5727438f308_72.png",
            "first_name": "Briac",
            "real_name": "Briac Marcatte",
            "display_name": "bmarcatte",
            "team": "T86S8GHEG",
            "name": "bmarcatte",
            "is_restricted": false,
            "is_ultra_restricted": false
        },
        "thread_ts": "1537282486.000100",
        "parent_user_id": "W81EY00N7"
    },
    {
        "client_msg_id": "4044dd55-5a54-4c45-90d1-d23f953ae625",
        "type": "message",
        "text": "from tensorflow.python.platform import tf_logging as logging\nimport logging as _logging\nlogging._get_logger().handlers[0].formatter = _logging.Formatter(‘%(asctime)s [%(levelname)s] %(name)s: %(message)s’, None)",
        "user": "W81EY00N7",
        "ts": "1537368448.000100",
        "team": "T86S8GHEG",
        "user_team": "T86S8GHEG",
        "source_team": "T86S8GHEG",
        "user_profile": {
            "avatar_hash": "d30a8ec2b572",
            "image_72": "https:\/\/avatars.slack-edge.com\/2019-04-22\/614865012036_d30a8ec2b5727438f308_72.png",
            "first_name": "Briac",
            "real_name": "Briac Marcatte",
            "display_name": "bmarcatte",
            "team": "T86S8GHEG",
            "name": "bmarcatte",
            "is_restricted": false,
            "is_ultra_restricted": false
        },
        "thread_ts": "1537282486.000100",
        "parent_user_id": "W81EY00N7"
    },
    {
        "client_msg_id": "df254d1b-fd84-4a00-b20d-da1dfa4e6965",
        "type": "message",
        "text": "Is there any news regarding the bug?",
        "user": "W82TBQLHM",
        "ts": "1537378692.000100",
        "team": "T86S8GHEG",
        "user_team": "T86S8GHEG",
        "source_team": "T86S8GHEG",
        "user_profile": {
            "avatar_hash": "793848113e6a",
            "image_72": "https:\/\/avatars.slack-edge.com\/2017-12-18\/289444317671_793848113e6a60b80e06_72.jpg",
            "first_name": "Mishael",
            "real_name": "Mishael Rosenthal",
            "display_name": "mrosenthal",
            "team": "T86S8GHEG",
            "name": "mrosenthal",
            "is_restricted": false,
            "is_ultra_restricted": false
        }
    },
    {
        "client_msg_id": "656477e2-0876-4a6d-9ff8-701dcdbb4ba5",
        "type": "message",
        "text": "<@W81BJEAGZ> <@WL22PDE1G>",
        "user": "W82TBQLHM",
        "ts": "1537378734.000100",
        "team": "T86S8GHEG",
        "user_team": "T86S8GHEG",
        "source_team": "T86S8GHEG",
        "user_profile": {
            "avatar_hash": "793848113e6a",
            "image_72": "https:\/\/avatars.slack-edge.com\/2017-12-18\/289444317671_793848113e6a60b80e06_72.jpg",
            "first_name": "Mishael",
            "real_name": "Mishael Rosenthal",
            "display_name": "mrosenthal",
            "team": "T86S8GHEG",
            "name": "mrosenthal",
            "is_restricted": false,
            "is_ultra_restricted": false
        }
    },
    {
        "client_msg_id": "7d10d3f3-fccc-47cf-80ba-b2f53706cf30",
        "type": "message",
        "text": "<@W82TBQLHM> we had to revert a few things but it should be abck to working now",
        "user": "W81BJEAGZ",
        "ts": "1537378754.000100",
        "team": "T86S8GHEG",
        "user_team": "T86S8GHEG",
        "source_team": "T86S8GHEG",
        "user_profile": {
            "avatar_hash": "45f9fa184373",
            "image_72": "https:\/\/avatars.slack-edge.com\/2019-04-25\/620857384023_45f9fa184373c2c504f5_72.jpg",
            "first_name": "Pavan",
            "real_name": "Pavan Yalamanchili",
            "display_name": "pyalamanchili",
            "team": "T86S8GHEG",
            "name": "pyalamanchili",
            "is_restricted": false,
            "is_ultra_restricted": false
        }
    },
    {
        "client_msg_id": "9ee22e65-304d-4ac7-9de6-649ee39df204",
        "type": "message",
        "text": "so pull master and revert all my changes?",
        "user": "W82TBQLHM",
        "ts": "1537378774.000100",
        "team": "T86S8GHEG",
        "user_team": "T86S8GHEG",
        "source_team": "T86S8GHEG",
        "user_profile": {
            "avatar_hash": "793848113e6a",
            "image_72": "https:\/\/avatars.slack-edge.com\/2017-12-18\/289444317671_793848113e6a60b80e06_72.jpg",
            "first_name": "Mishael",
            "real_name": "Mishael Rosenthal",
            "display_name": "mrosenthal",
            "team": "T86S8GHEG",
            "name": "mrosenthal",
            "is_restricted": false,
            "is_ultra_restricted": false
        }
    },
    {
        "client_msg_id": "63a8d0bf-3552-4c83-a42c-db0d5d21c00d",
        "type": "message",
        "text": "that should be enough",
        "user": "W81BJEAGZ",
        "ts": "1537378782.000100",
        "team": "T86S8GHEG",
        "user_team": "T86S8GHEG",
        "source_team": "T86S8GHEG",
        "user_profile": {
            "avatar_hash": "45f9fa184373",
            "image_72": "https:\/\/avatars.slack-edge.com\/2019-04-25\/620857384023_45f9fa184373c2c504f5_72.jpg",
            "first_name": "Pavan",
            "real_name": "Pavan Yalamanchili",
            "display_name": "pyalamanchili",
            "team": "T86S8GHEG",
            "name": "pyalamanchili",
            "is_restricted": false,
            "is_ultra_restricted": false
        }
    },
    {
        "client_msg_id": "fedfa492-e135-4d72-b1c0-1450e478bbec",
        "type": "message",
        "text": "Trying",
        "user": "W82TBQLHM",
        "ts": "1537378788.000100",
        "team": "T86S8GHEG",
        "user_team": "T86S8GHEG",
        "source_team": "T86S8GHEG",
        "user_profile": {
            "avatar_hash": "793848113e6a",
            "image_72": "https:\/\/avatars.slack-edge.com\/2017-12-18\/289444317671_793848113e6a60b80e06_72.jpg",
            "first_name": "Mishael",
            "real_name": "Mishael Rosenthal",
            "display_name": "mrosenthal",
            "team": "T86S8GHEG",
            "name": "mrosenthal",
            "is_restricted": false,
            "is_ultra_restricted": false
        }
    },
    {
        "client_msg_id": "31735653-723e-4f87-b6e7-3062a122dfc1",
        "type": "message",
        "text": "Thanks!",
        "user": "W82TBQLHM",
        "ts": "1537378790.000100",
        "team": "T86S8GHEG",
        "user_team": "T86S8GHEG",
        "source_team": "T86S8GHEG",
        "user_profile": {
            "avatar_hash": "793848113e6a",
            "image_72": "https:\/\/avatars.slack-edge.com\/2017-12-18\/289444317671_793848113e6a60b80e06_72.jpg",
            "first_name": "Mishael",
            "real_name": "Mishael Rosenthal",
            "display_name": "mrosenthal",
            "team": "T86S8GHEG",
            "name": "mrosenthal",
            "is_restricted": false,
            "is_ultra_restricted": false
        }
    },
    {
        "client_msg_id": "25a3ba32-c582-4fd8-905a-e7de044d94ce",
        "type": "message",
        "text": "this was only happening with hogwild and if we build a new dependencies pexfile",
        "user": "W81BJEAGZ",
        "ts": "1537378797.000100",
        "team": "T86S8GHEG",
        "user_team": "T86S8GHEG",
        "source_team": "T86S8GHEG",
        "user_profile": {
            "avatar_hash": "45f9fa184373",
            "image_72": "https:\/\/avatars.slack-edge.com\/2019-04-25\/620857384023_45f9fa184373c2c504f5_72.jpg",
            "first_name": "Pavan",
            "real_name": "Pavan Yalamanchili",
            "display_name": "pyalamanchili",
            "team": "T86S8GHEG",
            "name": "pyalamanchili",
            "is_restricted": false,
            "is_ultra_restricted": false
        }
    },
    {
        "client_msg_id": "5611c51e-81b6-4f7a-bc69-6b84ee6b120b",
        "type": "message",
        "text": "hey folks - does anyone happen to have a multiclass model.py example?  I want to see if if i'm setting things up correctly since I'm getting an error I do not expect.  This is my model.py: <https:\/\/phabricator.twitter.biz\/P15828> and the error I'm getting is `ValueError: Rank mismatch: Rank of labels (received 0) should equal rank of logits minus 1 (received 2).`.  [ I'm a noob to both TF and Twitter's ML tools so feel free to show me to some links if it's obvious ]",
        "user": "W82H4TG5C",
        "ts": "1537378999.000100",
        "team": "T86S8GHEG",
        "user_team": "T86S8GHEG",
        "source_team": "T86S8GHEG",
        "user_profile": {
            "avatar_hash": "e54a4dcf1905",
            "image_72": "https:\/\/avatars.slack-edge.com\/2017-12-01\/280526892658_e54a4dcf190568de138b_72.jpg",
            "first_name": "Kamran",
            "real_name": "Kamran Munshi",
            "display_name": "kmunshi",
            "team": "T86S8GHEG",
            "name": "kmunshi",
            "is_restricted": false,
            "is_ultra_restricted": false
        },
        "reactions": [
            {
                "name": "noidea",
                "users": [
                    "W82H4TG5C"
                ],
                "count": 1
            }
        ]
    },
    {
        "client_msg_id": "1bfba475-6df1-45f4-9177-84f911e04620",
        "type": "message",
        "text": "<@W81M6KNBX> do you have your model handy ?",
        "user": "W81BJEAGZ",
        "ts": "1537379147.000100",
        "team": "T86S8GHEG",
        "user_team": "T86S8GHEG",
        "source_team": "T86S8GHEG",
        "user_profile": {
            "avatar_hash": "45f9fa184373",
            "image_72": "https:\/\/avatars.slack-edge.com\/2019-04-25\/620857384023_45f9fa184373c2c504f5_72.jpg",
            "first_name": "Pavan",
            "real_name": "Pavan Yalamanchili",
            "display_name": "pyalamanchili",
            "team": "T86S8GHEG",
            "name": "pyalamanchili",
            "is_restricted": false,
            "is_ultra_restricted": false
        }
    },
    {
        "client_msg_id": "1dcfeaf5-9233-4c89-bc53-425f9b3af5d8",
        "type": "message",
        "text": "wait you two are on the same team :stuck_out_tongue:",
        "user": "W81BJEAGZ",
        "ts": "1537379190.000100",
        "team": "T86S8GHEG",
        "user_team": "T86S8GHEG",
        "source_team": "T86S8GHEG",
        "user_profile": {
            "avatar_hash": "45f9fa184373",
            "image_72": "https:\/\/avatars.slack-edge.com\/2019-04-25\/620857384023_45f9fa184373c2c504f5_72.jpg",
            "first_name": "Pavan",
            "real_name": "Pavan Yalamanchili",
            "display_name": "pyalamanchili",
            "team": "T86S8GHEG",
            "name": "pyalamanchili",
            "is_restricted": false,
            "is_ultra_restricted": false
        }
    },
    {
        "client_msg_id": "94389354-de07-4f73-9305-3bdda81977cc",
        "type": "message",
        "text": "<@W81BJEAGZ> yes he sent me his here... <https:\/\/phabricator.twitter.biz\/source\/source\/browse\/master\/src\/python\/twitter\/ads\/batch\/job\/ml\/experimental\/interest_targeting\/model\/model.py>",
        "user": "W82H4TG5C",
        "ts": "1537380032.000200",
        "team": "T86S8GHEG",
        "user_team": "T86S8GHEG",
        "source_team": "T86S8GHEG",
        "user_profile": {
            "avatar_hash": "e54a4dcf1905",
            "image_72": "https:\/\/avatars.slack-edge.com\/2017-12-01\/280526892658_e54a4dcf190568de138b_72.jpg",
            "first_name": "Kamran",
            "real_name": "Kamran Munshi",
            "display_name": "kmunshi",
            "team": "T86S8GHEG",
            "name": "kmunshi",
            "is_restricted": false,
            "is_ultra_restricted": false
        }
    },
    {
        "client_msg_id": "9415c2da-2caa-404f-bf74-8acdd8423834",
        "type": "message",
        "text": "shared my model with him. I thought you fixed the label shape issue before right? <@W81BJEAGZ>",
        "user": "W81M6KNBX",
        "ts": "1537380061.000100",
        "team": "T86S8GHEG",
        "user_team": "T86S8GHEG",
        "source_team": "T86S8GHEG",
        "user_profile": {
            "avatar_hash": "2bad69948a1d",
            "image_72": "https:\/\/avatars.slack-edge.com\/2019-06-19\/672683153671_2bad69948a1de76dd967_72.png",
            "first_name": "Bowen",
            "real_name": "Bowen Zhu",
            "display_name": "bzhu",
            "team": "T86S8GHEG",
            "name": "bzhu",
            "is_restricted": false,
            "is_ultra_restricted": false
        }
    },
    {
        "client_msg_id": "beb2440b-b99b-4a58-8fff-266b925fffe8",
        "type": "message",
        "text": "Multi-label vs multi-class though",
        "user": "W82H4TG5C",
        "ts": "1537380061.000200",
        "team": "T86S8GHEG",
        "user_team": "T86S8GHEG",
        "source_team": "T86S8GHEG",
        "user_profile": {
            "avatar_hash": "e54a4dcf1905",
            "image_72": "https:\/\/avatars.slack-edge.com\/2017-12-01\/280526892658_e54a4dcf190568de138b_72.jpg",
            "first_name": "Kamran",
            "real_name": "Kamran Munshi",
            "display_name": "kmunshi",
            "team": "T86S8GHEG",
            "name": "kmunshi",
            "is_restricted": false,
            "is_ultra_restricted": false
        }
    },
    {
        "client_msg_id": "be7a23f1-c0e7-4210-b571-23a79777753d",
        "type": "message",
        "text": "<@W81M6KNBX> was this working here at some point and broken now :no_mouth:?",
        "user": "W81BJEAGZ",
        "ts": "1537380451.000100",
        "team": "T86S8GHEG",
        "user_team": "T86S8GHEG",
        "source_team": "T86S8GHEG",
        "user_profile": {
            "avatar_hash": "45f9fa184373",
            "image_72": "https:\/\/avatars.slack-edge.com\/2019-04-25\/620857384023_45f9fa184373c2c504f5_72.jpg",
            "first_name": "Pavan",
            "real_name": "Pavan Yalamanchili",
            "display_name": "pyalamanchili",
            "team": "T86S8GHEG",
            "name": "pyalamanchili",
            "is_restricted": false,
            "is_ultra_restricted": false
        }
    },
    {
        "client_msg_id": "c27504c9-ff7c-4089-8d0c-82711978f198",
        "type": "message",
        "text": "<@W81BJEAGZ> any other pointers to help me debug?",
        "user": "W82H4TG5C",
        "ts": "1537382239.000100",
        "team": "T86S8GHEG",
        "user_team": "T86S8GHEG",
        "source_team": "T86S8GHEG",
        "user_profile": {
            "avatar_hash": "e54a4dcf1905",
            "image_72": "https:\/\/avatars.slack-edge.com\/2017-12-01\/280526892658_e54a4dcf190568de138b_72.jpg",
            "first_name": "Kamran",
            "real_name": "Kamran Munshi",
            "display_name": "kmunshi",
            "team": "T86S8GHEG",
            "name": "kmunshi",
            "is_restricted": false,
            "is_ultra_restricted": false
        },
        "thread_ts": "1537382239.000100",
        "reply_count": 4,
        "reply_users_count": 2,
        "latest_reply": "1537388106.000100",
        "reply_users": [
            "W81BJEAGZ",
            "W82H4TG5C"
        ],
        "replies": [
            {
                "user": "W81BJEAGZ",
                "ts": "1537382583.000100"
            },
            {
                "user": "W82H4TG5C",
                "ts": "1537382595.000100"
            },
            {
                "user": "W82H4TG5C",
                "ts": "1537388089.000100"
            },
            {
                "user": "W82H4TG5C",
                "ts": "1537388106.000100"
            }
        ],
        "subscribed": false
    },
    {
        "client_msg_id": "22fdffe9-168a-4a89-93a9-ff7372667af3",
        "type": "message",
        "text": "Hi Cortex friends, have two questions about dbv2 load testing.  I am following the load test tutorial `<https:\/\/docbird.twitter.biz\/cortex_services_runbooks\/cortex-deepbird-runtime-loadtest-runbook.html>` and got the following results",
        "user": "W811HTW8Y",
        "ts": "1537382361.000100",
        "team": "T86S8GHEG",
        "user_team": "T86S8GHEG",
        "source_team": "T86S8GHEG",
        "user_profile": {
            "avatar_hash": "b587db66c76d",
            "image_72": "https:\/\/avatars.slack-edge.com\/2019-05-31\/640931954786_b587db66c76d9b0a2e4c_72.jpg",
            "first_name": "Li",
            "real_name": "Li Xu",
            "display_name": "lix",
            "team": "T86S8GHEG",
            "name": "lix",
            "is_restricted": false,
            "is_ultra_restricted": false
        }
    },
    {
        "type": "message",
        "text": "",
        "files": [
            {
                "id": "FCW7VFUGG",
                "created": 1537382421,
                "timestamp": 1537382421,
                "name": "Screen Shot 2018-09-19 at 11.40.05 AM.png",
                "title": "Screen Shot 2018-09-19 at 11.40.05 AM.png",
                "mimetype": "image\/png",
                "filetype": "png",
                "pretty_type": "PNG",
                "user": "W811HTW8Y",
                "editable": false,
                "size": 671725,
                "mode": "hosted",
                "is_external": false,
                "external_type": "",
                "is_public": true,
                "public_url_shared": false,
                "display_as_bot": false,
                "username": "",
                "url_private": "https:\/\/files.slack.com\/files-pri\/T7U3XVBLP-FCW7VFUGG\/screen_shot_2018-09-19_at_11.40.05_am.png?t=xoxe-278892561492-1005149783089-1017423836678-e1e14aa1789ddce7f4decc622097bda8",
                "url_private_download": "https:\/\/files.slack.com\/files-pri\/T7U3XVBLP-FCW7VFUGG\/download\/screen_shot_2018-09-19_at_11.40.05_am.png?t=xoxe-278892561492-1005149783089-1017423836678-e1e14aa1789ddce7f4decc622097bda8",
                "thumb_64": "https:\/\/files.slack.com\/files-tmb\/T7U3XVBLP-FCW7VFUGG-cc76db412b\/screen_shot_2018-09-19_at_11.40.05_am_64.png?t=xoxe-278892561492-1005149783089-1017423836678-e1e14aa1789ddce7f4decc622097bda8",
                "thumb_80": "https:\/\/files.slack.com\/files-tmb\/T7U3XVBLP-FCW7VFUGG-cc76db412b\/screen_shot_2018-09-19_at_11.40.05_am_80.png?t=xoxe-278892561492-1005149783089-1017423836678-e1e14aa1789ddce7f4decc622097bda8",
                "thumb_360": "https:\/\/files.slack.com\/files-tmb\/T7U3XVBLP-FCW7VFUGG-cc76db412b\/screen_shot_2018-09-19_at_11.40.05_am_360.png?t=xoxe-278892561492-1005149783089-1017423836678-e1e14aa1789ddce7f4decc622097bda8",
                "thumb_360_w": 360,
                "thumb_360_h": 326,
                "thumb_480": "https:\/\/files.slack.com\/files-tmb\/T7U3XVBLP-FCW7VFUGG-cc76db412b\/screen_shot_2018-09-19_at_11.40.05_am_480.png?t=xoxe-278892561492-1005149783089-1017423836678-e1e14aa1789ddce7f4decc622097bda8",
                "thumb_480_w": 480,
                "thumb_480_h": 435,
                "thumb_160": "https:\/\/files.slack.com\/files-tmb\/T7U3XVBLP-FCW7VFUGG-cc76db412b\/screen_shot_2018-09-19_at_11.40.05_am_160.png?t=xoxe-278892561492-1005149783089-1017423836678-e1e14aa1789ddce7f4decc622097bda8",
                "thumb_720": "https:\/\/files.slack.com\/files-tmb\/T7U3XVBLP-FCW7VFUGG-cc76db412b\/screen_shot_2018-09-19_at_11.40.05_am_720.png?t=xoxe-278892561492-1005149783089-1017423836678-e1e14aa1789ddce7f4decc622097bda8",
                "thumb_720_w": 720,
                "thumb_720_h": 652,
                "thumb_800": "https:\/\/files.slack.com\/files-tmb\/T7U3XVBLP-FCW7VFUGG-cc76db412b\/screen_shot_2018-09-19_at_11.40.05_am_800.png?t=xoxe-278892561492-1005149783089-1017423836678-e1e14aa1789ddce7f4decc622097bda8",
                "thumb_800_w": 800,
                "thumb_800_h": 724,
                "image_exif_rotation": 1,
                "original_w": 900,
                "original_h": 815,
                "permalink": "https:\/\/twitter.enterprise.slack.com\/files\/W811HTW8Y\/FCW7VFUGG\/screen_shot_2018-09-19_at_11.40.05_am.png",
                "permalink_public": "https:\/\/slack-files.com\/T7U3XVBLP-FCW7VFUGG-d398a738ff",
                "is_starred": false,
                "has_rich_preview": false
            }
        ],
        "upload": true,
        "user": "W811HTW8Y",
        "display_as_bot": false,
        "ts": "1537382425.000100"
    },
    {
        "client_msg_id": "26a93ccd-8286-4069-8897-4164557a0208",
        "type": "message",
        "text": "do you know why all of Model test_model prediction Latencies sections are 0?   also am I able to make the load test running for a little bit longer time?   I was trying to specify a data_records folder instead of single file. but the summary results are all 0s. Thanks!",
        "user": "W811HTW8Y",
        "ts": "1537382437.000100",
        "team": "T86S8GHEG",
        "user_team": "T86S8GHEG",
        "source_team": "T86S8GHEG",
        "user_profile": {
            "avatar_hash": "b587db66c76d",
            "image_72": "https:\/\/avatars.slack-edge.com\/2019-05-31\/640931954786_b587db66c76d9b0a2e4c_72.jpg",
            "first_name": "Li",
            "real_name": "Li Xu",
            "display_name": "lix",
            "team": "T86S8GHEG",
            "name": "lix",
            "is_restricted": false,
            "is_ultra_restricted": false
        }
    },
    {
        "client_msg_id": "2e22b85c-3276-4371-a7bf-972578a88097",
        "type": "message",
        "text": "this is the cmd i run ```.\/pants run twml\/runtime\/src\/main\/python\/twitter\/deepbirdv2:loadtest_cli   --   --aurora_role $USER   --cluster smf1   --model_name test_model   --server_model_source hdfs:\/\/\/user\/cortex\/lix\/abuse_qf\/lix_abuse_qf_cpu_mdl_try8_export_fix_lr_single_fast-1536877667\/export_model\/1536878510   --server_cpu 6   --server_instances 1   --server_ram_gb 6   --loadgen_dataRecordPath hdfs:\/\/\/user\/abuse-detection\/training\/qf_mention\/v5\/6weeks\/test\/data_records\/data\/part-00036.lzo   --loadgen_maxRecords 100000   --loadgen_target_qps 100   --loadgen_batchSize 10```",
        "user": "W811HTW8Y",
        "ts": "1537382499.000100",
        "team": "T86S8GHEG",
        "user_team": "T86S8GHEG",
        "source_team": "T86S8GHEG",
        "user_profile": {
            "avatar_hash": "b587db66c76d",
            "image_72": "https:\/\/avatars.slack-edge.com\/2019-05-31\/640931954786_b587db66c76d9b0a2e4c_72.jpg",
            "first_name": "Li",
            "real_name": "Li Xu",
            "display_name": "lix",
            "team": "T86S8GHEG",
            "name": "lix",
            "is_restricted": false,
            "is_ultra_restricted": false
        }
    },
    {
        "client_msg_id": "5c4e8c32-ade3-4fad-b04e-c675a301576c",
        "type": "message",
        "text": "how long did the load test last for?",
        "user": "W81EY00N7",
        "ts": "1537382563.000100",
        "team": "T86S8GHEG",
        "user_team": "T86S8GHEG",
        "source_team": "T86S8GHEG",
        "user_profile": {
            "avatar_hash": "d30a8ec2b572",
            "image_72": "https:\/\/avatars.slack-edge.com\/2019-04-22\/614865012036_d30a8ec2b5727438f308_72.png",
            "first_name": "Briac",
            "real_name": "Briac Marcatte",
            "display_name": "bmarcatte",
            "team": "T86S8GHEG",
            "name": "bmarcatte",
            "is_restricted": false,
            "is_ultra_restricted": false
        }
    },
    {
        "client_msg_id": "4a08bca2-70ec-4cf8-98eb-f36ef2563d34",
        "type": "message",
        "text": "Can you create a jira and assign to me",
        "user": "W81BJEAGZ",
        "ts": "1537382583.000100",
        "team": "T86S8GHEG",
        "user_team": "T86S8GHEG",
        "source_team": "T86S8GHEG",
        "user_profile": {
            "avatar_hash": "45f9fa184373",
            "image_72": "https:\/\/avatars.slack-edge.com\/2019-04-25\/620857384023_45f9fa184373c2c504f5_72.jpg",
            "first_name": "Pavan",
            "real_name": "Pavan Yalamanchili",
            "display_name": "pyalamanchili",
            "team": "T86S8GHEG",
            "name": "pyalamanchili",
            "is_restricted": false,
            "is_ultra_restricted": false
        },
        "thread_ts": "1537382239.000100",
        "parent_user_id": "W82H4TG5C"
    },
    {
        "client_msg_id": "092fefc4-dc3e-4c85-8832-1a0cdffbdc16",
        "type": "message",
        "text": "will do",
        "user": "W82H4TG5C",
        "ts": "1537382595.000100",
        "team": "T86S8GHEG",
        "user_team": "T86S8GHEG",
        "source_team": "T86S8GHEG",
        "user_profile": {
            "avatar_hash": "e54a4dcf1905",
            "image_72": "https:\/\/avatars.slack-edge.com\/2017-12-01\/280526892658_e54a4dcf190568de138b_72.jpg",
            "first_name": "Kamran",
            "real_name": "Kamran Munshi",
            "display_name": "kmunshi",
            "team": "T86S8GHEG",
            "name": "kmunshi",
            "is_restricted": false,
            "is_ultra_restricted": false
        },
        "thread_ts": "1537382239.000100",
        "parent_user_id": "W82H4TG5C"
    },
    {
        "client_msg_id": "85764bfa-ccc2-40b7-821e-e9bb21d75d74",
        "type": "message",
        "text": "Hi <!subteam^S8QBN9FJ6|@deepbirdv2-support>, I heard that there is a support of skip-gram word embedding training in dbv2. Is there a document or code example on how to use it? Thanks!",
        "user": "W819HL0SC",
        "ts": "1537382704.000100",
        "team": "T86S8GHEG",
        "user_team": "T86S8GHEG",
        "source_team": "T86S8GHEG",
        "user_profile": {
            "avatar_hash": "1c5462ac1411",
            "image_72": "https:\/\/avatars.slack-edge.com\/2017-12-15\/288662214503_1c5462ac1411b454880e_72.jpg",
            "first_name": "Steve",
            "real_name": "Steve Gong",
            "display_name": "zgong",
            "team": "T86S8GHEG",
            "name": "zgong",
            "is_restricted": false,
            "is_ultra_restricted": false
        }
    },
    {
        "client_msg_id": "01b2db6b-371c-42c7-a7ea-5bb276a9a5d5",
        "type": "message",
        "text": "<@W81EZ626P> ^",
        "user": "W81BJEAGZ",
        "ts": "1537382761.000100",
        "team": "T86S8GHEG",
        "user_team": "T86S8GHEG",
        "source_team": "T86S8GHEG",
        "user_profile": {
            "avatar_hash": "45f9fa184373",
            "image_72": "https:\/\/avatars.slack-edge.com\/2019-04-25\/620857384023_45f9fa184373c2c504f5_72.jpg",
            "first_name": "Pavan",
            "real_name": "Pavan Yalamanchili",
            "display_name": "pyalamanchili",
            "team": "T86S8GHEG",
            "name": "pyalamanchili",
            "is_restricted": false,
            "is_ultra_restricted": false
        }
    },
    {
        "client_msg_id": "ab947324-8107-4e44-bb9e-066121d8607b",
        "type": "message",
        "text": "<https:\/\/docbird.twitter.biz\/entity-embeddings\/embedding_tools.html> ?",
        "user": "W81LDDNPM",
        "ts": "1537382942.000200",
        "team": "T86S8GHEG",
        "user_team": "T86S8GHEG",
        "source_team": "T86S8GHEG",
        "user_profile": {
            "avatar_hash": "g86e75ed44d8",
            "image_72": "https:\/\/secure.gravatar.com\/avatar\/586e75ed44d83e02aa496a0c3d6ffc3d.jpg?s=72&d=https%3A%2F%2Fa.slack-edge.com%2Fdf10d%2Fimg%2Favatars%2Fava_0016-72.png",
            "first_name": "Kovas",
            "real_name": "Kovas Boguta",
            "display_name": "kboguta",
            "team": "T86S8GHEG",
            "name": "kboguta",
            "is_restricted": false,
            "is_ultra_restricted": false
        }
    },
    {
        "client_msg_id": "b8e3f99b-006e-4da9-a4a6-c2f9dc3e096f",
        "type": "message",
        "text": "yep that’s the tool",
        "user": "W81EZ626P",
        "ts": "1537382952.000100",
        "team": "T86S8GHEG",
        "user_team": "T86S8GHEG",
        "source_team": "T86S8GHEG",
        "user_profile": {
            "avatar_hash": "bb903008f72f",
            "image_72": "https:\/\/avatars.slack-edge.com\/2019-02-05\/542203016800_bb903008f72fbebfcd01_72.png",
            "first_name": "Dan",
            "real_name": "Dan Shiebler",
            "display_name": "dshiebler",
            "team": "T86S8GHEG",
            "name": "dshiebler",
            "is_restricted": false,
            "is_ultra_restricted": false
        }
    },
    {
        "client_msg_id": "7b13a41b-b74a-429d-931e-69a75d868dae",
        "type": "message",
        "text": "although it’s raw tensorflow, not dbv2",
        "user": "W81EZ626P",
        "ts": "1537382959.000100",
        "team": "T86S8GHEG",
        "user_team": "T86S8GHEG",
        "source_team": "T86S8GHEG",
        "user_profile": {
            "avatar_hash": "bb903008f72f",
            "image_72": "https:\/\/avatars.slack-edge.com\/2019-02-05\/542203016800_bb903008f72fbebfcd01_72.png",
            "first_name": "Dan",
            "real_name": "Dan Shiebler",
            "display_name": "dshiebler",
            "team": "T86S8GHEG",
            "name": "dshiebler",
            "is_restricted": false,
            "is_ultra_restricted": false
        }
    },
    {
        "client_msg_id": "bedcbfdd-d472-4890-9735-e31be9313d11",
        "type": "message",
        "text": "<@W81EY00N7> it seems running for 1 mins.",
        "user": "W811HTW8Y",
        "ts": "1537383337.000100",
        "team": "T86S8GHEG",
        "user_team": "T86S8GHEG",
        "source_team": "T86S8GHEG",
        "user_profile": {
            "avatar_hash": "b587db66c76d",
            "image_72": "https:\/\/avatars.slack-edge.com\/2019-05-31\/640931954786_b587db66c76d9b0a2e4c_72.jpg",
            "first_name": "Li",
            "real_name": "Li Xu",
            "display_name": "lix",
            "team": "T86S8GHEG",
            "name": "lix",
            "is_restricted": false,
            "is_ultra_restricted": false
        }
    },
    {
        "client_msg_id": "f773f2fa-7452-4b93-a53e-50cb16e43b0f",
        "type": "message",
        "text": "actually 2 mins",
        "user": "W811HTW8Y",
        "ts": "1537383360.000100",
        "team": "T86S8GHEG",
        "user_team": "T86S8GHEG",
        "source_team": "T86S8GHEG",
        "user_profile": {
            "avatar_hash": "b587db66c76d",
            "image_72": "https:\/\/avatars.slack-edge.com\/2019-05-31\/640931954786_b587db66c76d9b0a2e4c_72.jpg",
            "first_name": "Li",
            "real_name": "Li Xu",
            "display_name": "lix",
            "team": "T86S8GHEG",
            "name": "lix",
            "is_restricted": false,
            "is_ultra_restricted": false
        }
    },
    {
        "client_msg_id": "588e366c-b9ff-4fc0-9bde-256ccd244814",
        "type": "message",
        "text": "can you increase `loadgen_maxRecords` by x10",
        "user": "W81EY00N7",
        "ts": "1537383371.000100",
        "team": "T86S8GHEG",
        "user_team": "T86S8GHEG",
        "source_team": "T86S8GHEG",
        "user_profile": {
            "avatar_hash": "d30a8ec2b572",
            "image_72": "https:\/\/avatars.slack-edge.com\/2019-04-22\/614865012036_d30a8ec2b5727438f308_72.png",
            "first_name": "Briac",
            "real_name": "Briac Marcatte",
            "display_name": "bmarcatte",
            "team": "T86S8GHEG",
            "name": "bmarcatte",
            "is_restricted": false,
            "is_ultra_restricted": false
        }
    },
    {
        "client_msg_id": "cd1a5606-ca0a-4a9f-83ce-21eebc50af9c",
        "type": "message",
        "text": "i.e 100000 -&gt; 1000000",
        "user": "W81EY00N7",
        "ts": "1537383413.000100",
        "team": "T86S8GHEG",
        "user_team": "T86S8GHEG",
        "source_team": "T86S8GHEG",
        "user_profile": {
            "avatar_hash": "d30a8ec2b572",
            "image_72": "https:\/\/avatars.slack-edge.com\/2019-04-22\/614865012036_d30a8ec2b5727438f308_72.png",
            "first_name": "Briac",
            "real_name": "Briac Marcatte",
            "display_name": "bmarcatte",
            "team": "T86S8GHEG",
            "name": "bmarcatte",
            "is_restricted": false,
            "is_ultra_restricted": false
        },
        "reactions": [
            {
                "name": "ok_hand",
                "users": [
                    "W811HTW8Y"
                ],
                "count": 1
            }
        ]
    },
    {
        "client_msg_id": "47cfe396-0445-4319-90f5-15f03f72022e",
        "type": "message",
        "text": "<https:\/\/jira.twitter.biz\/browse\/CX-11405>",
        "user": "W82H4TG5C",
        "ts": "1537388089.000100",
        "team": "T86S8GHEG",
        "user_team": "T86S8GHEG",
        "source_team": "T86S8GHEG",
        "user_profile": {
            "avatar_hash": "e54a4dcf1905",
            "image_72": "https:\/\/avatars.slack-edge.com\/2017-12-01\/280526892658_e54a4dcf190568de138b_72.jpg",
            "first_name": "Kamran",
            "real_name": "Kamran Munshi",
            "display_name": "kmunshi",
            "team": "T86S8GHEG",
            "name": "kmunshi",
            "is_restricted": false,
            "is_ultra_restricted": false
        },
        "thread_ts": "1537382239.000100",
        "parent_user_id": "W82H4TG5C"
    },
    {
        "client_msg_id": "eb40294a-96a2-4c97-9b3e-c98d1b25a121",
        "type": "message",
        "text": "lmk when you have a chance to look at it <@W81BJEAGZ>",
        "user": "W82H4TG5C",
        "ts": "1537388106.000100",
        "team": "T86S8GHEG",
        "user_team": "T86S8GHEG",
        "source_team": "T86S8GHEG",
        "user_profile": {
            "avatar_hash": "e54a4dcf1905",
            "image_72": "https:\/\/avatars.slack-edge.com\/2017-12-01\/280526892658_e54a4dcf190568de138b_72.jpg",
            "first_name": "Kamran",
            "real_name": "Kamran Munshi",
            "display_name": "kmunshi",
            "team": "T86S8GHEG",
            "name": "kmunshi",
            "is_restricted": false,
            "is_ultra_restricted": false
        },
        "thread_ts": "1537382239.000100",
        "parent_user_id": "W82H4TG5C"
    },
    {
        "client_msg_id": "0f6bb490-bf92-4ca5-b860-9999ca2bc8b6",
        "type": "message",
        "text": "<@W811HTW8Y> i think usually you need to look at `batchPrediction` section instead `prediction`. It’s a little confusing but these are two different endpoints and most of the time `batchPrediction` is called because it takes `BatchPredictionRequest`",
        "user": "W81U1DTPF",
        "ts": "1537388658.000100",
        "team": "T86S8GHEG",
        "user_team": "T86S8GHEG",
        "source_team": "T86S8GHEG",
        "user_profile": {
            "avatar_hash": "gcab983eb601",
            "image_72": "https:\/\/secure.gravatar.com\/avatar\/dcab983eb601ece6a7ee6a77a31ce23e.jpg?s=72&d=https%3A%2F%2Fa.slack-edge.com%2Fdf10d%2Fimg%2Favatars%2Fava_0025-72.png",
            "first_name": "Jiyuan",
            "real_name": "Jiyuan Qian",
            "display_name": "jqian",
            "team": "T86S8GHEG",
            "name": "jqian",
            "is_restricted": false,
            "is_ultra_restricted": false
        }
    },
    {
        "client_msg_id": "8ec0f9a5-0f68-4329-b3fb-68a145c5f721",
        "type": "message",
        "text": "also data can be noisy if you only run it for a short time (eg. &lt; 5min)",
        "user": "W81U1DTPF",
        "ts": "1537388706.000100",
        "team": "T86S8GHEG",
        "user_team": "T86S8GHEG",
        "source_team": "T86S8GHEG",
        "user_profile": {
            "avatar_hash": "gcab983eb601",
            "image_72": "https:\/\/secure.gravatar.com\/avatar\/dcab983eb601ece6a7ee6a77a31ce23e.jpg?s=72&d=https%3A%2F%2Fa.slack-edge.com%2Fdf10d%2Fimg%2Favatars%2Fava_0025-72.png",
            "first_name": "Jiyuan",
            "real_name": "Jiyuan Qian",
            "display_name": "jqian",
            "team": "T86S8GHEG",
            "name": "jqian",
            "is_restricted": false,
            "is_ultra_restricted": false
        },
        "reactions": [
            {
                "name": "+1",
                "users": [
                    "W811HTW8Y"
                ],
                "count": 1
            },
            {
                "name": "ok_hand",
                "users": [
                    "W811HTW8Y"
                ],
                "count": 1
            }
        ]
    },
    {
        "client_msg_id": "54d583f6-940b-4cf8-a11a-66fde6595d7d",
        "type": "message",
        "text": "hi there - i’m getting this error message when trying to start a training task using dbv2. any ideas what might be happening here?",
        "user": "W81B9UEV9",
        "ts": "1537392900.000100",
        "team": "T86S8GHEG",
        "user_team": "T86S8GHEG",
        "source_team": "T86S8GHEG",
        "user_profile": {
            "avatar_hash": "789ab73bbc13",
            "image_72": "https:\/\/avatars.slack-edge.com\/2018-02-05\/310187346036_789ab73bbc13ebd47d93_72.jpg",
            "first_name": "Andrew",
            "real_name": "Andrew Techmeier",
            "display_name": "atechmeier",
            "team": "T86S8GHEG",
            "name": "atechmeier",
            "is_restricted": false,
            "is_ultra_restricted": false
        }
    },
    {
        "type": "message",
        "text": "",
        "files": [
            {
                "id": "FCX0LKX8T",
                "created": 1537392905,
                "timestamp": 1537392905,
                "name": "-.pl",
                "title": "Untitled",
                "mimetype": "text\/plain",
                "filetype": "perl",
                "pretty_type": "Perl",
                "user": "W81B9UEV9",
                "editable": true,
                "size": 3228,
                "mode": "snippet",
                "is_external": false,
                "external_type": "",
                "is_public": true,
                "public_url_shared": false,
                "display_as_bot": false,
                "username": "",
                "url_private": "https:\/\/files.slack.com\/files-pri\/T7U3XVBLP-FCX0LKX8T\/-.pl?t=xoxe-278892561492-1005149783089-1017423836678-e1e14aa1789ddce7f4decc622097bda8",
                "url_private_download": "https:\/\/files.slack.com\/files-pri\/T7U3XVBLP-FCX0LKX8T\/download\/-.pl?t=xoxe-278892561492-1005149783089-1017423836678-e1e14aa1789ddce7f4decc622097bda8",
                "permalink": "https:\/\/twitter.enterprise.slack.com\/files\/W81B9UEV9\/FCX0LKX8T\/-.pl",
                "permalink_public": "https:\/\/slack-files.com\/T7U3XVBLP-FCX0LKX8T-2862949aca",
                "edit_link": "https:\/\/twitter.enterprise.slack.com\/files\/W81B9UEV9\/FCX0LKX8T\/-.pl\/edit",
                "is_starred": false,
                "has_rich_preview": false
            }
        ],
        "upload": true,
        "user": "W81B9UEV9",
        "display_as_bot": false,
        "ts": "1537392906.000100"
    },
    {
        "client_msg_id": "00cd453a-84d6-4947-b0aa-57edf5c95b42",
        "type": "message",
        "text": "i’m trying to launch the training via the hyperparameter tuner in ml workflows FWIW",
        "user": "W81B9UEV9",
        "ts": "1537393155.000100",
        "team": "T86S8GHEG",
        "user_team": "T86S8GHEG",
        "source_team": "T86S8GHEG",
        "user_profile": {
            "avatar_hash": "789ab73bbc13",
            "image_72": "https:\/\/avatars.slack-edge.com\/2018-02-05\/310187346036_789ab73bbc13ebd47d93_72.jpg",
            "first_name": "Andrew",
            "real_name": "Andrew Techmeier",
            "display_name": "atechmeier",
            "team": "T86S8GHEG",
            "name": "atechmeier",
            "is_restricted": false,
            "is_ultra_restricted": false
        }
    },
    {
        "client_msg_id": "d2dde4d2-f917-428a-a007-6c5fb471d125",
        "type": "message",
        "text": "<!subteam^S8QBN9FJ6|@deepbirdv2-support> any thoughts re: above ^?",
        "user": "W81B9UEV9",
        "ts": "1537394345.000100",
        "team": "T86S8GHEG",
        "user_team": "T86S8GHEG",
        "source_team": "T86S8GHEG",
        "user_profile": {
            "avatar_hash": "789ab73bbc13",
            "image_72": "https:\/\/avatars.slack-edge.com\/2018-02-05\/310187346036_789ab73bbc13ebd47d93_72.jpg",
            "first_name": "Andrew",
            "real_name": "Andrew Techmeier",
            "display_name": "atechmeier",
            "team": "T86S8GHEG",
            "name": "atechmeier",
            "is_restricted": false,
            "is_ultra_restricted": false
        }
    },
    {
        "type": "message",
        "text": "It looks like there might be some nonstandard characters in <https:\/\/cgit.twitter.biz\/source\/tree\/twml\/twml\/contrib\/pretrained\/word2vec.py>",
        "files": [
            {
                "id": "FCWU36ZE0",
                "created": 1537395232,
                "timestamp": 1537395232,
                "name": "-.m",
                "title": "Untitled",
                "mimetype": "text\/plain",
                "filetype": "matlab",
                "pretty_type": "MATLAB",
                "user": "W81B9UEV9",
                "editable": true,
                "size": 1305,
                "mode": "snippet",
                "is_external": false,
                "external_type": "",
                "is_public": true,
                "public_url_shared": false,
                "display_as_bot": false,
                "username": "",
                "url_private": "https:\/\/files.slack.com\/files-pri\/T7U3XVBLP-FCWU36ZE0\/-.m?t=xoxe-278892561492-1005149783089-1017423836678-e1e14aa1789ddce7f4decc622097bda8",
                "url_private_download": "https:\/\/files.slack.com\/files-pri\/T7U3XVBLP-FCWU36ZE0\/download\/-.m?t=xoxe-278892561492-1005149783089-1017423836678-e1e14aa1789ddce7f4decc622097bda8",
                "permalink": "https:\/\/twitter.enterprise.slack.com\/files\/W81B9UEV9\/FCWU36ZE0\/-.m",
                "permalink_public": "https:\/\/slack-files.com\/T7U3XVBLP-FCWU36ZE0-6d455ace28",
                "edit_link": "https:\/\/twitter.enterprise.slack.com\/files\/W81B9UEV9\/FCWU36ZE0\/-.m\/edit",
                "is_starred": false,
                "has_rich_preview": false
            }
        ],
        "upload": true,
        "user": "W81B9UEV9",
        "display_as_bot": false,
        "ts": "1537395233.000100"
    },
    {
        "client_msg_id": "643c01ca-aa6c-4f50-9c98-d43c20b5d8b7",
        "type": "message",
        "text": "<@W81SCSQ4U> <@WLFA90T9D> <@W81R6HL7L> is the word2vec class still the recommended way to work with embeddings?  Should our users switch to tf-hub?  Should this class be removed?",
        "user": "W820RFKK6",
        "ts": "1537418482.000100",
        "team": "T86S8GHEG",
        "user_team": "T86S8GHEG",
        "source_team": "T86S8GHEG",
        "user_profile": {
            "avatar_hash": "d2cf7d816132",
            "image_72": "https:\/\/avatars.slack-edge.com\/2019-07-21\/694944687905_d2cf7d8161326b26f909_72.jpg",
            "first_name": "Yi",
            "real_name": "Yi Zhuang",
            "display_name": "yz",
            "team": "T86S8GHEG",
            "name": "yz",
            "is_restricted": false,
            "is_ultra_restricted": false
        },
        "thread_ts": "1537418482.000100",
        "reply_count": 4,
        "reply_users_count": 3,
        "latest_reply": "1537453284.000100",
        "reply_users": [
            "WLFA90T9D",
            "W81EZ626P",
            "W81R6HL7L"
        ],
        "replies": [
            {
                "user": "WLFA90T9D",
                "ts": "1537434854.000100"
            },
            {
                "user": "WLFA90T9D",
                "ts": "1537450959.000100"
            },
            {
                "user": "W81EZ626P",
                "ts": "1537453058.000100"
            },
            {
                "user": "W81R6HL7L",
                "ts": "1537453284.000100"
            }
        ],
        "subscribed": false
    }
]