[
    {
        "type": "message",
        "subtype": "bot_message",
        "text": "There is *1* event today",
        "ts": "1552053601.241100",
        "username": "DeepBird v2 Users",
        "bot_id": "BDG4KCQ06",
        "attachments": [
            {
                "fallback": "DeepBird v2 Office Hours: <!date^1552082400^{date_short_pretty} from {time}|March 8th, 2019 from 2:00 PM> to <!date^1552089600^{time}|4:00 PM GMT-0800>",
                "text": "<!date^1552082400^{date_short_pretty} from {time}|March 8th, 2019 from 2:00 PM> to <!date^1552089600^{time}|4:00 PM GMT-0800> at <https:\/\/maps.google.com\/maps?q=SFMarket-7-Kittiwake+%288%29+%5BHangouts%2C+Jamboard%2C+LCD%5D|SFMarket-7-Kittiwake (8) [Hangouts, Jamboard, LCD]>",
                "title": "DeepBird v2 Office Hours",
                "id": 1,
                "title_link": "https:\/\/www.google.com\/calendar\/event?eid=c3VpNGY3dTBzdGxkbWpodXZibmhua2E4b3NfMjAxOTAzMDhUMjIwMDAwWiB0d2l0dGVyLmNvbV9iaGJnbWhocjVxOHNzdXE0MTgwdnNraXAyMEBn",
                "color": "cd74e6",
                "mrkdwn_in": [
                    "text",
                    "pretext"
                ]
            }
        ]
    },
    {
        "bot_id": "B8A47HZCL",
        "type": "message",
        "text": "FYI: <@WAX2RDTGB> <@W8MSTHA74> are now active for oncall",
        "user": "W89H645FB",
        "ts": "1552053706.241200",
        "team": "T86S8GHEG",
        "bot_profile": {
            "id": "B8A47HZCL",
            "deleted": false,
            "name": "bot",
            "updated": 1512499948,
            "app_id": "A0F7YS25R",
            "icons": {
                "image_36": "https:\/\/a.slack-edge.com\/80588\/img\/services\/bots_36.png",
                "image_48": "https:\/\/a.slack-edge.com\/80588\/img\/plugins\/bot\/service_48.png",
                "image_72": "https:\/\/a.slack-edge.com\/80588\/img\/services\/bots_72.png"
            },
            "team_id": "T86S8GHEG"
        }
    },
    {
        "client_msg_id": "8da50768-2726-4bc4-be21-979f88f0b81a",
        "type": "message",
        "text": "<@W89H645FB> got an error message: `ensorflow\/python\/framework\/tensor_util.py”, line 506, in make_tensor_proto\n    “Cannot create a tensor proto whose content is larger than 2GB.“)\nValueError: Cannot create a tensor proto whose content is larger than 2GB.`",
        "user": "W817TFSKT",
        "ts": "1552056289.241600",
        "team": "T86S8GHEG",
        "user_team": "T86S8GHEG",
        "source_team": "T86S8GHEG",
        "user_profile": {
            "avatar_hash": "47e0b1334927",
            "image_72": "https:\/\/avatars.slack-edge.com\/2018-01-04\/294191740213_47e0b1334927aeeb3521_72.jpg",
            "first_name": "Hanchen",
            "real_name": "Hanchen Xiong",
            "display_name": "hxiong",
            "team": "T86S8GHEG",
            "name": "hxiong",
            "is_restricted": false,
            "is_ultra_restricted": false
        }
    },
    {
        "bot_id": "B8A47HZCL",
        "type": "message",
        "text": "cc\/ <@WAX2RDTGB> <@W8MSTHA74>",
        "user": "W89H645FB",
        "ts": "1552056290.241700",
        "team": "T86S8GHEG",
        "bot_profile": {
            "id": "B8A47HZCL",
            "deleted": false,
            "name": "bot",
            "updated": 1512499948,
            "app_id": "A0F7YS25R",
            "icons": {
                "image_36": "https:\/\/a.slack-edge.com\/80588\/img\/services\/bots_36.png",
                "image_48": "https:\/\/a.slack-edge.com\/80588\/img\/plugins\/bot\/service_48.png",
                "image_72": "https:\/\/a.slack-edge.com\/80588\/img\/services\/bots_72.png"
            },
            "team_id": "T86S8GHEG"
        },
        "attachments": [
            {
                "author_name": "Hanchen Xiong",
                "text": " got an error message: `ensorflow\/python\/framework\/tensor_util.py”, line 506, in make_tensor_proto\n    “Cannot create a tensor proto whose content is larger than 2GB.“)\nValueError: Cannot create a tensor proto whose content is larger than 2GB.`",
                "id": 1,
                "author_icon": "https:\/\/avatars.slack-edge.com\/2018-01-04\/294191740213_47e0b1334927aeeb3521_72.jpg",
                "fallback": " got an error message: `ensorflow\/python\/framework\/tensor_util.py”, line 506, in make_tensor_proto\n    “Cannot create a tensor proto whose content is larger than 2GB.“)\nValueError: Cannot create a tensor proto whose content is larger than 2GB.`"
            }
        ]
    },
    {
        "client_msg_id": "9116620b-a234-4279-8264-feb379990903",
        "type": "message",
        "text": "i thought this was already solved ? <https:\/\/jira.twitter.biz\/browse\/CX-12390> <@W81BJEAGZ> <@W81SCSQ4U>",
        "user": "W817TFSKT",
        "ts": "1552056369.242400",
        "team": "T86S8GHEG",
        "user_team": "T86S8GHEG",
        "source_team": "T86S8GHEG",
        "user_profile": {
            "avatar_hash": "47e0b1334927",
            "image_72": "https:\/\/avatars.slack-edge.com\/2018-01-04\/294191740213_47e0b1334927aeeb3521_72.jpg",
            "first_name": "Hanchen",
            "real_name": "Hanchen Xiong",
            "display_name": "hxiong",
            "team": "T86S8GHEG",
            "name": "hxiong",
            "is_restricted": false,
            "is_ultra_restricted": false
        }
    },
    {
        "client_msg_id": "6c726413-eddf-4b01-9255-4266f3e73ad9",
        "type": "message",
        "text": "<@W817TFSKT> It’s likely that the fix doesn’t take into account that use case - can you share add a snippet of your code to the ticket?",
        "user": "W81EY00N7",
        "ts": "1552058976.244100",
        "team": "T86S8GHEG",
        "user_team": "T86S8GHEG",
        "source_team": "T86S8GHEG",
        "user_profile": {
            "avatar_hash": "d30a8ec2b572",
            "image_72": "https:\/\/avatars.slack-edge.com\/2019-04-22\/614865012036_d30a8ec2b5727438f308_72.png",
            "first_name": "Briac",
            "real_name": "Briac Marcatte",
            "display_name": "bmarcatte",
            "team": "T86S8GHEG",
            "name": "bmarcatte",
            "is_restricted": false,
            "is_ultra_restricted": false
        }
    },
    {
        "client_msg_id": "3bf16420-a418-433e-8607-d7201f35b82c",
        "type": "message",
        "text": "We’ll make sure to come back with a solution on that",
        "user": "W81EY00N7",
        "ts": "1552058983.244400",
        "team": "T86S8GHEG",
        "user_team": "T86S8GHEG",
        "source_team": "T86S8GHEG",
        "user_profile": {
            "avatar_hash": "d30a8ec2b572",
            "image_72": "https:\/\/avatars.slack-edge.com\/2019-04-22\/614865012036_d30a8ec2b5727438f308_72.png",
            "first_name": "Briac",
            "real_name": "Briac Marcatte",
            "display_name": "bmarcatte",
            "team": "T86S8GHEG",
            "name": "bmarcatte",
            "is_restricted": false,
            "is_ultra_restricted": false
        },
        "edited": {
            "user": "W81EY00N7",
            "ts": "1552059031.000000"
        },
        "reactions": [
            {
                "name": "+1",
                "users": [
                    "W817TFSKT"
                ],
                "count": 1
            }
        ]
    },
    {
        "client_msg_id": "9e895ca3-82f0-4f5e-aa33-1e0ce9591fc6",
        "type": "message",
        "text": "yes, doing it now",
        "user": "W817TFSKT",
        "ts": "1552058994.244800",
        "team": "T86S8GHEG",
        "user_team": "T86S8GHEG",
        "source_team": "T86S8GHEG",
        "user_profile": {
            "avatar_hash": "47e0b1334927",
            "image_72": "https:\/\/avatars.slack-edge.com\/2018-01-04\/294191740213_47e0b1334927aeeb3521_72.jpg",
            "first_name": "Hanchen",
            "real_name": "Hanchen Xiong",
            "display_name": "hxiong",
            "team": "T86S8GHEG",
            "name": "hxiong",
            "is_restricted": false,
            "is_ultra_restricted": false
        },
        "reactions": [
            {
                "name": "+1",
                "users": [
                    "W81EY00N7"
                ],
                "count": 1
            }
        ]
    },
    {
        "client_msg_id": "d3824777-3f11-4438-8338-8ad33d04890b",
        "type": "message",
        "text": "<@W89H645FB> <@W81EY00N7> also put it here for a quick reference: <https:\/\/phabricator.twitter.biz\/D278407?vs=966764&amp;id=970338#change-Gl3yLYB5CxNh>",
        "user": "W817TFSKT",
        "ts": "1552060257.245700",
        "team": "T86S8GHEG",
        "user_team": "T86S8GHEG",
        "source_team": "T86S8GHEG",
        "user_profile": {
            "avatar_hash": "47e0b1334927",
            "image_72": "https:\/\/avatars.slack-edge.com\/2018-01-04\/294191740213_47e0b1334927aeeb3521_72.jpg",
            "first_name": "Hanchen",
            "real_name": "Hanchen Xiong",
            "display_name": "hxiong",
            "team": "T86S8GHEG",
            "name": "hxiong",
            "is_restricted": false,
            "is_ultra_restricted": false
        },
        "reactions": [
            {
                "name": "+1",
                "users": [
                    "W8MSTHA74"
                ],
                "count": 1
            }
        ]
    },
    {
        "bot_id": "B8A47HZCL",
        "type": "message",
        "text": "cc\/ <@WAX2RDTGB> <@W8MSTHA74>",
        "user": "W89H645FB",
        "ts": "1552060257.245800",
        "team": "T86S8GHEG",
        "bot_profile": {
            "id": "B8A47HZCL",
            "deleted": false,
            "name": "bot",
            "updated": 1512499948,
            "app_id": "A0F7YS25R",
            "icons": {
                "image_36": "https:\/\/a.slack-edge.com\/80588\/img\/services\/bots_36.png",
                "image_48": "https:\/\/a.slack-edge.com\/80588\/img\/plugins\/bot\/service_48.png",
                "image_72": "https:\/\/a.slack-edge.com\/80588\/img\/services\/bots_72.png"
            },
            "team_id": "T86S8GHEG"
        },
        "attachments": [
            {
                "author_name": "Hanchen Xiong",
                "text": " <@W81EY00N7> also put it here for a quick reference: <https:\/\/phabricator.twitter.biz\/D278407?vs=966764&amp;id=970338#change-Gl3yLYB5CxNh>",
                "id": 1,
                "author_icon": "https:\/\/avatars.slack-edge.com\/2018-01-04\/294191740213_47e0b1334927aeeb3521_72.jpg",
                "fallback": " <@W81EY00N7> also put it here for a quick reference: <https:\/\/phabricator.twitter.biz\/D278407?vs=966764&amp;id=970338#change-Gl3yLYB5CxNh>"
            }
        ]
    },
    {
        "client_msg_id": "dbfb9e14-16a0-4e8d-8ff7-3b4f37b87116",
        "type": "message",
        "text": "Does this model also have isotonic? <@W817TFSKT>",
        "user": "WLDEPL9C0",
        "ts": "1552062709.246400",
        "team": "T86S8GHEG",
        "user_team": "T86S8GHEG",
        "source_team": "T86S8GHEG",
        "user_profile": {
            "avatar_hash": "cf7cd52b84b2",
            "image_72": "https:\/\/avatars.slack-edge.com\/2018-01-25\/305832776663_cf7cd52b84b2e42f2f97_72.png",
            "first_name": "Cibele",
            "real_name": "Cibele Halasz",
            "display_name": "cmontezhalasz",
            "team": "T86S8GHEG",
            "name": "cmontezhalasz",
            "is_restricted": false,
            "is_ultra_restricted": false
        }
    },
    {
        "client_msg_id": "ff01fcf8-de4e-49cd-b581-566c16b889e6",
        "type": "message",
        "text": "no, i removed isotonic since at the moment it does not support multi-class case",
        "user": "W817TFSKT",
        "ts": "1552063339.247100",
        "team": "T86S8GHEG",
        "user_team": "T86S8GHEG",
        "source_team": "T86S8GHEG",
        "user_profile": {
            "avatar_hash": "47e0b1334927",
            "image_72": "https:\/\/avatars.slack-edge.com\/2018-01-04\/294191740213_47e0b1334927aeeb3521_72.jpg",
            "first_name": "Hanchen",
            "real_name": "Hanchen Xiong",
            "display_name": "hxiong",
            "team": "T86S8GHEG",
            "name": "hxiong",
            "is_restricted": false,
            "is_ultra_restricted": false
        }
    },
    {
        "client_msg_id": "8bcc8555-6416-4190-98ea-f70c09a04966",
        "type": "message",
        "text": "the big tensor is from EmbeddingLookup since i loaded 6 million word embeddings.( around 20GB)",
        "user": "W817TFSKT",
        "ts": "1552063399.248500",
        "team": "T86S8GHEG",
        "user_team": "T86S8GHEG",
        "source_team": "T86S8GHEG",
        "user_profile": {
            "avatar_hash": "47e0b1334927",
            "image_72": "https:\/\/avatars.slack-edge.com\/2018-01-04\/294191740213_47e0b1334927aeeb3521_72.jpg",
            "first_name": "Hanchen",
            "real_name": "Hanchen Xiong",
            "display_name": "hxiong",
            "team": "T86S8GHEG",
            "name": "hxiong",
            "is_restricted": false,
            "is_ultra_restricted": false
        }
    },
    {
        "client_msg_id": "7fa90b19-5b8a-4901-9615-a11ca3ba8009",
        "type": "message",
        "text": "<@W817TFSKT> how big are your attention embeddings ?",
        "user": "W81BJEAGZ",
        "ts": "1552063583.248600",
        "team": "T86S8GHEG",
        "user_team": "T86S8GHEG",
        "source_team": "T86S8GHEG",
        "user_profile": {
            "avatar_hash": "45f9fa184373",
            "image_72": "https:\/\/avatars.slack-edge.com\/2019-04-25\/620857384023_45f9fa184373c2c504f5_72.jpg",
            "first_name": "Pavan",
            "real_name": "Pavan Yalamanchili",
            "display_name": "pyalamanchili",
            "team": "T86S8GHEG",
            "name": "pyalamanchili",
            "is_restricted": false,
            "is_ultra_restricted": false
        }
    },
    {
        "client_msg_id": "af7960eb-61bb-45dd-93ef-c6787979543c",
        "type": "message",
        "text": "that should be small, around 2 million float number",
        "user": "W817TFSKT",
        "ts": "1552063608.249100",
        "team": "T86S8GHEG",
        "user_team": "T86S8GHEG",
        "source_team": "T86S8GHEG",
        "user_profile": {
            "avatar_hash": "47e0b1334927",
            "image_72": "https:\/\/avatars.slack-edge.com\/2018-01-04\/294191740213_47e0b1334927aeeb3521_72.jpg",
            "first_name": "Hanchen",
            "real_name": "Hanchen Xiong",
            "display_name": "hxiong",
            "team": "T86S8GHEG",
            "name": "hxiong",
            "is_restricted": false,
            "is_ultra_restricted": false
        }
    },
    {
        "client_msg_id": "8cbc7138-17fe-4e9a-887b-dea639f7293f",
        "type": "message",
        "text": "let me check",
        "user": "W817TFSKT",
        "ts": "1552063613.249300",
        "team": "T86S8GHEG",
        "user_team": "T86S8GHEG",
        "source_team": "T86S8GHEG",
        "user_profile": {
            "avatar_hash": "47e0b1334927",
            "image_72": "https:\/\/avatars.slack-edge.com\/2018-01-04\/294191740213_47e0b1334927aeeb3521_72.jpg",
            "first_name": "Hanchen",
            "real_name": "Hanchen Xiong",
            "display_name": "hxiong",
            "team": "T86S8GHEG",
            "name": "hxiong",
            "is_restricted": false,
            "is_ultra_restricted": false
        }
    },
    {
        "client_msg_id": "cb513f4b-2140-49fd-b086-6a350ae24a29",
        "type": "message",
        "text": "share the link to stderr if you can",
        "user": "W81BJEAGZ",
        "ts": "1552063642.249600",
        "team": "T86S8GHEG",
        "user_team": "T86S8GHEG",
        "source_team": "T86S8GHEG",
        "user_profile": {
            "avatar_hash": "45f9fa184373",
            "image_72": "https:\/\/avatars.slack-edge.com\/2019-04-25\/620857384023_45f9fa184373c2c504f5_72.jpg",
            "first_name": "Pavan",
            "real_name": "Pavan Yalamanchili",
            "display_name": "pyalamanchili",
            "team": "T86S8GHEG",
            "name": "pyalamanchili",
            "is_restricted": false,
            "is_ultra_restricted": false
        }
    },
    {
        "client_msg_id": "721c07df-2876-46e7-8a22-0759a32efb47",
        "type": "message",
        "text": "sure, <http:\/\/smf1-azq-30-sr1.prod.twitter.com:1338\/logs\/hxiong-devel-train-minerva-prod-0-0-949410ba-0213-478c-ba7d-0bbe88382be3\/train\/0\/stderr>",
        "user": "W817TFSKT",
        "ts": "1552063674.249800",
        "team": "T86S8GHEG",
        "user_team": "T86S8GHEG",
        "source_team": "T86S8GHEG",
        "user_profile": {
            "avatar_hash": "47e0b1334927",
            "image_72": "https:\/\/avatars.slack-edge.com\/2018-01-04\/294191740213_47e0b1334927aeeb3521_72.jpg",
            "first_name": "Hanchen",
            "real_name": "Hanchen Xiong",
            "display_name": "hxiong",
            "team": "T86S8GHEG",
            "name": "hxiong",
            "is_restricted": false,
            "is_ultra_restricted": false
        }
    },
    {
        "client_msg_id": "519073fb-385b-45a7-ae03-23d348843f07",
        "type": "message",
        "text": "the job failed around 2 hours ago",
        "user": "W817TFSKT",
        "ts": "1552063696.250100",
        "team": "T86S8GHEG",
        "user_team": "T86S8GHEG",
        "source_team": "T86S8GHEG",
        "user_profile": {
            "avatar_hash": "47e0b1334927",
            "image_72": "https:\/\/avatars.slack-edge.com\/2018-01-04\/294191740213_47e0b1334927aeeb3521_72.jpg",
            "first_name": "Hanchen",
            "real_name": "Hanchen Xiong",
            "display_name": "hxiong",
            "team": "T86S8GHEG",
            "name": "hxiong",
            "is_restricted": false,
            "is_ultra_restricted": false
        }
    },
    {
        "client_msg_id": "2966fadf-d1df-4c1b-991a-ba0f44843ee2",
        "type": "message",
        "text": "<@W81BJEAGZ> attention embedding is only 38 MB",
        "user": "W817TFSKT",
        "ts": "1552063758.250400",
        "team": "T86S8GHEG",
        "user_team": "T86S8GHEG",
        "source_team": "T86S8GHEG",
        "user_profile": {
            "avatar_hash": "47e0b1334927",
            "image_72": "https:\/\/avatars.slack-edge.com\/2018-01-04\/294191740213_47e0b1334927aeeb3521_72.jpg",
            "first_name": "Hanchen",
            "real_name": "Hanchen Xiong",
            "display_name": "hxiong",
            "team": "T86S8GHEG",
            "name": "hxiong",
            "is_restricted": false,
            "is_ultra_restricted": false
        }
    },
    {
        "client_msg_id": "1d3c334e-27f4-43ea-bc1f-92a10ce4c9e5",
        "type": "message",
        "text": "<@W817TFSKT> there is an issue when we hub export large models",
        "user": "W81BJEAGZ",
        "ts": "1552063779.250900",
        "team": "T86S8GHEG",
        "user_team": "T86S8GHEG",
        "source_team": "T86S8GHEG",
        "user_profile": {
            "avatar_hash": "45f9fa184373",
            "image_72": "https:\/\/avatars.slack-edge.com\/2019-04-25\/620857384023_45f9fa184373c2c504f5_72.jpg",
            "first_name": "Pavan",
            "real_name": "Pavan Yalamanchili",
            "display_name": "pyalamanchili",
            "team": "T86S8GHEG",
            "name": "pyalamanchili",
            "is_restricted": false,
            "is_ultra_restricted": false
        }
    },
    {
        "client_msg_id": "94ec8bd7-7ff2-4dff-90bc-490c6f6b48be",
        "type": "message",
        "text": "we are trying to figure that one out",
        "user": "W81BJEAGZ",
        "ts": "1552063784.251200",
        "team": "T86S8GHEG",
        "user_team": "T86S8GHEG",
        "source_team": "T86S8GHEG",
        "user_profile": {
            "avatar_hash": "45f9fa184373",
            "image_72": "https:\/\/avatars.slack-edge.com\/2019-04-25\/620857384023_45f9fa184373c2c504f5_72.jpg",
            "first_name": "Pavan",
            "real_name": "Pavan Yalamanchili",
            "display_name": "pyalamanchili",
            "team": "T86S8GHEG",
            "name": "pyalamanchili",
            "is_restricted": false,
            "is_ultra_restricted": false
        }
    },
    {
        "client_msg_id": "41cf582b-b361-4e7c-b59e-2da5f591800b",
        "type": "message",
        "text": "yes, i guess the same. can you roughly time box it how long will it take to fix this one ?",
        "user": "W817TFSKT",
        "ts": "1552063816.252100",
        "team": "T86S8GHEG",
        "user_team": "T86S8GHEG",
        "source_team": "T86S8GHEG",
        "user_profile": {
            "avatar_hash": "47e0b1334927",
            "image_72": "https:\/\/avatars.slack-edge.com\/2018-01-04\/294191740213_47e0b1334927aeeb3521_72.jpg",
            "first_name": "Hanchen",
            "real_name": "Hanchen Xiong",
            "display_name": "hxiong",
            "team": "T86S8GHEG",
            "name": "hxiong",
            "is_restricted": false,
            "is_ultra_restricted": false
        }
    },
    {
        "client_msg_id": "44e008b8-235f-4874-81aa-5fd640a17044",
        "type": "message",
        "text": "but there is a work around",
        "user": "W81BJEAGZ",
        "ts": "1552063817.252300",
        "team": "T86S8GHEG",
        "user_team": "T86S8GHEG",
        "source_team": "T86S8GHEG",
        "user_profile": {
            "avatar_hash": "45f9fa184373",
            "image_72": "https:\/\/avatars.slack-edge.com\/2019-04-25\/620857384023_45f9fa184373c2c504f5_72.jpg",
            "first_name": "Pavan",
            "real_name": "Pavan Yalamanchili",
            "display_name": "pyalamanchili",
            "team": "T86S8GHEG",
            "name": "pyalamanchili",
            "is_restricted": false,
            "is_ultra_restricted": false
        }
    },
    {
        "client_msg_id": "f640bae4-b679-4227-b14e-aa1408189773",
        "type": "message",
        "text": "actually there is a *preferred* solution that works but the work around for timelines we used for performance reasons doesnt work like this",
        "user": "W81BJEAGZ",
        "ts": "1552063848.253100",
        "team": "T86S8GHEG",
        "user_team": "T86S8GHEG",
        "source_team": "T86S8GHEG",
        "user_profile": {
            "avatar_hash": "45f9fa184373",
            "image_72": "https:\/\/avatars.slack-edge.com\/2019-04-25\/620857384023_45f9fa184373c2c504f5_72.jpg",
            "first_name": "Pavan",
            "real_name": "Pavan Yalamanchili",
            "display_name": "pyalamanchili",
            "team": "T86S8GHEG",
            "name": "pyalamanchili",
            "is_restricted": false,
            "is_ultra_restricted": false
        }
    },
    {
        "client_msg_id": "da0e4161-94d3-4f81-ad7b-90e20ca4ce91",
        "type": "message",
        "text": "for you it may be worth it to just use that instead",
        "user": "W81BJEAGZ",
        "ts": "1552063859.253400",
        "team": "T86S8GHEG",
        "user_team": "T86S8GHEG",
        "source_team": "T86S8GHEG",
        "user_profile": {
            "avatar_hash": "45f9fa184373",
            "image_72": "https:\/\/avatars.slack-edge.com\/2019-04-25\/620857384023_45f9fa184373c2c504f5_72.jpg",
            "first_name": "Pavan",
            "real_name": "Pavan Yalamanchili",
            "display_name": "pyalamanchili",
            "team": "T86S8GHEG",
            "name": "pyalamanchili",
            "is_restricted": false,
            "is_ultra_restricted": false
        }
    },
    {
        "client_msg_id": "0af5d722-5472-4983-8833-33fbfd5e91e4",
        "type": "message",
        "text": "yes, i am listening",
        "user": "W817TFSKT",
        "ts": "1552063959.255100",
        "team": "T86S8GHEG",
        "user_team": "T86S8GHEG",
        "source_team": "T86S8GHEG",
        "user_profile": {
            "avatar_hash": "47e0b1334927",
            "image_72": "https:\/\/avatars.slack-edge.com\/2018-01-04\/294191740213_47e0b1334927aeeb3521_72.jpg",
            "first_name": "Hanchen",
            "real_name": "Hanchen Xiong",
            "display_name": "hxiong",
            "team": "T86S8GHEG",
            "name": "hxiong",
            "is_restricted": false,
            "is_ultra_restricted": false
        }
    },
    {
        "client_msg_id": "84f63db9-d6d0-404b-8c8b-b5403c2c1705",
        "type": "message",
        "text": "```\ndef build_graph(features, label, mode, params, config=None):\n  mlp = hub.Module(params.mlp_module)\n  # set trainable when training the module\n  logits = mlp(input_dict, signature=params.mlp_module_name, trainable=(mode=='train'))\n\n  if mode == 'infer':\n    probability = tf.nn.softmax(logits)\n    score = probability\n    output = calibration.get_metrics_and_generate_response_tensor(\n        score,\n        probability,\n        metric_at_threshold_lookup_table,\n        batch_size=batch_size\n    )\n    loss = None\n\n  else:\n    # following line is removed\n    # logits = mlp_graph_fn(features, mode, params=params)\n    loss = tf.nn.sparse_softmax_cross_entropy_with_logits(\n      labels=tf.cast(tf.squeeze(label), tf.int32), logits=logits)\n    loss = tf.reduce_mean(loss)\n    output = logits\n  return {'loss': loss, 'output': output}```",
        "user": "W81BJEAGZ",
        "ts": "1552063979.255800",
        "team": "T86S8GHEG",
        "user_team": "T86S8GHEG",
        "source_team": "T86S8GHEG",
        "user_profile": {
            "avatar_hash": "45f9fa184373",
            "image_72": "https:\/\/avatars.slack-edge.com\/2019-04-25\/620857384023_45f9fa184373c2c504f5_72.jpg",
            "first_name": "Pavan",
            "real_name": "Pavan Yalamanchili",
            "display_name": "pyalamanchili",
            "team": "T86S8GHEG",
            "name": "pyalamanchili",
            "is_restricted": false,
            "is_ultra_restricted": false
        },
        "thread_ts": "1552063979.255800",
        "reply_count": 3,
        "reply_users_count": 1,
        "latest_reply": "1552065497.262700",
        "reply_users": [
            "W817TFSKT"
        ],
        "replies": [
            {
                "user": "W817TFSKT",
                "ts": "1552065466.262300"
            },
            {
                "user": "W817TFSKT",
                "ts": "1552065490.262500"
            },
            {
                "user": "W817TFSKT",
                "ts": "1552065497.262700"
            }
        ],
        "subscribed": false
    },
    {
        "client_msg_id": "e93fb993-c614-48f9-b939-6d1fa987887f",
        "type": "message",
        "text": "here is the change ^",
        "user": "W81BJEAGZ",
        "ts": "1552063985.256100",
        "team": "T86S8GHEG",
        "user_team": "T86S8GHEG",
        "source_team": "T86S8GHEG",
        "user_profile": {
            "avatar_hash": "45f9fa184373",
            "image_72": "https:\/\/avatars.slack-edge.com\/2019-04-25\/620857384023_45f9fa184373c2c504f5_72.jpg",
            "first_name": "Pavan",
            "real_name": "Pavan Yalamanchili",
            "display_name": "pyalamanchili",
            "team": "T86S8GHEG",
            "name": "pyalamanchili",
            "is_restricted": false,
            "is_ultra_restricted": false
        }
    },
    {
        "client_msg_id": "8413e2a5-160c-493a-a725-c101a797dfe0",
        "type": "message",
        "text": "but before the hub module exporting, how about regular `rainer.export_model`  will this one work for large tensors ?",
        "user": "W817TFSKT",
        "ts": "1552063990.256300",
        "team": "T86S8GHEG",
        "user_team": "T86S8GHEG",
        "source_team": "T86S8GHEG",
        "user_profile": {
            "avatar_hash": "47e0b1334927",
            "image_72": "https:\/\/avatars.slack-edge.com\/2018-01-04\/294191740213_47e0b1334927aeeb3521_72.jpg",
            "first_name": "Hanchen",
            "real_name": "Hanchen Xiong",
            "display_name": "hxiong",
            "team": "T86S8GHEG",
            "name": "hxiong",
            "is_restricted": false,
            "is_ultra_restricted": false
        }
    },
    {
        "client_msg_id": "da1a9256-0d56-4440-a415-8676e9a675b5",
        "type": "message",
        "text": "<@W817TFSKT> yes",
        "user": "W81BJEAGZ",
        "ts": "1552064001.256500",
        "team": "T86S8GHEG",
        "user_team": "T86S8GHEG",
        "source_team": "T86S8GHEG",
        "user_profile": {
            "avatar_hash": "45f9fa184373",
            "image_72": "https:\/\/avatars.slack-edge.com\/2019-04-25\/620857384023_45f9fa184373c2c504f5_72.jpg",
            "first_name": "Pavan",
            "real_name": "Pavan Yalamanchili",
            "display_name": "pyalamanchili",
            "team": "T86S8GHEG",
            "name": "pyalamanchili",
            "is_restricted": false,
            "is_ultra_restricted": false
        }
    },
    {
        "client_msg_id": "01dc1720-9b73-4bfc-ba5a-5915d5be3e96",
        "type": "message",
        "text": "but even for hub export make the change I suggested",
        "user": "W81BJEAGZ",
        "ts": "1552064011.256900",
        "team": "T86S8GHEG",
        "user_team": "T86S8GHEG",
        "source_team": "T86S8GHEG",
        "user_profile": {
            "avatar_hash": "45f9fa184373",
            "image_72": "https:\/\/avatars.slack-edge.com\/2019-04-25\/620857384023_45f9fa184373c2c504f5_72.jpg",
            "first_name": "Pavan",
            "real_name": "Pavan Yalamanchili",
            "display_name": "pyalamanchili",
            "team": "T86S8GHEG",
            "name": "pyalamanchili",
            "is_restricted": false,
            "is_ultra_restricted": false
        }
    },
    {
        "client_msg_id": "d89aef62-d80e-421d-a62d-899d403e7864",
        "type": "message",
        "text": "for some models the training with hub modules enabled is slower that is why we had the work around",
        "user": "W81BJEAGZ",
        "ts": "1552064048.257600",
        "team": "T86S8GHEG",
        "user_team": "T86S8GHEG",
        "source_team": "T86S8GHEG",
        "user_profile": {
            "avatar_hash": "45f9fa184373",
            "image_72": "https:\/\/avatars.slack-edge.com\/2019-04-25\/620857384023_45f9fa184373c2c504f5_72.jpg",
            "first_name": "Pavan",
            "real_name": "Pavan Yalamanchili",
            "display_name": "pyalamanchili",
            "team": "T86S8GHEG",
            "name": "pyalamanchili",
            "is_restricted": false,
            "is_ultra_restricted": false
        }
    },
    {
        "client_msg_id": "41e6131e-1710-441a-af60-7bb72b62c87f",
        "type": "message",
        "text": "if for your model it doesnt make a difference, it is better to just use this solution instead",
        "user": "W81BJEAGZ",
        "ts": "1552064064.258200",
        "team": "T86S8GHEG",
        "user_team": "T86S8GHEG",
        "source_team": "T86S8GHEG",
        "user_profile": {
            "avatar_hash": "45f9fa184373",
            "image_72": "https:\/\/avatars.slack-edge.com\/2019-04-25\/620857384023_45f9fa184373c2c504f5_72.jpg",
            "first_name": "Pavan",
            "real_name": "Pavan Yalamanchili",
            "display_name": "pyalamanchili",
            "team": "T86S8GHEG",
            "name": "pyalamanchili",
            "is_restricted": false,
            "is_ultra_restricted": false
        }
    },
    {
        "client_msg_id": "bea27c99-bcc7-423b-bad8-97fd4a3a06a3",
        "type": "message",
        "text": "wait",
        "user": "W81BJEAGZ",
        "ts": "1552064082.258400",
        "team": "T86S8GHEG",
        "user_team": "T86S8GHEG",
        "source_team": "T86S8GHEG",
        "user_profile": {
            "avatar_hash": "45f9fa184373",
            "image_72": "https:\/\/avatars.slack-edge.com\/2019-04-25\/620857384023_45f9fa184373c2c504f5_72.jpg",
            "first_name": "Pavan",
            "real_name": "Pavan Yalamanchili",
            "display_name": "pyalamanchili",
            "team": "T86S8GHEG",
            "name": "pyalamanchili",
            "is_restricted": false,
            "is_ultra_restricted": false
        }
    },
    {
        "client_msg_id": "516bab47-3472-4e37-99f0-cf44f5ea37b7",
        "type": "message",
        "text": "I put trainable in the wrong place <@W817TFSKT>",
        "user": "W81BJEAGZ",
        "ts": "1552064091.258800",
        "team": "T86S8GHEG",
        "user_team": "T86S8GHEG",
        "source_team": "T86S8GHEG",
        "user_profile": {
            "avatar_hash": "45f9fa184373",
            "image_72": "https:\/\/avatars.slack-edge.com\/2019-04-25\/620857384023_45f9fa184373c2c504f5_72.jpg",
            "first_name": "Pavan",
            "real_name": "Pavan Yalamanchili",
            "display_name": "pyalamanchili",
            "team": "T86S8GHEG",
            "name": "pyalamanchili",
            "is_restricted": false,
            "is_ultra_restricted": false
        }
    },
    {
        "client_msg_id": "d4328709-50a4-4a67-babc-2967f3a07fc6",
        "type": "message",
        "text": "```\n  mlp = hub.Module(params.mlp_module, trainable=(mode=='train'))\n  # set trainable when training the module\n  logits = mlp(input_dict, signature=params.mlp_module_name)```",
        "user": "W81BJEAGZ",
        "ts": "1552064108.259100",
        "team": "T86S8GHEG",
        "user_team": "T86S8GHEG",
        "source_team": "T86S8GHEG",
        "user_profile": {
            "avatar_hash": "45f9fa184373",
            "image_72": "https:\/\/avatars.slack-edge.com\/2019-04-25\/620857384023_45f9fa184373c2c504f5_72.jpg",
            "first_name": "Pavan",
            "real_name": "Pavan Yalamanchili",
            "display_name": "pyalamanchili",
            "team": "T86S8GHEG",
            "name": "pyalamanchili",
            "is_restricted": false,
            "is_ultra_restricted": false
        }
    },
    {
        "client_msg_id": "b1e966be-a3bd-4d0d-8c10-2baaaabd703a",
        "type": "message",
        "text": "this ^",
        "user": "W81BJEAGZ",
        "ts": "1552064111.259300",
        "team": "T86S8GHEG",
        "user_team": "T86S8GHEG",
        "source_team": "T86S8GHEG",
        "user_profile": {
            "avatar_hash": "45f9fa184373",
            "image_72": "https:\/\/avatars.slack-edge.com\/2019-04-25\/620857384023_45f9fa184373c2c504f5_72.jpg",
            "first_name": "Pavan",
            "real_name": "Pavan Yalamanchili",
            "display_name": "pyalamanchili",
            "team": "T86S8GHEG",
            "name": "pyalamanchili",
            "is_restricted": false,
            "is_ultra_restricted": false
        }
    },
    {
        "client_msg_id": "e9c4a7db-b3fb-40b3-a0a1-345b26bf1ab7",
        "type": "message",
        "text": "so just add `trainable=(mode=='train'))` ?",
        "user": "W817TFSKT",
        "ts": "1552064179.259600",
        "team": "T86S8GHEG",
        "user_team": "T86S8GHEG",
        "source_team": "T86S8GHEG",
        "user_profile": {
            "avatar_hash": "47e0b1334927",
            "image_72": "https:\/\/avatars.slack-edge.com\/2018-01-04\/294191740213_47e0b1334927aeeb3521_72.jpg",
            "first_name": "Hanchen",
            "real_name": "Hanchen Xiong",
            "display_name": "hxiong",
            "team": "T86S8GHEG",
            "name": "hxiong",
            "is_restricted": false,
            "is_ultra_restricted": false
        }
    },
    {
        "client_msg_id": "bfa47f6f-4d53-4ed7-93ba-70f287f841a9",
        "type": "message",
        "text": "i don’t quite understand it ? could you maybe directly comment on my phablink ?",
        "user": "W817TFSKT",
        "ts": "1552064260.260100",
        "team": "T86S8GHEG",
        "user_team": "T86S8GHEG",
        "source_team": "T86S8GHEG",
        "user_profile": {
            "avatar_hash": "47e0b1334927",
            "image_72": "https:\/\/avatars.slack-edge.com\/2018-01-04\/294191740213_47e0b1334927aeeb3521_72.jpg",
            "first_name": "Hanchen",
            "real_name": "Hanchen Xiong",
            "display_name": "hxiong",
            "team": "T86S8GHEG",
            "name": "hxiong",
            "is_restricted": false,
            "is_ultra_restricted": false
        }
    },
    {
        "client_msg_id": "ede5adc5-70b2-4e22-b773-2cfc2fc31281",
        "type": "message",
        "text": "and then come back here for high-level concept explanation",
        "user": "W817TFSKT",
        "ts": "1552064287.260700",
        "team": "T86S8GHEG",
        "user_team": "T86S8GHEG",
        "source_team": "T86S8GHEG",
        "user_profile": {
            "avatar_hash": "47e0b1334927",
            "image_72": "https:\/\/avatars.slack-edge.com\/2018-01-04\/294191740213_47e0b1334927aeeb3521_72.jpg",
            "first_name": "Hanchen",
            "real_name": "Hanchen Xiong",
            "display_name": "hxiong",
            "team": "T86S8GHEG",
            "name": "hxiong",
            "is_restricted": false,
            "is_ultra_restricted": false
        }
    },
    {
        "client_msg_id": "203e0fc7-bf30-4c1f-907e-72830165d7f2",
        "type": "message",
        "text": "<@W81BJEAGZ> do you have any rough idea about the size limit of the hub export ? i can reduce the size of embeddings to half (10 GB)  if it can work out ?",
        "user": "W817TFSKT",
        "ts": "1552064656.262100",
        "team": "T86S8GHEG",
        "user_team": "T86S8GHEG",
        "source_team": "T86S8GHEG",
        "user_profile": {
            "avatar_hash": "47e0b1334927",
            "image_72": "https:\/\/avatars.slack-edge.com\/2018-01-04\/294191740213_47e0b1334927aeeb3521_72.jpg",
            "first_name": "Hanchen",
            "real_name": "Hanchen Xiong",
            "display_name": "hxiong",
            "team": "T86S8GHEG",
            "name": "hxiong",
            "is_restricted": false,
            "is_ultra_restricted": false
        }
    },
    {
        "bot_id": "B8A47HZCL",
        "type": "message",
        "text": "FYI: <@W81BJEAGZ> <@W8MSTHA74> are now active for oncall",
        "user": "W89H645FB",
        "ts": "1552065410.262200",
        "team": "T86S8GHEG",
        "bot_profile": {
            "id": "B8A47HZCL",
            "deleted": false,
            "name": "bot",
            "updated": 1512499948,
            "app_id": "A0F7YS25R",
            "icons": {
                "image_36": "https:\/\/a.slack-edge.com\/80588\/img\/services\/bots_36.png",
                "image_48": "https:\/\/a.slack-edge.com\/80588\/img\/plugins\/bot\/service_48.png",
                "image_72": "https:\/\/a.slack-edge.com\/80588\/img\/services\/bots_72.png"
            },
            "team_id": "T86S8GHEG"
        }
    },
    {
        "client_msg_id": "5415fac1-096d-4a8e-a5b6-33d52d113954",
        "type": "message",
        "text": "i think you are looking at the wrong file",
        "user": "W817TFSKT",
        "ts": "1552065466.262300",
        "team": "T86S8GHEG",
        "user_team": "T86S8GHEG",
        "source_team": "T86S8GHEG",
        "user_profile": {
            "avatar_hash": "47e0b1334927",
            "image_72": "https:\/\/avatars.slack-edge.com\/2018-01-04\/294191740213_47e0b1334927aeeb3521_72.jpg",
            "first_name": "Hanchen",
            "real_name": "Hanchen Xiong",
            "display_name": "hxiong",
            "team": "T86S8GHEG",
            "name": "hxiong",
            "is_restricted": false,
            "is_ultra_restricted": false
        },
        "thread_ts": "1552063979.255800",
        "parent_user_id": "W81BJEAGZ"
    },
    {
        "client_msg_id": "ee993606-9ff4-4935-883a-2d1bb2cdae41",
        "type": "message",
        "text": "the right one is : <https:\/\/phabricator.twitter.biz\/D278407?vs=966764&amp;id=970338#change-Gl3yLYB5CxNh>",
        "user": "W817TFSKT",
        "ts": "1552065490.262500",
        "team": "T86S8GHEG",
        "user_team": "T86S8GHEG",
        "source_team": "T86S8GHEG",
        "user_profile": {
            "avatar_hash": "47e0b1334927",
            "image_72": "https:\/\/avatars.slack-edge.com\/2018-01-04\/294191740213_47e0b1334927aeeb3521_72.jpg",
            "first_name": "Hanchen",
            "real_name": "Hanchen Xiong",
            "display_name": "hxiong",
            "team": "T86S8GHEG",
            "name": "hxiong",
            "is_restricted": false,
            "is_ultra_restricted": false
        },
        "thread_ts": "1552063979.255800",
        "parent_user_id": "W81BJEAGZ"
    },
    {
        "client_msg_id": "a20bbc8e-c1cf-46e5-8bfe-28af98647963",
        "type": "message",
        "text": "`minerva\/src\/main\/python\/com\/twitter\/minerva\/models\/static_attended_bow\/model.py`",
        "user": "W817TFSKT",
        "ts": "1552065497.262700",
        "team": "T86S8GHEG",
        "user_team": "T86S8GHEG",
        "source_team": "T86S8GHEG",
        "user_profile": {
            "avatar_hash": "47e0b1334927",
            "image_72": "https:\/\/avatars.slack-edge.com\/2018-01-04\/294191740213_47e0b1334927aeeb3521_72.jpg",
            "first_name": "Hanchen",
            "real_name": "Hanchen Xiong",
            "display_name": "hxiong",
            "team": "T86S8GHEG",
            "name": "hxiong",
            "is_restricted": false,
            "is_ultra_restricted": false
        },
        "thread_ts": "1552063979.255800",
        "parent_user_id": "W81BJEAGZ"
    },
    {
        "client_msg_id": "09c718b9-5dea-4612-b144-f2b6fdbd80aa",
        "type": "message",
        "text": "ah yes i can tell you that this won’t work for my usecase: <https:\/\/docbird.twitter.biz\/deepbird_v2\/tutorials\/tensorflow_model_analysis.html#step-3-analyzing-visualizing-tf-model-analysis-results>",
        "user": "W8202284V",
        "ts": "1552065617.262900",
        "team": "T86S8GHEG",
        "user_team": "T86S8GHEG",
        "source_team": "T86S8GHEG",
        "user_profile": {
            "avatar_hash": "1bc663e315f6",
            "image_72": "https:\/\/avatars.slack-edge.com\/2018-01-04\/294581279125_1bc663e315f6a36a9742_72.jpg",
            "first_name": "Nimalan",
            "real_name": "Nimalan Mahendran",
            "display_name": "nimalan",
            "team": "T86S8GHEG",
            "name": "nimalan",
            "is_restricted": false,
            "is_ultra_restricted": false
        },
        "thread_ts": "1551997688.239300",
        "parent_user_id": "W8202284V"
    },
    {
        "client_msg_id": "f5ebc9da-0837-430b-b8f4-be80d67b2bb3",
        "type": "message",
        "text": "i mean.. it depends - what do the results of TFMA model analysis look like? are they going to be significantly smaller than my original dataset? Will they contain any private data?  in that case, copying it to local disk would not be an option..",
        "user": "W8202284V",
        "ts": "1552066029.263100",
        "team": "T86S8GHEG",
        "user_team": "T86S8GHEG",
        "source_team": "T86S8GHEG",
        "user_profile": {
            "avatar_hash": "1bc663e315f6",
            "image_72": "https:\/\/avatars.slack-edge.com\/2018-01-04\/294581279125_1bc663e315f6a36a9742_72.jpg",
            "first_name": "Nimalan",
            "real_name": "Nimalan Mahendran",
            "display_name": "nimalan",
            "team": "T86S8GHEG",
            "name": "nimalan",
            "is_restricted": false,
            "is_ultra_restricted": false
        },
        "thread_ts": "1551997688.239300",
        "parent_user_id": "W8202284V"
    },
    {
        "client_msg_id": "47514633-63a1-4222-9015-21ac0620cb45",
        "type": "message",
        "text": "hey <@W89H645FB> how exactly is pCTR computed? Is it just the average output?",
        "user": "W8202284V",
        "ts": "1552067616.263600",
        "team": "T86S8GHEG",
        "user_team": "T86S8GHEG",
        "source_team": "T86S8GHEG",
        "user_profile": {
            "avatar_hash": "1bc663e315f6",
            "image_72": "https:\/\/avatars.slack-edge.com\/2018-01-04\/294581279125_1bc663e315f6a36a9742_72.jpg",
            "first_name": "Nimalan",
            "real_name": "Nimalan Mahendran",
            "display_name": "nimalan",
            "team": "T86S8GHEG",
            "name": "nimalan",
            "is_restricted": false,
            "is_ultra_restricted": false
        }
    },
    {
        "bot_id": "B8A47HZCL",
        "type": "message",
        "text": "cc\/ <@W81BJEAGZ> <@W8MSTHA74>",
        "user": "W89H645FB",
        "ts": "1552067616.263700",
        "team": "T86S8GHEG",
        "bot_profile": {
            "id": "B8A47HZCL",
            "deleted": false,
            "name": "bot",
            "updated": 1512499948,
            "app_id": "A0F7YS25R",
            "icons": {
                "image_36": "https:\/\/a.slack-edge.com\/80588\/img\/services\/bots_36.png",
                "image_48": "https:\/\/a.slack-edge.com\/80588\/img\/plugins\/bot\/service_48.png",
                "image_72": "https:\/\/a.slack-edge.com\/80588\/img\/services\/bots_72.png"
            },
            "team_id": "T86S8GHEG"
        },
        "attachments": [
            {
                "author_name": "Nimalan Mahendran",
                "text": "hey  how exactly is pCTR computed? Is it just the average output?",
                "id": 1,
                "author_icon": "https:\/\/avatars.slack-edge.com\/2018-01-04\/294581279125_1bc663e315f6a36a9742_72.jpg",
                "fallback": "hey  how exactly is pCTR computed? Is it just the average output?"
            }
        ]
    },
    {
        "client_msg_id": "ad3f8bb2-3e5f-4d5d-947c-c1f574177b74",
        "type": "message",
        "text": "<@W8202284V> <https:\/\/cgit.twitter.biz\/source\/tree\/twml\/twml\/metrics.py#n115>",
        "user": "WLDEPL9C0",
        "ts": "1552067671.263900",
        "team": "T86S8GHEG",
        "user_team": "T86S8GHEG",
        "source_team": "T86S8GHEG",
        "user_profile": {
            "avatar_hash": "cf7cd52b84b2",
            "image_72": "https:\/\/avatars.slack-edge.com\/2018-01-25\/305832776663_cf7cd52b84b2e42f2f97_72.png",
            "first_name": "Cibele",
            "real_name": "Cibele Halasz",
            "display_name": "cmontezhalasz",
            "team": "T86S8GHEG",
            "name": "cmontezhalasz",
            "is_restricted": false,
            "is_ultra_restricted": false
        },
        "reactions": [
            {
                "name": "thanks",
                "users": [
                    "W8202284V"
                ],
                "count": 1
            }
        ]
    },
    {
        "client_msg_id": "56894986-1665-42a9-8fcc-423850a15a8d",
        "type": "message",
        "text": "<@W8202284V> same way we did it in v1, just the average",
        "user": "W81BJEAGZ",
        "ts": "1552069843.264200",
        "team": "T86S8GHEG",
        "user_team": "T86S8GHEG",
        "source_team": "T86S8GHEG",
        "user_profile": {
            "avatar_hash": "45f9fa184373",
            "image_72": "https:\/\/avatars.slack-edge.com\/2019-04-25\/620857384023_45f9fa184373c2c504f5_72.jpg",
            "first_name": "Pavan",
            "real_name": "Pavan Yalamanchili",
            "display_name": "pyalamanchili",
            "team": "T86S8GHEG",
            "name": "pyalamanchili",
            "is_restricted": false,
            "is_ultra_restricted": false
        },
        "reactions": [
            {
                "name": "+1::skin-tone-5",
                "users": [
                    "W8202284V"
                ],
                "count": 1
            }
        ]
    },
    {
        "client_msg_id": "2a40d0e8-1f5d-4bc5-b304-6b89c96f57e4",
        "type": "message",
        "text": "The TFMA output is much smaller that the evaluation dataset.  It contains summary of the model performance metrics across the data segments you define.\n\nThe output is mostly a dictionary of model performance metrics, which can be rendered in a notebook.",
        "user": "W820RFKK6",
        "ts": "1552071197.264500",
        "team": "T86S8GHEG",
        "user_team": "T86S8GHEG",
        "source_team": "T86S8GHEG",
        "user_profile": {
            "avatar_hash": "d2cf7d816132",
            "image_72": "https:\/\/avatars.slack-edge.com\/2019-07-21\/694944687905_d2cf7d8161326b26f909_72.jpg",
            "first_name": "Yi",
            "real_name": "Yi Zhuang",
            "display_name": "yz",
            "team": "T86S8GHEG",
            "name": "yz",
            "is_restricted": false,
            "is_ultra_restricted": false
        },
        "thread_ts": "1551997688.239300",
        "parent_user_id": "W8202284V"
    },
    {
        "client_msg_id": "36d9b155-c503-41eb-8561-1c67e6b9ffdc",
        "type": "message",
        "text": "I don’t think it contains private data (otherwise, we’d also consider data in our model repo private), but render the results in a notebook and double check.",
        "user": "W820RFKK6",
        "ts": "1552071224.264700",
        "team": "T86S8GHEG",
        "user_team": "T86S8GHEG",
        "source_team": "T86S8GHEG",
        "user_profile": {
            "avatar_hash": "d2cf7d816132",
            "image_72": "https:\/\/avatars.slack-edge.com\/2019-07-21\/694944687905_d2cf7d8161326b26f909_72.jpg",
            "first_name": "Yi",
            "real_name": "Yi Zhuang",
            "display_name": "yz",
            "team": "T86S8GHEG",
            "name": "yz",
            "is_restricted": false,
            "is_ultra_restricted": false
        },
        "thread_ts": "1551997688.239300",
        "parent_user_id": "W8202284V"
    },
    {
        "type": "message",
        "subtype": "bot_message",
        "text": "",
        "ts": "1552081501.264900",
        "username": "DeepBird v2 Users",
        "bot_id": "BDG4KCQ06",
        "attachments": [
            {
                "fallback": "DeepBird v2 Office Hours: <!date^1552082400^{date_short_pretty} from {time}|March 8th, 2019 from 2:00 PM> to <!date^1552089600^{time}|4:00 PM GMT-0800>",
                "text": "<!date^1552082400^{date_short_pretty} from {time}|March 8th, 2019 from 2:00 PM> to <!date^1552089600^{time}|4:00 PM GMT-0800> at <https:\/\/maps.google.com\/maps?q=SFMarket-7-Kittiwake+%288%29+%5BHangouts%2C+Jamboard%2C+LCD%5D|SFMarket-7-Kittiwake (8) [Hangouts, Jamboard, LCD]>",
                "pretext": "Event starting in 15 minutes:",
                "title": "DeepBird v2 Office Hours",
                "id": 1,
                "title_link": "https:\/\/www.google.com\/calendar\/event?eid=c3VpNGY3dTBzdGxkbWpodXZibmhua2E4b3NfMjAxOTAzMDhUMjIwMDAwWiB0d2l0dGVyLmNvbV9iaGJnbWhocjVxOHNzdXE0MTgwdnNraXAyMEBn",
                "color": "cd74e6",
                "mrkdwn_in": [
                    "text",
                    "pretext",
                    "more"
                ]
            }
        ]
    },
    {
        "client_msg_id": "5f20fe7f-e26d-48cd-b7b5-b8171cf77e13",
        "type": "message",
        "text": "Hi <!subteam^S8QBN9FJ6|@deepbirdv2-support>,\nwhere can I find the latest multilingual word embeddings?\nIs this path `\/user\/cortex-mlx\/prod\/embeddings\/word\/canonical\/` correct?",
        "user": "W8S4QUXQQ",
        "ts": "1552086474.265900",
        "team": "T86S8GHEG",
        "user_team": "T86S8GHEG",
        "source_team": "T86S8GHEG",
        "user_profile": {
            "avatar_hash": "fc1fa75dcf59",
            "image_72": "https:\/\/avatars.slack-edge.com\/2019-11-13\/835586327847_fc1fa75dcf59d6a9bf5a_72.png",
            "first_name": "Jaskaran",
            "real_name": "Jaskaran Virdi",
            "display_name": "jvirdi",
            "team": "T86S8GHEG",
            "name": "jvirdi",
            "is_restricted": false,
            "is_ultra_restricted": false
        }
    },
    {
        "client_msg_id": "cf9f5551-6f14-4ed2-974d-9b16c65e9eee",
        "type": "message",
        "text": "<@W81EZ626P> <@W81DHCZA6> <@W81R6HL7L> ^^",
        "user": "W81EY00N7",
        "ts": "1552086492.266200",
        "team": "T86S8GHEG",
        "user_team": "T86S8GHEG",
        "source_team": "T86S8GHEG",
        "user_profile": {
            "avatar_hash": "d30a8ec2b572",
            "image_72": "https:\/\/avatars.slack-edge.com\/2019-04-22\/614865012036_d30a8ec2b5727438f308_72.png",
            "first_name": "Briac",
            "real_name": "Briac Marcatte",
            "display_name": "bmarcatte",
            "team": "T86S8GHEG",
            "name": "bmarcatte",
            "is_restricted": false,
            "is_ultra_restricted": false
        },
        "edited": {
            "user": "W81EY00N7",
            "ts": "1552086500.000000"
        }
    },
    {
        "client_msg_id": "464444A2-CDE9-42F0-85E9-66E29294F7B7",
        "type": "message",
        "text": "Yes",
        "user": "W81EZ626P",
        "ts": "1552089052.266500",
        "team": "T86S8GHEG",
        "user_team": "T86S8GHEG",
        "source_team": "T86S8GHEG",
        "user_profile": {
            "avatar_hash": "bb903008f72f",
            "image_72": "https:\/\/avatars.slack-edge.com\/2019-02-05\/542203016800_bb903008f72fbebfcd01_72.png",
            "first_name": "Dan",
            "real_name": "Dan Shiebler",
            "display_name": "dshiebler",
            "team": "T86S8GHEG",
            "name": "dshiebler",
            "is_restricted": false,
            "is_ultra_restricted": false
        }
    },
    {
        "client_msg_id": "bc2ca9e0-5034-489b-967d-937cc6963143",
        "type": "message",
        "text": "So, between the `sorted_sum_embeddings` and the `sum_embeddings` which embeddings are to be used for a text based model? <!subteam^S8QBN9FJ6|@deepbirdv2-support>",
        "user": "W8S4QUXQQ",
        "ts": "1552092002.268100",
        "team": "T86S8GHEG",
        "user_team": "T86S8GHEG",
        "source_team": "T86S8GHEG",
        "user_profile": {
            "avatar_hash": "fc1fa75dcf59",
            "image_72": "https:\/\/avatars.slack-edge.com\/2019-11-13\/835586327847_fc1fa75dcf59d6a9bf5a_72.png",
            "first_name": "Jaskaran",
            "real_name": "Jaskaran Virdi",
            "display_name": "jvirdi",
            "team": "T86S8GHEG",
            "name": "jvirdi",
            "is_restricted": false,
            "is_ultra_restricted": false
        }
    },
    {
        "client_msg_id": "8dc0e3d0-80c8-4aa4-93ea-02c4ae80c521",
        "type": "message",
        "text": "I see both of them in the `\/user\/cortex-mlx\/prod\/embeddings\/word\/canonical\/` folder",
        "user": "W8S4QUXQQ",
        "ts": "1552092066.268500",
        "team": "T86S8GHEG",
        "user_team": "T86S8GHEG",
        "source_team": "T86S8GHEG",
        "user_profile": {
            "avatar_hash": "fc1fa75dcf59",
            "image_72": "https:\/\/avatars.slack-edge.com\/2019-11-13\/835586327847_fc1fa75dcf59d6a9bf5a_72.png",
            "first_name": "Jaskaran",
            "real_name": "Jaskaran Virdi",
            "display_name": "jvirdi",
            "team": "T86S8GHEG",
            "name": "jvirdi",
            "is_restricted": false,
            "is_ultra_restricted": false
        }
    },
    {
        "client_msg_id": "4ca008a5-a316-4647-83b7-80b0c0c3ffa5",
        "type": "message",
        "text": "<@W8S4QUXQQ> can you ask in <#CFV07JQ2G|mlx-support>  ?",
        "user": "W81BJEAGZ",
        "ts": "1552092110.268800",
        "team": "T86S8GHEG",
        "user_team": "T86S8GHEG",
        "source_team": "T86S8GHEG",
        "user_profile": {
            "avatar_hash": "45f9fa184373",
            "image_72": "https:\/\/avatars.slack-edge.com\/2019-04-25\/620857384023_45f9fa184373c2c504f5_72.jpg",
            "first_name": "Pavan",
            "real_name": "Pavan Yalamanchili",
            "display_name": "pyalamanchili",
            "team": "T86S8GHEG",
            "name": "pyalamanchili",
            "is_restricted": false,
            "is_ultra_restricted": false
        },
        "reactions": [
            {
                "name": "ack2",
                "users": [
                    "W8S4QUXQQ"
                ],
                "count": 1
            }
        ]
    },
    {
        "client_msg_id": "0c660392-0081-4abf-b721-f0c812329439",
        "type": "message",
        "text": "okay makes sense, thanks!",
        "user": "W8202284V",
        "ts": "1552093288.269000",
        "team": "T86S8GHEG",
        "user_team": "T86S8GHEG",
        "source_team": "T86S8GHEG",
        "user_profile": {
            "avatar_hash": "1bc663e315f6",
            "image_72": "https:\/\/avatars.slack-edge.com\/2018-01-04\/294581279125_1bc663e315f6a36a9742_72.jpg",
            "first_name": "Nimalan",
            "real_name": "Nimalan Mahendran",
            "display_name": "nimalan",
            "team": "T86S8GHEG",
            "name": "nimalan",
            "is_restricted": false,
            "is_ultra_restricted": false
        },
        "thread_ts": "1551997688.239300",
        "parent_user_id": "W8202284V"
    }
]