[
    {
        "type": "message",
        "subtype": "bot_message",
        "text": "There are no events today",
        "ts": "1549548002.614000",
        "username": "DeepBird v2 Users",
        "bot_id": "BDG4KCQ06"
    },
    {
        "bot_id": "B8A47HZCL",
        "type": "message",
        "text": "FYI: <@W8MSTHA74> is now active for oncall",
        "user": "W89H645FB",
        "ts": "1549548094.614100",
        "team": "T86S8GHEG",
        "bot_profile": {
            "id": "B8A47HZCL",
            "deleted": false,
            "name": "bot",
            "updated": 1512499948,
            "app_id": "A0F7YS25R",
            "icons": {
                "image_36": "https:\/\/a.slack-edge.com\/80588\/img\/services\/bots_36.png",
                "image_48": "https:\/\/a.slack-edge.com\/80588\/img\/plugins\/bot\/service_48.png",
                "image_72": "https:\/\/a.slack-edge.com\/80588\/img\/services\/bots_72.png"
            },
            "team_id": "T86S8GHEG"
        }
    },
    {
        "type": "message",
        "subtype": "thread_broadcast",
        "text": "Not currently. Do you mean the bin boundaries? <@W82TBQLHM> If you would like that can you file a request.",
        "user": "WLDEPL9C0",
        "ts": "1549554004.614200",
        "thread_ts": "1549500919.613800",
        "root": {
            "client_msg_id": "f823d3df-3da9-417e-b382-919e61e86d78",
            "type": "message",
            "text": "Another unrelated question <@WLDEPL9C0>, is it possible to extract the isotonic calibration mapping in a human readable format?\nNamely, get bin thresholds and the value they are mapped to.\nI want to compare it to the fixed form described in slide 15-16 in <@W820RBMEG> work.",
            "user": "W82TBQLHM",
            "ts": "1549500919.613800",
            "team": "T86S8GHEG",
            "thread_ts": "1549500919.613800",
            "reply_count": 9,
            "reply_users_count": 3,
            "latest_reply": "1549564162.617300",
            "reply_users": [
                "WLDEPL9C0",
                "W82TBQLHM",
                "WAX2RDTGB"
            ],
            "replies": [
                {
                    "user": "WLDEPL9C0",
                    "ts": "1549554004.614200"
                },
                {
                    "user": "W82TBQLHM",
                    "ts": "1549557791.615500"
                },
                {
                    "user": "WAX2RDTGB",
                    "ts": "1549563553.615900"
                },
                {
                    "user": "WAX2RDTGB",
                    "ts": "1549563579.616100"
                },
                {
                    "user": "WAX2RDTGB",
                    "ts": "1549563628.616300"
                },
                {
                    "user": "WAX2RDTGB",
                    "ts": "1549563664.616500"
                },
                {
                    "user": "WAX2RDTGB",
                    "ts": "1549563878.616700"
                },
                {
                    "user": "WAX2RDTGB",
                    "ts": "1549564071.617100"
                },
                {
                    "user": "WAX2RDTGB",
                    "ts": "1549564162.617300"
                }
            ],
            "subscribed": false
        },
        "client_msg_id": "42325D1E-1641-475D-A0A0-27C0D5A3E3C7"
    },
    {
        "client_msg_id": "19b70a80-532f-443a-9183-96565a3b150f",
        "type": "message",
        "text": "hi, just wanted to thank <@W81EY00N7> for your help the other day with the load test as we got it running after your suggestions :smile:",
        "user": "W818X6LFK",
        "ts": "1549554332.614900",
        "team": "T86S8GHEG",
        "user_team": "T86S8GHEG",
        "source_team": "T86S8GHEG",
        "user_profile": {
            "avatar_hash": "5c32f1e8de68",
            "image_72": "https:\/\/avatars.slack-edge.com\/2018-10-09\/451395153392_5c32f1e8de68af101911_72.png",
            "first_name": "Filipa",
            "real_name": "Filipa Moura",
            "display_name": "fmoura",
            "team": "T86S8GHEG",
            "name": "fmoura",
            "is_restricted": false,
            "is_ultra_restricted": false
        },
        "thread_ts": "1549554332.614900",
        "reply_count": 1,
        "reply_users_count": 1,
        "latest_reply": "1549554360.615100",
        "reply_users": [
            "W81EY00N7"
        ],
        "replies": [
            {
                "user": "W81EY00N7",
                "ts": "1549554360.615100"
            }
        ],
        "subscribed": false,
        "reactions": [
            {
                "name": "+1",
                "users": [
                    "W81EY00N7",
                    "WLDEPL9C0",
                    "WCCHM4Y23"
                ],
                "count": 3
            },
            {
                "name": "heart",
                "users": [
                    "W82UCQVTR"
                ],
                "count": 1
            }
        ]
    },
    {
        "client_msg_id": "54026c72-1504-4190-9ee4-16bf6cbaa265",
        "type": "message",
        "text": "you’re welcome, don’t hesitate to ping us again if you have issues",
        "user": "W81EY00N7",
        "ts": "1549554360.615100",
        "team": "T86S8GHEG",
        "user_team": "T86S8GHEG",
        "source_team": "T86S8GHEG",
        "user_profile": {
            "avatar_hash": "d30a8ec2b572",
            "image_72": "https:\/\/avatars.slack-edge.com\/2019-04-22\/614865012036_d30a8ec2b5727438f308_72.png",
            "first_name": "Briac",
            "real_name": "Briac Marcatte",
            "display_name": "bmarcatte",
            "team": "T86S8GHEG",
            "name": "bmarcatte",
            "is_restricted": false,
            "is_ultra_restricted": false
        },
        "thread_ts": "1549554332.614900",
        "parent_user_id": "W818X6LFK"
    },
    {
        "client_msg_id": "3345894e-4830-47ee-a229-f5aef49b4a69",
        "type": "message",
        "text": "Ok",
        "user": "W82TBQLHM",
        "ts": "1549557791.615500",
        "team": "T86S8GHEG",
        "user_team": "T86S8GHEG",
        "source_team": "T86S8GHEG",
        "user_profile": {
            "avatar_hash": "793848113e6a",
            "image_72": "https:\/\/avatars.slack-edge.com\/2017-12-18\/289444317671_793848113e6a60b80e06_72.jpg",
            "first_name": "Mishael",
            "real_name": "Mishael Rosenthal",
            "display_name": "mrosenthal",
            "team": "T86S8GHEG",
            "name": "mrosenthal",
            "is_restricted": false,
            "is_ultra_restricted": false
        },
        "thread_ts": "1549500919.613800",
        "parent_user_id": "W82TBQLHM"
    },
    {
        "bot_id": "B8A47HZCL",
        "type": "message",
        "text": "FYI: <@WLDEPL9C0> is now active for oncall",
        "user": "W89H645FB",
        "ts": "1549558901.615700",
        "team": "T86S8GHEG",
        "bot_profile": {
            "id": "B8A47HZCL",
            "deleted": false,
            "name": "bot",
            "updated": 1512499948,
            "app_id": "A0F7YS25R",
            "icons": {
                "image_36": "https:\/\/a.slack-edge.com\/80588\/img\/services\/bots_36.png",
                "image_48": "https:\/\/a.slack-edge.com\/80588\/img\/plugins\/bot\/service_48.png",
                "image_72": "https:\/\/a.slack-edge.com\/80588\/img\/services\/bots_72.png"
            },
            "team_id": "T86S8GHEG"
        },
        "reactions": [
            {
                "name": "+1::skin-tone-2",
                "users": [
                    "WLDEPL9C0"
                ],
                "count": 1
            }
        ]
    },
    {
        "client_msg_id": "acccc710-5e53-4b14-af76-c08845ac4d71",
        "type": "message",
        "text": "values are calculated in <https:\/\/cgit.twitter.biz\/source\/tree\/twml\/twml\/contrib\/calibrators\/isotonic.py#n96>",
        "user": "WAX2RDTGB",
        "ts": "1549563553.615900",
        "team": "T86S8GHEG",
        "user_team": "T86S8GHEG",
        "source_team": "T86S8GHEG",
        "user_profile": {
            "avatar_hash": "d652be5f2d9e",
            "image_72": "https:\/\/avatars.slack-edge.com\/2019-11-25\/848747792581_d652be5f2d9e91c30d3b_72.png",
            "first_name": "Andrew",
            "real_name": "Andrew Bean",
            "display_name": "abean",
            "team": "T86S8GHEG",
            "name": "abean",
            "is_restricted": false,
            "is_ultra_restricted": false
        },
        "thread_ts": "1549500919.613800",
        "parent_user_id": "W82TBQLHM"
    },
    {
        "client_msg_id": "a31e67be-3d0d-4cdb-af2b-85749a747422",
        "type": "message",
        "text": "you may be able to hack something together to get the isotonic bin parameters",
        "user": "WAX2RDTGB",
        "ts": "1549563579.616100",
        "team": "T86S8GHEG",
        "user_team": "T86S8GHEG",
        "source_team": "T86S8GHEG",
        "user_profile": {
            "avatar_hash": "d652be5f2d9e",
            "image_72": "https:\/\/avatars.slack-edge.com\/2019-11-25\/848747792581_d652be5f2d9e91c30d3b_72.png",
            "first_name": "Andrew",
            "real_name": "Andrew Bean",
            "display_name": "abean",
            "team": "T86S8GHEG",
            "name": "abean",
            "is_restricted": false,
            "is_ultra_restricted": false
        },
        "thread_ts": "1549500919.613800",
        "parent_user_id": "W82TBQLHM"
    },
    {
        "client_msg_id": "832508d4-dba9-4d92-9904-ee5daf37593d",
        "type": "message",
        "text": "eventually those values are sent to a c++ op - <https:\/\/cgit.twitter.biz\/source\/tree\/twml\/twml\/layers\/isotonic.py#n75>",
        "user": "WAX2RDTGB",
        "ts": "1549563628.616300",
        "team": "T86S8GHEG",
        "user_team": "T86S8GHEG",
        "source_team": "T86S8GHEG",
        "user_profile": {
            "avatar_hash": "d652be5f2d9e",
            "image_72": "https:\/\/avatars.slack-edge.com\/2019-11-25\/848747792581_d652be5f2d9e91c30d3b_72.png",
            "first_name": "Andrew",
            "real_name": "Andrew Bean",
            "display_name": "abean",
            "team": "T86S8GHEG",
            "name": "abean",
            "is_restricted": false,
            "is_ultra_restricted": false
        },
        "thread_ts": "1549500919.613800",
        "parent_user_id": "W82TBQLHM"
    },
    {
        "client_msg_id": "a09afce9-66c7-46a7-b2d6-4f06f457a9f9",
        "type": "message",
        "text": "the op is essentially the following: `twml::linearInterpolation(twml_output, twml_input, twml_xs, twml_ys);`",
        "user": "WAX2RDTGB",
        "ts": "1549563664.616500",
        "team": "T86S8GHEG",
        "user_team": "T86S8GHEG",
        "source_team": "T86S8GHEG",
        "user_profile": {
            "avatar_hash": "d652be5f2d9e",
            "image_72": "https:\/\/avatars.slack-edge.com\/2019-11-25\/848747792581_d652be5f2d9e91c30d3b_72.png",
            "first_name": "Andrew",
            "real_name": "Andrew Bean",
            "display_name": "abean",
            "team": "T86S8GHEG",
            "name": "abean",
            "is_restricted": false,
            "is_ultra_restricted": false
        },
        "thread_ts": "1549500919.613800",
        "parent_user_id": "W82TBQLHM"
    },
    {
        "client_msg_id": "cb372dda-fa28-4a8e-aacf-7f069374aff7",
        "type": "message",
        "text": "the `_xs_input` and `_ys_input` are constructed from the `bpreds` and `rpreds` returned by the `calibrate` function in the isotolic calibrator function linked above.",
        "user": "WAX2RDTGB",
        "ts": "1549563878.616700",
        "team": "T86S8GHEG",
        "user_team": "T86S8GHEG",
        "source_team": "T86S8GHEG",
        "user_profile": {
            "avatar_hash": "d652be5f2d9e",
            "image_72": "https:\/\/avatars.slack-edge.com\/2019-11-25\/848747792581_d652be5f2d9e91c30d3b_72.png",
            "first_name": "Andrew",
            "real_name": "Andrew Bean",
            "display_name": "abean",
            "team": "T86S8GHEG",
            "name": "abean",
            "is_restricted": false,
            "is_ultra_restricted": false
        },
        "thread_ts": "1549500919.613800",
        "parent_user_id": "W82TBQLHM"
    },
    {
        "client_msg_id": "6f31826a-64b7-4e6f-a8b4-910c2581073f",
        "type": "message",
        "text": "i believe the `linearInterpolation` returns `ys[0]` when `input&lt;=xs[0]`, and returns `ys[-1]` when `input&gt;=xs[-1]`. Other input values are the expected linear interpolation.",
        "user": "WAX2RDTGB",
        "ts": "1549564071.617100",
        "team": "T86S8GHEG",
        "user_team": "T86S8GHEG",
        "source_team": "T86S8GHEG",
        "user_profile": {
            "avatar_hash": "d652be5f2d9e",
            "image_72": "https:\/\/avatars.slack-edge.com\/2019-11-25\/848747792581_d652be5f2d9e91c30d3b_72.png",
            "first_name": "Andrew",
            "real_name": "Andrew Bean",
            "display_name": "abean",
            "team": "T86S8GHEG",
            "name": "abean",
            "is_restricted": false,
            "is_ultra_restricted": false
        },
        "thread_ts": "1549500919.613800",
        "parent_user_id": "W82TBQLHM"
    },
    {
        "client_msg_id": "97f93c6f-2b7f-4ffb-abd7-9f7ecf8abc2a",
        "type": "message",
        "text": "<@W82TBQLHM> what are the slides you're referring to?",
        "user": "WAX2RDTGB",
        "ts": "1549564162.617300",
        "team": "T86S8GHEG",
        "user_team": "T86S8GHEG",
        "source_team": "T86S8GHEG",
        "user_profile": {
            "avatar_hash": "d652be5f2d9e",
            "image_72": "https:\/\/avatars.slack-edge.com\/2019-11-25\/848747792581_d652be5f2d9e91c30d3b_72.png",
            "first_name": "Andrew",
            "real_name": "Andrew Bean",
            "display_name": "abean",
            "team": "T86S8GHEG",
            "name": "abean",
            "is_restricted": false,
            "is_ultra_restricted": false
        },
        "thread_ts": "1549500919.613800",
        "parent_user_id": "W82TBQLHM"
    },
    {
        "type": "message",
        "text": "Facing the issue when using the contrib feature config",
        "files": [
            {
                "id": "FG1B2M8SW",
                "created": 1549576665,
                "timestamp": 1549576665,
                "name": "Facing_the_issue_when_using_the_contrib_feature_config.sh",
                "title": "Facing the issue when using the contrib feature config",
                "mimetype": "text\/plain",
                "filetype": "shell",
                "pretty_type": "Shell",
                "user": "WFDL3LG2W",
                "editable": true,
                "size": 14890,
                "mode": "snippet",
                "is_external": false,
                "external_type": "",
                "is_public": true,
                "public_url_shared": false,
                "display_as_bot": false,
                "username": "",
                "url_private": "https:\/\/files.slack.com\/files-pri\/T7U3XVBLP-FG1B2M8SW\/Facing_the_issue_when_using_the_contrib_feature_config.sh?t=xoxe-278892561492-1005149783089-1017423836678-e1e14aa1789ddce7f4decc622097bda8",
                "url_private_download": "https:\/\/files.slack.com\/files-pri\/T7U3XVBLP-FG1B2M8SW\/download\/Facing_the_issue_when_using_the_contrib_feature_config.sh?t=xoxe-278892561492-1005149783089-1017423836678-e1e14aa1789ddce7f4decc622097bda8",
                "permalink": "https:\/\/twitter.enterprise.slack.com\/files\/WFDL3LG2W\/FG1B2M8SW\/Facing_the_issue_when_using_the_contrib_feature_config.sh",
                "permalink_public": "https:\/\/slack-files.com\/T7U3XVBLP-FG1B2M8SW-eb481779eb",
                "edit_link": "https:\/\/twitter.enterprise.slack.com\/files\/WFDL3LG2W\/FG1B2M8SW\/Facing_the_issue_when_using_the_contrib_feature_config.sh\/edit",
                "is_starred": false,
                "has_rich_preview": false
            }
        ],
        "upload": true,
        "user": "WFDL3LG2W",
        "display_as_bot": false,
        "ts": "1549576667.617700"
    },
    {
        "client_msg_id": "07074218-7cb9-4081-b3eb-98de29930e72",
        "type": "message",
        "text": "<@WFDL3LG2W> I am fixing this can you give me ~1 hour :disappointed:",
        "user": "W81BJEAGZ",
        "ts": "1549577419.618400",
        "team": "T86S8GHEG",
        "user_team": "T86S8GHEG",
        "source_team": "T86S8GHEG",
        "user_profile": {
            "avatar_hash": "45f9fa184373",
            "image_72": "https:\/\/avatars.slack-edge.com\/2019-04-25\/620857384023_45f9fa184373c2c504f5_72.jpg",
            "first_name": "Pavan",
            "real_name": "Pavan Yalamanchili",
            "display_name": "pyalamanchili",
            "team": "T86S8GHEG",
            "name": "pyalamanchili",
            "is_restricted": false,
            "is_ultra_restricted": false
        }
    },
    {
        "client_msg_id": "b5d3bb50-a37d-4828-8648-2c5054271be5",
        "type": "message",
        "text": "<@W81BJEAGZ> Thanks, np !",
        "user": "WFDL3LG2W",
        "ts": "1549577505.618600",
        "team": "T86S8GHEG",
        "user_team": "T86S8GHEG",
        "source_team": "T86S8GHEG",
        "user_profile": {
            "avatar_hash": "e0617879a6fe",
            "image_72": "https:\/\/avatars.slack-edge.com\/2019-02-07\/545274655971_e0617879a6feb3bc82e8_72.jpg",
            "first_name": "Jigyasa",
            "real_name": "Jigyasa Grover",
            "display_name": "jgrover",
            "team": "T86S8GHEG",
            "name": "jgrover",
            "is_restricted": false,
            "is_ultra_restricted": false
        }
    },
    {
        "client_msg_id": "17669e94-9b1d-49ff-ac1e-178ff3f8a7e3",
        "type": "message",
        "text": "if you want to be temporarily unblocked",
        "user": "W81BJEAGZ",
        "ts": "1549577527.618800",
        "team": "T86S8GHEG",
        "user_team": "T86S8GHEG",
        "source_team": "T86S8GHEG",
        "user_profile": {
            "avatar_hash": "45f9fa184373",
            "image_72": "https:\/\/avatars.slack-edge.com\/2019-04-25\/620857384023_45f9fa184373c2c504f5_72.jpg",
            "first_name": "Pavan",
            "real_name": "Pavan Yalamanchili",
            "display_name": "pyalamanchili",
            "team": "T86S8GHEG",
            "name": "pyalamanchili",
            "is_restricted": false,
            "is_ultra_restricted": false
        }
    },
    {
        "client_msg_id": "aa0941d0-d08e-4c7a-bb15-fee105a00729",
        "type": "message",
        "text": "can you make the following changes",
        "user": "W81BJEAGZ",
        "ts": "1549577531.619100",
        "team": "T86S8GHEG",
        "user_team": "T86S8GHEG",
        "source_team": "T86S8GHEG",
        "user_profile": {
            "avatar_hash": "45f9fa184373",
            "image_72": "https:\/\/avatars.slack-edge.com\/2019-04-25\/620857384023_45f9fa184373c2c504f5_72.jpg",
            "first_name": "Pavan",
            "real_name": "Pavan Yalamanchili",
            "display_name": "pyalamanchili",
            "team": "T86S8GHEG",
            "name": "pyalamanchili",
            "is_restricted": false,
            "is_ultra_restricted": false
        }
    },
    {
        "client_msg_id": "c9487acb-f70b-4dc2-a49f-e4cdb2b21467",
        "type": "message",
        "text": "<https:\/\/cgit.twitter.biz\/source\/tree\/twml\/twml\/contrib\/readers\/data_record.py#n79>",
        "user": "W81BJEAGZ",
        "ts": "1549577562.619700",
        "team": "T86S8GHEG",
        "user_team": "T86S8GHEG",
        "source_team": "T86S8GHEG",
        "user_profile": {
            "avatar_hash": "45f9fa184373",
            "image_72": "https:\/\/avatars.slack-edge.com\/2019-04-25\/620857384023_45f9fa184373c2c504f5_72.jpg",
            "first_name": "Pavan",
            "real_name": "Pavan Yalamanchili",
            "display_name": "pyalamanchili",
            "team": "T86S8GHEG",
            "name": "pyalamanchili",
            "is_restricted": false,
            "is_ultra_restricted": false
        }
    },
    {
        "client_msg_id": "bc0f94f0-48e3-4950-a7b1-bec71ab78e3c",
        "type": "message",
        "text": "using the old config for now to unblock myself rn `--use_old_fc`\nI can def wait :smile:",
        "user": "WFDL3LG2W",
        "ts": "1549577567.620100",
        "team": "T86S8GHEG",
        "user_team": "T86S8GHEG",
        "source_team": "T86S8GHEG",
        "user_profile": {
            "avatar_hash": "e0617879a6fe",
            "image_72": "https:\/\/avatars.slack-edge.com\/2019-02-07\/545274655971_e0617879a6feb3bc82e8_72.jpg",
            "first_name": "Jigyasa",
            "real_name": "Jigyasa Grover",
            "display_name": "jgrover",
            "team": "T86S8GHEG",
            "name": "jgrover",
            "is_restricted": false,
            "is_ultra_restricted": false
        }
    },
    {
        "client_msg_id": "0f03e6f1-e55b-4913-ae87-9b19759cb226",
        "type": "message",
        "text": ":+1:",
        "user": "W81BJEAGZ",
        "ts": "1549577577.620500",
        "team": "T86S8GHEG",
        "user_team": "T86S8GHEG",
        "source_team": "T86S8GHEG",
        "user_profile": {
            "avatar_hash": "45f9fa184373",
            "image_72": "https:\/\/avatars.slack-edge.com\/2019-04-25\/620857384023_45f9fa184373c2c504f5_72.jpg",
            "first_name": "Pavan",
            "real_name": "Pavan Yalamanchili",
            "display_name": "pyalamanchili",
            "team": "T86S8GHEG",
            "name": "pyalamanchili",
            "is_restricted": false,
            "is_ultra_restricted": false
        }
    },
    {
        "client_msg_id": "905492b4-9dbf-4a23-9014-3b40c89dc456",
        "type": "message",
        "text": "cool, thanks .. shall look into it !",
        "user": "WFDL3LG2W",
        "ts": "1549577585.620800",
        "team": "T86S8GHEG",
        "user_team": "T86S8GHEG",
        "source_team": "T86S8GHEG",
        "user_profile": {
            "avatar_hash": "e0617879a6fe",
            "image_72": "https:\/\/avatars.slack-edge.com\/2019-02-07\/545274655971_e0617879a6feb3bc82e8_72.jpg",
            "first_name": "Jigyasa",
            "real_name": "Jigyasa Grover",
            "display_name": "jgrover",
            "team": "T86S8GHEG",
            "name": "jgrover",
            "is_restricted": false,
            "is_ultra_restricted": false
        }
    },
    {
        "client_msg_id": "4b6dd99d-c49f-4f43-ba00-211cd52f5011",
        "type": "message",
        "text": "will fix it properly",
        "user": "W81BJEAGZ",
        "ts": "1549577586.620900",
        "team": "T86S8GHEG",
        "user_team": "T86S8GHEG",
        "source_team": "T86S8GHEG",
        "user_profile": {
            "avatar_hash": "45f9fa184373",
            "image_72": "https:\/\/avatars.slack-edge.com\/2019-04-25\/620857384023_45f9fa184373c2c504f5_72.jpg",
            "first_name": "Pavan",
            "real_name": "Pavan Yalamanchili",
            "display_name": "pyalamanchili",
            "team": "T86S8GHEG",
            "name": "pyalamanchili",
            "is_restricted": false,
            "is_ultra_restricted": false
        },
        "reactions": [
            {
                "name": "partylarry",
                "users": [
                    "WFDL3LG2W",
                    "WBJNXSH6K"
                ],
                "count": 2
            }
        ]
    },
    {
        "client_msg_id": "45107e88-9042-40aa-9a6e-0d01c90b58b9",
        "type": "message",
        "text": "`ImportError: No module named twitter.cortex.model_repo.track.track_experiment`\n\nI get this error when trying to integrate model repo in my `model.py`\n\nI have imported like this:\n```\nfrom twitter.cortex.model_repo.track.track_experiment import TrackExperiment\nfrom twitter.cortex.model_repo.track.track_run import TrackRun\n```\nand also added in my dependencies like:\n```\npython_library(\n    name = \"orig_model_lib\",\n    sources = globs(\"*.py\"),\n    dependencies = [\n        \"ads-prediction\/training\/ml\/src\/main\/python\/adsml\",\n        \"cortex\/model-repo\/src\/python\/twitter\/cortex\/model_repo\/track\",\n    ],\n)\n```\n\nAny pointers please ?",
        "user": "WFDL3LG2W",
        "ts": "1549588458.622400",
        "team": "T86S8GHEG",
        "user_team": "T86S8GHEG",
        "source_team": "T86S8GHEG",
        "user_profile": {
            "avatar_hash": "e0617879a6fe",
            "image_72": "https:\/\/avatars.slack-edge.com\/2019-02-07\/545274655971_e0617879a6feb3bc82e8_72.jpg",
            "first_name": "Jigyasa",
            "real_name": "Jigyasa Grover",
            "display_name": "jgrover",
            "team": "T86S8GHEG",
            "name": "jgrover",
            "is_restricted": false,
            "is_ultra_restricted": false
        }
    },
    {
        "client_msg_id": "d5a8279c-1e3e-4adb-99a5-4cb8cd1ec21d",
        "type": "message",
        "text": "<@W82UCH2EB> who do we talk to about this ^",
        "user": "W81BJEAGZ",
        "ts": "1549588649.623000",
        "team": "T86S8GHEG",
        "user_team": "T86S8GHEG",
        "source_team": "T86S8GHEG",
        "user_profile": {
            "avatar_hash": "45f9fa184373",
            "image_72": "https:\/\/avatars.slack-edge.com\/2019-04-25\/620857384023_45f9fa184373c2c504f5_72.jpg",
            "first_name": "Pavan",
            "real_name": "Pavan Yalamanchili",
            "display_name": "pyalamanchili",
            "team": "T86S8GHEG",
            "name": "pyalamanchili",
            "is_restricted": false,
            "is_ultra_restricted": false
        }
    },
    {
        "client_msg_id": "585ea6db-06ab-449d-bdc3-9a31bffa6912",
        "type": "message",
        "text": "<@WFDL3LG2W> btw the fix has landed for the new feature config",
        "user": "W81BJEAGZ",
        "ts": "1549588688.623400",
        "team": "T86S8GHEG",
        "user_team": "T86S8GHEG",
        "source_team": "T86S8GHEG",
        "user_profile": {
            "avatar_hash": "45f9fa184373",
            "image_72": "https:\/\/avatars.slack-edge.com\/2019-04-25\/620857384023_45f9fa184373c2c504f5_72.jpg",
            "first_name": "Pavan",
            "real_name": "Pavan Yalamanchili",
            "display_name": "pyalamanchili",
            "team": "T86S8GHEG",
            "name": "pyalamanchili",
            "is_restricted": false,
            "is_ultra_restricted": false
        }
    },
    {
        "client_msg_id": "534dd8c8-09e0-4f8a-bf76-6e6967dec2d5",
        "type": "message",
        "text": "<@WFDL3LG2W> do you have a branch \/ phab ?  Your imports and BUILD file look right to me.\nCan also try this as dependencies:\n```\n        \"cortex\/model-repo\/src\/python\/twitter\/cortex\/model_repo\/track:track-nodeps\",\n        \"twml:twml-nodeps\",\n```",
        "user": "W820RFKK6",
        "ts": "1549588831.624500",
        "team": "T86S8GHEG",
        "user_team": "T86S8GHEG",
        "source_team": "T86S8GHEG",
        "user_profile": {
            "avatar_hash": "d2cf7d816132",
            "image_72": "https:\/\/avatars.slack-edge.com\/2019-07-21\/694944687905_d2cf7d8161326b26f909_72.jpg",
            "first_name": "Yi",
            "real_name": "Yi Zhuang",
            "display_name": "yz",
            "team": "T86S8GHEG",
            "name": "yz",
            "is_restricted": false,
            "is_ultra_restricted": false
        }
    },
    {
        "client_msg_id": "068659fe-ad7e-4dc9-8fda-5206e1357f96",
        "type": "message",
        "text": "Thanks <@W81BJEAGZ>!",
        "user": "WFDL3LG2W",
        "ts": "1549588872.624800",
        "team": "T86S8GHEG",
        "user_team": "T86S8GHEG",
        "source_team": "T86S8GHEG",
        "user_profile": {
            "avatar_hash": "e0617879a6fe",
            "image_72": "https:\/\/avatars.slack-edge.com\/2019-02-07\/545274655971_e0617879a6feb3bc82e8_72.jpg",
            "first_name": "Jigyasa",
            "real_name": "Jigyasa Grover",
            "display_name": "jgrover",
            "team": "T86S8GHEG",
            "name": "jgrover",
            "is_restricted": false,
            "is_ultra_restricted": false
        }
    },
    {
        "client_msg_id": "9466d57f-15e3-41ca-987e-a8aacb653112",
        "type": "message",
        "text": "<@W820RFKK6> Dont have a phab as of now… I’ll try doing what you said …",
        "user": "WFDL3LG2W",
        "ts": "1549588899.625400",
        "team": "T86S8GHEG",
        "user_team": "T86S8GHEG",
        "source_team": "T86S8GHEG",
        "user_profile": {
            "avatar_hash": "e0617879a6fe",
            "image_72": "https:\/\/avatars.slack-edge.com\/2019-02-07\/545274655971_e0617879a6feb3bc82e8_72.jpg",
            "first_name": "Jigyasa",
            "real_name": "Jigyasa Grover",
            "display_name": "jgrover",
            "team": "T86S8GHEG",
            "name": "jgrover",
            "is_restricted": false,
            "is_ultra_restricted": false
        }
    },
    {
        "client_msg_id": "dd5a1a55-b417-4470-8998-0767c1f6cb51",
        "type": "message",
        "text": "<@W81BJEAGZ> normally Sam but he’s on PTO",
        "user": "W82UCH2EB",
        "ts": "1549588942.625700",
        "team": "T86S8GHEG",
        "user_team": "T86S8GHEG",
        "source_team": "T86S8GHEG",
        "user_profile": {
            "avatar_hash": "91f21c110d85",
            "image_72": "https:\/\/avatars.slack-edge.com\/2018-05-25\/371711110887_91f21c110d858e612f45_72.jpg",
            "first_name": "Newton",
            "real_name": "Newton Le",
            "display_name": "nle",
            "team": "T86S8GHEG",
            "name": "nle",
            "is_restricted": false,
            "is_ultra_restricted": false
        }
    },
    {
        "client_msg_id": "d4bdd262-03e6-4275-b00e-3ae0f5a6b50d",
        "type": "message",
        "text": "<@W820RFKK6> fails still :fail:",
        "user": "WFDL3LG2W",
        "ts": "1549588999.625900",
        "team": "T86S8GHEG",
        "user_team": "T86S8GHEG",
        "source_team": "T86S8GHEG",
        "user_profile": {
            "avatar_hash": "e0617879a6fe",
            "image_72": "https:\/\/avatars.slack-edge.com\/2019-02-07\/545274655971_e0617879a6feb3bc82e8_72.jpg",
            "first_name": "Jigyasa",
            "real_name": "Jigyasa Grover",
            "display_name": "jgrover",
            "team": "T86S8GHEG",
            "name": "jgrover",
            "is_restricted": false,
            "is_ultra_restricted": false
        },
        "edited": {
            "user": "WFDL3LG2W",
            "ts": "1549589015.000000"
        }
    },
    {
        "client_msg_id": "369f8ce5-7b08-4ce6-9793-f13ce5d5bfc1",
        "type": "message",
        "text": "<@W81BJEAGZ> there used to be a `model_with_track_params.py` but I don’t see it anymore",
        "user": "W82UCH2EB",
        "ts": "1549589188.626500",
        "team": "T86S8GHEG",
        "user_team": "T86S8GHEG",
        "source_team": "T86S8GHEG",
        "user_profile": {
            "avatar_hash": "91f21c110d85",
            "image_72": "https:\/\/avatars.slack-edge.com\/2018-05-25\/371711110887_91f21c110d858e612f45_72.jpg",
            "first_name": "Newton",
            "real_name": "Newton Le",
            "display_name": "nle",
            "team": "T86S8GHEG",
            "name": "nle",
            "is_restricted": false,
            "is_ultra_restricted": false
        }
    },
    {
        "client_msg_id": "15c3ae76-0905-41d5-a858-3a2ead54032d",
        "type": "message",
        "text": "it had the correct build dependencies for model repo",
        "user": "W82UCH2EB",
        "ts": "1549589199.626800",
        "team": "T86S8GHEG",
        "user_team": "T86S8GHEG",
        "source_team": "T86S8GHEG",
        "user_profile": {
            "avatar_hash": "91f21c110d85",
            "image_72": "https:\/\/avatars.slack-edge.com\/2018-05-25\/371711110887_91f21c110d858e612f45_72.jpg",
            "first_name": "Newton",
            "real_name": "Newton Le",
            "display_name": "nle",
            "team": "T86S8GHEG",
            "name": "nle",
            "is_restricted": false,
            "is_ultra_restricted": false
        }
    },
    {
        "client_msg_id": "ce5995f7-8cd7-4e33-ac03-f3a8f9b36878",
        "type": "message",
        "text": "here’s a build file associated with a model.py with TrackExperiment: <https:\/\/cgit.twitter.biz\/source\/tree\/src\/python\/twitter\/ml\/resources\/model_templates\/abuse_detection\/qf_mention\/BUILD>",
        "user": "W82UCH2EB",
        "ts": "1549589292.627200",
        "team": "T86S8GHEG",
        "user_team": "T86S8GHEG",
        "source_team": "T86S8GHEG",
        "user_profile": {
            "avatar_hash": "91f21c110d85",
            "image_72": "https:\/\/avatars.slack-edge.com\/2018-05-25\/371711110887_91f21c110d858e612f45_72.jpg",
            "first_name": "Newton",
            "real_name": "Newton Le",
            "display_name": "nle",
            "team": "T86S8GHEG",
            "name": "nle",
            "is_restricted": false,
            "is_ultra_restricted": false
        }
    },
    {
        "client_msg_id": "d0d13321-4d7a-4a12-85ff-a769b68fc896",
        "type": "message",
        "text": "<@WFDL3LG2W> a draft phab and how you’re executing this would be helpful to help debug",
        "user": "W82UCH2EB",
        "ts": "1549589476.627700",
        "team": "T86S8GHEG",
        "user_team": "T86S8GHEG",
        "source_team": "T86S8GHEG",
        "user_profile": {
            "avatar_hash": "91f21c110d85",
            "image_72": "https:\/\/avatars.slack-edge.com\/2018-05-25\/371711110887_91f21c110d858e612f45_72.jpg",
            "first_name": "Newton",
            "real_name": "Newton Le",
            "display_name": "nle",
            "team": "T86S8GHEG",
            "name": "nle",
            "is_restricted": false,
            "is_ultra_restricted": false
        }
    },
    {
        "client_msg_id": "854545f4-250c-48e5-834a-a030bcfa06f4",
        "type": "message",
        "text": "<@W82UCH2EB> is it this <https:\/\/cgit.twitter.biz\/source\/tree\/src\/python\/twitter\/deepbird\/examples\/movielens\/model_with_track_params.py> ?",
        "user": "WFDL3LG2W",
        "ts": "1549597465.628000",
        "team": "T86S8GHEG",
        "user_team": "T86S8GHEG",
        "source_team": "T86S8GHEG",
        "user_profile": {
            "avatar_hash": "e0617879a6fe",
            "image_72": "https:\/\/avatars.slack-edge.com\/2019-02-07\/545274655971_e0617879a6feb3bc82e8_72.jpg",
            "first_name": "Jigyasa",
            "real_name": "Jigyasa Grover",
            "display_name": "jgrover",
            "team": "T86S8GHEG",
            "name": "jgrover",
            "is_restricted": false,
            "is_ultra_restricted": false
        },
        "thread_ts": "1549597465.628000",
        "reply_count": 2,
        "reply_users_count": 2,
        "latest_reply": "1549598359.628400",
        "reply_users": [
            "W82UCH2EB",
            "WFDL3LG2W"
        ],
        "replies": [
            {
                "user": "W82UCH2EB",
                "ts": "1549598196.628200"
            },
            {
                "user": "WFDL3LG2W",
                "ts": "1549598359.628400"
            }
        ],
        "subscribed": false
    },
    {
        "client_msg_id": "b0c55681-a521-43a5-911d-11e8274c4612",
        "type": "message",
        "text": "That's the one",
        "user": "W82UCH2EB",
        "ts": "1549598196.628200",
        "team": "T86S8GHEG",
        "user_team": "T86S8GHEG",
        "source_team": "T86S8GHEG",
        "user_profile": {
            "avatar_hash": "91f21c110d85",
            "image_72": "https:\/\/avatars.slack-edge.com\/2018-05-25\/371711110887_91f21c110d858e612f45_72.jpg",
            "first_name": "Newton",
            "real_name": "Newton Le",
            "display_name": "nle",
            "team": "T86S8GHEG",
            "name": "nle",
            "is_restricted": false,
            "is_ultra_restricted": false
        },
        "thread_ts": "1549597465.628000",
        "parent_user_id": "WFDL3LG2W"
    },
    {
        "client_msg_id": "1e9061b5-28a1-42c2-af62-1af2017d5635",
        "type": "message",
        "text": "cool !",
        "user": "WFDL3LG2W",
        "ts": "1549598359.628400",
        "team": "T86S8GHEG",
        "user_team": "T86S8GHEG",
        "source_team": "T86S8GHEG",
        "user_profile": {
            "avatar_hash": "e0617879a6fe",
            "image_72": "https:\/\/avatars.slack-edge.com\/2019-02-07\/545274655971_e0617879a6feb3bc82e8_72.jpg",
            "first_name": "Jigyasa",
            "real_name": "Jigyasa Grover",
            "display_name": "jgrover",
            "team": "T86S8GHEG",
            "name": "jgrover",
            "is_restricted": false,
            "is_ultra_restricted": false
        },
        "thread_ts": "1549597465.628000",
        "parent_user_id": "WFDL3LG2W"
    },
    {
        "client_msg_id": "0476516a-ef1e-4cc3-8849-3c65ba9e5de2",
        "type": "message",
        "text": "Also, may I know who handles the `model-repo-access` permission group on go\/idm ? Kinda blocked on the permissions so cant make progress ! TIA.",
        "user": "WFDL3LG2W",
        "ts": "1549598696.629300",
        "team": "T86S8GHEG",
        "user_team": "T86S8GHEG",
        "source_team": "T86S8GHEG",
        "user_profile": {
            "avatar_hash": "e0617879a6fe",
            "image_72": "https:\/\/avatars.slack-edge.com\/2019-02-07\/545274655971_e0617879a6feb3bc82e8_72.jpg",
            "first_name": "Jigyasa",
            "real_name": "Jigyasa Grover",
            "display_name": "jgrover",
            "team": "T86S8GHEG",
            "name": "jgrover",
            "is_restricted": false,
            "is_ultra_restricted": false
        },
        "thread_ts": "1549598696.629300",
        "reply_count": 3,
        "reply_users_count": 2,
        "latest_reply": "1549652598.656700",
        "reply_users": [
            "W82UCH2EB",
            "W81EYMXMZ"
        ],
        "replies": [
            {
                "user": "W82UCH2EB",
                "ts": "1549598808.630100"
            },
            {
                "user": "W81EYMXMZ",
                "ts": "1549651334.656500"
            },
            {
                "user": "W81EYMXMZ",
                "ts": "1549652598.656700"
            }
        ],
        "subscribed": false
    },
    {
        "client_msg_id": "7357d675-785a-4c8e-ba36-1e0b6deb9162",
        "type": "message",
        "text": "<@W820RFKK6>  <@W82UCH2EB> Thanks, was able to fix that issue !",
        "user": "WFDL3LG2W",
        "ts": "1549598765.629900",
        "team": "T86S8GHEG",
        "user_team": "T86S8GHEG",
        "source_team": "T86S8GHEG",
        "user_profile": {
            "avatar_hash": "e0617879a6fe",
            "image_72": "https:\/\/avatars.slack-edge.com\/2019-02-07\/545274655971_e0617879a6feb3bc82e8_72.jpg",
            "first_name": "Jigyasa",
            "real_name": "Jigyasa Grover",
            "display_name": "jgrover",
            "team": "T86S8GHEG",
            "name": "jgrover",
            "is_restricted": false,
            "is_ultra_restricted": false
        },
        "edited": {
            "user": "WFDL3LG2W",
            "ts": "1549598774.000000"
        },
        "thread_ts": "1549598765.629900",
        "reply_count": 2,
        "reply_users_count": 2,
        "latest_reply": "1549599101.630500",
        "reply_users": [
            "W82UCH2EB",
            "WFDL3LG2W"
        ],
        "replies": [
            {
                "user": "W82UCH2EB",
                "ts": "1549598838.630300"
            },
            {
                "user": "WFDL3LG2W",
                "ts": "1549599101.630500"
            }
        ],
        "subscribed": false
    },
    {
        "client_msg_id": "ffaa193e-e0f9-4734-92f6-87460c42327f",
        "type": "message",
        "text": "<@W81EYMXMZ> ",
        "user": "W82UCH2EB",
        "ts": "1549598808.630100",
        "team": "T86S8GHEG",
        "user_team": "T86S8GHEG",
        "source_team": "T86S8GHEG",
        "user_profile": {
            "avatar_hash": "91f21c110d85",
            "image_72": "https:\/\/avatars.slack-edge.com\/2018-05-25\/371711110887_91f21c110d858e612f45_72.jpg",
            "first_name": "Newton",
            "real_name": "Newton Le",
            "display_name": "nle",
            "team": "T86S8GHEG",
            "name": "nle",
            "is_restricted": false,
            "is_ultra_restricted": false
        },
        "thread_ts": "1549598696.629300",
        "parent_user_id": "WFDL3LG2W"
    },
    {
        "client_msg_id": "c8218cb6-43a2-474d-93de-4bf7b7d91f59",
        "type": "message",
        "text": "BTW can you say what you did? It will help us understand common issues and help other users",
        "user": "W82UCH2EB",
        "ts": "1549598838.630300",
        "team": "T86S8GHEG",
        "user_team": "T86S8GHEG",
        "source_team": "T86S8GHEG",
        "user_profile": {
            "avatar_hash": "91f21c110d85",
            "image_72": "https:\/\/avatars.slack-edge.com\/2018-05-25\/371711110887_91f21c110d858e612f45_72.jpg",
            "first_name": "Newton",
            "real_name": "Newton Le",
            "display_name": "nle",
            "team": "T86S8GHEG",
            "name": "nle",
            "is_restricted": false,
            "is_ultra_restricted": false
        },
        "thread_ts": "1549598765.629900",
        "parent_user_id": "WFDL3LG2W",
        "reactions": [
            {
                "name": "partylarry",
                "users": [
                    "WFDL3LG2W"
                ],
                "count": 1
            }
        ]
    },
    {
        "client_msg_id": "9f5ddd23-4b67-4c66-891b-24dc5d50f6f3",
        "type": "message",
        "text": "Sure, mostly it was playing around with where I placed my dependencies. I am super-super new to all this… so all I did was experimenting where I placed them, nothing fancy.\n```\npython_binary(\n  name=\"model-local\",\n  source=\"model.py\",\n  dependencies=[\n    \":orig_model_lib\",\n    \"twml:twml-dev\",\n    \"cortex\/model-repo\/src\/python\/twitter\/cortex\/model_repo\/track\",\n    \"src\/python\/twitter\/ml\/common\",\n    \"twml:twml-nodeps\",\n  ],\n)\n```",
        "user": "WFDL3LG2W",
        "ts": "1549599101.630500",
        "team": "T86S8GHEG",
        "user_team": "T86S8GHEG",
        "source_team": "T86S8GHEG",
        "user_profile": {
            "avatar_hash": "e0617879a6fe",
            "image_72": "https:\/\/avatars.slack-edge.com\/2019-02-07\/545274655971_e0617879a6feb3bc82e8_72.jpg",
            "first_name": "Jigyasa",
            "real_name": "Jigyasa Grover",
            "display_name": "jgrover",
            "team": "T86S8GHEG",
            "name": "jgrover",
            "is_restricted": false,
            "is_ultra_restricted": false
        },
        "thread_ts": "1549598765.629900",
        "parent_user_id": "WFDL3LG2W",
        "reactions": [
            {
                "name": "+1::skin-tone-3",
                "users": [
                    "W82UCH2EB"
                ],
                "count": 1
            }
        ]
    }
]