[
    {
        "client_msg_id": "8db90262-352c-4d62-b842-e5533165b41e",
        "type": "message",
        "text": "how would i go about using a tf hub model in my model? e.g. if i wanted to use <https:\/\/tfhub.dev\/google\/universal-sentence-encoder\/2>",
        "user": "WG6VAR3KQ",
        "ts": "1555811619.181700",
        "team": "T86S8GHEG",
        "user_team": "T86S8GHEG",
        "source_team": "T86S8GHEG",
        "user_profile": {
            "avatar_hash": "9be1b5b62448",
            "image_72": "https:\/\/avatars.slack-edge.com\/2019-02-26\/562776877158_9be1b5b6244839b4af23_72.jpg",
            "first_name": "Daniel",
            "real_name": "Daniel Erenrich",
            "display_name": "derenrich",
            "team": "T86S8GHEG",
            "name": "derenrich",
            "is_restricted": false,
            "is_ultra_restricted": false
        }
    }
]