[
    {
        "type": "message",
        "subtype": "bot_message",
        "text": "There are *2* events today",
        "ts": "1571835607.319800",
        "username": "DeepBird v2 Users",
        "bot_id": "BDG4KCQ06",
        "attachments": [
            {
                "fallback": "Deepbird Office Hours - London Friendly: <!date^1571842800^{date_short_pretty} from {time}|October 23rd, 2019 from 8:00 AM> to <!date^1571844600^{time}|8:30 AM GMT-0700>",
                "text": "<!date^1571842800^{date_short_pretty} from {time}|October 23rd, 2019 from 8:00 AM> to <!date^1571844600^{time}|8:30 AM GMT-0700> at <https:\/\/maps.google.com\/maps?q=London-6-Penguin+%288%29+%5BHangouts%5D%2C+New+York+City-0-Bedford+Ave+%288%29+%5BHangouts%2C+LCD%2C+Phone%5D|London-6-Penguin (8) [Hangouts], New York City-0-Bedford Ave (8) [Hangouts, LCD, Phone]>",
                "title": "Deepbird Office Hours - London Friendly",
                "id": 1,
                "title_link": "https:\/\/www.google.com\/calendar\/event?eid=aGRhbmUzdnVyYjJzNG43NmhjNXY3Ymtmb2dfMjAxOTEwMjNUMTUwMDAwWiB0d2l0dGVyLmNvbV9iaGJnbWhocjVxOHNzdXE0MTgwdnNraXAyMEBn",
                "color": "cd74e6",
                "mrkdwn_in": [
                    "text",
                    "pretext"
                ]
            },
            {
                "fallback": "DeepBird v2 Office Hours: <!date^1571860800^{date_short_pretty} from {time}|October 23rd, 2019 from 1:00 PM> to <!date^1571864400^{time}|2:00 PM GMT-0700>",
                "text": "<!date^1571860800^{date_short_pretty} from {time}|October 23rd, 2019 from 1:00 PM> to <!date^1571864400^{time}|2:00 PM GMT-0700> at <https:\/\/maps.google.com\/maps?q=New+York+City-6-Velvet+Underground+%288%29+%5BBluejeans%2C+Hangouts%2C+Jamboard%2C+LCD%2C+Phone%5D%2C+SFMarket-8-Waxwing+%2810%29+%5BHangouts%2C+Jamboard%2C+LCD%5D%2C+SFMarket-5-Canvasback+%2810%29+%5BHangouts%2C+Jamboard%2C+Phone%2C+Projector%5D%2C+SFTenth-9-Marina+Blvd+%2810%29+%5BHangouts%2C+Jamboard%2C+Phone%5D|New York City-6-Velvet Underground (8) [Bluejeans, Hangouts, Jamboard, LCD, Phone], SFMarket-8-Waxwing (10) [Hangouts, Jamboard, LCD], SFMarket-5-Canvasback (10) [Hangouts, Jamboard, Phone, Projector], SFTenth-9-Marina Blvd (10) [Hangouts, Jamboard, Phone]>",
                "title": "DeepBird v2 Office Hours",
                "id": 2,
                "title_link": "https:\/\/www.google.com\/calendar\/event?eid=YzlqMzJvcHBjNG82MmI5bGNjcjNjYjlrY2dzM2FiOXBjaGkzYWI5bDZ0aDM4b2IyNm9zM2FkMzZjY18yMDE5MTAyM1QyMDAwMDBaIHR3aXR0ZXIuY29tX2JoYmdtaGhyNXE4c3N1cTQxODB2c2tpcDIwQGc",
                "color": "cd74e6",
                "mrkdwn_in": [
                    "text",
                    "pretext"
                ]
            }
        ]
    },
    {
        "client_msg_id": "dab068e0-c314-4329-b195-7907b4acab6e",
        "type": "message",
        "text": "Today’s london friendly office hours would be in New York City-4-Central Park",
        "user": "W8MSTHA74",
        "ts": "1571840268.320200",
        "team": "T86S8GHEG",
        "user_team": "T86S8GHEG",
        "source_team": "T86S8GHEG",
        "user_profile": {
            "avatar_hash": "38e8d25b5e1a",
            "image_72": "https:\/\/avatars.slack-edge.com\/2019-07-15\/688880508289_38e8d25b5e1ab3f0d0f4_72.png",
            "first_name": "Priyank",
            "real_name": "Priyank J",
            "display_name": "priyankj",
            "team": "T86S8GHEG",
            "name": "priyankj",
            "is_restricted": false,
            "is_ultra_restricted": false
        },
        "edited": {
            "user": "W8MSTHA74",
            "ts": "1571840275.000000"
        }
    },
    {
        "type": "message",
        "subtype": "bot_message",
        "text": "",
        "ts": "1571841902.320400",
        "username": "DeepBird v2 Users",
        "bot_id": "BDG4KCQ06",
        "attachments": [
            {
                "fallback": "Deepbird Office Hours - London Friendly: <!date^1571842800^{date_short_pretty} from {time}|October 23rd, 2019 from 8:00 AM> to <!date^1571844600^{time}|8:30 AM GMT-0700>",
                "text": "<!date^1571842800^{date_short_pretty} from {time}|October 23rd, 2019 from 8:00 AM> to <!date^1571844600^{time}|8:30 AM GMT-0700> at <https:\/\/maps.google.com\/maps?q=London-6-Penguin+%288%29+%5BHangouts%5D%2C+New+York+City-0-Bedford+Ave+%288%29+%5BHangouts%2C+LCD%2C+Phone%5D|London-6-Penguin (8) [Hangouts], New York City-0-Bedford Ave (8) [Hangouts, LCD, Phone]>",
                "pretext": "Event starting in 15 minutes:",
                "title": "Deepbird Office Hours - London Friendly",
                "id": 1,
                "title_link": "https:\/\/www.google.com\/calendar\/event?eid=aGRhbmUzdnVyYjJzNG43NmhjNXY3Ymtmb2dfMjAxOTEwMjNUMTUwMDAwWiB0d2l0dGVyLmNvbV9iaGJnbWhocjVxOHNzdXE0MTgwdnNraXAyMEBn",
                "color": "cd74e6",
                "mrkdwn_in": [
                    "text",
                    "pretext",
                    "more"
                ]
            }
        ]
    },
    {
        "client_msg_id": "dc7a0f93-9ab6-46b9-a222-1f6f65029381",
        "type": "message",
        "text": "Is there a way to set the early stopping metric to loss? Just using `loss` seems to trigger a stop immediately since the loss decreasing is perceived as the performance decreasing",
        "user": "W81EZ626P",
        "ts": "1571852404.321400",
        "team": "T86S8GHEG",
        "user_team": "T86S8GHEG",
        "source_team": "T86S8GHEG",
        "user_profile": {
            "avatar_hash": "bb903008f72f",
            "image_72": "https:\/\/avatars.slack-edge.com\/2019-02-05\/542203016800_bb903008f72fbebfcd01_72.png",
            "first_name": "Dan",
            "real_name": "Dan Shiebler",
            "display_name": "dshiebler",
            "team": "T86S8GHEG",
            "name": "dshiebler",
            "is_restricted": false,
            "is_ultra_restricted": false
        },
        "thread_ts": "1571852404.321400",
        "reply_count": 6,
        "reply_users_count": 2,
        "latest_reply": "1571852901.322500",
        "reply_users": [
            "W81BJEAGZ",
            "W81EZ626P"
        ],
        "replies": [
            {
                "user": "W81BJEAGZ",
                "ts": "1571852614.321500"
            },
            {
                "user": "W81EZ626P",
                "ts": "1571852870.321700"
            },
            {
                "user": "W81EZ626P",
                "ts": "1571852887.321900"
            },
            {
                "user": "W81EZ626P",
                "ts": "1571852891.322100"
            },
            {
                "user": "W81BJEAGZ",
                "ts": "1571852892.322300"
            },
            {
                "user": "W81EZ626P",
                "ts": "1571852901.322500"
            }
        ],
        "subscribed": false
    },
    {
        "client_msg_id": "9485bb3e-6abd-46b3-a634-f72647358c03",
        "type": "message",
        "text": "are you setting `early_stop_minimize=False` ?",
        "user": "W81BJEAGZ",
        "ts": "1571852614.321500",
        "team": "T86S8GHEG",
        "user_team": "T86S8GHEG",
        "source_team": "T86S8GHEG",
        "user_profile": {
            "avatar_hash": "45f9fa184373",
            "image_72": "https:\/\/avatars.slack-edge.com\/2019-04-25\/620857384023_45f9fa184373c2c504f5_72.jpg",
            "first_name": "Pavan",
            "real_name": "Pavan Yalamanchili",
            "display_name": "pyalamanchili",
            "team": "T86S8GHEG",
            "name": "pyalamanchili",
            "is_restricted": false,
            "is_ultra_restricted": false
        },
        "thread_ts": "1571852404.321400",
        "parent_user_id": "W81EZ626P"
    },
    {
        "client_msg_id": "71f39f10-f65e-4668-863a-1f64c8548e15",
        "type": "message",
        "text": "yes",
        "user": "W81EZ626P",
        "ts": "1571852870.321700",
        "team": "T86S8GHEG",
        "user_team": "T86S8GHEG",
        "source_team": "T86S8GHEG",
        "user_profile": {
            "avatar_hash": "bb903008f72f",
            "image_72": "https:\/\/avatars.slack-edge.com\/2019-02-05\/542203016800_bb903008f72fbebfcd01_72.png",
            "first_name": "Dan",
            "real_name": "Dan Shiebler",
            "display_name": "dshiebler",
            "team": "T86S8GHEG",
            "name": "dshiebler",
            "is_restricted": false,
            "is_ultra_restricted": false
        },
        "thread_ts": "1571852404.321400",
        "parent_user_id": "W81EZ626P"
    },
    {
        "client_msg_id": "e1bff44c-40e8-4c5b-bcf4-5ba2fa369ee7",
        "type": "message",
        "text": "aha",
        "user": "W81EZ626P",
        "ts": "1571852887.321900",
        "team": "T86S8GHEG",
        "user_team": "T86S8GHEG",
        "source_team": "T86S8GHEG",
        "user_profile": {
            "avatar_hash": "bb903008f72f",
            "image_72": "https:\/\/avatars.slack-edge.com\/2019-02-05\/542203016800_bb903008f72fbebfcd01_72.png",
            "first_name": "Dan",
            "real_name": "Dan Shiebler",
            "display_name": "dshiebler",
            "team": "T86S8GHEG",
            "name": "dshiebler",
            "is_restricted": false,
            "is_ultra_restricted": false
        },
        "thread_ts": "1571852404.321400",
        "parent_user_id": "W81EZ626P"
    },
    {
        "client_msg_id": "ad035c47-7374-41d1-89d9-0c6cbe5aae30",
        "type": "message",
        "text": "so I want `early_stop_minimize=True`",
        "user": "W81EZ626P",
        "ts": "1571852891.322100",
        "team": "T86S8GHEG",
        "user_team": "T86S8GHEG",
        "source_team": "T86S8GHEG",
        "user_profile": {
            "avatar_hash": "bb903008f72f",
            "image_72": "https:\/\/avatars.slack-edge.com\/2019-02-05\/542203016800_bb903008f72fbebfcd01_72.png",
            "first_name": "Dan",
            "real_name": "Dan Shiebler",
            "display_name": "dshiebler",
            "team": "T86S8GHEG",
            "name": "dshiebler",
            "is_restricted": false,
            "is_ultra_restricted": false
        },
        "thread_ts": "1571852404.321400",
        "parent_user_id": "W81EZ626P"
    },
    {
        "client_msg_id": "ebc86c18-2e41-4b59-a8c3-fc2556336588",
        "type": "message",
        "text": ":smile:",
        "user": "W81BJEAGZ",
        "ts": "1571852892.322300",
        "team": "T86S8GHEG",
        "user_team": "T86S8GHEG",
        "source_team": "T86S8GHEG",
        "user_profile": {
            "avatar_hash": "45f9fa184373",
            "image_72": "https:\/\/avatars.slack-edge.com\/2019-04-25\/620857384023_45f9fa184373c2c504f5_72.jpg",
            "first_name": "Pavan",
            "real_name": "Pavan Yalamanchili",
            "display_name": "pyalamanchili",
            "team": "T86S8GHEG",
            "name": "pyalamanchili",
            "is_restricted": false,
            "is_ultra_restricted": false
        },
        "thread_ts": "1571852404.321400",
        "parent_user_id": "W81EZ626P"
    },
    {
        "client_msg_id": "d93c20a7-12d0-4391-b0cc-54593d041283",
        "type": "message",
        "text": "cool thanks",
        "user": "W81EZ626P",
        "ts": "1571852901.322500",
        "team": "T86S8GHEG",
        "user_team": "T86S8GHEG",
        "source_team": "T86S8GHEG",
        "user_profile": {
            "avatar_hash": "bb903008f72f",
            "image_72": "https:\/\/avatars.slack-edge.com\/2019-02-05\/542203016800_bb903008f72fbebfcd01_72.png",
            "first_name": "Dan",
            "real_name": "Dan Shiebler",
            "display_name": "dshiebler",
            "team": "T86S8GHEG",
            "name": "dshiebler",
            "is_restricted": false,
            "is_ultra_restricted": false
        },
        "thread_ts": "1571852404.321400",
        "parent_user_id": "W81EZ626P"
    },
    {
        "client_msg_id": "d9a3c3d8-a0f1-40be-a83c-ae0c8828be8f",
        "type": "message",
        "text": "sorry for the late reply, by that last comment do you mean `contrib.FeatureConfig`?",
        "user": "WN0EEJTSN",
        "ts": "1571855229.322700",
        "team": "T86S8GHEG",
        "user_team": "T86S8GHEG",
        "source_team": "T86S8GHEG",
        "user_profile": {
            "avatar_hash": "1c28e801d7b8",
            "image_72": "https:\/\/avatars.slack-edge.com\/2019-10-08\/775970492626_1c28e801d7b84b61c139_72.jpg",
            "first_name": "Kenny",
            "real_name": "Kenny Leung",
            "display_name": "kennyleung",
            "team": "T86S8GHEG",
            "name": "kennyleung",
            "is_restricted": false,
            "is_ultra_restricted": false
        },
        "thread_ts": "1571769669.312300",
        "parent_user_id": "WN0EEJTSN"
    },
    {
        "client_msg_id": "ad6a07a1-c6e1-45f8-9e72-2477b3c33dd8",
        "type": "message",
        "text": "-",
        "user": "WEKP01YV7",
        "ts": "1571856800.323000",
        "team": "T86S8GHEG",
        "user_team": "T86S8GHEG",
        "source_team": "T86S8GHEG",
        "user_profile": {
            "avatar_hash": "092f08c24901",
            "image_72": "https:\/\/avatars.slack-edge.com\/2018-12-21\/510089762515_092f08c2490142d1546f_72.jpg",
            "first_name": "Chenguang",
            "real_name": "Chenguang Yu",
            "display_name": "chenguangy",
            "team": "T86S8GHEG",
            "name": "chenguangy",
            "is_restricted": false,
            "is_ultra_restricted": false
        },
        "edited": {
            "user": "WEKP01YV7",
            "ts": "1571856808.000000"
        }
    },
    {
        "client_msg_id": "a01d741c-96aa-4b8b-97df-17cd359e405f",
        "type": "message",
        "text": "Do you have an example of this?",
        "user": "WMF7GCWCE",
        "ts": "1571859561.323200",
        "team": "T86S8GHEG",
        "user_team": "T86S8GHEG",
        "source_team": "T86S8GHEG",
        "user_profile": {
            "avatar_hash": "g7a5bbf39e6e",
            "image_72": "https:\/\/secure.gravatar.com\/avatar\/77a5bbf39e6e904df30a77fd1343b9f8.jpg?s=72&d=https%3A%2F%2Fa.slack-edge.com%2F5818c%2Fimg%2Favatars%2Fava_0016-72.png",
            "first_name": "Tatiana",
            "real_name": "Tatiana Ocampo",
            "display_name": "tocampo",
            "team": "T86S8GHEG",
            "name": "tocampo",
            "is_restricted": false,
            "is_ultra_restricted": false
        },
        "thread_ts": "1571766980.307500",
        "parent_user_id": "WMF7GCWCE"
    },
    {
        "type": "message",
        "subtype": "bot_message",
        "text": "",
        "ts": "1571859901.323400",
        "username": "DeepBird v2 Users",
        "bot_id": "BDG4KCQ06",
        "attachments": [
            {
                "fallback": "DeepBird v2 Office Hours: <!date^1571860800^{date_short_pretty} from {time}|October 23rd, 2019 from 1:00 PM> to <!date^1571864400^{time}|2:00 PM GMT-0700>",
                "text": "<!date^1571860800^{date_short_pretty} from {time}|October 23rd, 2019 from 1:00 PM> to <!date^1571864400^{time}|2:00 PM GMT-0700> at <https:\/\/maps.google.com\/maps?q=New+York+City-6-Velvet+Underground+%288%29+%5BBluejeans%2C+Hangouts%2C+Jamboard%2C+LCD%2C+Phone%5D%2C+SFMarket-8-Waxwing+%2810%29+%5BHangouts%2C+Jamboard%2C+LCD%5D%2C+SFMarket-5-Canvasback+%2810%29+%5BHangouts%2C+Jamboard%2C+Phone%2C+Projector%5D%2C+SFTenth-9-Marina+Blvd+%2810%29+%5BHangouts%2C+Jamboard%2C+Phone%5D|New York City-6-Velvet Underground (8) [Bluejeans, Hangouts, Jamboard, LCD, Phone], SFMarket-8-Waxwing (10) [Hangouts, Jamboard, LCD], SFMarket-5-Canvasback (10) [Hangouts, Jamboard, Phone, Projector], SFTenth-9-Marina Blvd (10) [Hangouts, Jamboard, Phone]>",
                "pretext": "Event starting in 15 minutes:",
                "title": "DeepBird v2 Office Hours",
                "id": 1,
                "title_link": "https:\/\/www.google.com\/calendar\/event?eid=YzlqMzJvcHBjNG82MmI5bGNjcjNjYjlrY2dzM2FiOXBjaGkzYWI5bDZ0aDM4b2IyNm9zM2FkMzZjY18yMDE5MTAyM1QyMDAwMDBaIHR3aXR0ZXIuY29tX2JoYmdtaGhyNXE4c3N1cTQxODB2c2tpcDIwQGc",
                "color": "cd74e6",
                "mrkdwn_in": [
                    "text",
                    "pretext",
                    "more"
                ]
            }
        ]
    },
    {
        "client_msg_id": "4641094b-cc56-4ae5-b02d-e1678dc98a1b",
        "type": "message",
        "text": "folks the office hours will be in SFTenth-9 Marina Blvd ^",
        "user": "W81BJEAGZ",
        "ts": "1571860879.323900",
        "team": "T86S8GHEG",
        "user_team": "T86S8GHEG",
        "source_team": "T86S8GHEG",
        "user_profile": {
            "avatar_hash": "45f9fa184373",
            "image_72": "https:\/\/avatars.slack-edge.com\/2019-04-25\/620857384023_45f9fa184373c2c504f5_72.jpg",
            "first_name": "Pavan",
            "real_name": "Pavan Yalamanchili",
            "display_name": "pyalamanchili",
            "team": "T86S8GHEG",
            "name": "pyalamanchili",
            "is_restricted": false,
            "is_ultra_restricted": false
        }
    },
    {
        "client_msg_id": "d628f657-0fa7-4f5f-b841-f80a05827fa1",
        "type": "message",
        "text": "I'll be there a few minutes late",
        "user": "W81BJEAGZ",
        "ts": "1571860890.324200",
        "team": "T86S8GHEG",
        "user_team": "T86S8GHEG",
        "source_team": "T86S8GHEG",
        "user_profile": {
            "avatar_hash": "45f9fa184373",
            "image_72": "https:\/\/avatars.slack-edge.com\/2019-04-25\/620857384023_45f9fa184373c2c504f5_72.jpg",
            "first_name": "Pavan",
            "real_name": "Pavan Yalamanchili",
            "display_name": "pyalamanchili",
            "team": "T86S8GHEG",
            "name": "pyalamanchili",
            "is_restricted": false,
            "is_ultra_restricted": false
        }
    },
    {
        "type": "message",
        "subtype": "bot_message",
        "text": "",
        "ts": "1571861485.324300",
        "bot_id": "BDG4KCQ06",
        "attachments": [
            {
                "fallback": "Event updated: DeepBird v2 Office Hours: <!date^1571860800^{date_short_pretty} from {time}|October 23rd, 2019 from 1:00 PM> to <!date^1571864400^{time}|2:00 PM GMT-0700>",
                "text": "<!date^1571860800^{date_short_pretty} from {time}|October 23rd, 2019 from 1:00 PM> to <!date^1571864400^{time}|2:00 PM GMT-0700> at <https:\/\/maps.google.com\/maps?q=New+York+City-6-Velvet+Underground+%288%29+%5BBluejeans%2C+Hangouts%2C+Jamboard%2C+LCD%2C+Phone%5D%2C+SFMarket-8-Waxwing+%2810%29+%5BHangouts%2C+Jamboard%2C+LCD%5D%2C+SFTenth-9-Marina+Blvd+%2810%29+%5BHangouts%2C+Jamboard%2C+Phone%5D|New York City-6-Velvet Underground (8) [Bluejeans, Hangouts, Jamboard, LCD, Phone], SFMarket-8-Waxwing (10) [Hangouts, Jamboard, LCD], SFTenth-9-Marina Blvd (10) [Hangouts, Jamboard, Phone]>",
                "pretext": "Calendar event updated",
                "title": "DeepBird v2 Office Hours",
                "id": 1,
                "title_link": "https:\/\/www.google.com\/calendar\/event?eid=YzlqMzJvcHBjNG82MmI5bGNjcjNjYjlrY2dzM2FiOXBjaGkzYWI5bDZ0aDM4b2IyNm9zM2FkMzZjY18yMDE5MTAyM1QyMDAwMDBaIHR3aXR0ZXIuY29tX2JoYmdtaGhyNXE4c3N1cTQxODB2c2tpcDIwQGc",
                "color": "cd74e6",
                "mrkdwn_in": [
                    "text",
                    "pretext",
                    "more"
                ]
            }
        ]
    },
    {
        "client_msg_id": "ac7315ed-f857-44ac-b3fb-566efbc5cb85",
        "type": "message",
        "text": "Hey team, was wondering if there is a way of seeing the changes that we do to the model paths list in the Aurora config for our deepbirdv2 service when deploying via workflows?",
        "user": "WKNTQK5AT",
        "ts": "1571862633.326800",
        "team": "T86S8GHEG",
        "user_team": "T86S8GHEG",
        "source_team": "T86S8GHEG",
        "user_profile": {
            "avatar_hash": "g1c6c61f0554",
            "image_72": "https:\/\/secure.gravatar.com\/avatar\/61c6c61f05549b3b0ecc60166dea09e3.jpg?s=72&d=https%3A%2F%2Fa.slack-edge.com%2Fdf10d%2Fimg%2Favatars%2Fava_0001-72.png",
            "first_name": "Abhishek Manoj",
            "real_name": "Abhishek Manoj Sharma",
            "display_name": "abhisheksharma",
            "team": "T86S8GHEG",
            "name": "abhisheksharma",
            "is_restricted": false,
            "is_ultra_restricted": false
        },
        "thread_ts": "1571862633.326800",
        "reply_count": 13,
        "reply_users_count": 5,
        "latest_reply": "1571868618.330700",
        "reply_users": [
            "WKNTQK5AT",
            "W81QKRYG3",
            "W8MSTHA74",
            "W81BJEAGZ",
            "W817G71EC"
        ],
        "replies": [
            {
                "user": "WKNTQK5AT",
                "ts": "1571862722.326900"
            },
            {
                "user": "W81QKRYG3",
                "ts": "1571863009.327100"
            },
            {
                "user": "W81QKRYG3",
                "ts": "1571863140.327300"
            },
            {
                "user": "WKNTQK5AT",
                "ts": "1571864461.327500"
            },
            {
                "user": "W8MSTHA74",
                "ts": "1571864505.327700"
            },
            {
                "user": "WKNTQK5AT",
                "ts": "1571864740.327900"
            },
            {
                "user": "W8MSTHA74",
                "ts": "1571864915.328100"
            },
            {
                "user": "W8MSTHA74",
                "ts": "1571864958.328300"
            },
            {
                "user": "WKNTQK5AT",
                "ts": "1571865204.328500"
            },
            {
                "user": "W81BJEAGZ",
                "ts": "1571865246.328700"
            },
            {
                "user": "W81BJEAGZ",
                "ts": "1571865310.328900"
            },
            {
                "user": "W81BJEAGZ",
                "ts": "1571865357.329100"
            },
            {
                "user": "W817G71EC",
                "ts": "1571868618.330700"
            }
        ],
        "subscribed": false
    },
    {
        "client_msg_id": "1c1917b9-bfee-4447-8260-a1e85e17151d",
        "type": "message",
        "text": "I know about the full export aurora job command that shows up in update summary. But would be nice to maybe having it show up in the changelog too? Do you know if any team using dbv2 that does so?",
        "user": "WKNTQK5AT",
        "ts": "1571862722.326900",
        "team": "T86S8GHEG",
        "user_team": "T86S8GHEG",
        "source_team": "T86S8GHEG",
        "user_profile": {
            "avatar_hash": "g1c6c61f0554",
            "image_72": "https:\/\/secure.gravatar.com\/avatar\/61c6c61f05549b3b0ecc60166dea09e3.jpg?s=72&d=https%3A%2F%2Fa.slack-edge.com%2Fdf10d%2Fimg%2Favatars%2Fava_0001-72.png",
            "first_name": "Abhishek Manoj",
            "real_name": "Abhishek Manoj Sharma",
            "display_name": "abhisheksharma",
            "team": "T86S8GHEG",
            "name": "abhisheksharma",
            "is_restricted": false,
            "is_ultra_restricted": false
        },
        "thread_ts": "1571862633.326800",
        "parent_user_id": "WKNTQK5AT"
    },
    {
        "client_msg_id": "9e6b456c-3380-4aff-b848-b4ef1cda534c",
        "type": "message",
        "text": "i don’t understand the question",
        "user": "W81QKRYG3",
        "ts": "1571863009.327100",
        "team": "T86S8GHEG",
        "user_team": "T86S8GHEG",
        "source_team": "T86S8GHEG",
        "user_profile": {
            "avatar_hash": "fc37bdaad5b1",
            "image_72": "https:\/\/avatars.slack-edge.com\/2019-01-16\/525311341939_fc37bdaad5b1b4245612_72.jpg",
            "first_name": "Ruhua",
            "real_name": "Ruhua Jiang",
            "display_name": "ruhuaj",
            "team": "T86S8GHEG",
            "name": "ruhuaj",
            "is_restricted": false,
            "is_ultra_restricted": false
        },
        "thread_ts": "1571862633.326800",
        "parent_user_id": "WKNTQK5AT"
    },
    {
        "client_msg_id": "90b520bd-c1a8-4e88-a50c-e1bb3a7fccb7",
        "type": "message",
        "text": "what does `seeing the changes that we do to the model paths ` means",
        "user": "W81QKRYG3",
        "ts": "1571863140.327300",
        "team": "T86S8GHEG",
        "user_team": "T86S8GHEG",
        "source_team": "T86S8GHEG",
        "user_profile": {
            "avatar_hash": "fc37bdaad5b1",
            "image_72": "https:\/\/avatars.slack-edge.com\/2019-01-16\/525311341939_fc37bdaad5b1b4245612_72.jpg",
            "first_name": "Ruhua",
            "real_name": "Ruhua Jiang",
            "display_name": "ruhuaj",
            "team": "T86S8GHEG",
            "name": "ruhuaj",
            "is_restricted": false,
            "is_ultra_restricted": false
        },
        "thread_ts": "1571862633.326800",
        "parent_user_id": "WKNTQK5AT"
    },
    {
        "client_msg_id": "67798956-d134-476f-bc22-534f32ec6ff9",
        "type": "message",
        "text": "<https:\/\/cgit.twitter.biz\/source\/tree\/frigate\/frigate-pushservice\/config\/deepbird\/deepbirdv2-magicrecs.aurora>\n\nThat is our aurora config - `MODEL_NAMES_PATHS` contains the model names. We wish to see changes to the aurora file to know what models are added\/removed before proceeding with deploy.",
        "user": "WKNTQK5AT",
        "ts": "1571864461.327500",
        "team": "T86S8GHEG",
        "user_team": "T86S8GHEG",
        "source_team": "T86S8GHEG",
        "user_profile": {
            "avatar_hash": "g1c6c61f0554",
            "image_72": "https:\/\/secure.gravatar.com\/avatar\/61c6c61f05549b3b0ecc60166dea09e3.jpg?s=72&d=https%3A%2F%2Fa.slack-edge.com%2Fdf10d%2Fimg%2Favatars%2Fava_0001-72.png",
            "first_name": "Abhishek Manoj",
            "real_name": "Abhishek Manoj Sharma",
            "display_name": "abhisheksharma",
            "team": "T86S8GHEG",
            "name": "abhisheksharma",
            "is_restricted": false,
            "is_ultra_restricted": false
        },
        "thread_ts": "1571862633.326800",
        "parent_user_id": "WKNTQK5AT"
    },
    {
        "client_msg_id": "7e3a8db6-ccfd-4ac4-9b9d-946f7f06ba56",
        "type": "message",
        "text": "<@WKNTQK5AT> can you click on the `logs` tab on the link you gave us",
        "user": "W8MSTHA74",
        "ts": "1571864505.327700",
        "team": "T86S8GHEG",
        "user_team": "T86S8GHEG",
        "source_team": "T86S8GHEG",
        "user_profile": {
            "avatar_hash": "38e8d25b5e1a",
            "image_72": "https:\/\/avatars.slack-edge.com\/2019-07-15\/688880508289_38e8d25b5e1ab3f0d0f4_72.png",
            "first_name": "Priyank",
            "real_name": "Priyank J",
            "display_name": "priyankj",
            "team": "T86S8GHEG",
            "name": "priyankj",
            "is_restricted": false,
            "is_ultra_restricted": false
        },
        "thread_ts": "1571862633.326800",
        "parent_user_id": "WKNTQK5AT"
    },
    {
        "client_msg_id": "6da24c78-1880-4be4-b8f7-1526aa4882f3",
        "type": "message",
        "text": "Thanks <@W8MSTHA74>. Yes, we know about that, but wanted to know if we could have the changes show up in the workflow itself for deepbirdv2 model changes, or is checking the git logs and comparing the dates the only way to do it?",
        "user": "WKNTQK5AT",
        "ts": "1571864740.327900",
        "team": "T86S8GHEG",
        "user_team": "T86S8GHEG",
        "source_team": "T86S8GHEG",
        "user_profile": {
            "avatar_hash": "g1c6c61f0554",
            "image_72": "https:\/\/secure.gravatar.com\/avatar\/61c6c61f05549b3b0ecc60166dea09e3.jpg?s=72&d=https%3A%2F%2Fa.slack-edge.com%2Fdf10d%2Fimg%2Favatars%2Fava_0001-72.png",
            "first_name": "Abhishek Manoj",
            "real_name": "Abhishek Manoj Sharma",
            "display_name": "abhisheksharma",
            "team": "T86S8GHEG",
            "name": "abhisheksharma",
            "is_restricted": false,
            "is_ultra_restricted": false
        },
        "thread_ts": "1571862633.326800",
        "parent_user_id": "WKNTQK5AT"
    },
    {
        "client_msg_id": "0e23fbd3-e66b-4070-86d2-dd1f18623d3f",
        "type": "message",
        "text": "the other way I know of is that you can check the aurora job stderr. We print the list of models loaded there",
        "user": "W8MSTHA74",
        "ts": "1571864915.328100",
        "team": "T86S8GHEG",
        "user_team": "T86S8GHEG",
        "source_team": "T86S8GHEG",
        "user_profile": {
            "avatar_hash": "38e8d25b5e1a",
            "image_72": "https:\/\/avatars.slack-edge.com\/2019-07-15\/688880508289_38e8d25b5e1ab3f0d0f4_72.png",
            "first_name": "Priyank",
            "real_name": "Priyank J",
            "display_name": "priyankj",
            "team": "T86S8GHEG",
            "name": "priyankj",
            "is_restricted": false,
            "is_ultra_restricted": false
        },
        "thread_ts": "1571862633.326800",
        "parent_user_id": "WKNTQK5AT"
    },
    {
        "client_msg_id": "41601a5e-5814-4fb1-8df6-abf21d73495f",
        "type": "message",
        "text": "but i guess that doesn’t exactly answer your question, this info will be available once the servers have started",
        "user": "W8MSTHA74",
        "ts": "1571864958.328300",
        "team": "T86S8GHEG",
        "user_team": "T86S8GHEG",
        "source_team": "T86S8GHEG",
        "user_profile": {
            "avatar_hash": "38e8d25b5e1a",
            "image_72": "https:\/\/avatars.slack-edge.com\/2019-07-15\/688880508289_38e8d25b5e1ab3f0d0f4_72.png",
            "first_name": "Priyank",
            "real_name": "Priyank J",
            "display_name": "priyankj",
            "team": "T86S8GHEG",
            "name": "priyankj",
            "is_restricted": false,
            "is_ultra_restricted": false
        },
        "thread_ts": "1571862633.326800",
        "parent_user_id": "WKNTQK5AT"
    },
    {
        "client_msg_id": "e4943178-72e6-447a-9e44-5b702e020326",
        "type": "message",
        "text": "True. But as you said, the main point of my question is to know the changes done to the models list *before* deployment. :slightly_smiling_face:",
        "user": "WKNTQK5AT",
        "ts": "1571865204.328500",
        "team": "T86S8GHEG",
        "user_team": "T86S8GHEG",
        "source_team": "T86S8GHEG",
        "user_profile": {
            "avatar_hash": "g1c6c61f0554",
            "image_72": "https:\/\/secure.gravatar.com\/avatar\/61c6c61f05549b3b0ecc60166dea09e3.jpg?s=72&d=https%3A%2F%2Fa.slack-edge.com%2Fdf10d%2Fimg%2Favatars%2Fava_0001-72.png",
            "first_name": "Abhishek Manoj",
            "real_name": "Abhishek Manoj Sharma",
            "display_name": "abhisheksharma",
            "team": "T86S8GHEG",
            "name": "abhisheksharma",
            "is_restricted": false,
            "is_ultra_restricted": false
        },
        "thread_ts": "1571862633.326800",
        "parent_user_id": "WKNTQK5AT"
    },
    {
        "client_msg_id": "c38f57e5-a888-456b-9f71-3c91a4ee0f73",
        "type": "message",
        "text": "Deepbird doesnt do anything before deployment",
        "user": "W81BJEAGZ",
        "ts": "1571865246.328700",
        "team": "T86S8GHEG",
        "user_team": "T86S8GHEG",
        "source_team": "T86S8GHEG",
        "user_profile": {
            "avatar_hash": "45f9fa184373",
            "image_72": "https:\/\/avatars.slack-edge.com\/2019-04-25\/620857384023_45f9fa184373c2c504f5_72.jpg",
            "first_name": "Pavan",
            "real_name": "Pavan Yalamanchili",
            "display_name": "pyalamanchili",
            "team": "T86S8GHEG",
            "name": "pyalamanchili",
            "is_restricted": false,
            "is_ultra_restricted": false
        },
        "thread_ts": "1571862633.326800",
        "parent_user_id": "WKNTQK5AT"
    },
    {
        "client_msg_id": "36adc3de-d633-44a0-9202-16148f39372e",
        "type": "message",
        "text": "it sounds like a feature request for aurora workflows rather than deepbird",
        "user": "W81BJEAGZ",
        "ts": "1571865310.328900",
        "team": "T86S8GHEG",
        "user_team": "T86S8GHEG",
        "source_team": "T86S8GHEG",
        "user_profile": {
            "avatar_hash": "45f9fa184373",
            "image_72": "https:\/\/avatars.slack-edge.com\/2019-04-25\/620857384023_45f9fa184373c2c504f5_72.jpg",
            "first_name": "Pavan",
            "real_name": "Pavan Yalamanchili",
            "display_name": "pyalamanchili",
            "team": "T86S8GHEG",
            "name": "pyalamanchili",
            "is_restricted": false,
            "is_ultra_restricted": false
        },
        "thread_ts": "1571862633.326800",
        "parent_user_id": "WKNTQK5AT"
    },
    {
        "client_msg_id": "ca5c15a9-9e8b-4991-bd05-722b0ceabce3",
        "type": "message",
        "text": "whatever you are asking for is general enough that you can replace \"changes do to model list\" with \"changes done to my configuration\"",
        "user": "W81BJEAGZ",
        "ts": "1571865357.329100",
        "team": "T86S8GHEG",
        "user_team": "T86S8GHEG",
        "source_team": "T86S8GHEG",
        "user_profile": {
            "avatar_hash": "45f9fa184373",
            "image_72": "https:\/\/avatars.slack-edge.com\/2019-04-25\/620857384023_45f9fa184373c2c504f5_72.jpg",
            "first_name": "Pavan",
            "real_name": "Pavan Yalamanchili",
            "display_name": "pyalamanchili",
            "team": "T86S8GHEG",
            "name": "pyalamanchili",
            "is_restricted": false,
            "is_ultra_restricted": false
        },
        "thread_ts": "1571862633.326800",
        "parent_user_id": "WKNTQK5AT"
    },
    {
        "client_msg_id": "b01d0cfe-6101-40c6-ba44-8dff2176a49c",
        "type": "message",
        "text": "Hi team, is this problem caused by my code or ALTA? Any hints to solve this? Thank you!\n```\nE1023 18:48:33.874794 139789586511616 directory_watcher.py:242] File <hdfs:\/\/default\/user\/cassowary\/emailCommonRecTypeCtr\/mesos-crt-baseline_retrain_Baselin_retrain_10-23-09-51\/save\/events.out.tfevents.1571849840.atla-icq-33-sr1.prod.twttr.net> updated even though the current file is <hdfs:\/\/default\/user\/cassowary\/emailCommonRecTypeCtr\/mesos-crt-baseline_retrain_Baselin_retrain_10-23-09-51\/save\/events.out.tfevents.1571849845.atla-icq-33-sr1.prod.twttr.net>\n19\/10\/23 21:24:03 INFO retry.RetryInvocationHandler: Exception while invoking getFileInfo of class ClientNamenodeProtocolTranslatorPB over <http:\/\/hadoop-proc-user-nn2.atla.twitter.com\/10.111.49.118:8020|hadoop-proc-user-nn2.atla.twitter.com\/10.111.49.118:8020>. Trying to fail over immediately.\norg.apache.hadoop.ipc.RemoteException(org.apache.hadoop.ipc.StandbyException): Operation category READ is not supported in state standby. Visit <https:\/\/s.apache.org\/sbnn-error>\n\tat org.apache.hadoop.hdfs.server.namenode.ha.StandbyState.checkOperation(StandbyState.java:88)\n\tat org.apache.hadoop.hdfs.server.namenode.NameNode$NameNodeHAContext.checkOperation(NameNode.java:1993)\n\tat org.apache.hadoop.hdfs.server.namenode.FSNamesystem.checkOperation(FSNamesystem.java:1388)\n\tat org.apache.hadoop.hdfs.server.namenode.FSNamesystem.getFileInfo(FSNamesystem.java:2946)\n\tat org.apache.hadoop.hdfs.server.namenode.NameNodeRpcServer.getFileInfo(NameNodeRpcServer.java:1125)\n\tat org.apache.hadoop.hdfs.protocolPB.ClientNamenodeProtocolServerSideTranslatorPB.getFileInfo(ClientNamenodeProtocolServerSideTranslatorPB.java:873)\n\tat org.apache.hadoop.hdfs.protocol.proto.ClientNamenodeProtocolProtos$ClientNamenodeProtocol$2.callBlockingMethod(ClientNamenodeProtocolProtos.java)\n\tat org.apache.hadoop.ipc.ProtobufRpcEngine$Server$ProtoBufRpcInvoker.call(ProtobufRpcEngine.java:503)\n\tat org.apache.hadoop.ipc.RPC$Server.call(RPC.java:989)\n\t...\n```",
        "user": "WMHHFKFFS",
        "ts": "1571866620.329400",
        "team": "T86S8GHEG",
        "user_team": "T86S8GHEG",
        "source_team": "T86S8GHEG",
        "user_profile": {
            "avatar_hash": "g5eff735a1d1",
            "image_72": "https:\/\/secure.gravatar.com\/avatar\/85eff735a1d1e5915fbd35f0dfc9ddf8.jpg?s=72&d=https%3A%2F%2Fa.slack-edge.com%2F5818c%2Fimg%2Favatars%2Fava_0006-72.png",
            "first_name": "Jinglan",
            "real_name": "Jinglan Liu",
            "display_name": "jinglanl",
            "team": "T86S8GHEG",
            "name": "jinglanl",
            "is_restricted": false,
            "is_ultra_restricted": false
        },
        "thread_ts": "1571866620.329400",
        "reply_count": 5,
        "reply_users_count": 2,
        "latest_reply": "1571868600.330500",
        "reply_users": [
            "W81BJEAGZ",
            "WMHHFKFFS"
        ],
        "replies": [
            {
                "user": "W81BJEAGZ",
                "ts": "1571866684.329600"
            },
            {
                "user": "W81BJEAGZ",
                "ts": "1571866690.329800"
            },
            {
                "user": "WMHHFKFFS",
                "ts": "1571868269.330000"
            },
            {
                "user": "WMHHFKFFS",
                "ts": "1571868355.330300"
            },
            {
                "user": "W81BJEAGZ",
                "ts": "1571868600.330500"
            }
        ],
        "subscribed": false
    },
    {
        "client_msg_id": "f17dff8a-8045-4d9a-8d87-52cf62f1a749",
        "type": "message",
        "text": "this is usually just a warning",
        "user": "W81BJEAGZ",
        "ts": "1571866684.329600",
        "team": "T86S8GHEG",
        "user_team": "T86S8GHEG",
        "source_team": "T86S8GHEG",
        "user_profile": {
            "avatar_hash": "45f9fa184373",
            "image_72": "https:\/\/avatars.slack-edge.com\/2019-04-25\/620857384023_45f9fa184373c2c504f5_72.jpg",
            "first_name": "Pavan",
            "real_name": "Pavan Yalamanchili",
            "display_name": "pyalamanchili",
            "team": "T86S8GHEG",
            "name": "pyalamanchili",
            "is_restricted": false,
            "is_ultra_restricted": false
        },
        "thread_ts": "1571866620.329400",
        "parent_user_id": "WMHHFKFFS"
    },
    {
        "client_msg_id": "f1380a8a-3732-40a0-bd6c-b378141eb719",
        "type": "message",
        "text": "did you see an actual error?",
        "user": "W81BJEAGZ",
        "ts": "1571866690.329800",
        "team": "T86S8GHEG",
        "user_team": "T86S8GHEG",
        "source_team": "T86S8GHEG",
        "user_profile": {
            "avatar_hash": "45f9fa184373",
            "image_72": "https:\/\/avatars.slack-edge.com\/2019-04-25\/620857384023_45f9fa184373c2c504f5_72.jpg",
            "first_name": "Pavan",
            "real_name": "Pavan Yalamanchili",
            "display_name": "pyalamanchili",
            "team": "T86S8GHEG",
            "name": "pyalamanchili",
            "is_restricted": false,
            "is_ultra_restricted": false
        },
        "thread_ts": "1571866620.329400",
        "parent_user_id": "WMHHFKFFS"
    },
    {
        "client_msg_id": "478f632e-bac7-495a-9468-1e245f6af50e",
        "type": "message",
        "text": "Not yet, just another `retry`...",
        "user": "WMHHFKFFS",
        "ts": "1571868269.330000",
        "team": "T86S8GHEG",
        "user_team": "T86S8GHEG",
        "source_team": "T86S8GHEG",
        "user_profile": {
            "avatar_hash": "g5eff735a1d1",
            "image_72": "https:\/\/secure.gravatar.com\/avatar\/85eff735a1d1e5915fbd35f0dfc9ddf8.jpg?s=72&d=https%3A%2F%2Fa.slack-edge.com%2F5818c%2Fimg%2Favatars%2Fava_0006-72.png",
            "first_name": "Jinglan",
            "real_name": "Jinglan Liu",
            "display_name": "jinglanl",
            "team": "T86S8GHEG",
            "name": "jinglanl",
            "is_restricted": false,
            "is_ultra_restricted": false
        },
        "edited": {
            "user": "WMHHFKFFS",
            "ts": "1571868276.000000"
        },
        "thread_ts": "1571866620.329400",
        "parent_user_id": "WMHHFKFFS"
    },
    {
        "client_msg_id": "d302adf9-4e27-4abf-8ea9-308a4fad7170",
        "type": "message",
        "text": "So I don't need to do anything with this?",
        "user": "WMHHFKFFS",
        "ts": "1571868355.330300",
        "team": "T86S8GHEG",
        "user_team": "T86S8GHEG",
        "source_team": "T86S8GHEG",
        "user_profile": {
            "avatar_hash": "g5eff735a1d1",
            "image_72": "https:\/\/secure.gravatar.com\/avatar\/85eff735a1d1e5915fbd35f0dfc9ddf8.jpg?s=72&d=https%3A%2F%2Fa.slack-edge.com%2F5818c%2Fimg%2Favatars%2Fava_0006-72.png",
            "first_name": "Jinglan",
            "real_name": "Jinglan Liu",
            "display_name": "jinglanl",
            "team": "T86S8GHEG",
            "name": "jinglanl",
            "is_restricted": false,
            "is_ultra_restricted": false
        },
        "thread_ts": "1571866620.329400",
        "parent_user_id": "WMHHFKFFS"
    },
    {
        "client_msg_id": "2424ced0-9ab5-4ddf-a885-c63a51c8eff8",
        "type": "message",
        "text": "its normal, dont worry",
        "user": "W81BJEAGZ",
        "ts": "1571868600.330500",
        "team": "T86S8GHEG",
        "user_team": "T86S8GHEG",
        "source_team": "T86S8GHEG",
        "user_profile": {
            "avatar_hash": "45f9fa184373",
            "image_72": "https:\/\/avatars.slack-edge.com\/2019-04-25\/620857384023_45f9fa184373c2c504f5_72.jpg",
            "first_name": "Pavan",
            "real_name": "Pavan Yalamanchili",
            "display_name": "pyalamanchili",
            "team": "T86S8GHEG",
            "name": "pyalamanchili",
            "is_restricted": false,
            "is_ultra_restricted": false
        },
        "thread_ts": "1571866620.329400",
        "parent_user_id": "WMHHFKFFS",
        "reactions": [
            {
                "name": "thank_you_tyty",
                "users": [
                    "WMHHFKFFS"
                ],
                "count": 1
            }
        ]
    },
    {
        "client_msg_id": "9f5dbb26-04ab-4aa0-99b7-2ccd789ff9f0",
        "type": "message",
        "text": "`aurora job diff CLUSTER\/ROLE\/ENV\/NAME .\/your_file.aurora` which is equivalent to doing a git diff - if you know the git version that was deployed previously, I recommend consulting the aurora workflows team - they might have some way of doing this - if not, this looks like a useful feature for workflows team to add.",
        "user": "W817G71EC",
        "ts": "1571868618.330700",
        "team": "T86S8GHEG",
        "user_team": "T86S8GHEG",
        "source_team": "T86S8GHEG",
        "user_profile": {
            "avatar_hash": "9db38ffc9883",
            "image_72": "https:\/\/avatars.slack-edge.com\/2019-04-02\/588632174689_9db38ffc9883a10cecc6_72.jpg",
            "first_name": "Shajan",
            "real_name": "Shajan Dasan",
            "display_name": "sdasan",
            "team": "T86S8GHEG",
            "name": "sdasan",
            "is_restricted": false,
            "is_ultra_restricted": false
        },
        "edited": {
            "user": "W817G71EC",
            "ts": "1571868652.000000"
        },
        "thread_ts": "1571862633.326800",
        "parent_user_id": "WKNTQK5AT"
    },
    {
        "client_msg_id": "0ba2a7e8-410b-4ac2-974c-a8e48730131f",
        "type": "message",
        "text": "hi team, I have a mlp with 2 outputs, and while I used to be able to get it to run earlier, it’s been throwing this weird error in recent runs:\n```\n    raise ValueError(str(e))\nValueError: Shape must be rank 1 but is rank 2 for 'concat' (op: 'ConcatV2') with input shapes: [?], [?], [?,2], []\n```\ncode in <https:\/\/phabricator.twitter.biz\/D377299> (src\/python\/twitter\/deepbird\/projects\/onboarding\/htl\/dual_output\/*)\nlogs: <http:\/\/smf1-cpm-12-sr1.prod.twitter.com:1338\/logs\/onboarding-analytics-devel-run_0_64-0-45cccaad-8bcd-4b41-96fd-6153ba31accc\/hogwild_chief\/0\/stderr>",
        "user": "W82KC8JHL",
        "ts": "1571881463.332500",
        "team": "T86S8GHEG",
        "user_team": "T86S8GHEG",
        "source_team": "T86S8GHEG",
        "user_profile": {
            "avatar_hash": "24fc13624153",
            "image_72": "https:\/\/avatars.slack-edge.com\/2018-02-02\/308157673217_24fc13624153b513b7be_72.png",
            "first_name": "Jing Ping",
            "real_name": "Jing Ping Wong",
            "display_name": "jingpingw",
            "team": "T86S8GHEG",
            "name": "jingpingw",
            "is_restricted": false,
            "is_ultra_restricted": false
        },
        "thread_ts": "1571881463.332500",
        "reply_count": 49,
        "reply_users_count": 2,
        "latest_reply": "1572293998.405400",
        "reply_users": [
            "W82KC8JHL",
            "W81BJEAGZ"
        ],
        "replies": [
            {
                "user": "W82KC8JHL",
                "ts": "1571881679.332600"
            },
            {
                "user": "W82KC8JHL",
                "ts": "1571882119.332800"
            },
            {
                "user": "W82KC8JHL",
                "ts": "1571956131.364900"
            },
            {
                "user": "W81BJEAGZ",
                "ts": "1571956249.366200"
            },
            {
                "user": "W81BJEAGZ",
                "ts": "1571956260.366400"
            },
            {
                "user": "W82KC8JHL",
                "ts": "1571956263.366600"
            },
            {
                "user": "W81BJEAGZ",
                "ts": "1571956268.366800"
            },
            {
                "user": "W82KC8JHL",
                "ts": "1571956280.367000"
            },
            {
                "user": "W81BJEAGZ",
                "ts": "1571956294.367200"
            },
            {
                "user": "W82KC8JHL",
                "ts": "1571956306.367400"
            },
            {
                "user": "W82KC8JHL",
                "ts": "1571956318.367600"
            },
            {
                "user": "W81BJEAGZ",
                "ts": "1571956346.367800"
            },
            {
                "user": "W81BJEAGZ",
                "ts": "1571956350.368000"
            },
            {
                "user": "W82KC8JHL",
                "ts": "1571956353.368200"
            },
            {
                "user": "W81BJEAGZ",
                "ts": "1571956356.368400"
            },
            {
                "user": "W81BJEAGZ",
                "ts": "1571956365.368600"
            },
            {
                "user": "W82KC8JHL",
                "ts": "1571956370.368800"
            },
            {
                "user": "W81BJEAGZ",
                "ts": "1571956372.369000"
            },
            {
                "user": "W82KC8JHL",
                "ts": "1571956378.369200"
            },
            {
                "user": "W81BJEAGZ",
                "ts": "1571956583.369400"
            },
            {
                "user": "W82KC8JHL",
                "ts": "1571956886.369600"
            },
            {
                "user": "W81BJEAGZ",
                "ts": "1571960384.369800"
            },
            {
                "user": "W81BJEAGZ",
                "ts": "1571960395.370000"
            },
            {
                "user": "W82KC8JHL",
                "ts": "1571960435.370200"
            },
            {
                "user": "W82KC8JHL",
                "ts": "1571960447.370400"
            },
            {
                "user": "W81BJEAGZ",
                "ts": "1571960489.370600"
            },
            {
                "user": "W82KC8JHL",
                "ts": "1571960490.370800"
            },
            {
                "user": "W82KC8JHL",
                "ts": "1571960506.371000"
            },
            {
                "user": "W82KC8JHL",
                "ts": "1571960527.371200"
            },
            {
                "user": "W81BJEAGZ",
                "ts": "1571960602.371400"
            },
            {
                "user": "W81BJEAGZ",
                "ts": "1571960607.371600"
            },
            {
                "user": "W81BJEAGZ",
                "ts": "1571960624.372000"
            },
            {
                "user": "W82KC8JHL",
                "ts": "1571960635.372200"
            },
            {
                "user": "W82KC8JHL",
                "ts": "1571960650.372400"
            },
            {
                "user": "W82KC8JHL",
                "ts": "1571960660.372600"
            },
            {
                "user": "W81BJEAGZ",
                "ts": "1571960687.372800"
            },
            {
                "user": "W81BJEAGZ",
                "ts": "1571960693.373000"
            },
            {
                "user": "W82KC8JHL",
                "ts": "1571960699.373200"
            },
            {
                "user": "W82KC8JHL",
                "ts": "1571960699.373400"
            },
            {
                "user": "W82KC8JHL",
                "ts": "1571960719.373600"
            },
            {
                "user": "W82KC8JHL",
                "ts": "1571960725.373800"
            },
            {
                "user": "W81BJEAGZ",
                "ts": "1571960743.374000"
            },
            {
                "user": "W81BJEAGZ",
                "ts": "1571960765.374200"
            },
            {
                "user": "W82KC8JHL",
                "ts": "1571960780.374400"
            },
            {
                "user": "W81BJEAGZ",
                "ts": "1571960887.374600"
            },
            {
                "user": "W82KC8JHL",
                "ts": "1571961132.375800"
            },
            {
                "user": "W82KC8JHL",
                "ts": "1572292549.404800"
            },
            {
                "user": "W81BJEAGZ",
                "ts": "1572293239.405000"
            },
            {
                "user": "W82KC8JHL",
                "ts": "1572293998.405400"
            }
        ],
        "subscribed": false
    },
    {
        "client_msg_id": "c9c92818-073c-4e11-831f-1d0266b2e862",
        "type": "message",
        "text": "the thing is that it throws this error only at the evaluation phase it seems",
        "user": "W82KC8JHL",
        "ts": "1571881679.332600",
        "team": "T86S8GHEG",
        "user_team": "T86S8GHEG",
        "source_team": "T86S8GHEG",
        "user_profile": {
            "avatar_hash": "24fc13624153",
            "image_72": "https:\/\/avatars.slack-edge.com\/2018-02-02\/308157673217_24fc13624153b513b7be_72.png",
            "first_name": "Jing Ping",
            "real_name": "Jing Ping Wong",
            "display_name": "jingpingw",
            "team": "T86S8GHEG",
            "name": "jingpingw",
            "is_restricted": false,
            "is_ultra_restricted": false
        },
        "thread_ts": "1571881463.332500",
        "parent_user_id": "W82KC8JHL"
    },
    {
        "client_msg_id": "62add606-f058-4270-82af-d37c6fcc834e",
        "type": "message",
        "text": "after *",
        "user": "W82KC8JHL",
        "ts": "1571882119.332800",
        "team": "T86S8GHEG",
        "user_team": "T86S8GHEG",
        "source_team": "T86S8GHEG",
        "user_profile": {
            "avatar_hash": "24fc13624153",
            "image_72": "https:\/\/avatars.slack-edge.com\/2018-02-02\/308157673217_24fc13624153b513b7be_72.png",
            "first_name": "Jing Ping",
            "real_name": "Jing Ping Wong",
            "display_name": "jingpingw",
            "team": "T86S8GHEG",
            "name": "jingpingw",
            "is_restricted": false,
            "is_ultra_restricted": false
        },
        "thread_ts": "1571881463.332500",
        "parent_user_id": "W82KC8JHL"
    }
]