[
    {
        "type": "message",
        "subtype": "bot_message",
        "text": "There are no events today",
        "ts": "1570539603.348600",
        "username": "DeepBird v2 Users",
        "bot_id": "BDG4KCQ06"
    },
    {
        "client_msg_id": "2f058ad1-7ad6-4b2c-887b-59af355783a8",
        "type": "message",
        "text": "Hi DBv2 team,\n\nI have tried to get `return` output with type `String` in `TensorflowPredictionEngine`, but it failed with the error:\n<http:\/\/smf1-aln-32-sr1.prod.twitter.com:50060\/node\/containerlogs\/container_e01_1566381708034_1319489_01_000003\/ads-usermodeling\/stderr\/?start=0>\nSeems to be related to this line:\n<https:\/\/phabricator.twitter.biz\/source\/source\/browse\/master\/twml\/runtime\/src\/main\/scala\/com\/twitter\/deepbird\/runtime\/prediction_engine\/TensorflowPredictionEngine.scala$348>",
        "user": "WGP4AA5F1",
        "ts": "1570555883.349100",
        "team": "T86S8GHEG",
        "user_team": "T86S8GHEG",
        "source_team": "T86S8GHEG",
        "user_profile": {
            "avatar_hash": "g7c5ec51da16",
            "image_72": "https:\/\/secure.gravatar.com\/avatar\/67c5ec51da162daac37e40a72d63bb4c.jpg?s=72&d=https%3A%2F%2Fa.slack-edge.com%2Fdf10d%2Fimg%2Favatars%2Fava_0026-72.png",
            "first_name": "Fang-Yi",
            "real_name": "Fang-Yi Chiu",
            "display_name": "fchiu",
            "team": "T86S8GHEG",
            "name": "fchiu",
            "is_restricted": false,
            "is_ultra_restricted": false
        },
        "thread_ts": "1570555883.349100",
        "reply_count": 39,
        "reply_users_count": 3,
        "latest_reply": "1570557895.358700",
        "reply_users": [
            "W81BJEAGZ",
            "WGP4AA5F1",
            "W81EY00N7"
        ],
        "replies": [
            {
                "user": "W81BJEAGZ",
                "ts": "1570555902.349200"
            },
            {
                "user": "W81BJEAGZ",
                "ts": "1570555923.349400"
            },
            {
                "user": "W81BJEAGZ",
                "ts": "1570556064.350500"
            },
            {
                "user": "W81BJEAGZ",
                "ts": "1570556068.350700"
            },
            {
                "user": "W81BJEAGZ",
                "ts": "1570556074.350900"
            },
            {
                "user": "W81BJEAGZ",
                "ts": "1570556078.351100"
            },
            {
                "user": "WGP4AA5F1",
                "ts": "1570556087.351300"
            },
            {
                "user": "WGP4AA5F1",
                "ts": "1570556091.351500"
            },
            {
                "user": "W81BJEAGZ",
                "ts": "1570556167.351700"
            },
            {
                "user": "W81BJEAGZ",
                "ts": "1570556192.351900"
            },
            {
                "user": "WGP4AA5F1",
                "ts": "1570556232.352100"
            },
            {
                "user": "WGP4AA5F1",
                "ts": "1570556287.352300"
            },
            {
                "user": "W81BJEAGZ",
                "ts": "1570556330.352500"
            },
            {
                "user": "WGP4AA5F1",
                "ts": "1570556400.352700"
            },
            {
                "user": "W81BJEAGZ",
                "ts": "1570556402.352900"
            },
            {
                "user": "W81BJEAGZ",
                "ts": "1570556419.353100"
            },
            {
                "user": "W81BJEAGZ",
                "ts": "1570556495.353400"
            },
            {
                "user": "W81BJEAGZ",
                "ts": "1570556519.354000"
            },
            {
                "user": "WGP4AA5F1",
                "ts": "1570556636.354500"
            },
            {
                "user": "W81BJEAGZ",
                "ts": "1570556667.354800"
            },
            {
                "user": "WGP4AA5F1",
                "ts": "1570556754.355000"
            },
            {
                "user": "WGP4AA5F1",
                "ts": "1570556855.355200"
            },
            {
                "user": "W81BJEAGZ",
                "ts": "1570556886.355400"
            },
            {
                "user": "W81BJEAGZ",
                "ts": "1570556895.355600"
            },
            {
                "user": "W81BJEAGZ",
                "ts": "1570556909.355800"
            },
            {
                "user": "W81BJEAGZ",
                "ts": "1570556922.356000"
            },
            {
                "user": "WGP4AA5F1",
                "ts": "1570556973.356300"
            },
            {
                "user": "W81BJEAGZ",
                "ts": "1570556990.356500"
            },
            {
                "user": "W81BJEAGZ",
                "ts": "1570556997.356700"
            },
            {
                "user": "WGP4AA5F1",
                "ts": "1570557020.356900"
            },
            {
                "user": "WGP4AA5F1",
                "ts": "1570557030.357100"
            },
            {
                "user": "W81EY00N7",
                "ts": "1570557219.357300"
            },
            {
                "user": "W81EY00N7",
                "ts": "1570557236.357500"
            },
            {
                "user": "W81EY00N7",
                "ts": "1570557240.357700"
            },
            {
                "user": "W81BJEAGZ",
                "ts": "1570557278.357900"
            },
            {
                "user": "W81BJEAGZ",
                "ts": "1570557301.358100"
            },
            {
                "user": "W81BJEAGZ",
                "ts": "1570557308.358300"
            },
            {
                "user": "WGP4AA5F1",
                "ts": "1570557471.358500"
            },
            {
                "user": "W81EY00N7",
                "ts": "1570557895.358700"
            }
        ],
        "subscribed": false
    },
    {
        "client_msg_id": "0f1de20a-4cbd-4f40-ab89-08a82db1f450",
        "type": "message",
        "text": "<@WGP4AA5F1> please share the python ode",
        "user": "W81BJEAGZ",
        "ts": "1570555902.349200",
        "team": "T86S8GHEG",
        "user_team": "T86S8GHEG",
        "source_team": "T86S8GHEG",
        "user_profile": {
            "avatar_hash": "45f9fa184373",
            "image_72": "https:\/\/avatars.slack-edge.com\/2019-04-25\/620857384023_45f9fa184373c2c504f5_72.jpg",
            "first_name": "Pavan",
            "real_name": "Pavan Yalamanchili",
            "display_name": "pyalamanchili",
            "team": "T86S8GHEG",
            "name": "pyalamanchili",
            "is_restricted": false,
            "is_ultra_restricted": false
        },
        "thread_ts": "1570555883.349100",
        "parent_user_id": "WGP4AA5F1"
    },
    {
        "client_msg_id": "0d277eb2-e37e-40cc-a586-3f13374f188b",
        "type": "message",
        "text": "the error seems to indicate you are trying to decode string tensors is incorrectly",
        "user": "W81BJEAGZ",
        "ts": "1570555923.349400",
        "team": "T86S8GHEG",
        "user_team": "T86S8GHEG",
        "source_team": "T86S8GHEG",
        "user_profile": {
            "avatar_hash": "45f9fa184373",
            "image_72": "https:\/\/avatars.slack-edge.com\/2019-04-25\/620857384023_45f9fa184373c2c504f5_72.jpg",
            "first_name": "Pavan",
            "real_name": "Pavan Yalamanchili",
            "display_name": "pyalamanchili",
            "team": "T86S8GHEG",
            "name": "pyalamanchili",
            "is_restricted": false,
            "is_ultra_restricted": false
        },
        "thread_ts": "1570555883.349100",
        "parent_user_id": "WGP4AA5F1"
    },
    {
        "type": "message",
        "text": "",
        "files": [
            {
                "id": "FP88DHXV4",
                "created": 1570556016,
                "timestamp": 1570556016,
                "name": "Untitled.py",
                "title": "Untitled",
                "mimetype": "text\/plain",
                "filetype": "python",
                "pretty_type": "Python",
                "user": "WGP4AA5F1",
                "editable": true,
                "size": 10786,
                "mode": "snippet",
                "is_external": false,
                "external_type": "",
                "is_public": true,
                "public_url_shared": false,
                "display_as_bot": false,
                "username": "",
                "url_private": "https:\/\/files.slack.com\/files-pri\/T7U3XVBLP-FP88DHXV4\/Untitled.py?t=xoxe-278892561492-1005149783089-1017423836678-e1e14aa1789ddce7f4decc622097bda8",
                "url_private_download": "https:\/\/files.slack.com\/files-pri\/T7U3XVBLP-FP88DHXV4\/download\/Untitled.py?t=xoxe-278892561492-1005149783089-1017423836678-e1e14aa1789ddce7f4decc622097bda8",
                "permalink": "https:\/\/twitter.enterprise.slack.com\/files\/WGP4AA5F1\/FP88DHXV4\/Untitled.py",
                "permalink_public": "https:\/\/slack-files.com\/T7U3XVBLP-FP88DHXV4-1ad6717e5d",
                "edit_link": "https:\/\/twitter.enterprise.slack.com\/files\/WGP4AA5F1\/FP88DHXV4\/Untitled.py\/edit",
                "is_starred": false,
                "has_rich_preview": false
            }
        ],
        "upload": true,
        "user": "WGP4AA5F1",
        "display_as_bot": false,
        "ts": "1570556017.350100",
        "client_msg_id": "57fc9ad0-6859-447e-a14f-c347f0ed3946"
    },
    {
        "client_msg_id": "a9425658-4a71-49e2-b111-9d87a09d26d4",
        "type": "message",
        "text": "<@WGP4AA5F1> the error is happening in the decode part",
        "user": "W81BJEAGZ",
        "ts": "1570556064.350500",
        "team": "T86S8GHEG",
        "user_team": "T86S8GHEG",
        "source_team": "T86S8GHEG",
        "user_profile": {
            "avatar_hash": "45f9fa184373",
            "image_72": "https:\/\/avatars.slack-edge.com\/2019-04-25\/620857384023_45f9fa184373c2c504f5_72.jpg",
            "first_name": "Pavan",
            "real_name": "Pavan Yalamanchili",
            "display_name": "pyalamanchili",
            "team": "T86S8GHEG",
            "name": "pyalamanchili",
            "is_restricted": false,
            "is_ultra_restricted": false
        },
        "thread_ts": "1570555883.349100",
        "parent_user_id": "WGP4AA5F1"
    },
    {
        "client_msg_id": "39124792-659a-46a5-a039-ccf351a11c88",
        "type": "message",
        "text": "not in your build graph",
        "user": "W81BJEAGZ",
        "ts": "1570556068.350700",
        "team": "T86S8GHEG",
        "user_team": "T86S8GHEG",
        "source_team": "T86S8GHEG",
        "user_profile": {
            "avatar_hash": "45f9fa184373",
            "image_72": "https:\/\/avatars.slack-edge.com\/2019-04-25\/620857384023_45f9fa184373c2c504f5_72.jpg",
            "first_name": "Pavan",
            "real_name": "Pavan Yalamanchili",
            "display_name": "pyalamanchili",
            "team": "T86S8GHEG",
            "name": "pyalamanchili",
            "is_restricted": false,
            "is_ultra_restricted": false
        },
        "thread_ts": "1570555883.349100",
        "parent_user_id": "WGP4AA5F1"
    },
    {
        "client_msg_id": "869b2c03-95dd-462c-9757-7f58e3c501d0",
        "type": "message",
        "text": "just create a phab and share the link",
        "user": "W81BJEAGZ",
        "ts": "1570556074.350900",
        "team": "T86S8GHEG",
        "user_team": "T86S8GHEG",
        "source_team": "T86S8GHEG",
        "user_profile": {
            "avatar_hash": "45f9fa184373",
            "image_72": "https:\/\/avatars.slack-edge.com\/2019-04-25\/620857384023_45f9fa184373c2c504f5_72.jpg",
            "first_name": "Pavan",
            "real_name": "Pavan Yalamanchili",
            "display_name": "pyalamanchili",
            "team": "T86S8GHEG",
            "name": "pyalamanchili",
            "is_restricted": false,
            "is_ultra_restricted": false
        },
        "thread_ts": "1570555883.349100",
        "parent_user_id": "WGP4AA5F1"
    },
    {
        "client_msg_id": "528ddd6c-6f40-4f14-a126-a00f484ebb7e",
        "type": "message",
        "text": "it is easier to read that way",
        "user": "W81BJEAGZ",
        "ts": "1570556078.351100",
        "team": "T86S8GHEG",
        "user_team": "T86S8GHEG",
        "source_team": "T86S8GHEG",
        "user_profile": {
            "avatar_hash": "45f9fa184373",
            "image_72": "https:\/\/avatars.slack-edge.com\/2019-04-25\/620857384023_45f9fa184373c2c504f5_72.jpg",
            "first_name": "Pavan",
            "real_name": "Pavan Yalamanchili",
            "display_name": "pyalamanchili",
            "team": "T86S8GHEG",
            "name": "pyalamanchili",
            "is_restricted": false,
            "is_ultra_restricted": false
        },
        "thread_ts": "1570555883.349100",
        "parent_user_id": "WGP4AA5F1"
    },
    {
        "client_msg_id": "d2c0bddf-58eb-4afc-bc0b-0595da5ec310",
        "type": "message",
        "text": "line 207",
        "user": "WGP4AA5F1",
        "ts": "1570556087.351300",
        "team": "T86S8GHEG",
        "user_team": "T86S8GHEG",
        "source_team": "T86S8GHEG",
        "user_profile": {
            "avatar_hash": "g7c5ec51da16",
            "image_72": "https:\/\/secure.gravatar.com\/avatar\/67c5ec51da162daac37e40a72d63bb4c.jpg?s=72&d=https%3A%2F%2Fa.slack-edge.com%2Fdf10d%2Fimg%2Favatars%2Fava_0026-72.png",
            "first_name": "Fang-Yi",
            "real_name": "Fang-Yi Chiu",
            "display_name": "fchiu",
            "team": "T86S8GHEG",
            "name": "fchiu",
            "is_restricted": false,
            "is_ultra_restricted": false
        },
        "thread_ts": "1570555883.349100",
        "parent_user_id": "WGP4AA5F1"
    },
    {
        "client_msg_id": "5fa5d223-bef5-479a-b457-7fc43d7ccb0e",
        "type": "message",
        "text": "OK",
        "user": "WGP4AA5F1",
        "ts": "1570556091.351500",
        "team": "T86S8GHEG",
        "user_team": "T86S8GHEG",
        "source_team": "T86S8GHEG",
        "user_profile": {
            "avatar_hash": "g7c5ec51da16",
            "image_72": "https:\/\/secure.gravatar.com\/avatar\/67c5ec51da162daac37e40a72d63bb4c.jpg?s=72&d=https%3A%2F%2Fa.slack-edge.com%2Fdf10d%2Fimg%2Favatars%2Fava_0026-72.png",
            "first_name": "Fang-Yi",
            "real_name": "Fang-Yi Chiu",
            "display_name": "fchiu",
            "team": "T86S8GHEG",
            "name": "fchiu",
            "is_restricted": false,
            "is_ultra_restricted": false
        },
        "thread_ts": "1570555883.349100",
        "parent_user_id": "WGP4AA5F1"
    },
    {
        "client_msg_id": "cc134dfd-b964-4c14-b260-02f3c96d9270",
        "type": "message",
        "text": "ok sorry I thought it was failing in the input pipeline",
        "user": "W81BJEAGZ",
        "ts": "1570556167.351700",
        "team": "T86S8GHEG",
        "user_team": "T86S8GHEG",
        "source_team": "T86S8GHEG",
        "user_profile": {
            "avatar_hash": "45f9fa184373",
            "image_72": "https:\/\/avatars.slack-edge.com\/2019-04-25\/620857384023_45f9fa184373c2c504f5_72.jpg",
            "first_name": "Pavan",
            "real_name": "Pavan Yalamanchili",
            "display_name": "pyalamanchili",
            "team": "T86S8GHEG",
            "name": "pyalamanchili",
            "is_restricted": false,
            "is_ultra_restricted": false
        },
        "thread_ts": "1570555883.349100",
        "parent_user_id": "WGP4AA5F1"
    },
    {
        "client_msg_id": "7f721df9-c256-4799-85ba-518fd85ed3dc",
        "type": "message",
        "text": "yeah it doesnt look like we support string tensors for outputs",
        "user": "W81BJEAGZ",
        "ts": "1570556192.351900",
        "team": "T86S8GHEG",
        "user_team": "T86S8GHEG",
        "source_team": "T86S8GHEG",
        "user_profile": {
            "avatar_hash": "45f9fa184373",
            "image_72": "https:\/\/avatars.slack-edge.com\/2019-04-25\/620857384023_45f9fa184373c2c504f5_72.jpg",
            "first_name": "Pavan",
            "real_name": "Pavan Yalamanchili",
            "display_name": "pyalamanchili",
            "team": "T86S8GHEG",
            "name": "pyalamanchili",
            "is_restricted": false,
            "is_ultra_restricted": false
        },
        "thread_ts": "1570555883.349100",
        "parent_user_id": "WGP4AA5F1"
    },
    {
        "client_msg_id": "6dd40dac-0a93-43b8-a91c-55018e1a238e",
        "type": "message",
        "text": "I see!",
        "user": "WGP4AA5F1",
        "ts": "1570556232.352100",
        "team": "T86S8GHEG",
        "user_team": "T86S8GHEG",
        "source_team": "T86S8GHEG",
        "user_profile": {
            "avatar_hash": "g7c5ec51da16",
            "image_72": "https:\/\/secure.gravatar.com\/avatar\/67c5ec51da162daac37e40a72d63bb4c.jpg?s=72&d=https%3A%2F%2Fa.slack-edge.com%2Fdf10d%2Fimg%2Favatars%2Fava_0026-72.png",
            "first_name": "Fang-Yi",
            "real_name": "Fang-Yi Chiu",
            "display_name": "fchiu",
            "team": "T86S8GHEG",
            "name": "fchiu",
            "is_restricted": false,
            "is_ultra_restricted": false
        },
        "thread_ts": "1570555883.349100",
        "parent_user_id": "WGP4AA5F1"
    },
    {
        "client_msg_id": "809c0dc8-ab2b-4f04-bae0-b860a43ab2e3",
        "type": "message",
        "text": "I think it is because it requires calculating the size of tensor, which is dynamical with type `String`.",
        "user": "WGP4AA5F1",
        "ts": "1570556287.352300",
        "team": "T86S8GHEG",
        "user_team": "T86S8GHEG",
        "source_team": "T86S8GHEG",
        "user_profile": {
            "avatar_hash": "g7c5ec51da16",
            "image_72": "https:\/\/secure.gravatar.com\/avatar\/67c5ec51da162daac37e40a72d63bb4c.jpg?s=72&d=https%3A%2F%2Fa.slack-edge.com%2Fdf10d%2Fimg%2Favatars%2Fava_0026-72.png",
            "first_name": "Fang-Yi",
            "real_name": "Fang-Yi Chiu",
            "display_name": "fchiu",
            "team": "T86S8GHEG",
            "name": "fchiu",
            "is_restricted": false,
            "is_ultra_restricted": false
        },
        "thread_ts": "1570555883.349100",
        "parent_user_id": "WGP4AA5F1"
    },
    {
        "client_msg_id": "b7460677-0b47-4cfd-9a0d-144d5ea270fa",
        "type": "message",
        "text": "yeah, something about the output requires us to know what the total size is",
        "user": "W81BJEAGZ",
        "ts": "1570556330.352500",
        "team": "T86S8GHEG",
        "user_team": "T86S8GHEG",
        "source_team": "T86S8GHEG",
        "user_profile": {
            "avatar_hash": "45f9fa184373",
            "image_72": "https:\/\/avatars.slack-edge.com\/2019-04-25\/620857384023_45f9fa184373c2c504f5_72.jpg",
            "first_name": "Pavan",
            "real_name": "Pavan Yalamanchili",
            "display_name": "pyalamanchili",
            "team": "T86S8GHEG",
            "name": "pyalamanchili",
            "is_restricted": false,
            "is_ultra_restricted": false
        },
        "thread_ts": "1570555883.349100",
        "parent_user_id": "WGP4AA5F1"
    },
    {
        "client_msg_id": "5cd70a2f-da73-4fba-8a60-b43f9bd35f2a",
        "type": "message",
        "text": "Thanks for helping and explaining! :slightly_smiling_face:",
        "user": "WGP4AA5F1",
        "ts": "1570556400.352700",
        "team": "T86S8GHEG",
        "user_team": "T86S8GHEG",
        "source_team": "T86S8GHEG",
        "user_profile": {
            "avatar_hash": "g7c5ec51da16",
            "image_72": "https:\/\/secure.gravatar.com\/avatar\/67c5ec51da162daac37e40a72d63bb4c.jpg?s=72&d=https%3A%2F%2Fa.slack-edge.com%2Fdf10d%2Fimg%2Favatars%2Fava_0026-72.png",
            "first_name": "Fang-Yi",
            "real_name": "Fang-Yi Chiu",
            "display_name": "fchiu",
            "team": "T86S8GHEG",
            "name": "fchiu",
            "is_restricted": false,
            "is_ultra_restricted": false
        },
        "thread_ts": "1570555883.349100",
        "parent_user_id": "WGP4AA5F1"
    },
    {
        "client_msg_id": "dd574200-53ef-4434-9e7b-aab78755b863",
        "type": "message",
        "text": "ok it was done to avoid dynamic memory allocation",
        "user": "W81BJEAGZ",
        "ts": "1570556402.352900",
        "team": "T86S8GHEG",
        "user_team": "T86S8GHEG",
        "source_team": "T86S8GHEG",
        "user_profile": {
            "avatar_hash": "45f9fa184373",
            "image_72": "https:\/\/avatars.slack-edge.com\/2019-04-25\/620857384023_45f9fa184373c2c504f5_72.jpg",
            "first_name": "Pavan",
            "real_name": "Pavan Yalamanchili",
            "display_name": "pyalamanchili",
            "team": "T86S8GHEG",
            "name": "pyalamanchili",
            "is_restricted": false,
            "is_ultra_restricted": false
        },
        "thread_ts": "1570555883.349100",
        "parent_user_id": "WGP4AA5F1"
    },
    {
        "client_msg_id": "1e7e65a9-8afb-4fbc-b422-e541d8bd7e0e",
        "type": "message",
        "text": "sorry about missing the error message earlier",
        "user": "W81BJEAGZ",
        "ts": "1570556419.353100",
        "team": "T86S8GHEG",
        "user_team": "T86S8GHEG",
        "source_team": "T86S8GHEG",
        "user_profile": {
            "avatar_hash": "45f9fa184373",
            "image_72": "https:\/\/avatars.slack-edge.com\/2019-04-25\/620857384023_45f9fa184373c2c504f5_72.jpg",
            "first_name": "Pavan",
            "real_name": "Pavan Yalamanchili",
            "display_name": "pyalamanchili",
            "team": "T86S8GHEG",
            "name": "pyalamanchili",
            "is_restricted": false,
            "is_ultra_restricted": false
        },
        "thread_ts": "1570555883.349100",
        "parent_user_id": "WGP4AA5F1"
    },
    {
        "client_msg_id": "0454dc95-7124-43e6-9ccf-2c936d4132ca",
        "type": "message",
        "text": "would it be possible to do the vocab lookup on the prediction server side?",
        "user": "W81BJEAGZ",
        "ts": "1570556495.353400",
        "team": "T86S8GHEG",
        "user_team": "T86S8GHEG",
        "source_team": "T86S8GHEG",
        "user_profile": {
            "avatar_hash": "45f9fa184373",
            "image_72": "https:\/\/avatars.slack-edge.com\/2019-04-25\/620857384023_45f9fa184373c2c504f5_72.jpg",
            "first_name": "Pavan",
            "real_name": "Pavan Yalamanchili",
            "display_name": "pyalamanchili",
            "team": "T86S8GHEG",
            "name": "pyalamanchili",
            "is_restricted": false,
            "is_ultra_restricted": false
        },
        "thread_ts": "1570555883.349100",
        "parent_user_id": "WGP4AA5F1"
    },
    {
        "client_msg_id": "8b28feaa-b858-41a2-b6c9-260dc887d956",
        "type": "message",
        "text": "it doesnt look like you are using the lookup table for anything else in the build graph",
        "user": "W81BJEAGZ",
        "ts": "1570556519.354000",
        "team": "T86S8GHEG",
        "user_team": "T86S8GHEG",
        "source_team": "T86S8GHEG",
        "user_profile": {
            "avatar_hash": "45f9fa184373",
            "image_72": "https:\/\/avatars.slack-edge.com\/2019-04-25\/620857384023_45f9fa184373c2c504f5_72.jpg",
            "first_name": "Pavan",
            "real_name": "Pavan Yalamanchili",
            "display_name": "pyalamanchili",
            "team": "T86S8GHEG",
            "name": "pyalamanchili",
            "is_restricted": false,
            "is_ultra_restricted": false
        },
        "thread_ts": "1570555883.349100",
        "parent_user_id": "WGP4AA5F1"
    },
    {
        "client_msg_id": "6ee7f51b-cbb6-48f7-bc1e-31c44ab5e33a",
        "type": "message",
        "text": "No, I did not use that. so the reason of doing that is to retrieve the mapping table from tensorflow.",
        "user": "WGP4AA5F1",
        "ts": "1570556636.354500",
        "team": "T86S8GHEG",
        "user_team": "T86S8GHEG",
        "source_team": "T86S8GHEG",
        "user_profile": {
            "avatar_hash": "g7c5ec51da16",
            "image_72": "https:\/\/secure.gravatar.com\/avatar\/67c5ec51da162daac37e40a72d63bb4c.jpg?s=72&d=https%3A%2F%2Fa.slack-edge.com%2Fdf10d%2Fimg%2Favatars%2Fava_0026-72.png",
            "first_name": "Fang-Yi",
            "real_name": "Fang-Yi Chiu",
            "display_name": "fchiu",
            "team": "T86S8GHEG",
            "name": "fchiu",
            "is_restricted": false,
            "is_ultra_restricted": false
        },
        "edited": {
            "user": "WGP4AA5F1",
            "ts": "1570556656.000000"
        },
        "thread_ts": "1570555883.349100",
        "parent_user_id": "WGP4AA5F1"
    },
    {
        "client_msg_id": "b2072af3-785a-4aca-8a28-f477c0f62d85",
        "type": "message",
        "text": "will this have a benefit  over doing it on the server side?",
        "user": "W81BJEAGZ",
        "ts": "1570556667.354800",
        "team": "T86S8GHEG",
        "user_team": "T86S8GHEG",
        "source_team": "T86S8GHEG",
        "user_profile": {
            "avatar_hash": "45f9fa184373",
            "image_72": "https:\/\/avatars.slack-edge.com\/2019-04-25\/620857384023_45f9fa184373c2c504f5_72.jpg",
            "first_name": "Pavan",
            "real_name": "Pavan Yalamanchili",
            "display_name": "pyalamanchili",
            "team": "T86S8GHEG",
            "name": "pyalamanchili",
            "is_restricted": false,
            "is_ultra_restricted": false
        },
        "thread_ts": "1570555883.349100",
        "parent_user_id": "WGP4AA5F1"
    },
    {
        "client_msg_id": "fc3c3420-6bc8-45fe-ac67-7944b375d790",
        "type": "message",
        "text": "line 58 has a table which maps a file from its content(appId) to line number, which is the mapping we want to reverse in order to map index back to appId.",
        "user": "WGP4AA5F1",
        "ts": "1570556754.355000",
        "team": "T86S8GHEG",
        "user_team": "T86S8GHEG",
        "source_team": "T86S8GHEG",
        "user_profile": {
            "avatar_hash": "g7c5ec51da16",
            "image_72": "https:\/\/secure.gravatar.com\/avatar\/67c5ec51da162daac37e40a72d63bb4c.jpg?s=72&d=https%3A%2F%2Fa.slack-edge.com%2Fdf10d%2Fimg%2Favatars%2Fava_0026-72.png",
            "first_name": "Fang-Yi",
            "real_name": "Fang-Yi Chiu",
            "display_name": "fchiu",
            "team": "T86S8GHEG",
            "name": "fchiu",
            "is_restricted": false,
            "is_ultra_restricted": false
        },
        "thread_ts": "1570555883.349100",
        "parent_user_id": "WGP4AA5F1"
    },
    {
        "client_msg_id": "6451b42f-dbe4-4c25-ad5a-9a2d51d7db82",
        "type": "message",
        "text": "the benefit is just convenient for us right now. it does not mean it is the only way though. Otherwise, we need to figure out how to do that in scalding.",
        "user": "WGP4AA5F1",
        "ts": "1570556855.355200",
        "team": "T86S8GHEG",
        "user_team": "T86S8GHEG",
        "source_team": "T86S8GHEG",
        "user_profile": {
            "avatar_hash": "g7c5ec51da16",
            "image_72": "https:\/\/secure.gravatar.com\/avatar\/67c5ec51da162daac37e40a72d63bb4c.jpg?s=72&d=https%3A%2F%2Fa.slack-edge.com%2Fdf10d%2Fimg%2Favatars%2Fava_0026-72.png",
            "first_name": "Fang-Yi",
            "real_name": "Fang-Yi Chiu",
            "display_name": "fchiu",
            "team": "T86S8GHEG",
            "name": "fchiu",
            "is_restricted": false,
            "is_ultra_restricted": false
        },
        "thread_ts": "1570555883.349100",
        "parent_user_id": "WGP4AA5F1"
    },
    {
        "client_msg_id": "3fd57d3e-a141-4c5a-9d5e-07cdbc794bb2",
        "type": "message",
        "text": "you can do both lookups in scalding :confused:",
        "user": "W81BJEAGZ",
        "ts": "1570556886.355400",
        "team": "T86S8GHEG",
        "user_team": "T86S8GHEG",
        "source_team": "T86S8GHEG",
        "user_profile": {
            "avatar_hash": "45f9fa184373",
            "image_72": "https:\/\/avatars.slack-edge.com\/2019-04-25\/620857384023_45f9fa184373c2c504f5_72.jpg",
            "first_name": "Pavan",
            "real_name": "Pavan Yalamanchili",
            "display_name": "pyalamanchili",
            "team": "T86S8GHEG",
            "name": "pyalamanchili",
            "is_restricted": false,
            "is_ultra_restricted": false
        },
        "thread_ts": "1570555883.349100",
        "parent_user_id": "WGP4AA5F1"
    },
    {
        "client_msg_id": "a45a2860-406c-4ebb-9d0c-ec99898af188",
        "type": "message",
        "text": "alternatively..",
        "user": "W81BJEAGZ",
        "ts": "1570556895.355600",
        "team": "T86S8GHEG",
        "user_team": "T86S8GHEG",
        "source_team": "T86S8GHEG",
        "user_profile": {
            "avatar_hash": "45f9fa184373",
            "image_72": "https:\/\/avatars.slack-edge.com\/2019-04-25\/620857384023_45f9fa184373c2c504f5_72.jpg",
            "first_name": "Pavan",
            "real_name": "Pavan Yalamanchili",
            "display_name": "pyalamanchili",
            "team": "T86S8GHEG",
            "name": "pyalamanchili",
            "is_restricted": false,
            "is_ultra_restricted": false
        },
        "thread_ts": "1570555883.349100",
        "parent_user_id": "WGP4AA5F1"
    },
    {
        "client_msg_id": "0d8cb33e-51c8-4524-9233-6fb720240597",
        "type": "message",
        "text": "<@W81EY00N7> would it be possible to query a tensor directly in scalding using dbv2 engine?",
        "user": "W81BJEAGZ",
        "ts": "1570556909.355800",
        "team": "T86S8GHEG",
        "user_team": "T86S8GHEG",
        "source_team": "T86S8GHEG",
        "user_profile": {
            "avatar_hash": "45f9fa184373",
            "image_72": "https:\/\/avatars.slack-edge.com\/2019-04-25\/620857384023_45f9fa184373c2c504f5_72.jpg",
            "first_name": "Pavan",
            "real_name": "Pavan Yalamanchili",
            "display_name": "pyalamanchili",
            "team": "T86S8GHEG",
            "name": "pyalamanchili",
            "is_restricted": false,
            "is_ultra_restricted": false
        },
        "edited": {
            "user": "W81BJEAGZ",
            "ts": "1570556942.000000"
        },
        "thread_ts": "1570555883.349100",
        "parent_user_id": "WGP4AA5F1"
    },
    {
        "client_msg_id": "df40da3e-8199-4d88-b362-74d164e999b6",
        "type": "message",
        "text": "instead of the batch prediction response?",
        "user": "W81BJEAGZ",
        "ts": "1570556922.356000",
        "team": "T86S8GHEG",
        "user_team": "T86S8GHEG",
        "source_team": "T86S8GHEG",
        "user_profile": {
            "avatar_hash": "45f9fa184373",
            "image_72": "https:\/\/avatars.slack-edge.com\/2019-04-25\/620857384023_45f9fa184373c2c504f5_72.jpg",
            "first_name": "Pavan",
            "real_name": "Pavan Yalamanchili",
            "display_name": "pyalamanchili",
            "team": "T86S8GHEG",
            "name": "pyalamanchili",
            "is_restricted": false,
            "is_ultra_restricted": false
        },
        "thread_ts": "1570555883.349100",
        "parent_user_id": "WGP4AA5F1"
    },
    {
        "client_msg_id": "8291e094-3ae0-48cc-aa5f-c3ff33fbf812",
        "type": "message",
        "text": "sorry. I did not know there is a way to do query tensor in scalding other than using `TensorflowPredictionEngine`",
        "user": "WGP4AA5F1",
        "ts": "1570556973.356300",
        "team": "T86S8GHEG",
        "user_team": "T86S8GHEG",
        "source_team": "T86S8GHEG",
        "user_profile": {
            "avatar_hash": "g7c5ec51da16",
            "image_72": "https:\/\/secure.gravatar.com\/avatar\/67c5ec51da162daac37e40a72d63bb4c.jpg?s=72&d=https%3A%2F%2Fa.slack-edge.com%2Fdf10d%2Fimg%2Favatars%2Fava_0026-72.png",
            "first_name": "Fang-Yi",
            "real_name": "Fang-Yi Chiu",
            "display_name": "fchiu",
            "team": "T86S8GHEG",
            "name": "fchiu",
            "is_restricted": false,
            "is_ultra_restricted": false
        },
        "thread_ts": "1570555883.349100",
        "parent_user_id": "WGP4AA5F1"
    },
    {
        "client_msg_id": "f5b0fdce-57b4-48af-8ece-7c487adc0a13",
        "type": "message",
        "text": "There might be, but usually not recommended :slightly_smiling_face:",
        "user": "W81BJEAGZ",
        "ts": "1570556990.356500",
        "team": "T86S8GHEG",
        "user_team": "T86S8GHEG",
        "source_team": "T86S8GHEG",
        "user_profile": {
            "avatar_hash": "45f9fa184373",
            "image_72": "https:\/\/avatars.slack-edge.com\/2019-04-25\/620857384023_45f9fa184373c2c504f5_72.jpg",
            "first_name": "Pavan",
            "real_name": "Pavan Yalamanchili",
            "display_name": "pyalamanchili",
            "team": "T86S8GHEG",
            "name": "pyalamanchili",
            "is_restricted": false,
            "is_ultra_restricted": false
        },
        "thread_ts": "1570555883.349100",
        "parent_user_id": "WGP4AA5F1"
    },
    {
        "client_msg_id": "4b7b5e20-8ff9-4d21-b139-3ab7158dd3df",
        "type": "message",
        "text": "just verifying with briac",
        "user": "W81BJEAGZ",
        "ts": "1570556997.356700",
        "team": "T86S8GHEG",
        "user_team": "T86S8GHEG",
        "source_team": "T86S8GHEG",
        "user_profile": {
            "avatar_hash": "45f9fa184373",
            "image_72": "https:\/\/avatars.slack-edge.com\/2019-04-25\/620857384023_45f9fa184373c2c504f5_72.jpg",
            "first_name": "Pavan",
            "real_name": "Pavan Yalamanchili",
            "display_name": "pyalamanchili",
            "team": "T86S8GHEG",
            "name": "pyalamanchili",
            "is_restricted": false,
            "is_ultra_restricted": false
        },
        "thread_ts": "1570555883.349100",
        "parent_user_id": "WGP4AA5F1"
    },
    {
        "client_msg_id": "568a12e4-d1df-438d-8039-d53f68ffeb0e",
        "type": "message",
        "text": "got it.",
        "user": "WGP4AA5F1",
        "ts": "1570557020.356900",
        "team": "T86S8GHEG",
        "user_team": "T86S8GHEG",
        "source_team": "T86S8GHEG",
        "user_profile": {
            "avatar_hash": "g7c5ec51da16",
            "image_72": "https:\/\/secure.gravatar.com\/avatar\/67c5ec51da162daac37e40a72d63bb4c.jpg?s=72&d=https%3A%2F%2Fa.slack-edge.com%2Fdf10d%2Fimg%2Favatars%2Fava_0026-72.png",
            "first_name": "Fang-Yi",
            "real_name": "Fang-Yi Chiu",
            "display_name": "fchiu",
            "team": "T86S8GHEG",
            "name": "fchiu",
            "is_restricted": false,
            "is_ultra_restricted": false
        },
        "thread_ts": "1570555883.349100",
        "parent_user_id": "WGP4AA5F1"
    },
    {
        "client_msg_id": "97bb41c0-ec7a-42fe-b995-b3098b70fce2",
        "type": "message",
        "text": "thanks :slightly_smiling_face:",
        "user": "WGP4AA5F1",
        "ts": "1570557030.357100",
        "team": "T86S8GHEG",
        "user_team": "T86S8GHEG",
        "source_team": "T86S8GHEG",
        "user_profile": {
            "avatar_hash": "g7c5ec51da16",
            "image_72": "https:\/\/secure.gravatar.com\/avatar\/67c5ec51da162daac37e40a72d63bb4c.jpg?s=72&d=https%3A%2F%2Fa.slack-edge.com%2Fdf10d%2Fimg%2Favatars%2Fava_0026-72.png",
            "first_name": "Fang-Yi",
            "real_name": "Fang-Yi Chiu",
            "display_name": "fchiu",
            "team": "T86S8GHEG",
            "name": "fchiu",
            "is_restricted": false,
            "is_ultra_restricted": false
        },
        "thread_ts": "1570555883.349100",
        "parent_user_id": "WGP4AA5F1"
    },
    {
        "client_msg_id": "e0fcd3d9-2e35-4c08-8cc4-0753076d23fe",
        "type": "message",
        "text": "Hello!",
        "user": "W81EY00N7",
        "ts": "1570557219.357300",
        "team": "T86S8GHEG",
        "user_team": "T86S8GHEG",
        "source_team": "T86S8GHEG",
        "user_profile": {
            "avatar_hash": "d30a8ec2b572",
            "image_72": "https:\/\/avatars.slack-edge.com\/2019-04-22\/614865012036_d30a8ec2b5727438f308_72.png",
            "first_name": "Briac",
            "real_name": "Briac Marcatte",
            "display_name": "bmarcatte",
            "team": "T86S8GHEG",
            "name": "bmarcatte",
            "is_restricted": false,
            "is_ultra_restricted": false
        },
        "thread_ts": "1570555883.349100",
        "parent_user_id": "WGP4AA5F1"
    },
    {
        "client_msg_id": "bed9042d-b0a5-4dac-aa20-4a1bafcafc94",
        "type": "message",
        "text": "It should be technically possible but not well documented and probably not super user friendly",
        "user": "W81EY00N7",
        "ts": "1570557236.357500",
        "team": "T86S8GHEG",
        "user_team": "T86S8GHEG",
        "source_team": "T86S8GHEG",
        "user_profile": {
            "avatar_hash": "d30a8ec2b572",
            "image_72": "https:\/\/avatars.slack-edge.com\/2019-04-22\/614865012036_d30a8ec2b5727438f308_72.png",
            "first_name": "Briac",
            "real_name": "Briac Marcatte",
            "display_name": "bmarcatte",
            "team": "T86S8GHEG",
            "name": "bmarcatte",
            "is_restricted": false,
            "is_ultra_restricted": false
        },
        "thread_ts": "1570555883.349100",
        "parent_user_id": "WGP4AA5F1"
    },
    {
        "client_msg_id": "045010e7-fdf3-4519-97c2-bcbe0407f9bf",
        "type": "message",
        "text": "<https:\/\/cgit.twitter.biz\/source\/tree\/twml\/runtime\/src\/main\/scala\/com\/twitter\/deepbird\/runtime\/prediction_engine\/TensorflowPredictionEngine.scala#n381>",
        "user": "W81EY00N7",
        "ts": "1570557240.357700",
        "team": "T86S8GHEG",
        "user_team": "T86S8GHEG",
        "source_team": "T86S8GHEG",
        "user_profile": {
            "avatar_hash": "d30a8ec2b572",
            "image_72": "https:\/\/avatars.slack-edge.com\/2019-04-22\/614865012036_d30a8ec2b5727438f308_72.png",
            "first_name": "Briac",
            "real_name": "Briac Marcatte",
            "display_name": "bmarcatte",
            "team": "T86S8GHEG",
            "name": "bmarcatte",
            "is_restricted": false,
            "is_ultra_restricted": false
        },
        "thread_ts": "1570555883.349100",
        "parent_user_id": "WGP4AA5F1"
    },
    {
        "client_msg_id": "244841ee-cd7e-4caa-b029-63e24124319b",
        "type": "message",
        "text": "the names of tensors are usually what the operator name is with a suffix",
        "user": "W81BJEAGZ",
        "ts": "1570557278.357900",
        "team": "T86S8GHEG",
        "user_team": "T86S8GHEG",
        "source_team": "T86S8GHEG",
        "user_profile": {
            "avatar_hash": "45f9fa184373",
            "image_72": "https:\/\/avatars.slack-edge.com\/2019-04-25\/620857384023_45f9fa184373c2c504f5_72.jpg",
            "first_name": "Pavan",
            "real_name": "Pavan Yalamanchili",
            "display_name": "pyalamanchili",
            "team": "T86S8GHEG",
            "name": "pyalamanchili",
            "is_restricted": false,
            "is_ultra_restricted": false
        },
        "thread_ts": "1570555883.349100",
        "parent_user_id": "WGP4AA5F1"
    },
    {
        "client_msg_id": "5ea8ca40-05fa-47bd-8970-53d2ae9425bc",
        "type": "message",
        "text": "if you want to be extra careful, you can do something like ```app_id = tf.identity(app_id, name=\"app_id\")```",
        "user": "W81BJEAGZ",
        "ts": "1570557301.358100",
        "team": "T86S8GHEG",
        "user_team": "T86S8GHEG",
        "source_team": "T86S8GHEG",
        "user_profile": {
            "avatar_hash": "45f9fa184373",
            "image_72": "https:\/\/avatars.slack-edge.com\/2019-04-25\/620857384023_45f9fa184373c2c504f5_72.jpg",
            "first_name": "Pavan",
            "real_name": "Pavan Yalamanchili",
            "display_name": "pyalamanchili",
            "team": "T86S8GHEG",
            "name": "pyalamanchili",
            "is_restricted": false,
            "is_ultra_restricted": false
        },
        "thread_ts": "1570555883.349100",
        "parent_user_id": "WGP4AA5F1"
    },
    {
        "client_msg_id": "c69c1397-1d9f-42c5-935f-44548241dbea",
        "type": "message",
        "text": "and then query it using `app_id:0`",
        "user": "W81BJEAGZ",
        "ts": "1570557308.358300",
        "team": "T86S8GHEG",
        "user_team": "T86S8GHEG",
        "source_team": "T86S8GHEG",
        "user_profile": {
            "avatar_hash": "45f9fa184373",
            "image_72": "https:\/\/avatars.slack-edge.com\/2019-04-25\/620857384023_45f9fa184373c2c504f5_72.jpg",
            "first_name": "Pavan",
            "real_name": "Pavan Yalamanchili",
            "display_name": "pyalamanchili",
            "team": "T86S8GHEG",
            "name": "pyalamanchili",
            "is_restricted": false,
            "is_ultra_restricted": false
        },
        "thread_ts": "1570555883.349100",
        "parent_user_id": "WGP4AA5F1"
    },
    {
        "client_msg_id": "e0349f50-df01-4fa8-9c51-c7e54f702b65",
        "type": "message",
        "text": "Thanks! let me take a look!",
        "user": "WGP4AA5F1",
        "ts": "1570557471.358500",
        "team": "T86S8GHEG",
        "user_team": "T86S8GHEG",
        "source_team": "T86S8GHEG",
        "user_profile": {
            "avatar_hash": "g7c5ec51da16",
            "image_72": "https:\/\/secure.gravatar.com\/avatar\/67c5ec51da162daac37e40a72d63bb4c.jpg?s=72&d=https%3A%2F%2Fa.slack-edge.com%2Fdf10d%2Fimg%2Favatars%2Fava_0026-72.png",
            "first_name": "Fang-Yi",
            "real_name": "Fang-Yi Chiu",
            "display_name": "fchiu",
            "team": "T86S8GHEG",
            "name": "fchiu",
            "is_restricted": false,
            "is_ultra_restricted": false
        },
        "thread_ts": "1570555883.349100",
        "parent_user_id": "WGP4AA5F1"
    },
    {
        "client_msg_id": "a4823815-75d6-4d59-82fd-e573f198504e",
        "type": "message",
        "text": "you need to pass `activateGraphApi=true` in `TensorflowPredictionEngineConfig`",
        "user": "W81EY00N7",
        "ts": "1570557895.358700",
        "team": "T86S8GHEG",
        "user_team": "T86S8GHEG",
        "source_team": "T86S8GHEG",
        "user_profile": {
            "avatar_hash": "d30a8ec2b572",
            "image_72": "https:\/\/avatars.slack-edge.com\/2019-04-22\/614865012036_d30a8ec2b5727438f308_72.png",
            "first_name": "Briac",
            "real_name": "Briac Marcatte",
            "display_name": "bmarcatte",
            "team": "T86S8GHEG",
            "name": "bmarcatte",
            "is_restricted": false,
            "is_ultra_restricted": false
        },
        "thread_ts": "1570555883.349100",
        "parent_user_id": "WGP4AA5F1"
    },
    {
        "client_msg_id": "8b432d99-ca81-4f10-95ae-32754e4288ba",
        "type": "message",
        "text": "Hi team,",
        "user": "WG34R01TQ",
        "ts": "1570566145.359000",
        "team": "T86S8GHEG",
        "user_team": "T86S8GHEG",
        "source_team": "T86S8GHEG",
        "user_profile": {
            "avatar_hash": "gc93653dfffe",
            "image_72": "https:\/\/secure.gravatar.com\/avatar\/2c93653dfffe01d02bc586ca2e36b3e9.jpg?s=72&d=https%3A%2F%2Fa.slack-edge.com%2Fdf10d%2Fimg%2Favatars%2Fava_0013-72.png",
            "first_name": "Ipsita",
            "real_name": "Ipsita Prakash",
            "display_name": "iprakash",
            "team": "T86S8GHEG",
            "name": "iprakash",
            "is_restricted": false,
            "is_ultra_restricted": false
        }
    },
    {
        "client_msg_id": "580c6642-b131-408f-b6b6-5c43073c8b32",
        "type": "message",
        "text": "My job is stuck for hours at\n`INFO:tensorflow:Done running local_init_op`",
        "user": "WG34R01TQ",
        "ts": "1570566173.359600",
        "team": "T86S8GHEG",
        "user_team": "T86S8GHEG",
        "source_team": "T86S8GHEG",
        "user_profile": {
            "avatar_hash": "gc93653dfffe",
            "image_72": "https:\/\/secure.gravatar.com\/avatar\/2c93653dfffe01d02bc586ca2e36b3e9.jpg?s=72&d=https%3A%2F%2Fa.slack-edge.com%2Fdf10d%2Fimg%2Favatars%2Fava_0013-72.png",
            "first_name": "Ipsita",
            "real_name": "Ipsita Prakash",
            "display_name": "iprakash",
            "team": "T86S8GHEG",
            "name": "iprakash",
            "is_restricted": false,
            "is_ultra_restricted": false
        }
    },
    {
        "client_msg_id": "d7740954-cf4a-4275-aa00-00e62909dbfe",
        "type": "message",
        "text": "here are the logs for the stack trace",
        "user": "WG34R01TQ",
        "ts": "1570566189.359900",
        "team": "T86S8GHEG",
        "user_team": "T86S8GHEG",
        "source_team": "T86S8GHEG",
        "user_profile": {
            "avatar_hash": "gc93653dfffe",
            "image_72": "https:\/\/secure.gravatar.com\/avatar\/2c93653dfffe01d02bc586ca2e36b3e9.jpg?s=72&d=https%3A%2F%2Fa.slack-edge.com%2Fdf10d%2Fimg%2Favatars%2Fava_0013-72.png",
            "first_name": "Ipsita",
            "real_name": "Ipsita Prakash",
            "display_name": "iprakash",
            "team": "T86S8GHEG",
            "name": "iprakash",
            "is_restricted": false,
            "is_ultra_restricted": false
        }
    },
    {
        "client_msg_id": "88234949-8870-49d0-923c-3782a703a3b8",
        "type": "message",
        "text": "<http:\/\/atla-bzn-24-sr1.prod.twttr.net:1338\/logs\/ads-prediction-devel-iprakash_model_tlh_mf_56_ai_1570556277-0-b780fa34-4111-4332-bffb-863d765dc9e0\/train\/0\/stderr>",
        "user": "WG34R01TQ",
        "ts": "1570566190.360100",
        "team": "T86S8GHEG",
        "user_team": "T86S8GHEG",
        "source_team": "T86S8GHEG",
        "user_profile": {
            "avatar_hash": "gc93653dfffe",
            "image_72": "https:\/\/secure.gravatar.com\/avatar\/2c93653dfffe01d02bc586ca2e36b3e9.jpg?s=72&d=https%3A%2F%2Fa.slack-edge.com%2Fdf10d%2Fimg%2Favatars%2Fava_0013-72.png",
            "first_name": "Ipsita",
            "real_name": "Ipsita Prakash",
            "display_name": "iprakash",
            "team": "T86S8GHEG",
            "name": "iprakash",
            "is_restricted": false,
            "is_ultra_restricted": false
        },
        "thread_ts": "1570566190.360100",
        "reply_count": 7,
        "reply_users_count": 2,
        "latest_reply": "1570678156.033100",
        "reply_users": [
            "W81BJEAGZ",
            "WG34R01TQ"
        ],
        "replies": [
            {
                "user": "W81BJEAGZ",
                "ts": "1570569869.369100"
            },
            {
                "user": "W81BJEAGZ",
                "ts": "1570569874.369300"
            },
            {
                "user": "WG34R01TQ",
                "ts": "1570575256.374100"
            },
            {
                "user": "W81BJEAGZ",
                "ts": "1570575285.374300"
            },
            {
                "user": "W81BJEAGZ",
                "ts": "1570575293.374500"
            },
            {
                "user": "W81BJEAGZ",
                "ts": "1570575298.374700"
            },
            {
                "user": "WG34R01TQ",
                "ts": "1570678156.033100"
            }
        ],
        "subscribed": false
    },
    {
        "client_msg_id": "2572b04a-fd1d-4b1e-bf12-b3282cf9c66d",
        "type": "message",
        "text": "Any idea what might be the issue",
        "user": "WG34R01TQ",
        "ts": "1570566201.360400",
        "team": "T86S8GHEG",
        "user_team": "T86S8GHEG",
        "source_team": "T86S8GHEG",
        "user_profile": {
            "avatar_hash": "gc93653dfffe",
            "image_72": "https:\/\/secure.gravatar.com\/avatar\/2c93653dfffe01d02bc586ca2e36b3e9.jpg?s=72&d=https%3A%2F%2Fa.slack-edge.com%2Fdf10d%2Fimg%2Favatars%2Fava_0013-72.png",
            "first_name": "Ipsita",
            "real_name": "Ipsita Prakash",
            "display_name": "iprakash",
            "team": "T86S8GHEG",
            "name": "iprakash",
            "is_restricted": false,
            "is_ultra_restricted": false
        }
    },
    {
        "client_msg_id": "fd88f11e-7d93-43a1-9b8f-b9f6190ac604",
        "type": "message",
        "text": "This is a re-run of the jobs i tried earlier that were also stuck at the same point",
        "user": "WG34R01TQ",
        "ts": "1570566426.361000",
        "team": "T86S8GHEG",
        "user_team": "T86S8GHEG",
        "source_team": "T86S8GHEG",
        "user_profile": {
            "avatar_hash": "gc93653dfffe",
            "image_72": "https:\/\/secure.gravatar.com\/avatar\/2c93653dfffe01d02bc586ca2e36b3e9.jpg?s=72&d=https%3A%2F%2Fa.slack-edge.com%2Fdf10d%2Fimg%2Favatars%2Fava_0013-72.png",
            "first_name": "Ipsita",
            "real_name": "Ipsita Prakash",
            "display_name": "iprakash",
            "team": "T86S8GHEG",
            "name": "iprakash",
            "is_restricted": false,
            "is_ultra_restricted": false
        },
        "edited": {
            "user": "WG34R01TQ",
            "ts": "1570566435.000000"
        }
    },
    {
        "client_msg_id": "608ded43-2ef3-4948-acad-abab21e7f4f5",
        "type": "message",
        "text": "It's probably not stuck",
        "user": "W81BJEAGZ",
        "ts": "1570566609.361200",
        "team": "T86S8GHEG",
        "user_team": "T86S8GHEG",
        "source_team": "T86S8GHEG",
        "user_profile": {
            "avatar_hash": "45f9fa184373",
            "image_72": "https:\/\/avatars.slack-edge.com\/2019-04-25\/620857384023_45f9fa184373c2c504f5_72.jpg",
            "first_name": "Pavan",
            "real_name": "Pavan Yalamanchili",
            "display_name": "pyalamanchili",
            "team": "T86S8GHEG",
            "name": "pyalamanchili",
            "is_restricted": false,
            "is_ultra_restricted": false
        }
    },
    {
        "client_msg_id": "7b53d678-fb12-4fc4-9e8d-57f908412688",
        "type": "message",
        "text": "Just evaluating a large dataset",
        "user": "W81BJEAGZ",
        "ts": "1570566613.361400",
        "team": "T86S8GHEG",
        "user_team": "T86S8GHEG",
        "source_team": "T86S8GHEG",
        "user_profile": {
            "avatar_hash": "45f9fa184373",
            "image_72": "https:\/\/avatars.slack-edge.com\/2019-04-25\/620857384023_45f9fa184373c2c504f5_72.jpg",
            "first_name": "Pavan",
            "real_name": "Pavan Yalamanchili",
            "display_name": "pyalamanchili",
            "team": "T86S8GHEG",
            "name": "pyalamanchili",
            "is_restricted": false,
            "is_ultra_restricted": false
        }
    },
    {
        "client_msg_id": "d79d78db-6eb9-45fb-8929-09c5f969e4e3",
        "type": "message",
        "text": "<@WG34R01TQ> Am I interpreting the log correctly that you are calibrating a discretizer?",
        "user": "WAX2RDTGB",
        "ts": "1570569084.362000",
        "team": "T86S8GHEG",
        "user_team": "T86S8GHEG",
        "source_team": "T86S8GHEG",
        "user_profile": {
            "avatar_hash": "d652be5f2d9e",
            "image_72": "https:\/\/avatars.slack-edge.com\/2019-11-25\/848747792581_d652be5f2d9e91c30d3b_72.png",
            "first_name": "Andrew",
            "real_name": "Andrew Bean",
            "display_name": "abean",
            "team": "T86S8GHEG",
            "name": "abean",
            "is_restricted": false,
            "is_ultra_restricted": false
        },
        "thread_ts": "1570569084.362000",
        "reply_count": 1,
        "reply_users_count": 1,
        "latest_reply": "1570574893.373900",
        "reply_users": [
            "WG34R01TQ"
        ],
        "replies": [
            {
                "user": "WG34R01TQ",
                "ts": "1570574893.373900"
            }
        ],
        "subscribed": false
    },
    {
        "client_msg_id": "122aee49-f51c-40ba-8083-fd44a6b4ffff",
        "type": "message",
        "text": "Hi Support, Some of our team scalding jobs to infer are failing with following error ```Caused by: java.lang.IllegalArgumentException: NodeDef mentions attr 'batch_dims' not in Op&lt;name=GatherV2; signature=params:Tparams, indices:Tindices, axis:Taxis -&gt; output:Tparams; attr=Tparams:type; attr=Tindices:type,allowed=[DT_INT32, DT_INT64]; attr=Taxis:type,allowed=[DT_INT32, DT_INT64]&gt;; NodeDef: {{node tl_embedding\/model\/split_net\/module\/hashed_percentile_discretizer\/boolean_mask\/GatherV2}} = GatherV2[Taxis=DT_INT32, Tindices=DT_INT64, Tparams=DT_INT64, _output_shapes=[[?]], batch_dims=0](tl_embedding\/model\/split_net\/module\/hashed_percentile_discretizer\/boolean_mask\/Reshape, tl_embedding\/model\/split_net\/module\/hashed_percentile_discretizer\/boolean_mask\/Squeeze, tl_embedding\/model\/split_net\/module\/hashed_percentile_discretizer\/boolean_mask\/GatherV2\/axis). (Check whether your GraphDef-interpreting binary is up to date with your GraphDef-generating binary.).```",
        "user": "W81H2EMC2",
        "ts": "1570569164.363300",
        "team": "T86S8GHEG",
        "user_team": "T86S8GHEG",
        "source_team": "T86S8GHEG",
        "user_profile": {
            "avatar_hash": "a3af010259e1",
            "image_72": "https:\/\/avatars.slack-edge.com\/2019-09-13\/761830656247_a3af010259e1865c8fbc_72.png",
            "first_name": "Apoorv",
            "real_name": "Apoorv Sharma",
            "display_name": "apoorvs",
            "team": "T86S8GHEG",
            "name": "apoorvs",
            "is_restricted": false,
            "is_ultra_restricted": false
        },
        "thread_ts": "1570569164.363300",
        "reply_count": 8,
        "reply_users_count": 2,
        "latest_reply": "1570575409.374900",
        "reply_users": [
            "W81H2EMC2",
            "W81BJEAGZ"
        ],
        "replies": [
            {
                "user": "W81H2EMC2",
                "ts": "1570569191.363600"
            },
            {
                "user": "W81H2EMC2",
                "ts": "1570569660.364700"
            },
            {
                "user": "W81BJEAGZ",
                "ts": "1570569668.365100"
            },
            {
                "user": "W81BJEAGZ",
                "ts": "1570569674.365400"
            },
            {
                "user": "W81H2EMC2",
                "ts": "1570569686.365700"
            },
            {
                "user": "W81BJEAGZ",
                "ts": "1570569695.366100"
            },
            {
                "user": "W81H2EMC2",
                "ts": "1570569703.366500"
            },
            {
                "user": "W81H2EMC2",
                "ts": "1570575409.374900"
            }
        ],
        "subscribed": false
    },
    {
        "client_msg_id": "e63ec365-c7e2-4d8f-be6c-9236a09106eb",
        "type": "message",
        "text": "mesos stats show that the job is receiving about 350MBps of data, probably from an HDFS dataset, which could make sense for calibrating a discretizer on a lot of data (to <@WG34R01TQ>)",
        "user": "WAX2RDTGB",
        "ts": "1570569165.363400",
        "team": "T86S8GHEG",
        "user_team": "T86S8GHEG",
        "source_team": "T86S8GHEG",
        "user_profile": {
            "avatar_hash": "d652be5f2d9e",
            "image_72": "https:\/\/avatars.slack-edge.com\/2019-11-25\/848747792581_d652be5f2d9e91c30d3b_72.png",
            "first_name": "Andrew",
            "real_name": "Andrew Bean",
            "display_name": "abean",
            "team": "T86S8GHEG",
            "name": "abean",
            "is_restricted": false,
            "is_ultra_restricted": false
        },
        "edited": {
            "user": "WAX2RDTGB",
            "ts": "1570569185.000000"
        }
    },
    {
        "client_msg_id": "8a7894c2-7eb8-4c88-a5eb-5a30c4e3c665",
        "type": "message",
        "text": "How to fix the same? Is it related to tf upgrade?",
        "user": "W81H2EMC2",
        "ts": "1570569191.363600",
        "team": "T86S8GHEG",
        "user_team": "T86S8GHEG",
        "source_team": "T86S8GHEG",
        "user_profile": {
            "avatar_hash": "a3af010259e1",
            "image_72": "https:\/\/avatars.slack-edge.com\/2019-09-13\/761830656247_a3af010259e1865c8fbc_72.png",
            "first_name": "Apoorv",
            "real_name": "Apoorv Sharma",
            "display_name": "apoorvs",
            "team": "T86S8GHEG",
            "name": "apoorvs",
            "is_restricted": false,
            "is_ultra_restricted": false
        },
        "thread_ts": "1570569164.363300",
        "parent_user_id": "W81H2EMC2"
    },
    {
        "client_msg_id": "3d6a4291-6290-4d71-b9a1-af2c8c17386c",
        "type": "message",
        "text": "<@W89H645FB> ^^",
        "user": "W81H2EMC2",
        "ts": "1570569660.364700",
        "team": "T86S8GHEG",
        "user_team": "T86S8GHEG",
        "source_team": "T86S8GHEG",
        "user_profile": {
            "avatar_hash": "a3af010259e1",
            "image_72": "https:\/\/avatars.slack-edge.com\/2019-09-13\/761830656247_a3af010259e1865c8fbc_72.png",
            "first_name": "Apoorv",
            "real_name": "Apoorv Sharma",
            "display_name": "apoorvs",
            "team": "T86S8GHEG",
            "name": "apoorvs",
            "is_restricted": false,
            "is_ultra_restricted": false
        },
        "thread_ts": "1570569164.363300",
        "parent_user_id": "W81H2EMC2"
    },
    {
        "bot_id": "B8A47HZCL",
        "type": "message",
        "text": "cc\/ <@W81EY00N7> <@W8MSTHA74>",
        "user": "W89H645FB",
        "ts": "1570569660.364900",
        "team": "T86S8GHEG",
        "bot_profile": {
            "id": "B8A47HZCL",
            "deleted": false,
            "name": "bot",
            "updated": 1512499948,
            "app_id": "A0F7YS25R",
            "icons": {
                "image_36": "https:\/\/a.slack-edge.com\/80588\/img\/services\/bots_36.png",
                "image_48": "https:\/\/a.slack-edge.com\/80588\/img\/plugins\/bot\/service_48.png",
                "image_72": "https:\/\/a.slack-edge.com\/80588\/img\/services\/bots_72.png"
            },
            "team_id": "T86S8GHEG"
        },
        "attachments": [
            {
                "author_name": "Apoorv Sharma",
                "text": " ^^",
                "id": 1,
                "author_icon": "https:\/\/avatars.slack-edge.com\/2019-09-13\/761830656247_a3af010259e1865c8fbc_72.png",
                "fallback": " ^^"
            }
        ]
    },
    {
        "client_msg_id": "4e702c5b-fdbd-49e8-9d0a-0820e6a6b142",
        "type": "message",
        "text": "<@W81H2EMC2> the scalding job seems to be using older artifacts",
        "user": "W81BJEAGZ",
        "ts": "1570569668.365100",
        "team": "T86S8GHEG",
        "user_team": "T86S8GHEG",
        "source_team": "T86S8GHEG",
        "user_profile": {
            "avatar_hash": "45f9fa184373",
            "image_72": "https:\/\/avatars.slack-edge.com\/2019-04-25\/620857384023_45f9fa184373c2c504f5_72.jpg",
            "first_name": "Pavan",
            "real_name": "Pavan Yalamanchili",
            "display_name": "pyalamanchili",
            "team": "T86S8GHEG",
            "name": "pyalamanchili",
            "is_restricted": false,
            "is_ultra_restricted": false
        },
        "thread_ts": "1570569164.363300",
        "parent_user_id": "W81H2EMC2",
        "reactions": [
            {
                "name": "+1",
                "users": [
                    "W8MSTHA74"
                ],
                "count": 1
            }
        ]
    },
    {
        "client_msg_id": "fb41437a-6e7b-484c-a28c-cfbdd85bdd5c",
        "type": "message",
        "text": "but the model was trained with 1.14",
        "user": "W81BJEAGZ",
        "ts": "1570569674.365400",
        "team": "T86S8GHEG",
        "user_team": "T86S8GHEG",
        "source_team": "T86S8GHEG",
        "user_profile": {
            "avatar_hash": "45f9fa184373",
            "image_72": "https:\/\/avatars.slack-edge.com\/2019-04-25\/620857384023_45f9fa184373c2c504f5_72.jpg",
            "first_name": "Pavan",
            "real_name": "Pavan Yalamanchili",
            "display_name": "pyalamanchili",
            "team": "T86S8GHEG",
            "name": "pyalamanchili",
            "is_restricted": false,
            "is_ultra_restricted": false
        },
        "thread_ts": "1570569164.363300",
        "parent_user_id": "W81H2EMC2"
    },
    {
        "client_msg_id": "a1563943-8b3d-4dca-88a8-91ddf630afc7",
        "type": "message",
        "text": "Gotcha. So just bump the binary to latest version",
        "user": "W81H2EMC2",
        "ts": "1570569686.365700",
        "team": "T86S8GHEG",
        "user_team": "T86S8GHEG",
        "source_team": "T86S8GHEG",
        "user_profile": {
            "avatar_hash": "a3af010259e1",
            "image_72": "https:\/\/avatars.slack-edge.com\/2019-09-13\/761830656247_a3af010259e1865c8fbc_72.png",
            "first_name": "Apoorv",
            "real_name": "Apoorv Sharma",
            "display_name": "apoorvs",
            "team": "T86S8GHEG",
            "name": "apoorvs",
            "is_restricted": false,
            "is_ultra_restricted": false
        },
        "thread_ts": "1570569164.363300",
        "parent_user_id": "W81H2EMC2"
    },
    {
        "client_msg_id": "8bc95288-8ba3-4837-9965-1bb43afd98cb",
        "type": "message",
        "text": "yes that should fix it",
        "user": "W81BJEAGZ",
        "ts": "1570569695.366100",
        "team": "T86S8GHEG",
        "user_team": "T86S8GHEG",
        "source_team": "T86S8GHEG",
        "user_profile": {
            "avatar_hash": "45f9fa184373",
            "image_72": "https:\/\/avatars.slack-edge.com\/2019-04-25\/620857384023_45f9fa184373c2c504f5_72.jpg",
            "first_name": "Pavan",
            "real_name": "Pavan Yalamanchili",
            "display_name": "pyalamanchili",
            "team": "T86S8GHEG",
            "name": "pyalamanchili",
            "is_restricted": false,
            "is_ultra_restricted": false
        },
        "thread_ts": "1570569164.363300",
        "parent_user_id": "W81H2EMC2"
    },
    {
        "client_msg_id": "448a3822-573d-4c11-9566-af862bc8ccff",
        "type": "message",
        "text": "thank you",
        "user": "W81H2EMC2",
        "ts": "1570569703.366500",
        "team": "T86S8GHEG",
        "user_team": "T86S8GHEG",
        "source_team": "T86S8GHEG",
        "user_profile": {
            "avatar_hash": "a3af010259e1",
            "image_72": "https:\/\/avatars.slack-edge.com\/2019-09-13\/761830656247_a3af010259e1865c8fbc_72.png",
            "first_name": "Apoorv",
            "real_name": "Apoorv Sharma",
            "display_name": "apoorvs",
            "team": "T86S8GHEG",
            "name": "apoorvs",
            "is_restricted": false,
            "is_ultra_restricted": false
        },
        "thread_ts": "1570569164.363300",
        "parent_user_id": "W81H2EMC2"
    },
    {
        "client_msg_id": "01bae3d6-a8e9-4e02-8db5-1e49586d48e9",
        "type": "message",
        "text": "you can see the progress being made in stdout",
        "user": "W81BJEAGZ",
        "ts": "1570569869.369100",
        "team": "T86S8GHEG",
        "user_team": "T86S8GHEG",
        "source_team": "T86S8GHEG",
        "user_profile": {
            "avatar_hash": "45f9fa184373",
            "image_72": "https:\/\/avatars.slack-edge.com\/2019-04-25\/620857384023_45f9fa184373c2c504f5_72.jpg",
            "first_name": "Pavan",
            "real_name": "Pavan Yalamanchili",
            "display_name": "pyalamanchili",
            "team": "T86S8GHEG",
            "name": "pyalamanchili",
            "is_restricted": false,
            "is_ultra_restricted": false
        },
        "thread_ts": "1570566190.360100",
        "parent_user_id": "WG34R01TQ"
    },
    {
        "client_msg_id": "9f972fa5-2d3b-4b36-a2be-2217aaf1c4c5",
        "type": "message",
        "text": "cc <@WAX2RDTGB>",
        "user": "W81BJEAGZ",
        "ts": "1570569874.369300",
        "team": "T86S8GHEG",
        "user_team": "T86S8GHEG",
        "source_team": "T86S8GHEG",
        "user_profile": {
            "avatar_hash": "45f9fa184373",
            "image_72": "https:\/\/avatars.slack-edge.com\/2019-04-25\/620857384023_45f9fa184373c2c504f5_72.jpg",
            "first_name": "Pavan",
            "real_name": "Pavan Yalamanchili",
            "display_name": "pyalamanchili",
            "team": "T86S8GHEG",
            "name": "pyalamanchili",
            "is_restricted": false,
            "is_ultra_restricted": false
        },
        "thread_ts": "1570566190.360100",
        "parent_user_id": "WG34R01TQ",
        "reactions": [
            {
                "name": "+1",
                "users": [
                    "WAX2RDTGB"
                ],
                "count": 1
            }
        ]
    },
    {
        "client_msg_id": "b6f9eef3-78fa-41d9-87c8-7cfcd2cbe1d2",
        "type": "message",
        "text": "hi there, i have a question about best practices regarding applying filters on input train\/eval data. if we have some DataRecords on HDFS and we want to apply a filter on this data for a specific variation\/experiment of the model, is it possible to apply that filter in the model config? if so, would that cause any issues (performance, inconsistent batch sizes, etc)? i am trying to determine whether it’s better to build an extra Scalding job to perform this filtering or not. thanks!",
        "user": "W81B9UEV9",
        "ts": "1570569891.369600",
        "team": "T86S8GHEG",
        "user_team": "T86S8GHEG",
        "source_team": "T86S8GHEG",
        "user_profile": {
            "avatar_hash": "789ab73bbc13",
            "image_72": "https:\/\/avatars.slack-edge.com\/2018-02-05\/310187346036_789ab73bbc13ebd47d93_72.jpg",
            "first_name": "Andrew",
            "real_name": "Andrew Techmeier",
            "display_name": "atechmeier",
            "team": "T86S8GHEG",
            "name": "atechmeier",
            "is_restricted": false,
            "is_ultra_restricted": false
        },
        "thread_ts": "1570569891.369600",
        "reply_count": 19,
        "reply_users_count": 4,
        "latest_reply": "1570615121.000600",
        "reply_users": [
            "W81BJEAGZ",
            "W81B9UEV9",
            "W81H2EMC2",
            "W81EZ626P"
        ],
        "replies": [
            {
                "user": "W81BJEAGZ",
                "ts": "1570569927.369800"
            },
            {
                "user": "W81BJEAGZ",
                "ts": "1570569982.370100"
            },
            {
                "user": "W81BJEAGZ",
                "ts": "1570569990.370300"
            },
            {
                "user": "W81B9UEV9",
                "ts": "1570570016.370500"
            },
            {
                "user": "W81BJEAGZ",
                "ts": "1570570052.370700"
            },
            {
                "user": "W81B9UEV9",
                "ts": "1570570081.370900"
            },
            {
                "user": "W81BJEAGZ",
                "ts": "1570570107.371100"
            },
            {
                "user": "W81H2EMC2",
                "ts": "1570570133.371400"
            },
            {
                "user": "W81BJEAGZ",
                "ts": "1570570135.371600"
            },
            {
                "user": "W81BJEAGZ",
                "ts": "1570570139.371800"
            },
            {
                "user": "W81H2EMC2",
                "ts": "1570570185.372100"
            },
            {
                "user": "W81EZ626P",
                "ts": "1570570342.372400"
            },
            {
                "user": "W81B9UEV9",
                "ts": "1570570441.372600"
            },
            {
                "user": "W81EZ626P",
                "ts": "1570570675.372900"
            },
            {
                "user": "W81EZ626P",
                "ts": "1570570687.373100"
            },
            {
                "user": "W81EZ626P",
                "ts": "1570570713.373300"
            },
            {
                "user": "W81EZ626P",
                "ts": "1570570729.373500"
            },
            {
                "user": "W81H2EMC2",
                "ts": "1570587044.379900"
            },
            {
                "user": "W81EZ626P",
                "ts": "1570615121.000600"
            }
        ],
        "subscribed": false
    },
    {
        "client_msg_id": "8967cf51-4a2e-4876-8903-1291eba2e8df",
        "type": "message",
        "text": "currently filtering during training is extremly slow",
        "user": "W81BJEAGZ",
        "ts": "1570569927.369800",
        "team": "T86S8GHEG",
        "user_team": "T86S8GHEG",
        "source_team": "T86S8GHEG",
        "user_profile": {
            "avatar_hash": "45f9fa184373",
            "image_72": "https:\/\/avatars.slack-edge.com\/2019-04-25\/620857384023_45f9fa184373c2c504f5_72.jpg",
            "first_name": "Pavan",
            "real_name": "Pavan Yalamanchili",
            "display_name": "pyalamanchili",
            "team": "T86S8GHEG",
            "name": "pyalamanchili",
            "is_restricted": false,
            "is_ultra_restricted": false
        },
        "thread_ts": "1570569891.369600",
        "parent_user_id": "W81B9UEV9"
    },
    {
        "client_msg_id": "513a7d12-3093-482a-b53b-5de8432dd646",
        "type": "message",
        "text": "but one fast-ish workaround would be to assign weights == 0 for records that you dont want",
        "user": "W81BJEAGZ",
        "ts": "1570569982.370100",
        "team": "T86S8GHEG",
        "user_team": "T86S8GHEG",
        "source_team": "T86S8GHEG",
        "user_profile": {
            "avatar_hash": "45f9fa184373",
            "image_72": "https:\/\/avatars.slack-edge.com\/2019-04-25\/620857384023_45f9fa184373c2c504f5_72.jpg",
            "first_name": "Pavan",
            "real_name": "Pavan Yalamanchili",
            "display_name": "pyalamanchili",
            "team": "T86S8GHEG",
            "name": "pyalamanchili",
            "is_restricted": false,
            "is_ultra_restricted": false
        },
        "thread_ts": "1570569891.369600",
        "parent_user_id": "W81B9UEV9"
    },
    {
        "client_msg_id": "e5d6e2a4-949a-49ef-93ae-19b4849f760b",
        "type": "message",
        "text": "you can do this dynamically in the build graph",
        "user": "W81BJEAGZ",
        "ts": "1570569990.370300",
        "team": "T86S8GHEG",
        "user_team": "T86S8GHEG",
        "source_team": "T86S8GHEG",
        "user_profile": {
            "avatar_hash": "45f9fa184373",
            "image_72": "https:\/\/avatars.slack-edge.com\/2019-04-25\/620857384023_45f9fa184373c2c504f5_72.jpg",
            "first_name": "Pavan",
            "real_name": "Pavan Yalamanchili",
            "display_name": "pyalamanchili",
            "team": "T86S8GHEG",
            "name": "pyalamanchili",
            "is_restricted": false,
            "is_ultra_restricted": false
        },
        "thread_ts": "1570569891.369600",
        "parent_user_id": "W81B9UEV9"
    },
    {
        "client_msg_id": "c027a4c1-3628-4ad8-8f80-7f79d7e1ff49",
        "type": "message",
        "text": "but that would cause inconsistent batches then right",
        "user": "W81B9UEV9",
        "ts": "1570570016.370500",
        "team": "T86S8GHEG",
        "user_team": "T86S8GHEG",
        "source_team": "T86S8GHEG",
        "user_profile": {
            "avatar_hash": "789ab73bbc13",
            "image_72": "https:\/\/avatars.slack-edge.com\/2018-02-05\/310187346036_789ab73bbc13ebd47d93_72.jpg",
            "first_name": "Andrew",
            "real_name": "Andrew Techmeier",
            "display_name": "atechmeier",
            "team": "T86S8GHEG",
            "name": "atechmeier",
            "is_restricted": false,
            "is_ultra_restricted": false
        },
        "thread_ts": "1570569891.369600",
        "parent_user_id": "W81B9UEV9"
    },
    {
        "client_msg_id": "e0ca4131-03a9-4041-ab0e-35688201ca38",
        "type": "message",
        "text": "that should be fine, the batch size can be accounted for in the loss function if you want",
        "user": "W81BJEAGZ",
        "ts": "1570570052.370700",
        "team": "T86S8GHEG",
        "user_team": "T86S8GHEG",
        "source_team": "T86S8GHEG",
        "user_profile": {
            "avatar_hash": "45f9fa184373",
            "image_72": "https:\/\/avatars.slack-edge.com\/2019-04-25\/620857384023_45f9fa184373c2c504f5_72.jpg",
            "first_name": "Pavan",
            "real_name": "Pavan Yalamanchili",
            "display_name": "pyalamanchili",
            "team": "T86S8GHEG",
            "name": "pyalamanchili",
            "is_restricted": false,
            "is_ultra_restricted": false
        },
        "thread_ts": "1570569891.369600",
        "parent_user_id": "W81B9UEV9"
    },
    {
        "client_msg_id": "02e1c5f9-f2ea-4e43-a79b-4d08d62629a1",
        "type": "message",
        "text": "have any examples of how to inspect the datarecord and dynamically assign weights?",
        "user": "W81B9UEV9",
        "ts": "1570570081.370900",
        "team": "T86S8GHEG",
        "user_team": "T86S8GHEG",
        "source_team": "T86S8GHEG",
        "user_profile": {
            "avatar_hash": "789ab73bbc13",
            "image_72": "https:\/\/avatars.slack-edge.com\/2018-02-05\/310187346036_789ab73bbc13ebd47d93_72.jpg",
            "first_name": "Andrew",
            "real_name": "Andrew Techmeier",
            "display_name": "atechmeier",
            "team": "T86S8GHEG",
            "name": "atechmeier",
            "is_restricted": false,
            "is_ultra_restricted": false
        },
        "thread_ts": "1570569891.369600",
        "parent_user_id": "W81B9UEV9"
    },
    {
        "client_msg_id": "58e2162d-fd82-4e2f-8da4-80370d5c391b",
        "type": "message",
        "text": "<@WF7NSLPB5> you guys doing something like this?",
        "user": "W81BJEAGZ",
        "ts": "1570570107.371100",
        "team": "T86S8GHEG",
        "user_team": "T86S8GHEG",
        "source_team": "T86S8GHEG",
        "user_profile": {
            "avatar_hash": "45f9fa184373",
            "image_72": "https:\/\/avatars.slack-edge.com\/2019-04-25\/620857384023_45f9fa184373c2c504f5_72.jpg",
            "first_name": "Pavan",
            "real_name": "Pavan Yalamanchili",
            "display_name": "pyalamanchili",
            "team": "T86S8GHEG",
            "name": "pyalamanchili",
            "is_restricted": false,
            "is_ultra_restricted": false
        },
        "thread_ts": "1570569891.369600",
        "parent_user_id": "W81B9UEV9"
    },
    {
        "client_msg_id": "cb530ab2-f054-42e6-86e6-eecbb2789219",
        "type": "message",
        "text": "<https:\/\/cgit.twitter.biz\/source\/tree\/src\/python\/twitter\/deepbird\/projects\/timelines\/ann\/timelines_split_net_two_embeddings.py#n66>",
        "user": "W81H2EMC2",
        "ts": "1570570133.371400",
        "team": "T86S8GHEG",
        "user_team": "T86S8GHEG",
        "source_team": "T86S8GHEG",
        "user_profile": {
            "avatar_hash": "a3af010259e1",
            "image_72": "https:\/\/avatars.slack-edge.com\/2019-09-13\/761830656247_a3af010259e1865c8fbc_72.png",
            "first_name": "Apoorv",
            "real_name": "Apoorv Sharma",
            "display_name": "apoorvs",
            "team": "T86S8GHEG",
            "name": "apoorvs",
            "is_restricted": false,
            "is_ultra_restricted": false
        },
        "thread_ts": "1570569891.369600",
        "parent_user_id": "W81B9UEV9",
        "reactions": [
            {
                "name": "+1",
                "users": [
                    "W81B9UEV9"
                ],
                "count": 1
            }
        ]
    },
    {
        "client_msg_id": "2e407f5f-3575-4135-9983-89fc46a3b602",
        "type": "message",
        "text": "cc <@W81EZ626P> ^",
        "user": "W81BJEAGZ",
        "ts": "1570570135.371600",
        "team": "T86S8GHEG",
        "user_team": "T86S8GHEG",
        "source_team": "T86S8GHEG",
        "user_profile": {
            "avatar_hash": "45f9fa184373",
            "image_72": "https:\/\/avatars.slack-edge.com\/2019-04-25\/620857384023_45f9fa184373c2c504f5_72.jpg",
            "first_name": "Pavan",
            "real_name": "Pavan Yalamanchili",
            "display_name": "pyalamanchili",
            "team": "T86S8GHEG",
            "name": "pyalamanchili",
            "is_restricted": false,
            "is_ultra_restricted": false
        },
        "thread_ts": "1570569891.369600",
        "parent_user_id": "W81B9UEV9"
    },
    {
        "client_msg_id": "9b0d2db8-c535-4daa-afdb-9c4f026f6a1a",
        "type": "message",
        "text": "thanks <@W81H2EMC2>!",
        "user": "W81BJEAGZ",
        "ts": "1570570139.371800",
        "team": "T86S8GHEG",
        "user_team": "T86S8GHEG",
        "source_team": "T86S8GHEG",
        "user_profile": {
            "avatar_hash": "45f9fa184373",
            "image_72": "https:\/\/avatars.slack-edge.com\/2019-04-25\/620857384023_45f9fa184373c2c504f5_72.jpg",
            "first_name": "Pavan",
            "real_name": "Pavan Yalamanchili",
            "display_name": "pyalamanchili",
            "team": "T86S8GHEG",
            "name": "pyalamanchili",
            "is_restricted": false,
            "is_ultra_restricted": false
        },
        "edited": {
            "user": "W81BJEAGZ",
            "ts": "1570570144.000000"
        },
        "thread_ts": "1570569891.369600",
        "parent_user_id": "W81B9UEV9"
    },
    {
        "client_msg_id": "66e720c0-3c96-4956-b559-65effc80244b",
        "type": "message",
        "text": "<@W81B9UEV9> Basically just follow the code path and usage for `_get_weights_and_labels`",
        "user": "W81H2EMC2",
        "ts": "1570570185.372100",
        "team": "T86S8GHEG",
        "user_team": "T86S8GHEG",
        "source_team": "T86S8GHEG",
        "user_profile": {
            "avatar_hash": "a3af010259e1",
            "image_72": "https:\/\/avatars.slack-edge.com\/2019-09-13\/761830656247_a3af010259e1865c8fbc_72.png",
            "first_name": "Apoorv",
            "real_name": "Apoorv Sharma",
            "display_name": "apoorvs",
            "team": "T86S8GHEG",
            "name": "apoorvs",
            "is_restricted": false,
            "is_ultra_restricted": false
        },
        "edited": {
            "user": "W81H2EMC2",
            "ts": "1570570193.000000"
        },
        "thread_ts": "1570569891.369600",
        "parent_user_id": "W81B9UEV9"
    },
    {
        "client_msg_id": "6a314444-1471-4df9-9b40-b70a2b6b4c24",
        "type": "message",
        "text": "<@W81B9UEV9> I’ve found this works well as long as the number of samples you want to assign weight 0 to is pretty small. Once you have entire batches of weight zero there are some weird issues that appear in the gradient",
        "user": "W81EZ626P",
        "ts": "1570570342.372400",
        "team": "T86S8GHEG",
        "user_team": "T86S8GHEG",
        "source_team": "T86S8GHEG",
        "user_profile": {
            "avatar_hash": "bb903008f72f",
            "image_72": "https:\/\/avatars.slack-edge.com\/2019-02-05\/542203016800_bb903008f72fbebfcd01_72.png",
            "first_name": "Dan",
            "real_name": "Dan Shiebler",
            "display_name": "dshiebler",
            "team": "T86S8GHEG",
            "name": "dshiebler",
            "is_restricted": false,
            "is_ultra_restricted": false
        },
        "thread_ts": "1570569891.369600",
        "parent_user_id": "W81B9UEV9"
    },
    {
        "client_msg_id": "80bef08a-7f77-48c0-864c-8ec0f68ebe03",
        "type": "message",
        "text": "gotcha. thanks all. good to know it’s possible. i’m currently thinking about setting up a new auto training pipeline, so i’m also interested in what would be the ideal way to do this. it sounds like it might still be cleaner to produce a separate dataset (e.g., to avoid running into issues with batch size of 0)?",
        "user": "W81B9UEV9",
        "ts": "1570570441.372600",
        "team": "T86S8GHEG",
        "user_team": "T86S8GHEG",
        "source_team": "T86S8GHEG",
        "user_profile": {
            "avatar_hash": "789ab73bbc13",
            "image_72": "https:\/\/avatars.slack-edge.com\/2018-02-05\/310187346036_789ab73bbc13ebd47d93_72.jpg",
            "first_name": "Andrew",
            "real_name": "Andrew Techmeier",
            "display_name": "atechmeier",
            "team": "T86S8GHEG",
            "name": "atechmeier",
            "is_restricted": false,
            "is_ultra_restricted": false
        },
        "edited": {
            "user": "W81B9UEV9",
            "ts": "1570570623.000000"
        },
        "thread_ts": "1570569891.369600",
        "parent_user_id": "W81B9UEV9"
    },
    {
        "client_msg_id": "93ede50b-531e-41f8-b925-a994eafc58bc",
        "type": "message",
        "text": "You can somewhat mitigate the issue if you set very small weights",
        "user": "W81EZ626P",
        "ts": "1570570675.372900",
        "team": "T86S8GHEG",
        "user_team": "T86S8GHEG",
        "source_team": "T86S8GHEG",
        "user_profile": {
            "avatar_hash": "bb903008f72f",
            "image_72": "https:\/\/avatars.slack-edge.com\/2019-02-05\/542203016800_bb903008f72fbebfcd01_72.png",
            "first_name": "Dan",
            "real_name": "Dan Shiebler",
            "display_name": "dshiebler",
            "team": "T86S8GHEG",
            "name": "dshiebler",
            "is_restricted": false,
            "is_ultra_restricted": false
        },
        "thread_ts": "1570569891.369600",
        "parent_user_id": "W81B9UEV9"
    },
    {
        "client_msg_id": "6702a85d-64cd-412f-b501-06723da30798",
        "type": "message",
        "text": "the issue then becomes that the “effective” batch size is smaller",
        "user": "W81EZ626P",
        "ts": "1570570687.373100",
        "team": "T86S8GHEG",
        "user_team": "T86S8GHEG",
        "source_team": "T86S8GHEG",
        "user_profile": {
            "avatar_hash": "bb903008f72f",
            "image_72": "https:\/\/avatars.slack-edge.com\/2019-02-05\/542203016800_bb903008f72fbebfcd01_72.png",
            "first_name": "Dan",
            "real_name": "Dan Shiebler",
            "display_name": "dshiebler",
            "team": "T86S8GHEG",
            "name": "dshiebler",
            "is_restricted": false,
            "is_ultra_restricted": false
        },
        "thread_ts": "1570569891.369600",
        "parent_user_id": "W81B9UEV9"
    },
    {
        "client_msg_id": "164c42c7-51c3-4fc2-8010-5c990c45c09b",
        "type": "message",
        "text": "i.e. is you are only training on 1\/10 of your samples and you are using batch size of 32, you are really using a batch size of ~3",
        "user": "W81EZ626P",
        "ts": "1570570713.373300",
        "team": "T86S8GHEG",
        "user_team": "T86S8GHEG",
        "source_team": "T86S8GHEG",
        "user_profile": {
            "avatar_hash": "bb903008f72f",
            "image_72": "https:\/\/avatars.slack-edge.com\/2019-02-05\/542203016800_bb903008f72fbebfcd01_72.png",
            "first_name": "Dan",
            "real_name": "Dan Shiebler",
            "display_name": "dshiebler",
            "team": "T86S8GHEG",
            "name": "dshiebler",
            "is_restricted": false,
            "is_ultra_restricted": false
        },
        "thread_ts": "1570569891.369600",
        "parent_user_id": "W81B9UEV9"
    },
    {
        "client_msg_id": "04a7ccd9-a0f0-4788-b720-0ba8a1e505c5",
        "type": "message",
        "text": "but you can adjust for that too",
        "user": "W81EZ626P",
        "ts": "1570570729.373500",
        "team": "T86S8GHEG",
        "user_team": "T86S8GHEG",
        "source_team": "T86S8GHEG",
        "user_profile": {
            "avatar_hash": "bb903008f72f",
            "image_72": "https:\/\/avatars.slack-edge.com\/2019-02-05\/542203016800_bb903008f72fbebfcd01_72.png",
            "first_name": "Dan",
            "real_name": "Dan Shiebler",
            "display_name": "dshiebler",
            "team": "T86S8GHEG",
            "name": "dshiebler",
            "is_restricted": false,
            "is_ultra_restricted": false
        },
        "thread_ts": "1570569891.369600",
        "parent_user_id": "W81B9UEV9"
    },
    {
        "client_msg_id": "dc44480d-081f-4284-b88f-18e1b753320f",
        "type": "message",
        "text": "Yes <@WAX2RDTGB>. I am calibrating a discretizer as well",
        "user": "WG34R01TQ",
        "ts": "1570574893.373900",
        "team": "T86S8GHEG",
        "user_team": "T86S8GHEG",
        "source_team": "T86S8GHEG",
        "user_profile": {
            "avatar_hash": "gc93653dfffe",
            "image_72": "https:\/\/secure.gravatar.com\/avatar\/2c93653dfffe01d02bc586ca2e36b3e9.jpg?s=72&d=https%3A%2F%2Fa.slack-edge.com%2Fdf10d%2Fimg%2Favatars%2Fava_0013-72.png",
            "first_name": "Ipsita",
            "real_name": "Ipsita Prakash",
            "display_name": "iprakash",
            "team": "T86S8GHEG",
            "name": "iprakash",
            "is_restricted": false,
            "is_ultra_restricted": false
        },
        "thread_ts": "1570569084.362000",
        "parent_user_id": "WAX2RDTGB"
    },
    {
        "client_msg_id": "8d36a6d3-9903-4bbd-b0b7-0b42c211be04",
        "type": "message",
        "text": "Thanks <@W81BJEAGZ>. I was just wondering which stage in the training took long . Is there a way to figure that out as the logs just indicate the last stage as 'local_init_op'",
        "user": "WG34R01TQ",
        "ts": "1570575256.374100",
        "team": "T86S8GHEG",
        "user_team": "T86S8GHEG",
        "source_team": "T86S8GHEG",
        "user_profile": {
            "avatar_hash": "gc93653dfffe",
            "image_72": "https:\/\/secure.gravatar.com\/avatar\/2c93653dfffe01d02bc586ca2e36b3e9.jpg?s=72&d=https%3A%2F%2Fa.slack-edge.com%2Fdf10d%2Fimg%2Favatars%2Fava_0013-72.png",
            "first_name": "Ipsita",
            "real_name": "Ipsita Prakash",
            "display_name": "iprakash",
            "team": "T86S8GHEG",
            "name": "iprakash",
            "is_restricted": false,
            "is_ultra_restricted": false
        },
        "thread_ts": "1570566190.360100",
        "parent_user_id": "WG34R01TQ"
    },
    {
        "client_msg_id": "0f7bbece-3951-4241-b5f0-38b4806214a6",
        "type": "message",
        "text": "it was the discretizer calbration that was taking a long time",
        "user": "W81BJEAGZ",
        "ts": "1570575285.374300",
        "team": "T86S8GHEG",
        "user_team": "T86S8GHEG",
        "source_team": "T86S8GHEG",
        "user_profile": {
            "avatar_hash": "45f9fa184373",
            "image_72": "https:\/\/avatars.slack-edge.com\/2019-04-25\/620857384023_45f9fa184373c2c504f5_72.jpg",
            "first_name": "Pavan",
            "real_name": "Pavan Yalamanchili",
            "display_name": "pyalamanchili",
            "team": "T86S8GHEG",
            "name": "pyalamanchili",
            "is_restricted": false,
            "is_ultra_restricted": false
        },
        "thread_ts": "1570566190.360100",
        "parent_user_id": "WG34R01TQ"
    },
    {
        "client_msg_id": "d27dd04c-8dfa-4610-a351-b45f146713a9",
        "type": "message",
        "text": "first step is just reading and accumulating data",
        "user": "W81BJEAGZ",
        "ts": "1570575293.374500",
        "team": "T86S8GHEG",
        "user_team": "T86S8GHEG",
        "source_team": "T86S8GHEG",
        "user_profile": {
            "avatar_hash": "45f9fa184373",
            "image_72": "https:\/\/avatars.slack-edge.com\/2019-04-25\/620857384023_45f9fa184373c2c504f5_72.jpg",
            "first_name": "Pavan",
            "real_name": "Pavan Yalamanchili",
            "display_name": "pyalamanchili",
            "team": "T86S8GHEG",
            "name": "pyalamanchili",
            "is_restricted": false,
            "is_ultra_restricted": false
        },
        "thread_ts": "1570566190.360100",
        "parent_user_id": "WG34R01TQ"
    },
    {
        "client_msg_id": "a2db3558-7fc7-444c-a609-238899e743dc",
        "type": "message",
        "text": "we dont long much during that phase",
        "user": "W81BJEAGZ",
        "ts": "1570575298.374700",
        "team": "T86S8GHEG",
        "user_team": "T86S8GHEG",
        "source_team": "T86S8GHEG",
        "user_profile": {
            "avatar_hash": "45f9fa184373",
            "image_72": "https:\/\/avatars.slack-edge.com\/2019-04-25\/620857384023_45f9fa184373c2c504f5_72.jpg",
            "first_name": "Pavan",
            "real_name": "Pavan Yalamanchili",
            "display_name": "pyalamanchili",
            "team": "T86S8GHEG",
            "name": "pyalamanchili",
            "is_restricted": false,
            "is_ultra_restricted": false
        },
        "thread_ts": "1570566190.360100",
        "parent_user_id": "WG34R01TQ"
    },
    {
        "client_msg_id": "e7982d42-32c4-479d-8742-ca02a9b46964",
        "type": "message",
        "text": "works now.",
        "user": "W81H2EMC2",
        "ts": "1570575409.374900",
        "team": "T86S8GHEG",
        "user_team": "T86S8GHEG",
        "source_team": "T86S8GHEG",
        "user_profile": {
            "avatar_hash": "a3af010259e1",
            "image_72": "https:\/\/avatars.slack-edge.com\/2019-09-13\/761830656247_a3af010259e1865c8fbc_72.png",
            "first_name": "Apoorv",
            "real_name": "Apoorv Sharma",
            "display_name": "apoorvs",
            "team": "T86S8GHEG",
            "name": "apoorvs",
            "is_restricted": false,
            "is_ultra_restricted": false
        },
        "thread_ts": "1570569164.363300",
        "parent_user_id": "W81H2EMC2"
    },
    {
        "client_msg_id": "a89f92cd-e937-45eb-aee7-27ddaf47b923",
        "type": "message",
        "text": "<@WN7NVS598>",
        "user": "WAX2RDTGB",
        "ts": "1570579145.375200",
        "team": "T86S8GHEG",
        "user_team": "T86S8GHEG",
        "source_team": "T86S8GHEG",
        "user_profile": {
            "avatar_hash": "d652be5f2d9e",
            "image_72": "https:\/\/avatars.slack-edge.com\/2019-11-25\/848747792581_d652be5f2d9e91c30d3b_72.png",
            "first_name": "Andrew",
            "real_name": "Andrew Bean",
            "display_name": "abean",
            "team": "T86S8GHEG",
            "name": "abean",
            "is_restricted": false,
            "is_ultra_restricted": false
        }
    },
    {
        "type": "message",
        "subtype": "channel_join",
        "ts": "1570579146.375400",
        "user": "WN7NVS598",
        "text": "<@WN7NVS598> has joined the channel",
        "inviter": "WAX2RDTGB"
    },
    {
        "client_msg_id": "4E01F753-687D-4FCB-9F9B-B1CE1CCC0930",
        "type": "message",
        "text": "Just wondering what and why there is issue with using 0 vs very small in this case as with 0 no gradient update should happen?",
        "user": "W81H2EMC2",
        "ts": "1570587044.379900",
        "team": "T86S8GHEG",
        "user_team": "T86S8GHEG",
        "source_team": "T86S8GHEG",
        "user_profile": {
            "avatar_hash": "a3af010259e1",
            "image_72": "https:\/\/avatars.slack-edge.com\/2019-09-13\/761830656247_a3af010259e1865c8fbc_72.png",
            "first_name": "Apoorv",
            "real_name": "Apoorv Sharma",
            "display_name": "apoorvs",
            "team": "T86S8GHEG",
            "name": "apoorvs",
            "is_restricted": false,
            "is_ultra_restricted": false
        },
        "thread_ts": "1570569891.369600",
        "parent_user_id": "W81B9UEV9"
    }
]