[
    {
        "type": "message",
        "subtype": "bot_message",
        "text": "There is *1* event today",
        "ts": "1559739606.018800",
        "username": "DeepBird v2 Users",
        "bot_id": "BDG4KCQ06",
        "attachments": [
            {
                "fallback": "Deepbird Office Hours - London Friendly: <!date^1559746800^{date_short_pretty} from {time}|June 5th, 2019 from 8:00 AM> to <!date^1559748600^{time}|8:30 AM GMT-0700>",
                "text": "<!date^1559746800^{date_short_pretty} from {time}|June 5th, 2019 from 8:00 AM> to <!date^1559748600^{time}|8:30 AM GMT-0700> at <https:\/\/maps.google.com\/maps?q=London-6-Penguin+%288%29+%5BHangouts%5D%2C+New+York+City-0-Bedford+Ave+%288%29+%5BHangouts%2C+LCD%2C+Phone%5D|London-6-Penguin (8) [Hangouts], New York City-0-Bedford Ave (8) [Hangouts, LCD, Phone]>",
                "title": "Deepbird Office Hours - London Friendly",
                "id": 1,
                "title_link": "https:\/\/www.google.com\/calendar\/event?eid=aGRhbmUzdnVyYjJzNG43NmhjNXY3Ymtmb2dfMjAxOTA2MDVUMTUwMDAwWiB0d2l0dGVyLmNvbV9iaGJnbWhocjVxOHNzdXE0MTgwdnNraXAyMEBn",
                "color": "cd74e6",
                "mrkdwn_in": [
                    "text",
                    "pretext"
                ]
            }
        ]
    },
    {
        "type": "message",
        "subtype": "bot_message",
        "text": "",
        "ts": "1559745902.018900",
        "username": "DeepBird v2 Users",
        "bot_id": "BDG4KCQ06",
        "attachments": [
            {
                "fallback": "Deepbird Office Hours - London Friendly: <!date^1559746800^{date_short_pretty} from {time}|June 5th, 2019 from 8:00 AM> to <!date^1559748600^{time}|8:30 AM GMT-0700>",
                "text": "<!date^1559746800^{date_short_pretty} from {time}|June 5th, 2019 from 8:00 AM> to <!date^1559748600^{time}|8:30 AM GMT-0700> at <https:\/\/maps.google.com\/maps?q=London-6-Penguin+%288%29+%5BHangouts%5D%2C+New+York+City-0-Bedford+Ave+%288%29+%5BHangouts%2C+LCD%2C+Phone%5D|London-6-Penguin (8) [Hangouts], New York City-0-Bedford Ave (8) [Hangouts, LCD, Phone]>",
                "pretext": "Event starting in 15 minutes:",
                "title": "Deepbird Office Hours - London Friendly",
                "id": 1,
                "title_link": "https:\/\/www.google.com\/calendar\/event?eid=aGRhbmUzdnVyYjJzNG43NmhjNXY3Ymtmb2dfMjAxOTA2MDVUMTUwMDAwWiB0d2l0dGVyLmNvbV9iaGJnbWhocjVxOHNzdXE0MTgwdnNraXAyMEBn",
                "color": "cd74e6",
                "mrkdwn_in": [
                    "text",
                    "pretext",
                    "more"
                ]
            }
        ]
    },
    {
        "client_msg_id": "fd72e61d-4465-445e-a94a-aa10fe448bdf",
        "type": "message",
        "text": "Office hours are happening now (<http:\/\/meet.google.com\/jxp-xmua-git|meet.google.com\/jxp-xmua-git>)",
        "user": "W81EY00N7",
        "ts": "1559746871.019300",
        "team": "T86S8GHEG",
        "user_team": "T86S8GHEG",
        "source_team": "T86S8GHEG",
        "user_profile": {
            "avatar_hash": "d30a8ec2b572",
            "image_72": "https:\/\/avatars.slack-edge.com\/2019-04-22\/614865012036_d30a8ec2b5727438f308_72.png",
            "first_name": "Briac",
            "real_name": "Briac Marcatte",
            "display_name": "bmarcatte",
            "team": "T86S8GHEG",
            "name": "bmarcatte",
            "is_restricted": false,
            "is_ultra_restricted": false
        }
    },
    {
        "client_msg_id": "d0aadd99-2c08-494a-bf7a-4246cd786320",
        "type": "message",
        "text": "is there a good tool for running a deepbird model locally? I remember there used to be a `twml_run` command or something like that…",
        "user": "W81EZ626P",
        "ts": "1559768669.020300",
        "team": "T86S8GHEG",
        "user_team": "T86S8GHEG",
        "source_team": "T86S8GHEG",
        "user_profile": {
            "avatar_hash": "bb903008f72f",
            "image_72": "https:\/\/avatars.slack-edge.com\/2019-02-05\/542203016800_bb903008f72fbebfcd01_72.png",
            "first_name": "Dan",
            "real_name": "Dan Shiebler",
            "display_name": "dshiebler",
            "team": "T86S8GHEG",
            "name": "dshiebler",
            "is_restricted": false,
            "is_ultra_restricted": false
        }
    },
    {
        "client_msg_id": "e4b8d02c-b07c-4ba8-bb79-19d60d65bd5a",
        "type": "message",
        "text": "<@W81EZ626P> have a look at <https:\/\/docbird.twitter.biz\/deepbird_v2\/tutorials\/run_training.html#using-pants-run-to-train-locally>",
        "user": "W81EY00N7",
        "ts": "1559769351.020600",
        "team": "T86S8GHEG",
        "user_team": "T86S8GHEG",
        "source_team": "T86S8GHEG",
        "user_profile": {
            "avatar_hash": "d30a8ec2b572",
            "image_72": "https:\/\/avatars.slack-edge.com\/2019-04-22\/614865012036_d30a8ec2b5727438f308_72.png",
            "first_name": "Briac",
            "real_name": "Briac Marcatte",
            "display_name": "bmarcatte",
            "team": "T86S8GHEG",
            "name": "bmarcatte",
            "is_restricted": false,
            "is_ultra_restricted": false
        },
        "reactions": [
            {
                "name": "+1",
                "users": [
                    "W81EZ626P"
                ],
                "count": 1
            }
        ]
    },
    {
        "client_msg_id": "a22cecfd-3d86-4cd1-8790-6384f8b500f2",
        "type": "message",
        "text": "does anyone know how to monitor the gpu and cpu usage when traininig using cortex-m40 or cortex-k80? More specifically, monitor the gpu usage that is dediated to a certain training job.",
        "user": "WFR0FUYHX",
        "ts": "1559773495.021200",
        "team": "T86S8GHEG",
        "user_team": "T86S8GHEG",
        "source_team": "T86S8GHEG",
        "user_profile": {
            "avatar_hash": "576885cd6c79",
            "image_72": "https:\/\/avatars.slack-edge.com\/2019-02-12\/548793964368_576885cd6c792f6cae3e_72.png",
            "first_name": "Yuanpu",
            "real_name": "Yuanpu Xie",
            "display_name": "yxie",
            "team": "T86S8GHEG",
            "name": "yxie",
            "is_restricted": false,
            "is_ultra_restricted": false
        },
        "edited": {
            "user": "WFR0FUYHX",
            "ts": "1559773673.000000"
        }
    },
    {
        "client_msg_id": "2daba6c6-487b-4c51-ac8a-a8b46e924462",
        "type": "message",
        "text": "ssh onto the machine and run `htop` and `nvidia-smi`",
        "user": "W81BJEAGZ",
        "ts": "1559773522.021800",
        "team": "T86S8GHEG",
        "user_team": "T86S8GHEG",
        "source_team": "T86S8GHEG",
        "user_profile": {
            "avatar_hash": "45f9fa184373",
            "image_72": "https:\/\/avatars.slack-edge.com\/2019-04-25\/620857384023_45f9fa184373c2c504f5_72.jpg",
            "first_name": "Pavan",
            "real_name": "Pavan Yalamanchili",
            "display_name": "pyalamanchili",
            "team": "T86S8GHEG",
            "name": "pyalamanchili",
            "is_restricted": false,
            "is_ultra_restricted": false
        },
        "thread_ts": "1559773522.021800",
        "reply_count": 9,
        "reply_users_count": 3,
        "latest_reply": "1559776451.025400",
        "reply_users": [
            "WFR0FUYHX",
            "W81BJEAGZ",
            "W81EY00N7"
        ],
        "replies": [
            {
                "user": "WFR0FUYHX",
                "ts": "1559773608.022700"
            },
            {
                "user": "WFR0FUYHX",
                "ts": "1559773633.022900"
            },
            {
                "user": "W81BJEAGZ",
                "ts": "1559773676.023300"
            },
            {
                "user": "WFR0FUYHX",
                "ts": "1559773904.023900"
            },
            {
                "user": "W81BJEAGZ",
                "ts": "1559775323.024200"
            },
            {
                "user": "W81BJEAGZ",
                "ts": "1559775332.024400"
            },
            {
                "user": "WFR0FUYHX",
                "ts": "1559775463.024600"
            },
            {
                "user": "W81EY00N7",
                "ts": "1559776231.024800"
            },
            {
                "user": "WFR0FUYHX",
                "ts": "1559776451.025400"
            }
        ],
        "subscribed": false
    },
    {
        "client_msg_id": "a7b55f64-dd67-4b3f-8cf4-3a308a216d86",
        "type": "message",
        "text": "cool thanks! <@W81BJEAGZ>",
        "user": "WFR0FUYHX",
        "ts": "1559773534.022100",
        "team": "T86S8GHEG",
        "user_team": "T86S8GHEG",
        "source_team": "T86S8GHEG",
        "user_profile": {
            "avatar_hash": "576885cd6c79",
            "image_72": "https:\/\/avatars.slack-edge.com\/2019-02-12\/548793964368_576885cd6c792f6cae3e_72.png",
            "first_name": "Yuanpu",
            "real_name": "Yuanpu Xie",
            "display_name": "yxie",
            "team": "T86S8GHEG",
            "name": "yxie",
            "is_restricted": false,
            "is_ultra_restricted": false
        }
    },
    {
        "client_msg_id": "9bc73cee-c735-4e52-bf21-5fb16b63776a",
        "type": "message",
        "text": "does deepbird export this kind of metrics to observability?",
        "user": "W831QSCAK",
        "ts": "1559773546.022400",
        "team": "T86S8GHEG",
        "user_team": "T86S8GHEG",
        "source_team": "T86S8GHEG",
        "user_profile": {
            "avatar_hash": "3125369172db",
            "image_72": "https:\/\/avatars.slack-edge.com\/2020-03-09\/989620483264_3125369172db64b56474_72.jpg",
            "first_name": "Xiao",
            "real_name": "Xiao Zhu",
            "display_name": "xzhu",
            "team": "T86S8GHEG",
            "name": "xzhu",
            "is_restricted": false,
            "is_ultra_restricted": false
        }
    },
    {
        "client_msg_id": "96b6095c-734e-49c8-9b66-b695e7404a0c",
        "type": "message",
        "text": "(like monviz)",
        "user": "W831QSCAK",
        "ts": "1559773562.022600",
        "team": "T86S8GHEG",
        "user_team": "T86S8GHEG",
        "source_team": "T86S8GHEG",
        "user_profile": {
            "avatar_hash": "3125369172db",
            "image_72": "https:\/\/avatars.slack-edge.com\/2020-03-09\/989620483264_3125369172db64b56474_72.jpg",
            "first_name": "Xiao",
            "real_name": "Xiao Zhu",
            "display_name": "xzhu",
            "team": "T86S8GHEG",
            "name": "xzhu",
            "is_restricted": false,
            "is_ultra_restricted": false
        }
    },
    {
        "client_msg_id": "93b86661-b8b0-4c4e-8074-35d168ac97e7",
        "type": "message",
        "text": "this is no nvidia-smi command? <@W81BJEAGZ>",
        "user": "WFR0FUYHX",
        "ts": "1559773608.022700",
        "team": "T86S8GHEG",
        "user_team": "T86S8GHEG",
        "source_team": "T86S8GHEG",
        "user_profile": {
            "avatar_hash": "576885cd6c79",
            "image_72": "https:\/\/avatars.slack-edge.com\/2019-02-12\/548793964368_576885cd6c792f6cae3e_72.png",
            "first_name": "Yuanpu",
            "real_name": "Yuanpu Xie",
            "display_name": "yxie",
            "team": "T86S8GHEG",
            "name": "yxie",
            "is_restricted": false,
            "is_ultra_restricted": false
        },
        "thread_ts": "1559773522.021800",
        "parent_user_id": "W81BJEAGZ"
    },
    {
        "client_msg_id": "40a4690b-e855-4161-909a-05bbf2ff9fd3",
        "type": "message",
        "text": "cortex-m40[7]smf1-alx-30-sr1",
        "user": "WFR0FUYHX",
        "ts": "1559773633.022900",
        "team": "T86S8GHEG",
        "user_team": "T86S8GHEG",
        "source_team": "T86S8GHEG",
        "user_profile": {
            "avatar_hash": "576885cd6c79",
            "image_72": "https:\/\/avatars.slack-edge.com\/2019-02-12\/548793964368_576885cd6c792f6cae3e_72.png",
            "first_name": "Yuanpu",
            "real_name": "Yuanpu Xie",
            "display_name": "yxie",
            "team": "T86S8GHEG",
            "name": "yxie",
            "is_restricted": false,
            "is_ultra_restricted": false
        },
        "thread_ts": "1559773522.021800",
        "parent_user_id": "W81BJEAGZ"
    },
    {
        "client_msg_id": "b8f49582-ef08-4db7-ae9e-8bae8ce34841",
        "type": "message",
        "text": "that is a hadoopnest machine",
        "user": "W81BJEAGZ",
        "ts": "1559773676.023300",
        "team": "T86S8GHEG",
        "user_team": "T86S8GHEG",
        "source_team": "T86S8GHEG",
        "user_profile": {
            "avatar_hash": "45f9fa184373",
            "image_72": "https:\/\/avatars.slack-edge.com\/2019-04-25\/620857384023_45f9fa184373c2c504f5_72.jpg",
            "first_name": "Pavan",
            "real_name": "Pavan Yalamanchili",
            "display_name": "pyalamanchili",
            "team": "T86S8GHEG",
            "name": "pyalamanchili",
            "is_restricted": false,
            "is_ultra_restricted": false
        },
        "thread_ts": "1559773522.021800",
        "parent_user_id": "W81BJEAGZ"
    },
    {
        "client_msg_id": "13735a0c-b308-4705-891d-10e8d747fc90",
        "type": "message",
        "text": "<@W831QSCAK> the cpu and gpu utilization ? no",
        "user": "W81BJEAGZ",
        "ts": "1559773700.023700",
        "team": "T86S8GHEG",
        "user_team": "T86S8GHEG",
        "source_team": "T86S8GHEG",
        "user_profile": {
            "avatar_hash": "45f9fa184373",
            "image_72": "https:\/\/avatars.slack-edge.com\/2019-04-25\/620857384023_45f9fa184373c2c504f5_72.jpg",
            "first_name": "Pavan",
            "real_name": "Pavan Yalamanchili",
            "display_name": "pyalamanchili",
            "team": "T86S8GHEG",
            "name": "pyalamanchili",
            "is_restricted": false,
            "is_ultra_restricted": false
        },
        "thread_ts": "1559773700.023700",
        "reply_count": 2,
        "reply_users_count": 1,
        "latest_reply": "1559776449.025200",
        "reply_users": [
            "W81EY00N7"
        ],
        "replies": [
            {
                "user": "W81EY00N7",
                "ts": "1559776439.025000"
            },
            {
                "user": "W81EY00N7",
                "ts": "1559776449.025200"
            }
        ],
        "subscribed": false,
        "reactions": [
            {
                "name": "ack2",
                "users": [
                    "W831QSCAK"
                ],
                "count": 1
            }
        ]
    },
    {
        "client_msg_id": "94244655-6ed8-4ee9-a5a4-7a4c9f7f37e2",
        "type": "message",
        "text": "thanks! sorry if my question is stupid. where can I find the cortex server address? <@W81BJEAGZ>",
        "user": "WFR0FUYHX",
        "ts": "1559773904.023900",
        "team": "T86S8GHEG",
        "user_team": "T86S8GHEG",
        "source_team": "T86S8GHEG",
        "user_profile": {
            "avatar_hash": "576885cd6c79",
            "image_72": "https:\/\/avatars.slack-edge.com\/2019-02-12\/548793964368_576885cd6c792f6cae3e_72.png",
            "first_name": "Yuanpu",
            "real_name": "Yuanpu Xie",
            "display_name": "yxie",
            "team": "T86S8GHEG",
            "name": "yxie",
            "is_restricted": false,
            "is_ultra_restricted": false
        },
        "thread_ts": "1559773522.021800",
        "parent_user_id": "W81BJEAGZ"
    },
    {
        "client_msg_id": "2eea64a0-4087-41bc-af80-c6b729bba54b",
        "type": "message",
        "text": "look at the job",
        "user": "W81BJEAGZ",
        "ts": "1559775323.024200",
        "team": "T86S8GHEG",
        "user_team": "T86S8GHEG",
        "source_team": "T86S8GHEG",
        "user_profile": {
            "avatar_hash": "45f9fa184373",
            "image_72": "https:\/\/avatars.slack-edge.com\/2019-04-25\/620857384023_45f9fa184373c2c504f5_72.jpg",
            "first_name": "Pavan",
            "real_name": "Pavan Yalamanchili",
            "display_name": "pyalamanchili",
            "team": "T86S8GHEG",
            "name": "pyalamanchili",
            "is_restricted": false,
            "is_ultra_restricted": false
        },
        "thread_ts": "1559773522.021800",
        "parent_user_id": "W81BJEAGZ"
    },
    {
        "client_msg_id": "e5af97cf-c956-40c5-bfc7-1da883d56891",
        "type": "message",
        "text": "it will have the name of the machine it is running on",
        "user": "W81BJEAGZ",
        "ts": "1559775332.024400",
        "team": "T86S8GHEG",
        "user_team": "T86S8GHEG",
        "source_team": "T86S8GHEG",
        "user_profile": {
            "avatar_hash": "45f9fa184373",
            "image_72": "https:\/\/avatars.slack-edge.com\/2019-04-25\/620857384023_45f9fa184373c2c504f5_72.jpg",
            "first_name": "Pavan",
            "real_name": "Pavan Yalamanchili",
            "display_name": "pyalamanchili",
            "team": "T86S8GHEG",
            "name": "pyalamanchili",
            "is_restricted": false,
            "is_ultra_restricted": false
        },
        "thread_ts": "1559773522.021800",
        "parent_user_id": "W81BJEAGZ"
    },
    {
        "client_msg_id": "ba3b974d-ec1a-4ccd-899e-1d7356843b87",
        "type": "message",
        "text": "thanks!",
        "user": "WFR0FUYHX",
        "ts": "1559775463.024600",
        "team": "T86S8GHEG",
        "user_team": "T86S8GHEG",
        "source_team": "T86S8GHEG",
        "user_profile": {
            "avatar_hash": "576885cd6c79",
            "image_72": "https:\/\/avatars.slack-edge.com\/2019-02-12\/548793964368_576885cd6c792f6cae3e_72.png",
            "first_name": "Yuanpu",
            "real_name": "Yuanpu Xie",
            "display_name": "yxie",
            "team": "T86S8GHEG",
            "name": "yxie",
            "is_restricted": false,
            "is_ultra_restricted": false
        },
        "thread_ts": "1559773522.021800",
        "parent_user_id": "W81BJEAGZ"
    },
    {
        "client_msg_id": "ee09d8bf-3266-493c-bd75-e24a245fe265",
        "type": "message",
        "text": "`aurora task ssh atla\/cortex-m40\/devel\/....` does this for you",
        "user": "W81EY00N7",
        "ts": "1559776231.024800",
        "team": "T86S8GHEG",
        "user_team": "T86S8GHEG",
        "source_team": "T86S8GHEG",
        "user_profile": {
            "avatar_hash": "d30a8ec2b572",
            "image_72": "https:\/\/avatars.slack-edge.com\/2019-04-22\/614865012036_d30a8ec2b5727438f308_72.png",
            "first_name": "Briac",
            "real_name": "Briac Marcatte",
            "display_name": "bmarcatte",
            "team": "T86S8GHEG",
            "name": "bmarcatte",
            "is_restricted": false,
            "is_ultra_restricted": false
        },
        "thread_ts": "1559773522.021800",
        "parent_user_id": "W81BJEAGZ"
    },
    {
        "client_msg_id": "9253eb65-d79d-4cd3-9d0d-29e9e316aa18",
        "type": "message",
        "text": "CPU utilization is tracked at the mesos container level (go\/mesoscontainerstats)",
        "user": "W81EY00N7",
        "ts": "1559776439.025000",
        "team": "T86S8GHEG",
        "user_team": "T86S8GHEG",
        "source_team": "T86S8GHEG",
        "user_profile": {
            "avatar_hash": "d30a8ec2b572",
            "image_72": "https:\/\/avatars.slack-edge.com\/2019-04-22\/614865012036_d30a8ec2b5727438f308_72.png",
            "first_name": "Briac",
            "real_name": "Briac Marcatte",
            "display_name": "bmarcatte",
            "team": "T86S8GHEG",
            "name": "bmarcatte",
            "is_restricted": false,
            "is_ultra_restricted": false
        },
        "thread_ts": "1559773700.023700",
        "parent_user_id": "W81BJEAGZ"
    },
    {
        "client_msg_id": "c97587c5-a2dc-4cc7-a243-a67370923782",
        "type": "message",
        "text": "GPU usage, well that sounds like a good feature request :stuck_out_tongue:",
        "user": "W81EY00N7",
        "ts": "1559776449.025200",
        "team": "T86S8GHEG",
        "user_team": "T86S8GHEG",
        "source_team": "T86S8GHEG",
        "user_profile": {
            "avatar_hash": "d30a8ec2b572",
            "image_72": "https:\/\/avatars.slack-edge.com\/2019-04-22\/614865012036_d30a8ec2b5727438f308_72.png",
            "first_name": "Briac",
            "real_name": "Briac Marcatte",
            "display_name": "bmarcatte",
            "team": "T86S8GHEG",
            "name": "bmarcatte",
            "is_restricted": false,
            "is_ultra_restricted": false
        },
        "thread_ts": "1559773700.023700",
        "parent_user_id": "W81BJEAGZ"
    },
    {
        "client_msg_id": "9fb4533a-9021-43cb-a2fb-5380536295cc",
        "type": "message",
        "text": "<@W81EY00N7> thanks! very helpful",
        "user": "WFR0FUYHX",
        "ts": "1559776451.025400",
        "team": "T86S8GHEG",
        "user_team": "T86S8GHEG",
        "source_team": "T86S8GHEG",
        "user_profile": {
            "avatar_hash": "576885cd6c79",
            "image_72": "https:\/\/avatars.slack-edge.com\/2019-02-12\/548793964368_576885cd6c792f6cae3e_72.png",
            "first_name": "Yuanpu",
            "real_name": "Yuanpu Xie",
            "display_name": "yxie",
            "team": "T86S8GHEG",
            "name": "yxie",
            "is_restricted": false,
            "is_ultra_restricted": false
        },
        "thread_ts": "1559773522.021800",
        "parent_user_id": "W81BJEAGZ",
        "reactions": [
            {
                "name": "+1",
                "users": [
                    "W81EY00N7"
                ],
                "count": 1
            }
        ]
    }
]