[
    {
        "bot_id": "B8A47HZCL",
        "type": "message",
        "text": "FYI: <@WAX2RDTGB> <@W817G71EC> are now active for oncall",
        "user": "W89H645FB",
        "ts": "1570006934.299000",
        "team": "T86S8GHEG",
        "bot_profile": {
            "id": "B8A47HZCL",
            "deleted": false,
            "name": "bot",
            "updated": 1512499948,
            "app_id": "A0F7YS25R",
            "icons": {
                "image_36": "https:\/\/a.slack-edge.com\/80588\/img\/services\/bots_36.png",
                "image_48": "https:\/\/a.slack-edge.com\/80588\/img\/plugins\/bot\/service_48.png",
                "image_72": "https:\/\/a.slack-edge.com\/80588\/img\/services\/bots_72.png"
            },
            "team_id": "T86S8GHEG"
        }
    },
    {
        "type": "message",
        "subtype": "bot_message",
        "text": "There are *2* events today",
        "ts": "1570021208.299200",
        "username": "DeepBird v2 Users",
        "bot_id": "BDG4KCQ06",
        "attachments": [
            {
                "fallback": "Deepbird Office Hours - London Friendly: <!date^1570028400^{date_short_pretty} from {time}|October 2nd, 2019 from 8:00 AM> to <!date^1570030200^{time}|8:30 AM GMT-0700>",
                "text": "<!date^1570028400^{date_short_pretty} from {time}|October 2nd, 2019 from 8:00 AM> to <!date^1570030200^{time}|8:30 AM GMT-0700> at <https:\/\/maps.google.com\/maps?q=London-6-Penguin+%288%29+%5BHangouts%5D%2C+New+York+City-0-Bedford+Ave+%288%29+%5BHangouts%2C+LCD%2C+Phone%5D|London-6-Penguin (8) [Hangouts], New York City-0-Bedford Ave (8) [Hangouts, LCD, Phone]>",
                "title": "Deepbird Office Hours - London Friendly",
                "id": 1,
                "title_link": "https:\/\/www.google.com\/calendar\/event?eid=aGRhbmUzdnVyYjJzNG43NmhjNXY3Ymtmb2dfMjAxOTEwMDJUMTUwMDAwWiB0d2l0dGVyLmNvbV9iaGJnbWhocjVxOHNzdXE0MTgwdnNraXAyMEBn",
                "color": "cd74e6",
                "mrkdwn_in": [
                    "text",
                    "pretext"
                ]
            },
            {
                "fallback": "DeepBird v2 Office Hours: <!date^1570046400^{date_short_pretty} from {time}|October 2nd, 2019 from 1:00 PM> to <!date^1570050000^{time}|2:00 PM GMT-0700>",
                "text": "<!date^1570046400^{date_short_pretty} from {time}|October 2nd, 2019 from 1:00 PM> to <!date^1570050000^{time}|2:00 PM GMT-0700> at <https:\/\/maps.google.com\/maps?q=New+York+City-6-Velvet+Underground+%288%29+%5BBluejeans%2C+Hangouts%2C+Jamboard%2C+LCD%2C+Phone%5D%2C+SFMarket-8-Waxwing+%2810%29+%5BHangouts%2C+Jamboard%2C+LCD%5D%2C+SFMarket-5-Canvasback+%2810%29+%5BHangouts%2C+Jamboard%2C+Phone%2C+Projector%5D|New York City-6-Velvet Underground (8) [Bluejeans, Hangouts, Jamboard, LCD, Phone], SFMarket-8-Waxwing (10) [Hangouts, Jamboard, LCD], SFMarket-5-Canvasback (10) [Hangouts, Jamboard, Phone, Projector]>",
                "title": "DeepBird v2 Office Hours",
                "id": 2,
                "title_link": "https:\/\/www.google.com\/calendar\/event?eid=YzlqMzJvcHBjNG82MmI5bGNjcjNjYjlrY2dzM2FiOXBjaGkzYWI5bDZ0aDM4b2IyNm9zM2FkMzZjY18yMDE5MTAwMlQyMDAwMDBaIHR3aXR0ZXIuY29tX2JoYmdtaGhyNXE4c3N1cTQxODB2c2tpcDIwQGc",
                "color": "cd74e6",
                "mrkdwn_in": [
                    "text",
                    "pretext"
                ]
            }
        ]
    },
    {
        "client_msg_id": "c7e7feac-21d7-4132-ab12-7c34c7748222",
        "type": "message",
        "text": "i kicked it off again: <http:\/\/http--0--fportman-tb-6a367f91ae--devel--mldashboard.service.smf1.twitter.biz\/#scalars>",
        "user": "WCC8SR5T7",
        "ts": "1570025997.299300",
        "team": "T86S8GHEG",
        "user_team": "T86S8GHEG",
        "source_team": "T86S8GHEG",
        "user_profile": {
            "avatar_hash": "5b1a78992a24",
            "image_72": "https:\/\/avatars.slack-edge.com\/2018-09-11\/433099051297_5b1a78992a248c97b3b7_72.jpg",
            "first_name": "Frank",
            "real_name": "Frank Portman",
            "display_name": "fportman",
            "team": "T86S8GHEG",
            "name": "fportman",
            "is_restricted": false,
            "is_ultra_restricted": false
        },
        "thread_ts": "1569965751.292700",
        "parent_user_id": "WCC8SR5T7"
    },
    {
        "client_msg_id": "d018468b-675e-4fe2-a88a-086d12dbc015",
        "type": "message",
        "text": "its from here: <https:\/\/mldashboard.twitter.biz\/runs\/yinjieh%3Aabuse_detection%3ApBlock_Convos_TargetUsers_V3%3Arun_20190927161210918070>",
        "user": "WCC8SR5T7",
        "ts": "1570026003.299500",
        "team": "T86S8GHEG",
        "user_team": "T86S8GHEG",
        "source_team": "T86S8GHEG",
        "user_profile": {
            "avatar_hash": "5b1a78992a24",
            "image_72": "https:\/\/avatars.slack-edge.com\/2018-09-11\/433099051297_5b1a78992a248c97b3b7_72.jpg",
            "first_name": "Frank",
            "real_name": "Frank Portman",
            "display_name": "fportman",
            "team": "T86S8GHEG",
            "name": "fportman",
            "is_restricted": false,
            "is_ultra_restricted": false
        },
        "thread_ts": "1569965751.292700",
        "parent_user_id": "WCC8SR5T7"
    },
    {
        "client_msg_id": "07938058-5c0b-4c4a-a547-5737a77ad71b",
        "type": "message",
        "text": "made the following update to docs:\n```-Also ensure that the BUILD file for your project is using the ``twml-nodeps`` target. This will allow us to run in both the CPU as well as the GPU cluster::\n+Also ensure that the BUILD file for your project is using the ``twml-nodeps`` target and that your ``twml_cli`` command has the ``--package_twml_deps`` option as above. This will allow us to run in both the CPU as well as the GPU cluster::```",
        "user": "WAX2RDTGB",
        "ts": "1570030631.299700",
        "team": "T86S8GHEG",
        "user_team": "T86S8GHEG",
        "source_team": "T86S8GHEG",
        "user_profile": {
            "avatar_hash": "d652be5f2d9e",
            "image_72": "https:\/\/avatars.slack-edge.com\/2019-11-25\/848747792581_d652be5f2d9e91c30d3b_72.png",
            "first_name": "Andrew",
            "real_name": "Andrew Bean",
            "display_name": "abean",
            "team": "T86S8GHEG",
            "name": "abean",
            "is_restricted": false,
            "is_ultra_restricted": false
        },
        "thread_ts": "1569958054.283900",
        "parent_user_id": "WM4TBECNP"
    },
    {
        "type": "message",
        "subtype": "bot_message",
        "text": "",
        "ts": "1570045501.299900",
        "username": "DeepBird v2 Users",
        "bot_id": "BDG4KCQ06",
        "attachments": [
            {
                "fallback": "DeepBird v2 Office Hours: <!date^1570046400^{date_short_pretty} from {time}|October 2nd, 2019 from 1:00 PM> to <!date^1570050000^{time}|2:00 PM GMT-0700>",
                "text": "<!date^1570046400^{date_short_pretty} from {time}|October 2nd, 2019 from 1:00 PM> to <!date^1570050000^{time}|2:00 PM GMT-0700> at <https:\/\/maps.google.com\/maps?q=New+York+City-6-Velvet+Underground+%288%29+%5BBluejeans%2C+Hangouts%2C+Jamboard%2C+LCD%2C+Phone%5D%2C+SFMarket-8-Waxwing+%2810%29+%5BHangouts%2C+Jamboard%2C+LCD%5D|New York City-6-Velvet Underground (8) [Bluejeans, Hangouts, Jamboard, LCD, Phone], SFMarket-8-Waxwing (10) [Hangouts, Jamboard, LCD]>",
                "pretext": "Event starting in 15 minutes:",
                "title": "DeepBird v2 Office Hours",
                "id": 1,
                "title_link": "https:\/\/www.google.com\/calendar\/event?eid=YzlqMzJvcHBjNG82MmI5bGNjcjNjYjlrY2dzM2FiOXBjaGkzYWI5bDZ0aDM4b2IyNm9zM2FkMzZjY18yMDE5MTAwMlQyMDAwMDBaIHR3aXR0ZXIuY29tX2JoYmdtaGhyNXE4c3N1cTQxODB2c2tpcDIwQGc",
                "color": "cd74e6",
                "mrkdwn_in": [
                    "text",
                    "pretext",
                    "more"
                ]
            }
        ]
    },
    {
        "client_msg_id": "50090238-45c1-47c7-82d1-cd975d6c978c",
        "type": "message",
        "text": "Pavan also pointed out that you are using different versions of TensorFlow for running on CPU and GPU.  That could be a source of differences.",
        "user": "W820RFKK6",
        "ts": "1570047183.300000",
        "team": "T86S8GHEG",
        "user_team": "T86S8GHEG",
        "source_team": "T86S8GHEG",
        "user_profile": {
            "avatar_hash": "d2cf7d816132",
            "image_72": "https:\/\/avatars.slack-edge.com\/2019-07-21\/694944687905_d2cf7d8161326b26f909_72.jpg",
            "first_name": "Yi",
            "real_name": "Yi Zhuang",
            "display_name": "yz",
            "team": "T86S8GHEG",
            "name": "yz",
            "is_restricted": false,
            "is_ultra_restricted": false
        },
        "thread_ts": "1569974728.297800",
        "parent_user_id": "WM64B1J4S"
    },
    {
        "client_msg_id": "e72bbb89-c1d4-42b5-998a-ff2fa796da79",
        "type": "message",
        "text": "What do people use for bulk prediction generation via scalding?",
        "user": "W81LDDNPM",
        "ts": "1570050110.300900",
        "team": "T86S8GHEG",
        "user_team": "T86S8GHEG",
        "source_team": "T86S8GHEG",
        "user_profile": {
            "avatar_hash": "g86e75ed44d8",
            "image_72": "https:\/\/secure.gravatar.com\/avatar\/586e75ed44d83e02aa496a0c3d6ffc3d.jpg?s=72&d=https%3A%2F%2Fa.slack-edge.com%2Fdf10d%2Fimg%2Favatars%2Fava_0016-72.png",
            "first_name": "Kovas",
            "real_name": "Kovas Boguta",
            "display_name": "kboguta",
            "team": "T86S8GHEG",
            "name": "kboguta",
            "is_restricted": false,
            "is_ultra_restricted": false
        },
        "thread_ts": "1570050110.300900",
        "reply_count": 18,
        "reply_users_count": 2,
        "latest_reply": "1570051761.304900",
        "reply_users": [
            "W81BJEAGZ",
            "W81LDDNPM"
        ],
        "replies": [
            {
                "user": "W81BJEAGZ",
                "ts": "1570050182.301300"
            },
            {
                "user": "W81BJEAGZ",
                "ts": "1570050190.301500"
            },
            {
                "user": "W81LDDNPM",
                "ts": "1570050346.301700"
            },
            {
                "user": "W81LDDNPM",
                "ts": "1570050348.301900"
            },
            {
                "user": "W81LDDNPM",
                "ts": "1570050353.302100"
            },
            {
                "user": "W81LDDNPM",
                "ts": "1570050388.302300"
            },
            {
                "user": "W81BJEAGZ",
                "ts": "1570050490.302500"
            },
            {
                "user": "W81BJEAGZ",
                "ts": "1570050519.302800"
            },
            {
                "user": "W81BJEAGZ",
                "ts": "1570050523.303000"
            },
            {
                "user": "W81LDDNPM",
                "ts": "1570050526.303200"
            },
            {
                "user": "W81LDDNPM",
                "ts": "1570050562.303400"
            },
            {
                "user": "W81BJEAGZ",
                "ts": "1570050815.303600"
            },
            {
                "user": "W81BJEAGZ",
                "ts": "1570050844.303800"
            },
            {
                "user": "W81LDDNPM",
                "ts": "1570051671.304000"
            },
            {
                "user": "W81LDDNPM",
                "ts": "1570051688.304200"
            },
            {
                "user": "W81LDDNPM",
                "ts": "1570051731.304400"
            },
            {
                "user": "W81BJEAGZ",
                "ts": "1570051754.304700"
            },
            {
                "user": "W81LDDNPM",
                "ts": "1570051761.304900"
            }
        ],
        "subscribed": false
    },
    {
        "client_msg_id": "b43c1b12-8236-40a7-8c46-0a90b61272da",
        "type": "message",
        "text": "I'm only seeing TensorflowBinaryMetricsApp in the official docs",
        "user": "W81LDDNPM",
        "ts": "1570050120.301200",
        "team": "T86S8GHEG",
        "user_team": "T86S8GHEG",
        "source_team": "T86S8GHEG",
        "user_profile": {
            "avatar_hash": "g86e75ed44d8",
            "image_72": "https:\/\/secure.gravatar.com\/avatar\/586e75ed44d83e02aa496a0c3d6ffc3d.jpg?s=72&d=https%3A%2F%2Fa.slack-edge.com%2Fdf10d%2Fimg%2Favatars%2Fava_0016-72.png",
            "first_name": "Kovas",
            "real_name": "Kovas Boguta",
            "display_name": "kboguta",
            "team": "T86S8GHEG",
            "name": "kboguta",
            "is_restricted": false,
            "is_ultra_restricted": false
        }
    },
    {
        "client_msg_id": "25ae18da-67c4-49e5-8295-aecd701e0f9a",
        "type": "message",
        "text": "sorry but, is this not helpful: <https:\/\/docbird.twitter.biz\/deepbird_v2\/\/tutorials\/scalding_model.html?highlight=scalding> ?",
        "user": "W81BJEAGZ",
        "ts": "1570050182.301300",
        "team": "T86S8GHEG",
        "user_team": "T86S8GHEG",
        "source_team": "T86S8GHEG",
        "user_profile": {
            "avatar_hash": "45f9fa184373",
            "image_72": "https:\/\/avatars.slack-edge.com\/2019-04-25\/620857384023_45f9fa184373c2c504f5_72.jpg",
            "first_name": "Pavan",
            "real_name": "Pavan Yalamanchili",
            "display_name": "pyalamanchili",
            "team": "T86S8GHEG",
            "name": "pyalamanchili",
            "is_restricted": false,
            "is_ultra_restricted": false
        },
        "thread_ts": "1570050110.300900",
        "parent_user_id": "W81LDDNPM"
    },
    {
        "client_msg_id": "e387f283-4548-4cf0-91ff-f4f3f4382348",
        "type": "message",
        "text": "or do you want more end to end example?",
        "user": "W81BJEAGZ",
        "ts": "1570050190.301500",
        "team": "T86S8GHEG",
        "user_team": "T86S8GHEG",
        "source_team": "T86S8GHEG",
        "user_profile": {
            "avatar_hash": "45f9fa184373",
            "image_72": "https:\/\/avatars.slack-edge.com\/2019-04-25\/620857384023_45f9fa184373c2c504f5_72.jpg",
            "first_name": "Pavan",
            "real_name": "Pavan Yalamanchili",
            "display_name": "pyalamanchili",
            "team": "T86S8GHEG",
            "name": "pyalamanchili",
            "is_restricted": false,
            "is_ultra_restricted": false
        },
        "thread_ts": "1570050110.300900",
        "parent_user_id": "W81LDDNPM"
    },
    {
        "client_msg_id": "e2b7578c-f5c4-4c67-9710-75fcf5605cd0",
        "type": "message",
        "text": "Yes that is very helpful. I don't see it linked from <https:\/\/docbird.twitter.biz\/deepbird_v2\/index.html>",
        "user": "W81LDDNPM",
        "ts": "1570050346.301700",
        "team": "T86S8GHEG",
        "user_team": "T86S8GHEG",
        "source_team": "T86S8GHEG",
        "user_profile": {
            "avatar_hash": "g86e75ed44d8",
            "image_72": "https:\/\/secure.gravatar.com\/avatar\/586e75ed44d83e02aa496a0c3d6ffc3d.jpg?s=72&d=https%3A%2F%2Fa.slack-edge.com%2Fdf10d%2Fimg%2Favatars%2Fava_0016-72.png",
            "first_name": "Kovas",
            "real_name": "Kovas Boguta",
            "display_name": "kboguta",
            "team": "T86S8GHEG",
            "name": "kboguta",
            "is_restricted": false,
            "is_ultra_restricted": false
        },
        "thread_ts": "1570050110.300900",
        "parent_user_id": "W81LDDNPM"
    },
    {
        "client_msg_id": "712e0678-e2ac-4fa7-8b19-5a8b7fa7a707",
        "type": "message",
        "text": "maybe a docs bug?",
        "user": "W81LDDNPM",
        "ts": "1570050348.301900",
        "team": "T86S8GHEG",
        "user_team": "T86S8GHEG",
        "source_team": "T86S8GHEG",
        "user_profile": {
            "avatar_hash": "g86e75ed44d8",
            "image_72": "https:\/\/secure.gravatar.com\/avatar\/586e75ed44d83e02aa496a0c3d6ffc3d.jpg?s=72&d=https%3A%2F%2Fa.slack-edge.com%2Fdf10d%2Fimg%2Favatars%2Fava_0016-72.png",
            "first_name": "Kovas",
            "real_name": "Kovas Boguta",
            "display_name": "kboguta",
            "team": "T86S8GHEG",
            "name": "kboguta",
            "is_restricted": false,
            "is_ultra_restricted": false
        },
        "thread_ts": "1570050110.300900",
        "parent_user_id": "W81LDDNPM"
    },
    {
        "client_msg_id": "34192584-ee08-4e21-b33f-2b842ea51dbd",
        "type": "message",
        "text": "How did u find it?",
        "user": "W81LDDNPM",
        "ts": "1570050353.302100",
        "team": "T86S8GHEG",
        "user_team": "T86S8GHEG",
        "source_team": "T86S8GHEG",
        "user_profile": {
            "avatar_hash": "g86e75ed44d8",
            "image_72": "https:\/\/secure.gravatar.com\/avatar\/586e75ed44d83e02aa496a0c3d6ffc3d.jpg?s=72&d=https%3A%2F%2Fa.slack-edge.com%2Fdf10d%2Fimg%2Favatars%2Fava_0016-72.png",
            "first_name": "Kovas",
            "real_name": "Kovas Boguta",
            "display_name": "kboguta",
            "team": "T86S8GHEG",
            "name": "kboguta",
            "is_restricted": false,
            "is_ultra_restricted": false
        },
        "thread_ts": "1570050110.300900",
        "parent_user_id": "W81LDDNPM"
    },
    {
        "client_msg_id": "b4cf0e63-7293-4e69-b869-77b591ee8122",
        "type": "message",
        "text": "I guess u need to click in the movielens tutorial.",
        "user": "W81LDDNPM",
        "ts": "1570050388.302300",
        "team": "T86S8GHEG",
        "user_team": "T86S8GHEG",
        "source_team": "T86S8GHEG",
        "user_profile": {
            "avatar_hash": "g86e75ed44d8",
            "image_72": "https:\/\/secure.gravatar.com\/avatar\/586e75ed44d83e02aa496a0c3d6ffc3d.jpg?s=72&d=https%3A%2F%2Fa.slack-edge.com%2Fdf10d%2Fimg%2Favatars%2Fava_0016-72.png",
            "first_name": "Kovas",
            "real_name": "Kovas Boguta",
            "display_name": "kboguta",
            "team": "T86S8GHEG",
            "name": "kboguta",
            "is_restricted": false,
            "is_ultra_restricted": false
        },
        "thread_ts": "1570050110.300900",
        "parent_user_id": "W81LDDNPM"
    },
    {
        "client_msg_id": "7c466367-20ce-4985-9334-09ef11560e2b",
        "type": "message",
        "text": "searched for scalding in the search bar",
        "user": "W81BJEAGZ",
        "ts": "1570050490.302500",
        "team": "T86S8GHEG",
        "user_team": "T86S8GHEG",
        "source_team": "T86S8GHEG",
        "user_profile": {
            "avatar_hash": "45f9fa184373",
            "image_72": "https:\/\/avatars.slack-edge.com\/2019-04-25\/620857384023_45f9fa184373c2c504f5_72.jpg",
            "first_name": "Pavan",
            "real_name": "Pavan Yalamanchili",
            "display_name": "pyalamanchili",
            "team": "T86S8GHEG",
            "name": "pyalamanchili",
            "is_restricted": false,
            "is_ultra_restricted": false
        },
        "thread_ts": "1570050110.300900",
        "parent_user_id": "W81LDDNPM",
        "reactions": [
            {
                "name": "+1",
                "users": [
                    "W81LDDNPM"
                ],
                "count": 1
            }
        ]
    },
    {
        "client_msg_id": "6735d988-4968-45cf-8659-c9617052f78f",
        "type": "message",
        "text": "We are fixing the docs, it'll be take a bit of time to revamp them",
        "user": "W81BJEAGZ",
        "ts": "1570050519.302800",
        "team": "T86S8GHEG",
        "user_team": "T86S8GHEG",
        "source_team": "T86S8GHEG",
        "user_profile": {
            "avatar_hash": "45f9fa184373",
            "image_72": "https:\/\/avatars.slack-edge.com\/2019-04-25\/620857384023_45f9fa184373c2c504f5_72.jpg",
            "first_name": "Pavan",
            "real_name": "Pavan Yalamanchili",
            "display_name": "pyalamanchili",
            "team": "T86S8GHEG",
            "name": "pyalamanchili",
            "is_restricted": false,
            "is_ultra_restricted": false
        },
        "thread_ts": "1570050110.300900",
        "parent_user_id": "W81LDDNPM"
    },
    {
        "client_msg_id": "c861aaab-daa8-434d-9dd3-a5096d71cf08",
        "type": "message",
        "text": "sorry about inconvenience",
        "user": "W81BJEAGZ",
        "ts": "1570050523.303000",
        "team": "T86S8GHEG",
        "user_team": "T86S8GHEG",
        "source_team": "T86S8GHEG",
        "user_profile": {
            "avatar_hash": "45f9fa184373",
            "image_72": "https:\/\/avatars.slack-edge.com\/2019-04-25\/620857384023_45f9fa184373c2c504f5_72.jpg",
            "first_name": "Pavan",
            "real_name": "Pavan Yalamanchili",
            "display_name": "pyalamanchili",
            "team": "T86S8GHEG",
            "name": "pyalamanchili",
            "is_restricted": false,
            "is_ultra_restricted": false
        },
        "thread_ts": "1570050110.300900",
        "parent_user_id": "W81LDDNPM"
    },
    {
        "client_msg_id": "f6dbd53e-bc2b-42d3-8b44-2aaa8065966d",
        "type": "message",
        "text": "NP",
        "user": "W81LDDNPM",
        "ts": "1570050526.303200",
        "team": "T86S8GHEG",
        "user_team": "T86S8GHEG",
        "source_team": "T86S8GHEG",
        "user_profile": {
            "avatar_hash": "g86e75ed44d8",
            "image_72": "https:\/\/secure.gravatar.com\/avatar\/586e75ed44d83e02aa496a0c3d6ffc3d.jpg?s=72&d=https%3A%2F%2Fa.slack-edge.com%2Fdf10d%2Fimg%2Favatars%2Fava_0016-72.png",
            "first_name": "Kovas",
            "real_name": "Kovas Boguta",
            "display_name": "kboguta",
            "team": "T86S8GHEG",
            "name": "kboguta",
            "is_restricted": false,
            "is_ultra_restricted": false
        },
        "thread_ts": "1570050110.300900",
        "parent_user_id": "W81LDDNPM"
    },
    {
        "client_msg_id": "b9fcd6fe-d44f-4cfe-9aae-0e7dbdd7574e",
        "type": "message",
        "text": "I suppose my request is, if we can have seperate docs for all the important components. Currently lots of components (like this) are mostly mentioned &amp; explained in the tutorials",
        "user": "W81LDDNPM",
        "ts": "1570050562.303400",
        "team": "T86S8GHEG",
        "user_team": "T86S8GHEG",
        "source_team": "T86S8GHEG",
        "user_profile": {
            "avatar_hash": "g86e75ed44d8",
            "image_72": "https:\/\/secure.gravatar.com\/avatar\/586e75ed44d83e02aa496a0c3d6ffc3d.jpg?s=72&d=https%3A%2F%2Fa.slack-edge.com%2Fdf10d%2Fimg%2Favatars%2Fava_0016-72.png",
            "first_name": "Kovas",
            "real_name": "Kovas Boguta",
            "display_name": "kboguta",
            "team": "T86S8GHEG",
            "name": "kboguta",
            "is_restricted": false,
            "is_ultra_restricted": false
        },
        "thread_ts": "1570050110.300900",
        "parent_user_id": "W81LDDNPM"
    },
    {
        "client_msg_id": "013a9efd-ea9a-4832-b0ae-0e102325a2b8",
        "type": "message",
        "text": "We are trying to work towards this outline: <https:\/\/docs.google.com\/document\/d\/1QrB8mK7o42aRYZ17WQu7o_9bkiC7GR4UZj6b_atYGOY\/edit#heading=h.hvmzcpb718hx>",
        "user": "W81BJEAGZ",
        "ts": "1570050815.303600",
        "team": "T86S8GHEG",
        "user_team": "T86S8GHEG",
        "source_team": "T86S8GHEG",
        "user_profile": {
            "avatar_hash": "45f9fa184373",
            "image_72": "https:\/\/avatars.slack-edge.com\/2019-04-25\/620857384023_45f9fa184373c2c504f5_72.jpg",
            "first_name": "Pavan",
            "real_name": "Pavan Yalamanchili",
            "display_name": "pyalamanchili",
            "team": "T86S8GHEG",
            "name": "pyalamanchili",
            "is_restricted": false,
            "is_ultra_restricted": false
        },
        "thread_ts": "1570050110.300900",
        "parent_user_id": "W81LDDNPM"
    },
    {
        "client_msg_id": "ed25222e-870d-4a3d-8053-7ffe73312c59",
        "type": "message",
        "text": "most of the work will be done in Q4",
        "user": "W81BJEAGZ",
        "ts": "1570050844.303800",
        "team": "T86S8GHEG",
        "user_team": "T86S8GHEG",
        "source_team": "T86S8GHEG",
        "user_profile": {
            "avatar_hash": "45f9fa184373",
            "image_72": "https:\/\/avatars.slack-edge.com\/2019-04-25\/620857384023_45f9fa184373c2c504f5_72.jpg",
            "first_name": "Pavan",
            "real_name": "Pavan Yalamanchili",
            "display_name": "pyalamanchili",
            "team": "T86S8GHEG",
            "name": "pyalamanchili",
            "is_restricted": false,
            "is_ultra_restricted": false
        },
        "thread_ts": "1570050110.300900",
        "parent_user_id": "W81LDDNPM"
    },
    {
        "client_msg_id": "47ebf7ab-a822-47c5-988c-59b09d3a7fb0",
        "type": "message",
        "text": "Cool.",
        "user": "W81LDDNPM",
        "ts": "1570051671.304000",
        "team": "T86S8GHEG",
        "user_team": "T86S8GHEG",
        "source_team": "T86S8GHEG",
        "user_profile": {
            "avatar_hash": "g86e75ed44d8",
            "image_72": "https:\/\/secure.gravatar.com\/avatar\/586e75ed44d83e02aa496a0c3d6ffc3d.jpg?s=72&d=https%3A%2F%2Fa.slack-edge.com%2Fdf10d%2Fimg%2Favatars%2Fava_0016-72.png",
            "first_name": "Kovas",
            "real_name": "Kovas Boguta",
            "display_name": "kboguta",
            "team": "T86S8GHEG",
            "name": "kboguta",
            "is_restricted": false,
            "is_ultra_restricted": false
        },
        "thread_ts": "1570050110.300900",
        "parent_user_id": "W81LDDNPM"
    },
    {
        "client_msg_id": "8b2aa93c-5bab-4377-8951-2681ce81336a",
        "type": "message",
        "text": "Looking at the outline, I feel like there is a gap between tutorial and reference docs",
        "user": "W81LDDNPM",
        "ts": "1570051688.304200",
        "team": "T86S8GHEG",
        "user_team": "T86S8GHEG",
        "source_team": "T86S8GHEG",
        "user_profile": {
            "avatar_hash": "g86e75ed44d8",
            "image_72": "https:\/\/secure.gravatar.com\/avatar\/586e75ed44d83e02aa496a0c3d6ffc3d.jpg?s=72&d=https%3A%2F%2Fa.slack-edge.com%2Fdf10d%2Fimg%2Favatars%2Fava_0016-72.png",
            "first_name": "Kovas",
            "real_name": "Kovas Boguta",
            "display_name": "kboguta",
            "team": "T86S8GHEG",
            "name": "kboguta",
            "is_restricted": false,
            "is_ultra_restricted": false
        },
        "thread_ts": "1570050110.300900",
        "parent_user_id": "W81LDDNPM"
    },
    {
        "client_msg_id": "57e96aa1-80a5-404b-8676-139c0f9cf01f",
        "type": "message",
        "text": "Like, I need a map to the functionality",
        "user": "W81LDDNPM",
        "ts": "1570051731.304400",
        "team": "T86S8GHEG",
        "user_team": "T86S8GHEG",
        "source_team": "T86S8GHEG",
        "user_profile": {
            "avatar_hash": "g86e75ed44d8",
            "image_72": "https:\/\/secure.gravatar.com\/avatar\/586e75ed44d83e02aa496a0c3d6ffc3d.jpg?s=72&d=https%3A%2F%2Fa.slack-edge.com%2Fdf10d%2Fimg%2Favatars%2Fava_0016-72.png",
            "first_name": "Kovas",
            "real_name": "Kovas Boguta",
            "display_name": "kboguta",
            "team": "T86S8GHEG",
            "name": "kboguta",
            "is_restricted": false,
            "is_ultra_restricted": false
        },
        "edited": {
            "user": "W81LDDNPM",
            "ts": "1570051741.000000"
        },
        "thread_ts": "1570050110.300900",
        "parent_user_id": "W81LDDNPM"
    },
    {
        "client_msg_id": "5f1f3d08-6f7b-4e3f-a329-15f76d247adb",
        "type": "message",
        "text": "leave a comment there please :slightly_smiling_face:",
        "user": "W81BJEAGZ",
        "ts": "1570051754.304700",
        "team": "T86S8GHEG",
        "user_team": "T86S8GHEG",
        "source_team": "T86S8GHEG",
        "user_profile": {
            "avatar_hash": "45f9fa184373",
            "image_72": "https:\/\/avatars.slack-edge.com\/2019-04-25\/620857384023_45f9fa184373c2c504f5_72.jpg",
            "first_name": "Pavan",
            "real_name": "Pavan Yalamanchili",
            "display_name": "pyalamanchili",
            "team": "T86S8GHEG",
            "name": "pyalamanchili",
            "is_restricted": false,
            "is_ultra_restricted": false
        },
        "thread_ts": "1570050110.300900",
        "parent_user_id": "W81LDDNPM"
    },
    {
        "client_msg_id": "840ac6df-934b-410f-a09e-af9f2929f59a",
        "type": "message",
        "text": "ok will do",
        "user": "W81LDDNPM",
        "ts": "1570051761.304900",
        "team": "T86S8GHEG",
        "user_team": "T86S8GHEG",
        "source_team": "T86S8GHEG",
        "user_profile": {
            "avatar_hash": "g86e75ed44d8",
            "image_72": "https:\/\/secure.gravatar.com\/avatar\/586e75ed44d83e02aa496a0c3d6ffc3d.jpg?s=72&d=https%3A%2F%2Fa.slack-edge.com%2Fdf10d%2Fimg%2Favatars%2Fava_0016-72.png",
            "first_name": "Kovas",
            "real_name": "Kovas Boguta",
            "display_name": "kboguta",
            "team": "T86S8GHEG",
            "name": "kboguta",
            "is_restricted": false,
            "is_ultra_restricted": false
        },
        "thread_ts": "1570050110.300900",
        "parent_user_id": "W81LDDNPM"
    },
    {
        "client_msg_id": "bf171059-739c-4077-80e9-78bf7a08a429",
        "type": "message",
        "text": "hey, I was wondering are there any successful attempts doing multi-gpu parallelization on a single node with full sparse layer?",
        "user": "WFR0FUYHX",
        "ts": "1570055274.306000",
        "team": "T86S8GHEG",
        "user_team": "T86S8GHEG",
        "source_team": "T86S8GHEG",
        "user_profile": {
            "avatar_hash": "576885cd6c79",
            "image_72": "https:\/\/avatars.slack-edge.com\/2019-02-12\/548793964368_576885cd6c792f6cae3e_72.png",
            "first_name": "Yuanpu",
            "real_name": "Yuanpu Xie",
            "display_name": "yxie",
            "team": "T86S8GHEG",
            "name": "yxie",
            "is_restricted": false,
            "is_ultra_restricted": false
        },
        "edited": {
            "user": "WFR0FUYHX",
            "ts": "1570055298.000000"
        },
        "thread_ts": "1570055274.306000",
        "reply_count": 4,
        "reply_users_count": 3,
        "latest_reply": "1570109860.308500",
        "reply_users": [
            "WL22PDE1G",
            "WFR0FUYHX",
            "WAX2RDTGB"
        ],
        "replies": [
            {
                "user": "WL22PDE1G",
                "ts": "1570055817.306400"
            },
            {
                "user": "WL22PDE1G",
                "ts": "1570056127.306600"
            },
            {
                "user": "WFR0FUYHX",
                "ts": "1570058813.306800"
            },
            {
                "user": "WAX2RDTGB",
                "ts": "1570109860.308500"
            }
        ],
        "subscribed": false,
        "reactions": [
            {
                "name": "heart",
                "users": [
                    "WF7NSLPB5"
                ],
                "count": 1
            }
        ]
    },
    {
        "client_msg_id": "c290250a-c6ec-4524-a028-8e77d786973f",
        "type": "message",
        "text": "I don't think we have given that a fair shot in the last few months or so. It is possible there are gains to be had there",
        "user": "WL22PDE1G",
        "ts": "1570055817.306400",
        "team": "T86S8GHEG",
        "user_team": "T86S8GHEG",
        "source_team": "T86S8GHEG",
        "user_profile": {
            "avatar_hash": "ga18fa06b2f1",
            "image_72": "https:\/\/secure.gravatar.com\/avatar\/da18fa06b2f1a94e07b5a34db81e8552.jpg?s=72&d=https%3A%2F%2Fa.slack-edge.com%2Fdf10d%2Fimg%2Favatars%2Fava_0019-72.png",
            "first_name": "Ricardo",
            "real_name": "Ricardo Cervera-Navarro",
            "display_name": "rcerveranavarro",
            "team": "T86S8GHEG",
            "name": "rcerveranavarro",
            "is_restricted": false,
            "is_ultra_restricted": false
        },
        "thread_ts": "1570055274.306000",
        "parent_user_id": "WFR0FUYHX"
    },
    {
        "client_msg_id": "a78c9204-06ff-460b-a770-a65f6b374fef",
        "type": "message",
        "text": "distributing the sparse layer over multiple cpu trainers works well and scales well too <https:\/\/docbird.twitter.biz\/deepbird_v2\/tutorials\/distributed_training_sparse_guide.html>",
        "user": "WL22PDE1G",
        "ts": "1570056127.306600",
        "team": "T86S8GHEG",
        "user_team": "T86S8GHEG",
        "source_team": "T86S8GHEG",
        "user_profile": {
            "avatar_hash": "ga18fa06b2f1",
            "image_72": "https:\/\/secure.gravatar.com\/avatar\/da18fa06b2f1a94e07b5a34db81e8552.jpg?s=72&d=https%3A%2F%2Fa.slack-edge.com%2Fdf10d%2Fimg%2Favatars%2Fava_0019-72.png",
            "first_name": "Ricardo",
            "real_name": "Ricardo Cervera-Navarro",
            "display_name": "rcerveranavarro",
            "team": "T86S8GHEG",
            "name": "rcerveranavarro",
            "is_restricted": false,
            "is_ultra_restricted": false
        },
        "thread_ts": "1570055274.306000",
        "parent_user_id": "WFR0FUYHX"
    },
    {
        "client_msg_id": "b3e8a7da-027b-408a-ac91-ff796188bd61",
        "type": "message",
        "text": "<@WL22PDE1G> thanks! but i learnt that it still has some missing pieces for now. would be nice if there’re some easy ways to do single machine parallization. : D",
        "user": "WFR0FUYHX",
        "ts": "1570058813.306800",
        "team": "T86S8GHEG",
        "user_team": "T86S8GHEG",
        "source_team": "T86S8GHEG",
        "user_profile": {
            "avatar_hash": "576885cd6c79",
            "image_72": "https:\/\/avatars.slack-edge.com\/2019-02-12\/548793964368_576885cd6c792f6cae3e_72.png",
            "first_name": "Yuanpu",
            "real_name": "Yuanpu Xie",
            "display_name": "yxie",
            "team": "T86S8GHEG",
            "name": "yxie",
            "is_restricted": false,
            "is_ultra_restricted": false
        },
        "thread_ts": "1570055274.306000",
        "parent_user_id": "WFR0FUYHX"
    },
    {
        "client_msg_id": "8f8a0919-a1cb-48e9-9c01-0adee41e18f7",
        "type": "message",
        "text": "Is there a way to train a model on GPU but evaluate on CPU?",
        "user": "WF7NSLPB5",
        "ts": "1570059750.307600",
        "team": "T86S8GHEG",
        "user_team": "T86S8GHEG",
        "source_team": "T86S8GHEG",
        "user_profile": {
            "avatar_hash": "3671e39344a5",
            "image_72": "https:\/\/avatars.slack-edge.com\/2019-01-28\/535648164674_3671e39344a53abef1d3_72.jpg",
            "first_name": "Alim",
            "real_name": "Alim Virani",
            "display_name": "avirani",
            "team": "T86S8GHEG",
            "name": "avirani",
            "is_restricted": false,
            "is_ultra_restricted": false
        },
        "thread_ts": "1570059750.307600",
        "reply_count": 2,
        "reply_users_count": 1,
        "latest_reply": "1570060348.308000",
        "reply_users": [
            "W81BJEAGZ"
        ],
        "replies": [
            {
                "user": "W81BJEAGZ",
                "ts": "1570060035.307800"
            },
            {
                "user": "W81BJEAGZ",
                "ts": "1570060348.308000"
            }
        ],
        "subscribed": false
    },
    {
        "client_msg_id": "34ce2e0b-8837-45ae-8556-4aed091fa3a3",
        "type": "message",
        "text": "you can do that without any problems",
        "user": "W81BJEAGZ",
        "ts": "1570060035.307800",
        "team": "T86S8GHEG",
        "user_team": "T86S8GHEG",
        "source_team": "T86S8GHEG",
        "user_profile": {
            "avatar_hash": "45f9fa184373",
            "image_72": "https:\/\/avatars.slack-edge.com\/2019-04-25\/620857384023_45f9fa184373c2c504f5_72.jpg",
            "first_name": "Pavan",
            "real_name": "Pavan Yalamanchili",
            "display_name": "pyalamanchili",
            "team": "T86S8GHEG",
            "name": "pyalamanchili",
            "is_restricted": false,
            "is_ultra_restricted": false
        },
        "thread_ts": "1570059750.307600",
        "parent_user_id": "WF7NSLPB5"
    },
    {
        "client_msg_id": "dcb0289c-8441-4be0-b3a7-ddb41e3a7925",
        "type": "message",
        "text": "but if you are asking about <https:\/\/twitter.slack.com\/archives\/C8R53SM2A\/p1569974728297800>, I think it is because of something else",
        "user": "W81BJEAGZ",
        "ts": "1570060348.308000",
        "team": "T86S8GHEG",
        "user_team": "T86S8GHEG",
        "source_team": "T86S8GHEG",
        "user_profile": {
            "avatar_hash": "45f9fa184373",
            "image_72": "https:\/\/avatars.slack-edge.com\/2019-04-25\/620857384023_45f9fa184373c2c504f5_72.jpg",
            "first_name": "Pavan",
            "real_name": "Pavan Yalamanchili",
            "display_name": "pyalamanchili",
            "team": "T86S8GHEG",
            "name": "pyalamanchili",
            "is_restricted": false,
            "is_ultra_restricted": false
        },
        "attachments": [
            {
                "from_url": "https:\/\/twitter.slack.com\/archives\/C8R53SM2A\/p1569974728297800",
                "fallback": "[October 1st, 2019 5:05 PM] linlinc: Hi team, I was using the same codes but trained on GPU instead of CPUs to accelerate the speed, but the training always failed in evaluation stage when it’s to restore the model. Link found at: <http:\/\/atla-eqw-03-sr1.prod.twttr.net:1338\/task\/cortex-m40-devel-linlin_m40_innerproduct05_multipletriplet_mean8192_popcorrectfav_backprop_10_01-0-1ffb389c-444f-40be-9f44-014add0d58bf>\nAny idea what am I doing wrong? Thanks!",
                "ts": "1569974728.297800",
                "author_id": "WM64B1J4S",
                "author_subname": "Linlin Chen",
                "channel_id": "C8R53SM2A",
                "channel_name": "deepbird-v2-support",
                "is_msg_unfurl": true,
                "is_thread_root_unfurl": true,
                "text": "Hi team, I was using the same codes but trained on GPU instead of CPUs to accelerate the speed, but the training always failed in evaluation stage when it’s to restore the model. Link found at: <http:\/\/atla-eqw-03-sr1.prod.twttr.net:1338\/task\/cortex-m40-devel-linlin_m40_innerproduct05_multipletriplet_mean8192_popcorrectfav_backprop_10_01-0-1ffb389c-444f-40be-9f44-014add0d58bf>\nAny idea what am I doing wrong? Thanks!",
                "author_name": "Linlin Chen",
                "author_link": "https:\/\/twitter.slack.com\/team\/WM64B1J4S",
                "author_icon": "https:\/\/secure.gravatar.com\/avatar\/0abd3cbcdf44514b2719db940c0ab1e5.jpg?s=48&d=https%3A%2F%2Fa.slack-edge.com%2F00b63%2Fimg%2Favatars%2Fava_0010-48.png",
                "mrkdwn_in": [
                    "text"
                ],
                "id": 1,
                "original_url": "https:\/\/twitter.slack.com\/archives\/C8R53SM2A\/p1569974728297800",
                "footer": "Thread in #deepbird-v2-support"
            }
        ],
        "thread_ts": "1570059750.307600",
        "parent_user_id": "WF7NSLPB5"
    },
    {
        "bot_id": "B8A47HZCL",
        "type": "message",
        "text": "FYI: <@W820RFKK6> <@W817G71EC> are now active for oncall",
        "user": "W89H645FB",
        "ts": "1570071746.308300",
        "team": "T86S8GHEG",
        "bot_profile": {
            "id": "B8A47HZCL",
            "deleted": false,
            "name": "bot",
            "updated": 1512499948,
            "app_id": "A0F7YS25R",
            "icons": {
                "image_36": "https:\/\/a.slack-edge.com\/80588\/img\/services\/bots_36.png",
                "image_48": "https:\/\/a.slack-edge.com\/80588\/img\/plugins\/bot\/service_48.png",
                "image_72": "https:\/\/a.slack-edge.com\/80588\/img\/services\/bots_72.png"
            },
            "team_id": "T86S8GHEG"
        }
    }
]