[
    {
        "bot_id": "B8A47HZCL",
        "type": "message",
        "text": "FYI: <@W81EY00N7> <@W8MSTHA74> are now active for oncall",
        "user": "W89H645FB",
        "ts": "1575885748.433200",
        "team": "T86S8GHEG",
        "bot_profile": {
            "id": "B8A47HZCL",
            "deleted": false,
            "name": "bot",
            "updated": 1512499948,
            "app_id": "A0F7YS25R",
            "icons": {
                "image_36": "https:\/\/a.slack-edge.com\/80588\/img\/services\/bots_36.png",
                "image_48": "https:\/\/a.slack-edge.com\/80588\/img\/plugins\/bot\/service_48.png",
                "image_72": "https:\/\/a.slack-edge.com\/80588\/img\/services\/bots_72.png"
            },
            "team_id": "T86S8GHEG"
        }
    },
    {
        "client_msg_id": "8a912274-bd4f-4c76-9111-e5ad64c64cd7",
        "type": "message",
        "text": "I managed to resolve this",
        "user": "W81EZ626P",
        "ts": "1575893177.433300",
        "team": "T86S8GHEG",
        "user_team": "T86S8GHEG",
        "source_team": "T86S8GHEG",
        "user_profile": {
            "avatar_hash": "bb903008f72f",
            "image_72": "https:\/\/avatars.slack-edge.com\/2019-02-05\/542203016800_bb903008f72fbebfcd01_72.png",
            "first_name": "Dan",
            "real_name": "Dan Shiebler",
            "display_name": "dshiebler",
            "team": "T86S8GHEG",
            "name": "dshiebler",
            "is_restricted": false,
            "is_ultra_restricted": false
        },
        "thread_ts": "1575673491.430500",
        "parent_user_id": "W81EZ626P",
        "reactions": [
            {
                "name": "+1::skin-tone-4",
                "users": [
                    "W817G71EC",
                    "W81EY00N7"
                ],
                "count": 2
            }
        ]
    },
    {
        "client_msg_id": "d7b6a584-54a1-4aae-be37-09500d3d7f05",
        "type": "message",
        "text": "<@W81EZ626P> out of curiosity, what was that the fix? it can be helpful if other folks start having the same issue",
        "user": "W81EY00N7",
        "ts": "1575912088.433700",
        "team": "T86S8GHEG",
        "user_team": "T86S8GHEG",
        "source_team": "T86S8GHEG",
        "user_profile": {
            "avatar_hash": "d30a8ec2b572",
            "image_72": "https:\/\/avatars.slack-edge.com\/2019-04-22\/614865012036_d30a8ec2b5727438f308_72.png",
            "first_name": "Briac",
            "real_name": "Briac Marcatte",
            "display_name": "bmarcatte",
            "team": "T86S8GHEG",
            "name": "bmarcatte",
            "is_restricted": false,
            "is_ultra_restricted": false
        },
        "thread_ts": "1575673491.430500",
        "parent_user_id": "W81EZ626P"
    },
    {
        "client_msg_id": "a82f2e63-692e-4133-a150-47aefe6c0f88",
        "type": "message",
        "text": "I needed to add ```\"twml\/runtime\/src\/main\/scala\/com\/twitter\/twml\/runtime\/scalding\",\n        \"twml\/runtime\/src\/main\/thrift:thrift-scala\",``` to the BUILD file",
        "user": "W81EZ626P",
        "ts": "1575912799.433900",
        "team": "T86S8GHEG",
        "user_team": "T86S8GHEG",
        "source_team": "T86S8GHEG",
        "user_profile": {
            "avatar_hash": "bb903008f72f",
            "image_72": "https:\/\/avatars.slack-edge.com\/2019-02-05\/542203016800_bb903008f72fbebfcd01_72.png",
            "first_name": "Dan",
            "real_name": "Dan Shiebler",
            "display_name": "dshiebler",
            "team": "T86S8GHEG",
            "name": "dshiebler",
            "is_restricted": false,
            "is_ultra_restricted": false
        },
        "thread_ts": "1575673491.430500",
        "parent_user_id": "W81EZ626P"
    },
    {
        "client_msg_id": "b071b301-58c2-4d38-958d-ecdf44da0980",
        "type": "message",
        "text": "it’s strange that a missing thrift dep manifested as a NullPointerException rather than a compile error",
        "user": "W81EZ626P",
        "ts": "1575912842.434100",
        "team": "T86S8GHEG",
        "user_team": "T86S8GHEG",
        "source_team": "T86S8GHEG",
        "user_profile": {
            "avatar_hash": "bb903008f72f",
            "image_72": "https:\/\/avatars.slack-edge.com\/2019-02-05\/542203016800_bb903008f72fbebfcd01_72.png",
            "first_name": "Dan",
            "real_name": "Dan Shiebler",
            "display_name": "dshiebler",
            "team": "T86S8GHEG",
            "name": "dshiebler",
            "is_restricted": false,
            "is_ultra_restricted": false
        },
        "thread_ts": "1575673491.430500",
        "parent_user_id": "W81EZ626P"
    },
    {
        "type": "message",
        "text": "<@W89H645FB> can you help me take a look at this issue?\nerror:\n`IOError: Could not find file path '<hdfs:\/\/default\/atla\/procrev\/user\/ads-usermodeling\/universal_lookalike\/dbv2\/cosine_lr\/data\/train\/shard_33\/data\/2019\/12\/05\/*.lzo>`\nBut as I examined:\n```ads-usermodeling[7]smf1-alx-30-sr1[hadoopnest] ~ $ hfls \/atla\/procrev\/user\/ads-usermodeling\/universal_lookalike\/dbv2\/cosine_lr\/data\/train\/shard_33\/data\/2019\/12\/05 | head\nFound 401 items\n-rw-r--r--   3 ads-usermodeling twitter          0 2019-12-08 00:45 \/atla\/procrev\/user\/ads-usermodeling\/universal_lookalike\/dbv2\/cosine_lr\/data\/train\/shard_33\/data\/2019\/12\/05\/_SUCCESS\n-rw-r--r--   3 ads-usermodeling twitter 2444179923 2019-12-08 00:40 \/atla\/procrev\/user\/ads-usermodeling\/universal_lookalike\/dbv2\/cosine_lr\/data\/train\/shard_33\/data\/2019\/12\/05\/part-00000.lzo\n-rw-r--r--   3 ads-usermodeling twitter     297480 2019-12-08 00:40 \/atla\/procrev\/user\/ads-usermodeling\/universal_lookalike\/dbv2\/cosine_lr\/data\/train\/shard_33\/data\/2019\/12\/05\/part-00000.lzo.index\n-rw-r--r--   3 ads-usermodeling twitter 2417532640 2019-12-08 00:40 \/atla\/procrev\/user\/ads-usermodeling\/universal_lookalike\/dbv2\/cosine_lr\/data\/train\/shard_33\/data\/2019\/12\/05\/part-00001.lzo\n-rw-r--r--   3 ads-usermodeling twitter     294560 2019-12-08 00:40 \/atla\/procrev\/user\/ads-usermodeling\/universal_lookalike\/dbv2\/cosine_lr\/data\/train\/shard_33\/data\/2019\/12\/05\/part-00001.lzo.index\n-rw-r--r--   3 ads-usermodeling twitter 2388915046 2019-12-08 00:43 \/atla\/procrev\/user\/ads-usermodeling\/universal_lookalike\/dbv2\/cosine_lr\/data\/train\/shard_33\/data\/2019\/12\/05\/part-00002.lzo\n-rw-r--r--   3 ads-usermodeling twitter     290960 2019-12-08 00:43 \/atla\/procrev\/user\/ads-usermodeling\/universal_lookalike\/dbv2\/cosine_lr\/data\/train\/shard_33\/data\/2019\/12\/05\/part-00002.lzo.index\n-rw-r--r--   3 ads-usermodeling twitter 2433965259 2019-12-08 00:41 \/atla\/procrev\/user\/ads-usermodeling\/universal_lookalike\/dbv2\/cosine_lr\/data\/train\/shard_33\/data\/2019\/12\/05\/part-00003.lzo\n-rw-r--r--   3 ads-usermodeling twitter     296000 2019-12-08 00:41 \/atla\/procrev\/user\/ads-usermodeling\/universal_lookalike\/dbv2\/cosine_lr\/data\/train\/shard_33\/data\/2019\/12\/05\/part-00003.lzo.index```",
        "user": "WGP4AA5F1",
        "ts": "1575916930.434500",
        "team": "T86S8GHEG",
        "user_team": "T86S8GHEG",
        "source_team": "T86S8GHEG",
        "user_profile": {
            "avatar_hash": "g7c5ec51da16",
            "image_72": "https:\/\/secure.gravatar.com\/avatar\/67c5ec51da162daac37e40a72d63bb4c.jpg?s=72&d=https%3A%2F%2Fa.slack-edge.com%2Fdf10d%2Fimg%2Favatars%2Fava_0026-72.png",
            "first_name": "Fang-Yi",
            "real_name": "Fang-Yi Chiu",
            "display_name": "fchiu",
            "team": "T86S8GHEG",
            "name": "fchiu",
            "is_restricted": false,
            "is_ultra_restricted": false
        },
        "edited": {
            "user": "WGP4AA5F1",
            "ts": "1575917023.000000"
        },
        "attachments": [
            {
                "fallback": "[December 9th, 2019 10:07 AM] fchiu: Hi team, could you help me take a look at why this DAG is failing?\nI tried to re-run it, but it didn't work.\n<http:\/\/airflow--prod--ads-usermodeling.service.smf1.twitter.biz\/admin\/airflow\/tree?base_date=2019-12-09+16%3A23%3A00&amp;num_runs=50&amp;root=&amp;dag_id=lal_cosine_lr_shard_33&amp;_csrf_token=IjU2YzFlMWQ1ZWJmMjdhOTBlNGVlYWE5OGVkYzc0ZGNkZjgzMzQ5NmMi.Xe6J1g.ocOF1UeErqW-OCdLFbw9ZNjcSH0>",
                "ts": "1575914848.484900",
                "author_id": "WGP4AA5F1",
                "author_subname": "Fang-Yi Chiu",
                "channel_id": "C8FULTBU1",
                "channel_name": "ml-workflows",
                "is_msg_unfurl": true,
                "is_thread_root_unfurl": true,
                "text": "Hi team, could you help me take a look at why this DAG is failing?\nI tried to re-run it, but it didn't work.\n<http:\/\/airflow--prod--ads-usermodeling.service.smf1.twitter.biz\/admin\/airflow\/tree?base_date=2019-12-09+16%3A23%3A00&amp;num_runs=50&amp;root=&amp;dag_id=lal_cosine_lr_shard_33&amp;_csrf_token=IjU2YzFlMWQ1ZWJmMjdhOTBlNGVlYWE5OGVkYzc0ZGNkZjgzMzQ5NmMi.Xe6J1g.ocOF1UeErqW-OCdLFbw9ZNjcSH0>",
                "author_name": "Fang-Yi Chiu",
                "author_link": "https:\/\/twitter.slack.com\/team\/WGP4AA5F1",
                "author_icon": "https:\/\/secure.gravatar.com\/avatar\/67c5ec51da162daac37e40a72d63bb4c.jpg?s=48&d=https%3A%2F%2Fa.slack-edge.com%2Fdf10d%2Fimg%2Favatars%2Fava_0026-48.png",
                "mrkdwn_in": [
                    "text"
                ],
                "color": "D0D0D0",
                "from_url": "https:\/\/twitter.slack.com\/archives\/C8FULTBU1\/p1575914848484900?thread_ts=1575914848484900&cid=C8FULTBU1",
                "is_share": true,
                "footer": "Thread in #ml-workflows"
            }
        ]
    },
    {
        "bot_id": "B8A47HZCL",
        "type": "message",
        "text": "cc\/ <@W81EY00N7> <@W8MSTHA74>",
        "user": "W89H645FB",
        "ts": "1575916930.434600",
        "team": "T86S8GHEG",
        "bot_profile": {
            "id": "B8A47HZCL",
            "deleted": false,
            "name": "bot",
            "updated": 1512499948,
            "app_id": "A0F7YS25R",
            "icons": {
                "image_36": "https:\/\/a.slack-edge.com\/80588\/img\/services\/bots_36.png",
                "image_48": "https:\/\/a.slack-edge.com\/80588\/img\/plugins\/bot\/service_48.png",
                "image_72": "https:\/\/a.slack-edge.com\/80588\/img\/services\/bots_72.png"
            },
            "team_id": "T86S8GHEG"
        },
        "attachments": [
            {
                "author_name": "Fang-Yi Chiu",
                "text": " can you help me take a look at this issue?",
                "id": 1,
                "author_icon": "https:\/\/secure.gravatar.com\/avatar\/67c5ec51da162daac37e40a72d63bb4c.jpg?s=72&d=https%3A%2F%2Fa.slack-edge.com%2Fdf10d%2Fimg%2Favatars%2Fava_0026-72.png",
                "fallback": " can you help me take a look at this issue?"
            }
        ]
    },
    {
        "client_msg_id": "9016f121-5512-4a08-a134-95c5873894db",
        "type": "message",
        "text": "Hello <@WGP4AA5F1>, your job ran 2 days ago according to <https:\/\/aurora-atla.twitter.biz\/scheduler\/ads-usermodeling\/devel\/lal_cosine_lr_shard_33_20191207T222300000085832f36ed9911afbc151?jobView=history> - the data was just created yesterday I believe:\n```\nhadoop fs -ls \/atla\/procrev\/user\/ads-usermodeling\/universal_lookalike\/dbv2\/cosine_lr\/data\/train\/shard_33\/data\/2019\/12\/05\/part-00000.lzo\n-rw-r--r--   3 ads-usermodeling twitter 2444179923 2019-12-08 00:40 \/atla\/procrev\/user\/ads-usermodeling\/universal_lookalike\/dbv2\/cosine_lr\/data\/train\/shard_33\/data\/2019\/12\/05\/part-00000.lzo\n```",
        "user": "W81EY00N7",
        "ts": "1575917161.436000",
        "team": "T86S8GHEG",
        "user_team": "T86S8GHEG",
        "source_team": "T86S8GHEG",
        "user_profile": {
            "avatar_hash": "d30a8ec2b572",
            "image_72": "https:\/\/avatars.slack-edge.com\/2019-04-22\/614865012036_d30a8ec2b5727438f308_72.png",
            "first_name": "Briac",
            "real_name": "Briac Marcatte",
            "display_name": "bmarcatte",
            "team": "T86S8GHEG",
            "name": "bmarcatte",
            "is_restricted": false,
            "is_ultra_restricted": false
        },
        "thread_ts": "1575917161.436000",
        "reply_count": 18,
        "reply_users_count": 4,
        "latest_reply": "1575926105.440200",
        "reply_users": [
            "WGP4AA5F1",
            "W819HL0SC",
            "W81EY00N7",
            "WHKR8TXPU"
        ],
        "replies": [
            {
                "user": "WGP4AA5F1",
                "ts": "1575918545.436500"
            },
            {
                "user": "WGP4AA5F1",
                "ts": "1575918565.436700"
            },
            {
                "user": "W819HL0SC",
                "ts": "1575918634.436900"
            },
            {
                "user": "W81EY00N7",
                "ts": "1575918708.437200"
            },
            {
                "user": "W81EY00N7",
                "ts": "1575918721.437400"
            },
            {
                "user": "W819HL0SC",
                "ts": "1575918852.437600"
            },
            {
                "user": "W81EY00N7",
                "ts": "1575918869.437800"
            },
            {
                "user": "W81EY00N7",
                "ts": "1575918918.438000"
            },
            {
                "user": "WHKR8TXPU",
                "ts": "1575919680.438400"
            },
            {
                "user": "WHKR8TXPU",
                "ts": "1575919728.438600"
            },
            {
                "user": "WHKR8TXPU",
                "ts": "1575919920.438800"
            },
            {
                "user": "WHKR8TXPU",
                "ts": "1575920538.439000"
            },
            {
                "user": "W819HL0SC",
                "ts": "1575920729.439200"
            },
            {
                "user": "W819HL0SC",
                "ts": "1575920778.439400"
            },
            {
                "user": "WGP4AA5F1",
                "ts": "1575925106.439600"
            },
            {
                "user": "WGP4AA5F1",
                "ts": "1575925149.439800"
            },
            {
                "user": "WHKR8TXPU",
                "ts": "1575926067.440000"
            },
            {
                "user": "W819HL0SC",
                "ts": "1575926105.440200"
            }
        ],
        "subscribed": false
    },
    {
        "client_msg_id": "496f218c-4f30-4d66-90bd-90cd07c337dd",
        "type": "message",
        "text": "so when the job ran, the data didn’t exist",
        "user": "W81EY00N7",
        "ts": "1575917172.436300",
        "team": "T86S8GHEG",
        "user_team": "T86S8GHEG",
        "source_team": "T86S8GHEG",
        "user_profile": {
            "avatar_hash": "d30a8ec2b572",
            "image_72": "https:\/\/avatars.slack-edge.com\/2019-04-22\/614865012036_d30a8ec2b5727438f308_72.png",
            "first_name": "Briac",
            "real_name": "Briac Marcatte",
            "display_name": "bmarcatte",
            "team": "T86S8GHEG",
            "name": "bmarcatte",
            "is_restricted": false,
            "is_ultra_restricted": false
        }
    },
    {
        "client_msg_id": "c091028a-cc73-414e-9c8b-fd8c4e492ea1",
        "type": "message",
        "text": "You are right.  it did not exist at that time. however, it does exist now and I *still* cannot get it run.\n<http:\/\/airflow--prod--ads-usermodeling.service.smf1.twitter.biz\/admin\/airflow\/log?task_id=training&amp;dag_id=lal_cosine_lr_shard_33&amp;execution_date=2019-12-07T22%3A23%3A00%2B00%3A00>",
        "user": "WGP4AA5F1",
        "ts": "1575918545.436500",
        "team": "T86S8GHEG",
        "user_team": "T86S8GHEG",
        "source_team": "T86S8GHEG",
        "user_profile": {
            "avatar_hash": "g7c5ec51da16",
            "image_72": "https:\/\/secure.gravatar.com\/avatar\/67c5ec51da162daac37e40a72d63bb4c.jpg?s=72&d=https%3A%2F%2Fa.slack-edge.com%2Fdf10d%2Fimg%2Favatars%2Fava_0026-72.png",
            "first_name": "Fang-Yi",
            "real_name": "Fang-Yi Chiu",
            "display_name": "fchiu",
            "team": "T86S8GHEG",
            "name": "fchiu",
            "is_restricted": false,
            "is_ultra_restricted": false
        },
        "edited": {
            "user": "WGP4AA5F1",
            "ts": "1575918666.000000"
        },
        "thread_ts": "1575917161.436000",
        "parent_user_id": "W81EY00N7"
    },
    {
        "client_msg_id": "573dcfc7-469d-4bfe-9e24-227c33a7e3ea",
        "type": "message",
        "text": "<@W819HL0SC>",
        "user": "WGP4AA5F1",
        "ts": "1575918565.436700",
        "team": "T86S8GHEG",
        "user_team": "T86S8GHEG",
        "source_team": "T86S8GHEG",
        "user_profile": {
            "avatar_hash": "g7c5ec51da16",
            "image_72": "https:\/\/secure.gravatar.com\/avatar\/67c5ec51da162daac37e40a72d63bb4c.jpg?s=72&d=https%3A%2F%2Fa.slack-edge.com%2Fdf10d%2Fimg%2Favatars%2Fava_0026-72.png",
            "first_name": "Fang-Yi",
            "real_name": "Fang-Yi Chiu",
            "display_name": "fchiu",
            "team": "T86S8GHEG",
            "name": "fchiu",
            "is_restricted": false,
            "is_ultra_restricted": false
        },
        "thread_ts": "1575917161.436000",
        "parent_user_id": "W81EY00N7"
    },
    {
        "client_msg_id": "3bc86174-d161-4aa7-856c-1b0f358da7f2",
        "type": "message",
        "text": "Also noticed this job. <@W81EY00N7> now the log says training job fails as shown in the above log: <http:\/\/airflow--prod--ads-usermodeling.service.smf1.twitter.biz\/admin\/airflow\/log?task_id=training&amp;dag_id=lal_cosine_lr_shard_33&amp;execution_date=2019-12-07T22%3A23%3A00%2B00%3A00>",
        "user": "W819HL0SC",
        "ts": "1575918634.436900",
        "team": "T86S8GHEG",
        "user_team": "T86S8GHEG",
        "source_team": "T86S8GHEG",
        "user_profile": {
            "avatar_hash": "1c5462ac1411",
            "image_72": "https:\/\/avatars.slack-edge.com\/2017-12-15\/288662214503_1c5462ac1411b454880e_72.jpg",
            "first_name": "Steve",
            "real_name": "Steve Gong",
            "display_name": "zgong",
            "team": "T86S8GHEG",
            "name": "zgong",
            "is_restricted": false,
            "is_ultra_restricted": false
        },
        "thread_ts": "1575917161.436000",
        "parent_user_id": "W81EY00N7"
    },
    {
        "client_msg_id": "a4586e9a-0319-4f7a-8f2e-a6de1388928f",
        "type": "message",
        "text": "I cannot access your airflow DAG due to missing authorizations",
        "user": "W81EY00N7",
        "ts": "1575918708.437200",
        "team": "T86S8GHEG",
        "user_team": "T86S8GHEG",
        "source_team": "T86S8GHEG",
        "user_profile": {
            "avatar_hash": "d30a8ec2b572",
            "image_72": "https:\/\/avatars.slack-edge.com\/2019-04-22\/614865012036_d30a8ec2b5727438f308_72.png",
            "first_name": "Briac",
            "real_name": "Briac Marcatte",
            "display_name": "bmarcatte",
            "team": "T86S8GHEG",
            "name": "bmarcatte",
            "is_restricted": false,
            "is_ultra_restricted": false
        },
        "thread_ts": "1575917161.436000",
        "parent_user_id": "W81EY00N7"
    },
    {
        "client_msg_id": "3f6114c8-e413-41a8-9345-25fdf5661943",
        "type": "message",
        "text": "can you link me to your training job?",
        "user": "W81EY00N7",
        "ts": "1575918721.437400",
        "team": "T86S8GHEG",
        "user_team": "T86S8GHEG",
        "source_team": "T86S8GHEG",
        "user_profile": {
            "avatar_hash": "d30a8ec2b572",
            "image_72": "https:\/\/avatars.slack-edge.com\/2019-04-22\/614865012036_d30a8ec2b5727438f308_72.png",
            "first_name": "Briac",
            "real_name": "Briac Marcatte",
            "display_name": "bmarcatte",
            "team": "T86S8GHEG",
            "name": "bmarcatte",
            "is_restricted": false,
            "is_ultra_restricted": false
        },
        "thread_ts": "1575917161.436000",
        "parent_user_id": "W81EY00N7"
    },
    {
        "client_msg_id": "6989828b-d653-4a0e-9c35-f139c1ce19b2",
        "type": "message",
        "text": "<@W81EY00N7> I believe it is this one: <https:\/\/aurora-atla.twitter.biz\/scheduler\/ads-usermodeling\/devel\/lal_cosine_lr_shard_33_20191209T1723000000deec98c2308991b8c5d94>",
        "user": "W819HL0SC",
        "ts": "1575918852.437600",
        "team": "T86S8GHEG",
        "user_team": "T86S8GHEG",
        "source_team": "T86S8GHEG",
        "user_profile": {
            "avatar_hash": "1c5462ac1411",
            "image_72": "https:\/\/avatars.slack-edge.com\/2017-12-15\/288662214503_1c5462ac1411b454880e_72.jpg",
            "first_name": "Steve",
            "real_name": "Steve Gong",
            "display_name": "zgong",
            "team": "T86S8GHEG",
            "name": "zgong",
            "is_restricted": false,
            "is_ultra_restricted": false
        },
        "thread_ts": "1575917161.436000",
        "parent_user_id": "W81EY00N7"
    },
    {
        "client_msg_id": "a9aa3c5a-3bc6-4673-8a84-e28bca6d7842",
        "type": "message",
        "text": "the job seems to be working?",
        "user": "W81EY00N7",
        "ts": "1575918869.437800",
        "team": "T86S8GHEG",
        "user_team": "T86S8GHEG",
        "source_team": "T86S8GHEG",
        "user_profile": {
            "avatar_hash": "d30a8ec2b572",
            "image_72": "https:\/\/avatars.slack-edge.com\/2019-04-22\/614865012036_d30a8ec2b5727438f308_72.png",
            "first_name": "Briac",
            "real_name": "Briac Marcatte",
            "display_name": "bmarcatte",
            "team": "T86S8GHEG",
            "name": "bmarcatte",
            "is_restricted": false,
            "is_ultra_restricted": false
        },
        "thread_ts": "1575917161.436000",
        "parent_user_id": "W81EY00N7"
    },
    {
        "client_msg_id": "6cdeea7d-9e2b-4956-ada5-8cfb80460420",
        "type": "message",
        "text": "<@WHKR8TXPU> ^^ the DAG status doesn’t seem to reflect the training job state",
        "user": "W81EY00N7",
        "ts": "1575918918.438000",
        "team": "T86S8GHEG",
        "user_team": "T86S8GHEG",
        "source_team": "T86S8GHEG",
        "user_profile": {
            "avatar_hash": "d30a8ec2b572",
            "image_72": "https:\/\/avatars.slack-edge.com\/2019-04-22\/614865012036_d30a8ec2b5727438f308_72.png",
            "first_name": "Briac",
            "real_name": "Briac Marcatte",
            "display_name": "bmarcatte",
            "team": "T86S8GHEG",
            "name": "bmarcatte",
            "is_restricted": false,
            "is_ultra_restricted": false
        },
        "thread_ts": "1575917161.436000",
        "parent_user_id": "W81EY00N7"
    },
    {
        "client_msg_id": "c84563e2-1e7f-4e94-b26e-56aa0cbd32cd",
        "type": "message",
        "text": "hmm, I'm a little confused here. The execution date of this log is from 12\/7, is that right? <http:\/\/airflow--prod--ads-usermodeling.service.smf1.twitter.biz\/admin\/airflow\/log?task_id=training&amp;dag_id=lal_cosine_lr_shard_33&amp;execution_date=2019-12-07T22%3A23%3A00%2B00%3A00>",
        "user": "WHKR8TXPU",
        "ts": "1575919680.438400",
        "team": "T86S8GHEG",
        "user_team": "T86S8GHEG",
        "source_team": "T86S8GHEG",
        "user_profile": {
            "avatar_hash": "7df7a4c106a3",
            "image_72": "https:\/\/avatars.slack-edge.com\/2019-04-25\/619063166080_7df7a4c106a39dd37793_72.png",
            "first_name": "Sean",
            "real_name": "Sean McQueen",
            "display_name": "smcqueen",
            "team": "T86S8GHEG",
            "name": "smcqueen",
            "is_restricted": false,
            "is_ultra_restricted": false
        },
        "thread_ts": "1575917161.436000",
        "parent_user_id": "W81EY00N7"
    },
    {
        "client_msg_id": "41db6e34-afd2-4385-b447-c1964a3dac75",
        "type": "message",
        "text": "its referring to this training job, which legitimately failed because the hdfs path didn't exist: <http:\/\/atla-bhh-14-sr1.prod.twttr.net:1338\/task\/ads-usermodeling-devel-lal_cosine_lr_shard_33_20191207T222300000085832f36ed9911afbc151-0-52ba44d9-8352-4313-b4a2-c4429f393013>",
        "user": "WHKR8TXPU",
        "ts": "1575919728.438600",
        "team": "T86S8GHEG",
        "user_team": "T86S8GHEG",
        "source_team": "T86S8GHEG",
        "user_profile": {
            "avatar_hash": "7df7a4c106a3",
            "image_72": "https:\/\/avatars.slack-edge.com\/2019-04-25\/619063166080_7df7a4c106a39dd37793_72.png",
            "first_name": "Sean",
            "real_name": "Sean McQueen",
            "display_name": "smcqueen",
            "team": "T86S8GHEG",
            "name": "smcqueen",
            "is_restricted": false,
            "is_ultra_restricted": false
        },
        "thread_ts": "1575917161.436000",
        "parent_user_id": "W81EY00N7"
    },
    {
        "client_msg_id": "1d600ab4-6fd5-4d92-ab64-e827c0b69f16",
        "type": "message",
        "text": "ah... wait a minute. I have a theory about this that I want to check",
        "user": "WHKR8TXPU",
        "ts": "1575919920.438800",
        "team": "T86S8GHEG",
        "user_team": "T86S8GHEG",
        "source_team": "T86S8GHEG",
        "user_profile": {
            "avatar_hash": "7df7a4c106a3",
            "image_72": "https:\/\/avatars.slack-edge.com\/2019-04-25\/619063166080_7df7a4c106a39dd37793_72.png",
            "first_name": "Sean",
            "real_name": "Sean McQueen",
            "display_name": "smcqueen",
            "team": "T86S8GHEG",
            "name": "smcqueen",
            "is_restricted": false,
            "is_ultra_restricted": false
        },
        "thread_ts": "1575917161.436000",
        "parent_user_id": "W81EY00N7"
    },
    {
        "client_msg_id": "67310650-0b2b-4a58-aa20-65934f5e408e",
        "type": "message",
        "text": "I think we can safely say this isn't a deepbird bug so I am going to go back to our thread in <#C8FULTBU1|ml-workflows> and connect some folks there. I have a theory about why this is happening and we can investigate there. Sorry for the goose chase here. <@WGP4AA5F1>",
        "user": "WHKR8TXPU",
        "ts": "1575920538.439000",
        "team": "T86S8GHEG",
        "user_team": "T86S8GHEG",
        "source_team": "T86S8GHEG",
        "user_profile": {
            "avatar_hash": "7df7a4c106a3",
            "image_72": "https:\/\/avatars.slack-edge.com\/2019-04-25\/619063166080_7df7a4c106a39dd37793_72.png",
            "first_name": "Sean",
            "real_name": "Sean McQueen",
            "display_name": "smcqueen",
            "team": "T86S8GHEG",
            "name": "smcqueen",
            "is_restricted": false,
            "is_ultra_restricted": false
        },
        "thread_ts": "1575917161.436000",
        "parent_user_id": "W81EY00N7"
    },
    {
        "client_msg_id": "24d14d38-e42b-49c5-a18f-b62b057a13a3",
        "type": "message",
        "text": "This is the EagleEye link BTW: <https:\/\/eagleeye.twitter.biz\/apps\/deepbirdv2cosinelogisticregressiontraining--smf1-shard_33-949920788\/history\/deepbird_training\/ads-usermodeling\/PROD> . It says it succeeds just now. I checked the output and it is there, but we cannot tell from the list that which run actually succeeded: <http:\/\/airflow--prod--ads-usermodeling.service.smf1.twitter.biz\/admin\/dagrun\/?flt0_dag_id_equals=lal_cosine_lr_shard_33>",
        "user": "W819HL0SC",
        "ts": "1575920729.439200",
        "team": "T86S8GHEG",
        "user_team": "T86S8GHEG",
        "source_team": "T86S8GHEG",
        "user_profile": {
            "avatar_hash": "1c5462ac1411",
            "image_72": "https:\/\/avatars.slack-edge.com\/2017-12-15\/288662214503_1c5462ac1411b454880e_72.jpg",
            "first_name": "Steve",
            "real_name": "Steve Gong",
            "display_name": "zgong",
            "team": "T86S8GHEG",
            "name": "zgong",
            "is_restricted": false,
            "is_ultra_restricted": false
        },
        "thread_ts": "1575917161.436000",
        "parent_user_id": "W81EY00N7"
    },
    {
        "client_msg_id": "befcc547-8772-479f-80ee-564f19128e91",
        "type": "message",
        "text": "I think this is because we marked “Skipped” as “Success”. I think this is partly because our recent refactor of the job’s dependencies. We are working on fixing it.",
        "user": "W819HL0SC",
        "ts": "1575920778.439400",
        "team": "T86S8GHEG",
        "user_team": "T86S8GHEG",
        "source_team": "T86S8GHEG",
        "user_profile": {
            "avatar_hash": "1c5462ac1411",
            "image_72": "https:\/\/avatars.slack-edge.com\/2017-12-15\/288662214503_1c5462ac1411b454880e_72.jpg",
            "first_name": "Steve",
            "real_name": "Steve Gong",
            "display_name": "zgong",
            "team": "T86S8GHEG",
            "name": "zgong",
            "is_restricted": false,
            "is_ultra_restricted": false
        },
        "thread_ts": "1575917161.436000",
        "parent_user_id": "W81EY00N7"
    },
    {
        "client_msg_id": "63813692-a2ac-42fa-b878-8e0b86131b91",
        "type": "message",
        "text": "<@WHKR8TXPU> shall we just use this thread to followup?",
        "user": "WGP4AA5F1",
        "ts": "1575925106.439600",
        "team": "T86S8GHEG",
        "user_team": "T86S8GHEG",
        "source_team": "T86S8GHEG",
        "user_profile": {
            "avatar_hash": "g7c5ec51da16",
            "image_72": "https:\/\/secure.gravatar.com\/avatar\/67c5ec51da162daac37e40a72d63bb4c.jpg?s=72&d=https%3A%2F%2Fa.slack-edge.com%2Fdf10d%2Fimg%2Favatars%2Fava_0026-72.png",
            "first_name": "Fang-Yi",
            "real_name": "Fang-Yi Chiu",
            "display_name": "fchiu",
            "team": "T86S8GHEG",
            "name": "fchiu",
            "is_restricted": false,
            "is_ultra_restricted": false
        },
        "thread_ts": "1575917161.436000",
        "parent_user_id": "W81EY00N7"
    },
    {
        "client_msg_id": "2a0297cc-9339-45e4-9ed6-f14957664d6a",
        "type": "message",
        "text": "<@WHKR8TXPU> from the latest run, it did not succeed. It says there is some repeated run.\n<http:\/\/airflow--prod--ads-usermodeling.service.smf1.twitter.biz\/admin\/airflow\/tree?base_date=2019-12-09+19%3A23%3A00&amp;num_runs=100&amp;root=&amp;dag_id=lal_cosine_lr_shard_33&amp;_csrf_token=IjU2YzFlMWQ1ZWJmMjdhOTBlNGVlYWE5OGVkYzc0ZGNkZjgzMzQ5NmMi.Xe6wGQ.4TEbUOzwaQ4oBYz3yHUVham3ooo>",
        "user": "WGP4AA5F1",
        "ts": "1575925149.439800",
        "team": "T86S8GHEG",
        "user_team": "T86S8GHEG",
        "source_team": "T86S8GHEG",
        "user_profile": {
            "avatar_hash": "g7c5ec51da16",
            "image_72": "https:\/\/secure.gravatar.com\/avatar\/67c5ec51da162daac37e40a72d63bb4c.jpg?s=72&d=https%3A%2F%2Fa.slack-edge.com%2Fdf10d%2Fimg%2Favatars%2Fava_0026-72.png",
            "first_name": "Fang-Yi",
            "real_name": "Fang-Yi Chiu",
            "display_name": "fchiu",
            "team": "T86S8GHEG",
            "name": "fchiu",
            "is_restricted": false,
            "is_ultra_restricted": false
        },
        "thread_ts": "1575917161.436000",
        "parent_user_id": "W81EY00N7"
    },
    {
        "client_msg_id": "b919f389-475b-4d00-bbf0-ce61cb0a8e9b",
        "type": "message",
        "text": "I'd rather use the <#C8FULTBU1|ml-workflows> thread because this isn't about deepbird so its confusing to use this support channel",
        "user": "WHKR8TXPU",
        "ts": "1575926067.440000",
        "team": "T86S8GHEG",
        "user_team": "T86S8GHEG",
        "source_team": "T86S8GHEG",
        "user_profile": {
            "avatar_hash": "7df7a4c106a3",
            "image_72": "https:\/\/avatars.slack-edge.com\/2019-04-25\/619063166080_7df7a4c106a39dd37793_72.png",
            "first_name": "Sean",
            "real_name": "Sean McQueen",
            "display_name": "smcqueen",
            "team": "T86S8GHEG",
            "name": "smcqueen",
            "is_restricted": false,
            "is_ultra_restricted": false
        },
        "thread_ts": "1575917161.436000",
        "parent_user_id": "W81EY00N7"
    },
    {
        "client_msg_id": "cf3b3dd3-5bd1-474c-aaa2-3a0707b935a6",
        "type": "message",
        "text": "Yep will find more helps in <#C8FULTBU1|ml-workflows> . Thanks!",
        "user": "W819HL0SC",
        "ts": "1575926105.440200",
        "team": "T86S8GHEG",
        "user_team": "T86S8GHEG",
        "source_team": "T86S8GHEG",
        "user_profile": {
            "avatar_hash": "1c5462ac1411",
            "image_72": "https:\/\/avatars.slack-edge.com\/2017-12-15\/288662214503_1c5462ac1411b454880e_72.jpg",
            "first_name": "Steve",
            "real_name": "Steve Gong",
            "display_name": "zgong",
            "team": "T86S8GHEG",
            "name": "zgong",
            "is_restricted": false,
            "is_ultra_restricted": false
        },
        "thread_ts": "1575917161.436000",
        "parent_user_id": "W81EY00N7"
    },
    {
        "client_msg_id": "891d22e5-cd75-4721-bd93-f808d4a47ca6",
        "type": "message",
        "text": "I don't understand the output of this training job. I've got logging errors during `adding summary for:` related to the bias, it was hanging for a long time after `local_init_op`, and now it's complaining about missing `saved_models` files on hdfs\n<http:\/\/smf1-cyf-31-sr1.prod.twitter.com:1338\/task\/pgautier-devel-test-rux-two-tower_1575929014-0-b62997ea-a181-4f14-958c-7fe22c5bb3d9>",
        "user": "WM1F2KD9A",
        "ts": "1575931616.442500",
        "team": "T86S8GHEG",
        "user_team": "T86S8GHEG",
        "source_team": "T86S8GHEG",
        "user_profile": {
            "avatar_hash": "2ebb76d58dc2",
            "image_72": "https:\/\/avatars.slack-edge.com\/2019-09-03\/747014122688_2ebb76d58dc25f282da0_72.jpg",
            "first_name": "Phil",
            "real_name": "Phil Gautier",
            "display_name": "pgautier",
            "team": "T86S8GHEG",
            "name": "pgautier",
            "is_restricted": false,
            "is_ultra_restricted": false
        },
        "thread_ts": "1575931616.442500",
        "reply_count": 3,
        "reply_users_count": 1,
        "latest_reply": "1575999241.443600",
        "reply_users": [
            "WM1F2KD9A"
        ],
        "replies": [
            {
                "user": "WM1F2KD9A",
                "ts": "1575991721.443200"
            },
            {
                "user": "WM1F2KD9A",
                "ts": "1575991744.443400"
            },
            {
                "user": "WM1F2KD9A",
                "ts": "1575999241.443600"
            }
        ],
        "subscribed": false
    },
    {
        "client_msg_id": "cf774ddc-3da1-4fc7-b27f-67c5cb34ee87",
        "type": "message",
        "text": "predictionservice",
        "user": "WL40H4G95",
        "ts": "1575933352.442700",
        "team": "T86S8GHEG",
        "user_team": "T86S8GHEG",
        "source_team": "T86S8GHEG",
        "user_profile": {
            "avatar_hash": "1d15d2d93001",
            "image_72": "https:\/\/avatars.slack-edge.com\/2019-08-11\/723200004448_1d15d2d93001962e36fa_72.jpg",
            "first_name": "Yi-Chin",
            "real_name": "Yi-Chin Wu",
            "display_name": "yichinw",
            "team": "T86S8GHEG",
            "name": "yichinw",
            "is_restricted": false,
            "is_ultra_restricted": false
        },
        "thread_ts": "1575933352.442700",
        "reply_count": 1,
        "reply_users_count": 1,
        "latest_reply": "1575933421.442800",
        "reply_users": [
            "WL40H4G95"
        ],
        "replies": [
            {
                "user": "WL40H4G95",
                "ts": "1575933421.442800"
            }
        ],
        "subscribed": false
    },
    {
        "client_msg_id": "5da3426f-76c5-47eb-b2b1-a13be925f6ce",
        "type": "message",
        "text": "sorry please ignore this message. I wasn't able to delete it. I meant to search :slightly_smiling_face:",
        "user": "WL40H4G95",
        "ts": "1575933421.442800",
        "team": "T86S8GHEG",
        "user_team": "T86S8GHEG",
        "source_team": "T86S8GHEG",
        "user_profile": {
            "avatar_hash": "1d15d2d93001",
            "image_72": "https:\/\/avatars.slack-edge.com\/2019-08-11\/723200004448_1d15d2d93001962e36fa_72.jpg",
            "first_name": "Yi-Chin",
            "real_name": "Yi-Chin Wu",
            "display_name": "yichinw",
            "team": "T86S8GHEG",
            "name": "yichinw",
            "is_restricted": false,
            "is_ultra_restricted": false
        },
        "edited": {
            "user": "WL40H4G95",
            "ts": "1575933484.000000"
        },
        "thread_ts": "1575933352.442700",
        "parent_user_id": "WL40H4G95"
    }
]