[
    {
        "client_msg_id": "08c05bf0-16f4-458f-a696-f3b0e982d5d5",
        "type": "message",
        "text": "Hi <@W81EY00N7>, I re-launched the job (with 1 epoch and less records) yesterday and its still running: <https:\/\/aurora-atla.twitter.biz\/scheduler\/cortex-k80\/devel\/adult_v1_1581621833>",
        "user": "WCAVBTCRK",
        "ts": "1581708647.477100",
        "team": "T86S8GHEG",
        "user_team": "T86S8GHEG",
        "source_team": "T86S8GHEG",
        "user_profile": {
            "avatar_hash": "cd66cea6b4e8",
            "image_72": "https:\/\/avatars.slack-edge.com\/2019-10-03\/776910509537_cd66cea6b4e8b253267e_72.jpg",
            "first_name": "Gurnoor",
            "real_name": "Gurnoor Bhatia",
            "display_name": "gbhatia",
            "team": "T86S8GHEG",
            "name": "gbhatia",
            "is_restricted": false,
            "is_ultra_restricted": false
        },
        "blocks": [
            {
                "type": "rich_text",
                "block_id": "Aga",
                "elements": [
                    {
                        "type": "rich_text_section",
                        "elements": [
                            {
                                "type": "text",
                                "text": "Hi "
                            },
                            {
                                "type": "user",
                                "user_id": "W81EY00N7"
                            },
                            {
                                "type": "text",
                                "text": ", I re-launched the job (with 1 epoch and less records) yesterday and its still running: "
                            },
                            {
                                "type": "link",
                                "url": "https:\/\/aurora-atla.twitter.biz\/scheduler\/cortex-k80\/devel\/adult_v1_1581621833"
                            }
                        ]
                    }
                ]
            }
        ],
        "thread_ts": "1581472757.389300",
        "parent_user_id": "WCAVBTCRK"
    },
    {
        "client_msg_id": "60051f6a-3ece-4887-9fa4-097990e53bf9",
        "type": "message",
        "text": "Hey dbv2,\nIs there a way to print sparse tensors ? (something like tf.Print, as tf.Print doesnt work for sparse tensors)",
        "user": "WM4TBECNP",
        "ts": "1581715505.478400",
        "team": "T86S8GHEG",
        "user_team": "T86S8GHEG",
        "source_team": "T86S8GHEG",
        "user_profile": {
            "avatar_hash": "9d964e04dccf",
            "image_72": "https:\/\/avatars.slack-edge.com\/2019-11-26\/850932779813_9d964e04dccfb13c432a_72.jpg",
            "first_name": "Suvadip",
            "real_name": "Suvadip Paul",
            "display_name": "suvadipp",
            "team": "T86S8GHEG",
            "name": "suvadipp",
            "is_restricted": false,
            "is_ultra_restricted": false
        },
        "blocks": [
            {
                "type": "rich_text",
                "block_id": "P2Lkp",
                "elements": [
                    {
                        "type": "rich_text_section",
                        "elements": [
                            {
                                "type": "text",
                                "text": "Hey dbv2,\nIs there a way to print sparse tensors ? (something like tf.Print, as tf.Print doesnt work for sparse tensors)"
                            }
                        ]
                    }
                ]
            }
        ],
        "thread_ts": "1581715505.478400",
        "reply_count": 15,
        "reply_users_count": 4,
        "latest_reply": "1582051466.490100",
        "reply_users": [
            "W81EY00N7",
            "WM4TBECNP",
            "W817G71EC",
            "W820RFKK6"
        ],
        "replies": [
            {
                "user": "W81EY00N7",
                "ts": "1581715638.478900"
            },
            {
                "user": "WM4TBECNP",
                "ts": "1581715738.479300"
            },
            {
                "user": "WM4TBECNP",
                "ts": "1581715786.479700"
            },
            {
                "user": "W81EY00N7",
                "ts": "1581715847.479900"
            },
            {
                "user": "WM4TBECNP",
                "ts": "1581715945.480400"
            },
            {
                "user": "W81EY00N7",
                "ts": "1581716477.480700"
            },
            {
                "user": "WM4TBECNP",
                "ts": "1581717065.482600"
            },
            {
                "user": "WM4TBECNP",
                "ts": "1581717078.482800"
            },
            {
                "user": "WM4TBECNP",
                "ts": "1581717082.483000"
            },
            {
                "user": "W817G71EC",
                "ts": "1581717796.483200"
            },
            {
                "user": "W820RFKK6",
                "ts": "1581718651.483500"
            },
            {
                "user": "WM4TBECNP",
                "ts": "1581724220.484900"
            },
            {
                "user": "WM4TBECNP",
                "ts": "1581724307.485200"
            },
            {
                "user": "W81EY00N7",
                "ts": "1582039285.488400"
            },
            {
                "user": "W820RFKK6",
                "ts": "1582051466.490100"
            }
        ],
        "subscribed": false
    },
    {
        "client_msg_id": "447831f4-39d7-4f67-8786-0d4b45a0299d",
        "type": "message",
        "text": "Hello <@W813WAF3K>, this means that you might have missing python dependencies at runtime",
        "user": "W81EY00N7",
        "ts": "1581715563.478500",
        "team": "T86S8GHEG",
        "user_team": "T86S8GHEG",
        "source_team": "T86S8GHEG",
        "user_profile": {
            "avatar_hash": "d30a8ec2b572",
            "image_72": "https:\/\/avatars.slack-edge.com\/2019-04-22\/614865012036_d30a8ec2b5727438f308_72.png",
            "first_name": "Briac",
            "real_name": "Briac Marcatte",
            "display_name": "bmarcatte",
            "team": "T86S8GHEG",
            "name": "bmarcatte",
            "is_restricted": false,
            "is_ultra_restricted": false
        },
        "blocks": [
            {
                "type": "rich_text",
                "block_id": "jJz",
                "elements": [
                    {
                        "type": "rich_text_section",
                        "elements": [
                            {
                                "type": "text",
                                "text": "Hello "
                            },
                            {
                                "type": "user",
                                "user_id": "W813WAF3K"
                            },
                            {
                                "type": "text",
                                "text": ", this means that you might have missing python dependencies at runtime"
                            }
                        ]
                    }
                ]
            }
        ],
        "thread_ts": "1581641710.476900",
        "parent_user_id": "W813WAF3K"
    },
    {
        "client_msg_id": "652cada1-1298-468a-b69f-36eaa29b5ced",
        "type": "message",
        "text": "if your code runs okay, you don’t have to be concerned",
        "user": "W81EY00N7",
        "ts": "1581715576.478700",
        "team": "T86S8GHEG",
        "user_team": "T86S8GHEG",
        "source_team": "T86S8GHEG",
        "user_profile": {
            "avatar_hash": "d30a8ec2b572",
            "image_72": "https:\/\/avatars.slack-edge.com\/2019-04-22\/614865012036_d30a8ec2b5727438f308_72.png",
            "first_name": "Briac",
            "real_name": "Briac Marcatte",
            "display_name": "bmarcatte",
            "team": "T86S8GHEG",
            "name": "bmarcatte",
            "is_restricted": false,
            "is_ultra_restricted": false
        },
        "blocks": [
            {
                "type": "rich_text",
                "block_id": "Q5O",
                "elements": [
                    {
                        "type": "rich_text_section",
                        "elements": [
                            {
                                "type": "text",
                                "text": "if your code runs okay, you don’t have to be concerned"
                            }
                        ]
                    }
                ]
            }
        ],
        "thread_ts": "1581641710.476900",
        "parent_user_id": "W813WAF3K"
    },
    {
        "client_msg_id": "44f7c57b-6c4d-4a00-b84d-4ce9aada949d",
        "type": "message",
        "text": "Hello <@WM4TBECNP>, tf.Print can work for sparse tensors I believe by printing the indices \/ values \/ dense shape separately",
        "user": "W81EY00N7",
        "ts": "1581715638.478900",
        "team": "T86S8GHEG",
        "user_team": "T86S8GHEG",
        "source_team": "T86S8GHEG",
        "user_profile": {
            "avatar_hash": "d30a8ec2b572",
            "image_72": "https:\/\/avatars.slack-edge.com\/2019-04-22\/614865012036_d30a8ec2b5727438f308_72.png",
            "first_name": "Briac",
            "real_name": "Briac Marcatte",
            "display_name": "bmarcatte",
            "team": "T86S8GHEG",
            "name": "bmarcatte",
            "is_restricted": false,
            "is_ultra_restricted": false
        },
        "blocks": [
            {
                "type": "rich_text",
                "block_id": "dvN",
                "elements": [
                    {
                        "type": "rich_text_section",
                        "elements": [
                            {
                                "type": "text",
                                "text": "Hello "
                            },
                            {
                                "type": "user",
                                "user_id": "WM4TBECNP"
                            },
                            {
                                "type": "text",
                                "text": ", tf.Print can work for sparse tensors I believe by printing the indices \/ values \/ dense shape separately"
                            }
                        ]
                    }
                ]
            }
        ],
        "thread_ts": "1581715505.478400",
        "parent_user_id": "WM4TBECNP"
    },
    {
        "client_msg_id": "3c1713ac-4fa5-457f-971a-4b06e9ef0dd4",
        "type": "message",
        "text": "Looking",
        "user": "W81EY00N7",
        "ts": "1581715661.479100",
        "team": "T86S8GHEG",
        "user_team": "T86S8GHEG",
        "source_team": "T86S8GHEG",
        "user_profile": {
            "avatar_hash": "d30a8ec2b572",
            "image_72": "https:\/\/avatars.slack-edge.com\/2019-04-22\/614865012036_d30a8ec2b5727438f308_72.png",
            "first_name": "Briac",
            "real_name": "Briac Marcatte",
            "display_name": "bmarcatte",
            "team": "T86S8GHEG",
            "name": "bmarcatte",
            "is_restricted": false,
            "is_ultra_restricted": false
        },
        "blocks": [
            {
                "type": "rich_text",
                "block_id": "rgMNH",
                "elements": [
                    {
                        "type": "rich_text_section",
                        "elements": [
                            {
                                "type": "text",
                                "text": "Looking"
                            }
                        ]
                    }
                ]
            }
        ],
        "thread_ts": "1581472757.389300",
        "parent_user_id": "WCAVBTCRK"
    },
    {
        "client_msg_id": "3af93c82-15c6-414b-81a0-ec0a4f56d60c",
        "type": "message",
        "text": "This is the error I get when I try to do that\n```TypeError: Failed to convert object of type &lt;class 'tensorflow.python.framework.sparse_tensor.SparseTensor'&gt; to Tensor. Contents: SparseTensor(indices=Tensor(\"ads_mlp_calibration\/model\/stack:0\", dtype=int64), values=Tensor(\"ads_mlp_calibration\/model\/DynamicPartition_2:0\", dtype=float32), dense_shape=Tensor(\"ads_mlp_calibration\/model\/dense_shape:0\", shape=(2,), dtype=int64)). Consider casting elements to a supported type. ```",
        "user": "WM4TBECNP",
        "ts": "1581715738.479300",
        "team": "T86S8GHEG",
        "user_team": "T86S8GHEG",
        "source_team": "T86S8GHEG",
        "user_profile": {
            "avatar_hash": "9d964e04dccf",
            "image_72": "https:\/\/avatars.slack-edge.com\/2019-11-26\/850932779813_9d964e04dccfb13c432a_72.jpg",
            "first_name": "Suvadip",
            "real_name": "Suvadip Paul",
            "display_name": "suvadipp",
            "team": "T86S8GHEG",
            "name": "suvadipp",
            "is_restricted": false,
            "is_ultra_restricted": false
        },
        "blocks": [
            {
                "type": "rich_text",
                "block_id": "kDRj",
                "elements": [
                    {
                        "type": "rich_text_section",
                        "elements": [
                            {
                                "type": "text",
                                "text": "This is the error I get when I try to do that\n"
                            }
                        ]
                    },
                    {
                        "type": "rich_text_preformatted",
                        "elements": [
                            {
                                "type": "text",
                                "text": "TypeError: Failed to convert object of type <class 'tensorflow.python.framework.sparse_tensor.SparseTensor'> to Tensor. Contents: SparseTensor(indices=Tensor(\"ads_mlp_calibration\/model\/stack:0\", dtype=int64), values=Tensor(\"ads_mlp_calibration\/model\/DynamicPartition_2:0\", dtype=float32), dense_shape=Tensor(\"ads_mlp_calibration\/model\/dense_shape:0\", shape=(2,), dtype=int64)). Consider casting elements to a supported type. "
                            }
                        ]
                    }
                ]
            }
        ],
        "thread_ts": "1581715505.478400",
        "parent_user_id": "WM4TBECNP"
    },
    {
        "client_msg_id": "c2c8b475-3410-44df-ae51-142e7a0c0934",
        "type": "message",
        "text": "This is definitely surprising",
        "user": "W81EY00N7",
        "ts": "1581715767.479500",
        "team": "T86S8GHEG",
        "user_team": "T86S8GHEG",
        "source_team": "T86S8GHEG",
        "user_profile": {
            "avatar_hash": "d30a8ec2b572",
            "image_72": "https:\/\/avatars.slack-edge.com\/2019-04-22\/614865012036_d30a8ec2b5727438f308_72.png",
            "first_name": "Briac",
            "real_name": "Briac Marcatte",
            "display_name": "bmarcatte",
            "team": "T86S8GHEG",
            "name": "bmarcatte",
            "is_restricted": false,
            "is_ultra_restricted": false
        },
        "blocks": [
            {
                "type": "rich_text",
                "block_id": "Vtks",
                "elements": [
                    {
                        "type": "rich_text_section",
                        "elements": [
                            {
                                "type": "text",
                                "text": "This is definitely surprising"
                            }
                        ]
                    }
                ]
            }
        ],
        "thread_ts": "1581472757.389300",
        "parent_user_id": "WCAVBTCRK"
    },
    {
        "client_msg_id": "dd61f777-6d23-444b-9535-4ddfe7c52041",
        "type": "message",
        "text": "Basically its asking me to cast to dense if I want to use tf.Print()",
        "user": "WM4TBECNP",
        "ts": "1581715786.479700",
        "team": "T86S8GHEG",
        "user_team": "T86S8GHEG",
        "source_team": "T86S8GHEG",
        "user_profile": {
            "avatar_hash": "9d964e04dccf",
            "image_72": "https:\/\/avatars.slack-edge.com\/2019-11-26\/850932779813_9d964e04dccfb13c432a_72.jpg",
            "first_name": "Suvadip",
            "real_name": "Suvadip Paul",
            "display_name": "suvadipp",
            "team": "T86S8GHEG",
            "name": "suvadipp",
            "is_restricted": false,
            "is_ultra_restricted": false
        },
        "blocks": [
            {
                "type": "rich_text",
                "block_id": "clr",
                "elements": [
                    {
                        "type": "rich_text_section",
                        "elements": [
                            {
                                "type": "text",
                                "text": "Basically its asking me to cast to dense if I want to use tf.Print()"
                            }
                        ]
                    }
                ]
            }
        ],
        "thread_ts": "1581715505.478400",
        "parent_user_id": "WM4TBECNP"
    },
    {
        "client_msg_id": "9ab6fedf-6ab2-4e47-b229-b7b13f135510",
        "type": "message",
        "text": "have you tried printing `mySparseTensor.indices`, `mySparseTensor.values` and `mySparseTensor.dense_shape` separately?",
        "user": "W81EY00N7",
        "ts": "1581715847.479900",
        "team": "T86S8GHEG",
        "user_team": "T86S8GHEG",
        "source_team": "T86S8GHEG",
        "user_profile": {
            "avatar_hash": "d30a8ec2b572",
            "image_72": "https:\/\/avatars.slack-edge.com\/2019-04-22\/614865012036_d30a8ec2b5727438f308_72.png",
            "first_name": "Briac",
            "real_name": "Briac Marcatte",
            "display_name": "bmarcatte",
            "team": "T86S8GHEG",
            "name": "bmarcatte",
            "is_restricted": false,
            "is_ultra_restricted": false
        },
        "edited": {
            "user": "W81EY00N7",
            "ts": "1581715857.000000"
        },
        "blocks": [
            {
                "type": "rich_text",
                "block_id": "rLRP",
                "elements": [
                    {
                        "type": "rich_text_section",
                        "elements": [
                            {
                                "type": "text",
                                "text": "have you tried printing "
                            },
                            {
                                "type": "text",
                                "text": "mySparseTensor.indices",
                                "style": {
                                    "code": true
                                }
                            },
                            {
                                "type": "text",
                                "text": ", "
                            },
                            {
                                "type": "text",
                                "text": "mySparseTensor.values",
                                "style": {
                                    "code": true
                                }
                            },
                            {
                                "type": "text",
                                "text": " and "
                            },
                            {
                                "type": "text",
                                "text": "mySparseTensor.dense_shape",
                                "style": {
                                    "code": true
                                }
                            },
                            {
                                "type": "text",
                                "text": " separately?"
                            }
                        ]
                    }
                ]
            }
        ],
        "thread_ts": "1581715505.478400",
        "parent_user_id": "WM4TBECNP",
        "reactions": [
            {
                "name": "plus1",
                "users": [
                    "WAX2RDTGB"
                ],
                "count": 1
            }
        ]
    },
    {
        "client_msg_id": "330748cf-ac48-47ce-8a06-ef94d62da73e",
        "type": "message",
        "text": "Are you aware of any large variables that you could have in your graph that would take time to write to HDFS?",
        "user": "W81EY00N7",
        "ts": "1581715878.480200",
        "team": "T86S8GHEG",
        "user_team": "T86S8GHEG",
        "source_team": "T86S8GHEG",
        "user_profile": {
            "avatar_hash": "d30a8ec2b572",
            "image_72": "https:\/\/avatars.slack-edge.com\/2019-04-22\/614865012036_d30a8ec2b5727438f308_72.png",
            "first_name": "Briac",
            "real_name": "Briac Marcatte",
            "display_name": "bmarcatte",
            "team": "T86S8GHEG",
            "name": "bmarcatte",
            "is_restricted": false,
            "is_ultra_restricted": false
        },
        "blocks": [
            {
                "type": "rich_text",
                "block_id": "mKPq",
                "elements": [
                    {
                        "type": "rich_text_section",
                        "elements": [
                            {
                                "type": "text",
                                "text": "Are you aware of any large variables that you could have in your graph that would take time to write to HDFS?"
                            }
                        ]
                    }
                ]
            }
        ],
        "thread_ts": "1581472757.389300",
        "parent_user_id": "WCAVBTCRK"
    },
    {
        "client_msg_id": "44e347da-3534-40a8-91f9-c3454f592ed2",
        "type": "message",
        "text": "Pretty sure I also tried that for mySparseTensor.values, but let me try it again!",
        "user": "WM4TBECNP",
        "ts": "1581715945.480400",
        "team": "T86S8GHEG",
        "user_team": "T86S8GHEG",
        "source_team": "T86S8GHEG",
        "user_profile": {
            "avatar_hash": "9d964e04dccf",
            "image_72": "https:\/\/avatars.slack-edge.com\/2019-11-26\/850932779813_9d964e04dccfb13c432a_72.jpg",
            "first_name": "Suvadip",
            "real_name": "Suvadip Paul",
            "display_name": "suvadipp",
            "team": "T86S8GHEG",
            "name": "suvadipp",
            "is_restricted": false,
            "is_ultra_restricted": false
        },
        "blocks": [
            {
                "type": "rich_text",
                "block_id": "1P0P",
                "elements": [
                    {
                        "type": "rich_text_section",
                        "elements": [
                            {
                                "type": "text",
                                "text": "Pretty sure I also tried that for mySparseTensor.values, but let me try it again!"
                            }
                        ]
                    }
                ]
            }
        ],
        "thread_ts": "1581715505.478400",
        "parent_user_id": "WM4TBECNP"
    },
    {
        "client_msg_id": "6d377aae-714f-4633-841f-c87597a209c2",
        "type": "message",
        "text": "note that your sparse tensor might be large so you might want to peak into specific feature ids",
        "user": "W81EY00N7",
        "ts": "1581716477.480700",
        "team": "T86S8GHEG",
        "user_team": "T86S8GHEG",
        "source_team": "T86S8GHEG",
        "user_profile": {
            "avatar_hash": "d30a8ec2b572",
            "image_72": "https:\/\/avatars.slack-edge.com\/2019-04-22\/614865012036_d30a8ec2b5727438f308_72.png",
            "first_name": "Briac",
            "real_name": "Briac Marcatte",
            "display_name": "bmarcatte",
            "team": "T86S8GHEG",
            "name": "bmarcatte",
            "is_restricted": false,
            "is_ultra_restricted": false
        },
        "blocks": [
            {
                "type": "rich_text",
                "block_id": "mol",
                "elements": [
                    {
                        "type": "rich_text_section",
                        "elements": [
                            {
                                "type": "text",
                                "text": "note that your sparse tensor might be large so you might want to peak into specific feature ids"
                            }
                        ]
                    }
                ]
            }
        ],
        "thread_ts": "1581715505.478400",
        "parent_user_id": "WM4TBECNP"
    },
    {
        "client_msg_id": "828d0528-b8f6-4dfe-bbc1-cdeaee8c6727",
        "type": "message",
        "text": "<@WCAVBTCRK> I am going to go ahead and create a JIRA ticket for this",
        "user": "W81EY00N7",
        "ts": "1581716491.480900",
        "team": "T86S8GHEG",
        "user_team": "T86S8GHEG",
        "source_team": "T86S8GHEG",
        "user_profile": {
            "avatar_hash": "d30a8ec2b572",
            "image_72": "https:\/\/avatars.slack-edge.com\/2019-04-22\/614865012036_d30a8ec2b5727438f308_72.png",
            "first_name": "Briac",
            "real_name": "Briac Marcatte",
            "display_name": "bmarcatte",
            "team": "T86S8GHEG",
            "name": "bmarcatte",
            "is_restricted": false,
            "is_ultra_restricted": false
        },
        "blocks": [
            {
                "type": "rich_text",
                "block_id": "0Abo",
                "elements": [
                    {
                        "type": "rich_text_section",
                        "elements": [
                            {
                                "type": "user",
                                "user_id": "WCAVBTCRK"
                            },
                            {
                                "type": "text",
                                "text": " I am going to go ahead and create a JIRA ticket for this"
                            }
                        ]
                    }
                ]
            }
        ],
        "thread_ts": "1581472757.389300",
        "parent_user_id": "WCAVBTCRK",
        "reactions": [
            {
                "name": "thanks",
                "users": [
                    "WCAVBTCRK"
                ],
                "count": 1
            }
        ]
    },
    {
        "client_msg_id": "556fd21a-0c6b-4e78-aabb-84dcce57eafa",
        "type": "message",
        "text": "where is your model.py?",
        "user": "W81EY00N7",
        "ts": "1581716512.481200",
        "team": "T86S8GHEG",
        "user_team": "T86S8GHEG",
        "source_team": "T86S8GHEG",
        "user_profile": {
            "avatar_hash": "d30a8ec2b572",
            "image_72": "https:\/\/avatars.slack-edge.com\/2019-04-22\/614865012036_d30a8ec2b5727438f308_72.png",
            "first_name": "Briac",
            "real_name": "Briac Marcatte",
            "display_name": "bmarcatte",
            "team": "T86S8GHEG",
            "name": "bmarcatte",
            "is_restricted": false,
            "is_ultra_restricted": false
        },
        "blocks": [
            {
                "type": "rich_text",
                "block_id": "Ydznh",
                "elements": [
                    {
                        "type": "rich_text_section",
                        "elements": [
                            {
                                "type": "text",
                                "text": "where is your model.py?"
                            }
                        ]
                    }
                ]
            }
        ],
        "thread_ts": "1581472757.389300",
        "parent_user_id": "WCAVBTCRK"
    },
    {
        "client_msg_id": "15a3bae1-39da-4c95-91e9-1f1aa36b8737",
        "type": "message",
        "text": "Do you mind adding details on where to find your model.py to <https:\/\/jira.twitter.biz\/browse\/CX-18119>?",
        "user": "W81EY00N7",
        "ts": "1581716580.481400",
        "team": "T86S8GHEG",
        "user_team": "T86S8GHEG",
        "source_team": "T86S8GHEG",
        "user_profile": {
            "avatar_hash": "d30a8ec2b572",
            "image_72": "https:\/\/avatars.slack-edge.com\/2019-04-22\/614865012036_d30a8ec2b5727438f308_72.png",
            "first_name": "Briac",
            "real_name": "Briac Marcatte",
            "display_name": "bmarcatte",
            "team": "T86S8GHEG",
            "name": "bmarcatte",
            "is_restricted": false,
            "is_ultra_restricted": false
        },
        "blocks": [
            {
                "type": "rich_text",
                "block_id": "fs+39",
                "elements": [
                    {
                        "type": "rich_text_section",
                        "elements": [
                            {
                                "type": "text",
                                "text": "Do you mind adding details on where to find your model.py to "
                            },
                            {
                                "type": "link",
                                "url": "https:\/\/jira.twitter.biz\/browse\/CX-18119"
                            },
                            {
                                "type": "text",
                                "text": "?"
                            }
                        ]
                    }
                ]
            }
        ],
        "thread_ts": "1581472757.389300",
        "parent_user_id": "WCAVBTCRK",
        "reactions": [
            {
                "name": "ok",
                "users": [
                    "WCAVBTCRK"
                ],
                "count": 1
            }
        ]
    },
    {
        "client_msg_id": "257cd409-426d-476c-82a7-a3415b4ba2db",
        "type": "message",
        "text": "<https:\/\/cgit.twitter.biz\/source\/tree\/ads\/review\/modelling\/src\/main\/python\/training\/financialprohibited\/model.py#n179>\ncc: <@W816UA3H6>",
        "user": "WCAVBTCRK",
        "ts": "1581716581.481600",
        "team": "T86S8GHEG",
        "user_team": "T86S8GHEG",
        "source_team": "T86S8GHEG",
        "user_profile": {
            "avatar_hash": "cd66cea6b4e8",
            "image_72": "https:\/\/avatars.slack-edge.com\/2019-10-03\/776910509537_cd66cea6b4e8b253267e_72.jpg",
            "first_name": "Gurnoor",
            "real_name": "Gurnoor Bhatia",
            "display_name": "gbhatia",
            "team": "T86S8GHEG",
            "name": "gbhatia",
            "is_restricted": false,
            "is_ultra_restricted": false
        },
        "blocks": [
            {
                "type": "rich_text",
                "block_id": "GZv",
                "elements": [
                    {
                        "type": "rich_text_section",
                        "elements": [
                            {
                                "type": "link",
                                "url": "https:\/\/cgit.twitter.biz\/source\/tree\/ads\/review\/modelling\/src\/main\/python\/training\/financialprohibited\/model.py#n179"
                            },
                            {
                                "type": "text",
                                "text": "\ncc: "
                            },
                            {
                                "type": "user",
                                "user_id": "W816UA3H6"
                            }
                        ]
                    }
                ]
            }
        ],
        "thread_ts": "1581472757.389300",
        "parent_user_id": "WCAVBTCRK"
    },
    {
        "client_msg_id": "47fa305c-4ab2-4696-be84-7f65f061c817",
        "type": "message",
        "text": "I was expecting the epoch to be `1`. Not sure why its `1800` .",
        "user": "WCAVBTCRK",
        "ts": "1581716774.481900",
        "team": "T86S8GHEG",
        "user_team": "T86S8GHEG",
        "source_team": "T86S8GHEG",
        "user_profile": {
            "avatar_hash": "cd66cea6b4e8",
            "image_72": "https:\/\/avatars.slack-edge.com\/2019-10-03\/776910509537_cd66cea6b4e8b253267e_72.jpg",
            "first_name": "Gurnoor",
            "real_name": "Gurnoor Bhatia",
            "display_name": "gbhatia",
            "team": "T86S8GHEG",
            "name": "gbhatia",
            "is_restricted": false,
            "is_ultra_restricted": false
        },
        "blocks": [
            {
                "type": "rich_text",
                "block_id": "PClD",
                "elements": [
                    {
                        "type": "rich_text_section",
                        "elements": [
                            {
                                "type": "text",
                                "text": "I was expecting the epoch to be "
                            },
                            {
                                "type": "text",
                                "text": "1",
                                "style": {
                                    "code": true
                                }
                            },
                            {
                                "type": "text",
                                "text": ". Not sure why its "
                            },
                            {
                                "type": "text",
                                "text": "1800",
                                "style": {
                                    "code": true
                                }
                            },
                            {
                                "type": "text",
                                "text": " ."
                            }
                        ]
                    }
                ]
            }
        ],
        "thread_ts": "1581472757.389300",
        "parent_user_id": "WCAVBTCRK"
    },
    {
        "client_msg_id": "a0c2ee91-81ed-428f-acd4-739a753967f0",
        "type": "message",
        "text": "that’s what your tensorboard says: <http:\/\/http--0--adult_v1_1581449329--devel--cortex-k80.service.atla.twitter.biz\/#scalars>",
        "user": "W81EY00N7",
        "ts": "1581716831.482100",
        "team": "T86S8GHEG",
        "user_team": "T86S8GHEG",
        "source_team": "T86S8GHEG",
        "user_profile": {
            "avatar_hash": "d30a8ec2b572",
            "image_72": "https:\/\/avatars.slack-edge.com\/2019-04-22\/614865012036_d30a8ec2b5727438f308_72.png",
            "first_name": "Briac",
            "real_name": "Briac Marcatte",
            "display_name": "bmarcatte",
            "team": "T86S8GHEG",
            "name": "bmarcatte",
            "is_restricted": false,
            "is_ultra_restricted": false
        },
        "blocks": [
            {
                "type": "rich_text",
                "block_id": "DIUw3",
                "elements": [
                    {
                        "type": "rich_text_section",
                        "elements": [
                            {
                                "type": "text",
                                "text": "that’s what your tensorboard says: "
                            },
                            {
                                "type": "link",
                                "url": "http:\/\/http--0--adult_v1_1581449329--devel--cortex-k80.service.atla.twitter.biz\/#scalars"
                            }
                        ]
                    }
                ]
            }
        ],
        "thread_ts": "1581472757.389300",
        "parent_user_id": "WCAVBTCRK",
        "reactions": [
            {
                "name": "ack2",
                "users": [
                    "WCAVBTCRK"
                ],
                "count": 1
            }
        ]
    },
    {
        "client_msg_id": "d704706c-2741-4ef3-87fe-fc116722de00",
        "type": "message",
        "text": "ah ok. my code does run ok. thanks!",
        "user": "W813WAF3K",
        "ts": "1581716851.482300",
        "team": "T86S8GHEG",
        "user_team": "T86S8GHEG",
        "source_team": "T86S8GHEG",
        "user_profile": {
            "avatar_hash": "cbf851580834",
            "image_72": "https:\/\/avatars.slack-edge.com\/2018-11-21\/485508874019_cbf85158083401d5708e_72.jpg",
            "first_name": "Chetan",
            "real_name": "Chetan Verma",
            "display_name": "cverma",
            "team": "T86S8GHEG",
            "name": "cverma",
            "is_restricted": false,
            "is_ultra_restricted": false
        },
        "blocks": [
            {
                "type": "rich_text",
                "block_id": "X1i2m",
                "elements": [
                    {
                        "type": "rich_text_section",
                        "elements": [
                            {
                                "type": "text",
                                "text": "ah ok. my code does run ok. thanks!"
                            }
                        ]
                    }
                ]
            }
        ],
        "thread_ts": "1581641710.476900",
        "parent_user_id": "W813WAF3K"
    },
    {
        "client_msg_id": "84308473-1884-4c3d-876c-1415342f7be8",
        "type": "message",
        "text": "So this doesnt work\n```base_sparse.indices = tf.Print(base_sparse.indices, [base_sparse.indices], message='base_sparse.indices', summarize=1000)\nAttributeError: can't set attribute```",
        "user": "WM4TBECNP",
        "ts": "1581717065.482600",
        "team": "T86S8GHEG",
        "user_team": "T86S8GHEG",
        "source_team": "T86S8GHEG",
        "user_profile": {
            "avatar_hash": "9d964e04dccf",
            "image_72": "https:\/\/avatars.slack-edge.com\/2019-11-26\/850932779813_9d964e04dccfb13c432a_72.jpg",
            "first_name": "Suvadip",
            "real_name": "Suvadip Paul",
            "display_name": "suvadipp",
            "team": "T86S8GHEG",
            "name": "suvadipp",
            "is_restricted": false,
            "is_ultra_restricted": false
        },
        "blocks": [
            {
                "type": "rich_text",
                "block_id": "RA1jF",
                "elements": [
                    {
                        "type": "rich_text_section",
                        "elements": [
                            {
                                "type": "text",
                                "text": "So this doesnt work\n"
                            }
                        ]
                    },
                    {
                        "type": "rich_text_preformatted",
                        "elements": [
                            {
                                "type": "text",
                                "text": "base_sparse.indices = tf.Print(base_sparse.indices, [base_sparse.indices], message='base_sparse.indices', summarize=1000)\nAttributeError: can't set attribute"
                            }
                        ]
                    }
                ]
            }
        ],
        "thread_ts": "1581715505.478400",
        "parent_user_id": "WM4TBECNP"
    },
    {
        "client_msg_id": "8e8f2229-9dc3-4cad-9878-1432a94c130a",
        "type": "message",
        "text": "But this does\n```  base_sparse_indices = tf.Print(base_sparse.indices, [base_sparse.indices], message='base_sparse.indices', summarize=1000)\n  base_sparse = tf.sparse.SparseTensor(\n      base_sparse_indices,\n      base_sparse.values,\n      base_sparse.dense_shape\n    )```",
        "user": "WM4TBECNP",
        "ts": "1581717078.482800",
        "team": "T86S8GHEG",
        "user_team": "T86S8GHEG",
        "source_team": "T86S8GHEG",
        "user_profile": {
            "avatar_hash": "9d964e04dccf",
            "image_72": "https:\/\/avatars.slack-edge.com\/2019-11-26\/850932779813_9d964e04dccfb13c432a_72.jpg",
            "first_name": "Suvadip",
            "real_name": "Suvadip Paul",
            "display_name": "suvadipp",
            "team": "T86S8GHEG",
            "name": "suvadipp",
            "is_restricted": false,
            "is_ultra_restricted": false
        },
        "blocks": [
            {
                "type": "rich_text",
                "block_id": "D1A",
                "elements": [
                    {
                        "type": "rich_text_section",
                        "elements": [
                            {
                                "type": "text",
                                "text": "But this does\n"
                            }
                        ]
                    },
                    {
                        "type": "rich_text_preformatted",
                        "elements": [
                            {
                                "type": "text",
                                "text": "  base_sparse_indices = tf.Print(base_sparse.indices, [base_sparse.indices], message='base_sparse.indices', summarize=1000)\n  base_sparse = tf.sparse.SparseTensor(\n      base_sparse_indices,\n      base_sparse.values,\n      base_sparse.dense_shape\n    )"
                            }
                        ]
                    }
                ]
            }
        ],
        "thread_ts": "1581715505.478400",
        "parent_user_id": "WM4TBECNP"
    },
    {
        "client_msg_id": "756bb787-e1fc-497a-b2d3-4d5e23d8b328",
        "type": "message",
        "text": "Thanks for your help!",
        "user": "WM4TBECNP",
        "ts": "1581717082.483000",
        "team": "T86S8GHEG",
        "user_team": "T86S8GHEG",
        "source_team": "T86S8GHEG",
        "user_profile": {
            "avatar_hash": "9d964e04dccf",
            "image_72": "https:\/\/avatars.slack-edge.com\/2019-11-26\/850932779813_9d964e04dccfb13c432a_72.jpg",
            "first_name": "Suvadip",
            "real_name": "Suvadip Paul",
            "display_name": "suvadipp",
            "team": "T86S8GHEG",
            "name": "suvadipp",
            "is_restricted": false,
            "is_ultra_restricted": false
        },
        "blocks": [
            {
                "type": "rich_text",
                "block_id": "FeB2w",
                "elements": [
                    {
                        "type": "rich_text_section",
                        "elements": [
                            {
                                "type": "text",
                                "text": "Thanks for your help!"
                            }
                        ]
                    }
                ]
            }
        ],
        "thread_ts": "1581715505.478400",
        "parent_user_id": "WM4TBECNP"
    },
    {
        "client_msg_id": "0eb96d8a-7f44-4d53-94d3-2562ead3f139",
        "type": "message",
        "text": "<@WM4TBECNP> this looks like soemthing others will find useful. Would you mind adding this question as well as a working  solution to go\/dbv2-qna",
        "user": "W817G71EC",
        "ts": "1581717796.483200",
        "team": "T86S8GHEG",
        "user_team": "T86S8GHEG",
        "source_team": "T86S8GHEG",
        "user_profile": {
            "avatar_hash": "9db38ffc9883",
            "image_72": "https:\/\/avatars.slack-edge.com\/2019-04-02\/588632174689_9db38ffc9883a10cecc6_72.jpg",
            "first_name": "Shajan",
            "real_name": "Shajan Dasan",
            "display_name": "sdasan",
            "team": "T86S8GHEG",
            "name": "sdasan",
            "is_restricted": false,
            "is_ultra_restricted": false
        },
        "edited": {
            "user": "W817G71EC",
            "ts": "1581717822.000000"
        },
        "blocks": [
            {
                "type": "rich_text",
                "block_id": "nnm",
                "elements": [
                    {
                        "type": "rich_text_section",
                        "elements": [
                            {
                                "type": "user",
                                "user_id": "WM4TBECNP"
                            },
                            {
                                "type": "text",
                                "text": " this looks like soemthing others will find useful. Would you mind adding this question as well as a working  solution to go\/dbv2-qna"
                            }
                        ]
                    }
                ]
            }
        ],
        "thread_ts": "1581715505.478400",
        "parent_user_id": "WM4TBECNP"
    },
    {
        "client_msg_id": "68db75c5-26c4-4048-a3c0-7f6f913dff0e",
        "type": "message",
        "text": "<@WM4TBECNP>\nIn this case, you can’t modify base_spase.indices. tf.SparseTensor’s properties are readonly.\n\nWhen using tf.Print, you are using its printing side-effects.\nPeople perform ‘pass-through’ assignment from tf.Print() as a convenient way to make sure the “tf.Print” op actually runs.  If you are using eager, this is unnecessary.  If you are not using eager, the same can be achieved with `tf.control_dependencies`",
        "user": "W820RFKK6",
        "ts": "1581718651.483500",
        "team": "T86S8GHEG",
        "user_team": "T86S8GHEG",
        "source_team": "T86S8GHEG",
        "user_profile": {
            "avatar_hash": "d2cf7d816132",
            "image_72": "https:\/\/avatars.slack-edge.com\/2019-07-21\/694944687905_d2cf7d8161326b26f909_72.jpg",
            "first_name": "Yi",
            "real_name": "Yi Zhuang",
            "display_name": "yz",
            "team": "T86S8GHEG",
            "name": "yz",
            "is_restricted": false,
            "is_ultra_restricted": false
        },
        "blocks": [
            {
                "type": "rich_text",
                "block_id": "Rcpwp",
                "elements": [
                    {
                        "type": "rich_text_section",
                        "elements": [
                            {
                                "type": "user",
                                "user_id": "WM4TBECNP"
                            },
                            {
                                "type": "text",
                                "text": "\nIn this case, you can’t modify base_spase.indices. tf.SparseTensor’s properties are readonly.\n\nWhen using tf.Print, you are using its printing side-effects.\nPeople perform ‘pass-through’ assignment from tf.Print() as a convenient way to make sure the “tf.Print” op actually runs.  If you are using eager, this is unnecessary.  If you are not using eager, the same can be achieved with "
                            },
                            {
                                "type": "text",
                                "text": "tf.control_dependencies",
                                "style": {
                                    "code": true
                                }
                            }
                        ]
                    }
                ]
            }
        ],
        "thread_ts": "1581715505.478400",
        "parent_user_id": "WM4TBECNP"
    },
    {
        "client_msg_id": "47aae565-52f3-4306-95e3-ece7466dff1e",
        "type": "message",
        "text": "<@WCAVBTCRK> if you continue from previous save_dir it will use the numbers from previous save_dir",
        "user": "W81BJEAGZ",
        "ts": "1581720635.483700",
        "team": "T86S8GHEG",
        "user_team": "T86S8GHEG",
        "source_team": "T86S8GHEG",
        "user_profile": {
            "avatar_hash": "45f9fa184373",
            "image_72": "https:\/\/avatars.slack-edge.com\/2019-04-25\/620857384023_45f9fa184373c2c504f5_72.jpg",
            "first_name": "Pavan",
            "real_name": "Pavan Yalamanchili",
            "display_name": "pyalamanchili",
            "team": "T86S8GHEG",
            "name": "pyalamanchili",
            "is_restricted": false,
            "is_ultra_restricted": false
        },
        "blocks": [
            {
                "type": "rich_text",
                "block_id": "5qX7F",
                "elements": [
                    {
                        "type": "rich_text_section",
                        "elements": [
                            {
                                "type": "user",
                                "user_id": "WCAVBTCRK"
                            },
                            {
                                "type": "text",
                                "text": " if you continue from previous save_dir it will use the numbers from previous save_dir"
                            }
                        ]
                    }
                ]
            }
        ],
        "thread_ts": "1581472757.389300",
        "parent_user_id": "WCAVBTCRK"
    },
    {
        "client_msg_id": "aaaf7c8c-b846-4026-bf1b-66427d54a0fd",
        "type": "message",
        "text": "your training seems to have finished but it looks like your job is stuck in an infinite evaluation loop",
        "user": "W81BJEAGZ",
        "ts": "1581720656.483900",
        "team": "T86S8GHEG",
        "user_team": "T86S8GHEG",
        "source_team": "T86S8GHEG",
        "user_profile": {
            "avatar_hash": "45f9fa184373",
            "image_72": "https:\/\/avatars.slack-edge.com\/2019-04-25\/620857384023_45f9fa184373c2c504f5_72.jpg",
            "first_name": "Pavan",
            "real_name": "Pavan Yalamanchili",
            "display_name": "pyalamanchili",
            "team": "T86S8GHEG",
            "name": "pyalamanchili",
            "is_restricted": false,
            "is_ultra_restricted": false
        },
        "blocks": [
            {
                "type": "rich_text",
                "block_id": "\/Y4",
                "elements": [
                    {
                        "type": "rich_text_section",
                        "elements": [
                            {
                                "type": "text",
                                "text": "your training seems to have finished but it looks like your job is stuck in an infinite evaluation loop"
                            }
                        ]
                    }
                ]
            }
        ],
        "thread_ts": "1581472757.389300",
        "parent_user_id": "WCAVBTCRK"
    },
    {
        "client_msg_id": "ace528e6-c494-409c-9b5f-6b4fbe954742",
        "type": "message",
        "text": "can you share the exact model that you used, not the one in source",
        "user": "W81BJEAGZ",
        "ts": "1581720683.484100",
        "team": "T86S8GHEG",
        "user_team": "T86S8GHEG",
        "source_team": "T86S8GHEG",
        "user_profile": {
            "avatar_hash": "45f9fa184373",
            "image_72": "https:\/\/avatars.slack-edge.com\/2019-04-25\/620857384023_45f9fa184373c2c504f5_72.jpg",
            "first_name": "Pavan",
            "real_name": "Pavan Yalamanchili",
            "display_name": "pyalamanchili",
            "team": "T86S8GHEG",
            "name": "pyalamanchili",
            "is_restricted": false,
            "is_ultra_restricted": false
        },
        "blocks": [
            {
                "type": "rich_text",
                "block_id": "JDIw6",
                "elements": [
                    {
                        "type": "rich_text_section",
                        "elements": [
                            {
                                "type": "text",
                                "text": "can you share the exact model that you used, not the one in source"
                            }
                        ]
                    }
                ]
            }
        ],
        "thread_ts": "1581472757.389300",
        "parent_user_id": "WCAVBTCRK"
    },
    {
        "client_msg_id": "34066b0f-529e-4a01-9f81-2229d353d700",
        "type": "message",
        "text": "if you made any changes, create a phab and share it in the ticket",
        "user": "W81BJEAGZ",
        "ts": "1581720693.484300",
        "team": "T86S8GHEG",
        "user_team": "T86S8GHEG",
        "source_team": "T86S8GHEG",
        "user_profile": {
            "avatar_hash": "45f9fa184373",
            "image_72": "https:\/\/avatars.slack-edge.com\/2019-04-25\/620857384023_45f9fa184373c2c504f5_72.jpg",
            "first_name": "Pavan",
            "real_name": "Pavan Yalamanchili",
            "display_name": "pyalamanchili",
            "team": "T86S8GHEG",
            "name": "pyalamanchili",
            "is_restricted": false,
            "is_ultra_restricted": false
        },
        "blocks": [
            {
                "type": "rich_text",
                "block_id": "QT42G",
                "elements": [
                    {
                        "type": "rich_text_section",
                        "elements": [
                            {
                                "type": "text",
                                "text": "if you made any changes, create a phab and share it in the ticket"
                            }
                        ]
                    }
                ]
            }
        ],
        "thread_ts": "1581472757.389300",
        "parent_user_id": "WCAVBTCRK"
    },
    {
        "client_msg_id": "0bd7cd26-5001-48ce-a7b3-b33157c55332",
        "type": "message",
        "text": "Thanks, doing that now.",
        "user": "WCAVBTCRK",
        "ts": "1581720714.484500",
        "team": "T86S8GHEG",
        "user_team": "T86S8GHEG",
        "source_team": "T86S8GHEG",
        "user_profile": {
            "avatar_hash": "cd66cea6b4e8",
            "image_72": "https:\/\/avatars.slack-edge.com\/2019-10-03\/776910509537_cd66cea6b4e8b253267e_72.jpg",
            "first_name": "Gurnoor",
            "real_name": "Gurnoor Bhatia",
            "display_name": "gbhatia",
            "team": "T86S8GHEG",
            "name": "gbhatia",
            "is_restricted": false,
            "is_ultra_restricted": false
        },
        "blocks": [
            {
                "type": "rich_text",
                "block_id": "ZcE",
                "elements": [
                    {
                        "type": "rich_text_section",
                        "elements": [
                            {
                                "type": "text",
                                "text": "Thanks, doing that now."
                            }
                        ]
                    }
                ]
            }
        ],
        "thread_ts": "1581472757.389300",
        "parent_user_id": "WCAVBTCRK"
    },
    {
        "client_msg_id": "5638e9e2-d506-46eb-b29e-fe1950197d9c",
        "type": "message",
        "text": "<https:\/\/phabricator.twitter.biz\/D433040>",
        "user": "WCAVBTCRK",
        "ts": "1581720956.484700",
        "team": "T86S8GHEG",
        "user_team": "T86S8GHEG",
        "source_team": "T86S8GHEG",
        "user_profile": {
            "avatar_hash": "cd66cea6b4e8",
            "image_72": "https:\/\/avatars.slack-edge.com\/2019-10-03\/776910509537_cd66cea6b4e8b253267e_72.jpg",
            "first_name": "Gurnoor",
            "real_name": "Gurnoor Bhatia",
            "display_name": "gbhatia",
            "team": "T86S8GHEG",
            "name": "gbhatia",
            "is_restricted": false,
            "is_ultra_restricted": false
        },
        "blocks": [
            {
                "type": "rich_text",
                "block_id": "IAjg",
                "elements": [
                    {
                        "type": "rich_text_section",
                        "elements": [
                            {
                                "type": "link",
                                "url": "https:\/\/phabricator.twitter.biz\/D433040"
                            }
                        ]
                    }
                ]
            }
        ],
        "thread_ts": "1581472757.389300",
        "parent_user_id": "WCAVBTCRK"
    },
    {
        "client_msg_id": "4d53cb7a-9a8d-4fe6-b77b-90926cca0b30",
        "type": "message",
        "text": "<@W817G71EC>\ndone! <https:\/\/confluence.twitter.biz\/questions\/134484114\/answers\/134484120>",
        "user": "WM4TBECNP",
        "ts": "1581724220.484900",
        "team": "T86S8GHEG",
        "user_team": "T86S8GHEG",
        "source_team": "T86S8GHEG",
        "user_profile": {
            "avatar_hash": "9d964e04dccf",
            "image_72": "https:\/\/avatars.slack-edge.com\/2019-11-26\/850932779813_9d964e04dccfb13c432a_72.jpg",
            "first_name": "Suvadip",
            "real_name": "Suvadip Paul",
            "display_name": "suvadipp",
            "team": "T86S8GHEG",
            "name": "suvadipp",
            "is_restricted": false,
            "is_ultra_restricted": false
        },
        "blocks": [
            {
                "type": "rich_text",
                "block_id": "0LerV",
                "elements": [
                    {
                        "type": "rich_text_section",
                        "elements": [
                            {
                                "type": "user",
                                "user_id": "W817G71EC"
                            },
                            {
                                "type": "text",
                                "text": "\ndone! "
                            },
                            {
                                "type": "link",
                                "url": "https:\/\/confluence.twitter.biz\/questions\/134484114\/answers\/134484120"
                            }
                        ]
                    }
                ]
            }
        ],
        "thread_ts": "1581715505.478400",
        "parent_user_id": "WM4TBECNP",
        "reactions": [
            {
                "name": "thankyou",
                "users": [
                    "W817G71EC"
                ],
                "count": 1
            }
        ]
    },
    {
        "client_msg_id": "eb562e9e-89dd-455b-ad3c-32a61abef506",
        "type": "message",
        "text": "Oh I see! <@W820RFKK6> how do I use eager execution ?",
        "user": "WM4TBECNP",
        "ts": "1581724307.485200",
        "team": "T86S8GHEG",
        "user_team": "T86S8GHEG",
        "source_team": "T86S8GHEG",
        "user_profile": {
            "avatar_hash": "9d964e04dccf",
            "image_72": "https:\/\/avatars.slack-edge.com\/2019-11-26\/850932779813_9d964e04dccfb13c432a_72.jpg",
            "first_name": "Suvadip",
            "real_name": "Suvadip Paul",
            "display_name": "suvadipp",
            "team": "T86S8GHEG",
            "name": "suvadipp",
            "is_restricted": false,
            "is_ultra_restricted": false
        },
        "blocks": [
            {
                "type": "rich_text",
                "block_id": "qLb",
                "elements": [
                    {
                        "type": "rich_text_section",
                        "elements": [
                            {
                                "type": "text",
                                "text": "Oh I see! "
                            },
                            {
                                "type": "user",
                                "user_id": "W820RFKK6"
                            },
                            {
                                "type": "text",
                                "text": " how do I use eager execution ?"
                            }
                        ]
                    }
                ]
            }
        ],
        "thread_ts": "1581715505.478400",
        "parent_user_id": "WM4TBECNP"
    },
    {
        "client_msg_id": "fdba980f-b504-48ae-93ab-415be7dad4ac",
        "type": "message",
        "text": "<@W89H645FB>, do you know why this error?",
        "user": "W81UT6WJW",
        "ts": "1581727897.485900",
        "team": "T86S8GHEG",
        "user_team": "T86S8GHEG",
        "source_team": "T86S8GHEG",
        "user_profile": {
            "avatar_hash": "g3c92c02e00a",
            "image_72": "https:\/\/secure.gravatar.com\/avatar\/13c92c02e00abceaa1e43be134f2aea5.jpg?s=72&d=https%3A%2F%2Fa.slack-edge.com%2Fdf10d%2Fimg%2Favatars%2Fava_0020-72.png",
            "first_name": "Stephen",
            "real_name": "Stephen Ni",
            "display_name": "sni",
            "team": "T86S8GHEG",
            "name": "sni",
            "is_restricted": false,
            "is_ultra_restricted": false
        },
        "blocks": [
            {
                "type": "rich_text",
                "block_id": "j8KJ",
                "elements": [
                    {
                        "type": "rich_text_section",
                        "elements": [
                            {
                                "type": "user",
                                "user_id": "W89H645FB"
                            },
                            {
                                "type": "text",
                                "text": ", do you know why this error?"
                            }
                        ]
                    }
                ]
            }
        ]
    },
    {
        "client_msg_id": "87c6bec8-8dd9-4464-b1c6-de91e140dcb7",
        "type": "message",
        "text": "Failed to execute PEX file, missing linux_x86_64-cp-36-cp36m compatible dependencies for:\ntensorflow\nfuture\ngast\nscikit-learn\ntensorflow-hub\npyyaml\nnumpy\npandas\nscipy\nprotobuf\nthriftpy2",
        "user": "W81UT6WJW",
        "ts": "1581727898.486100",
        "team": "T86S8GHEG",
        "user_team": "T86S8GHEG",
        "source_team": "T86S8GHEG",
        "user_profile": {
            "avatar_hash": "g3c92c02e00a",
            "image_72": "https:\/\/secure.gravatar.com\/avatar\/13c92c02e00abceaa1e43be134f2aea5.jpg?s=72&d=https%3A%2F%2Fa.slack-edge.com%2Fdf10d%2Fimg%2Favatars%2Fava_0020-72.png",
            "first_name": "Stephen",
            "real_name": "Stephen Ni",
            "display_name": "sni",
            "team": "T86S8GHEG",
            "name": "sni",
            "is_restricted": false,
            "is_ultra_restricted": false
        },
        "blocks": [
            {
                "type": "rich_text",
                "block_id": "tgq",
                "elements": [
                    {
                        "type": "rich_text_section",
                        "elements": [
                            {
                                "type": "text",
                                "text": "Failed to execute PEX file, missing linux_x86_64-cp-36-cp36m compatible dependencies for:\ntensorflow\nfuture\ngast\nscikit-learn\ntensorflow-hub\npyyaml\nnumpy\npandas\nscipy\nprotobuf\nthriftpy2"
                            }
                        ]
                    }
                ]
            }
        ]
    },
    {
        "client_msg_id": "07319306-24c2-4e3c-a902-13459b48fd67",
        "type": "message",
        "text": "<@W81EY00N7> do you have any idea why it fails, the error log: <http:\/\/atla-igh-28-sr1.prod.twttr.net:1338\/task\/ads-usermodeling-devel-did_pid_prob_idn_dag_20200215T003507-611524000050377c86eaf42d0c-0-1d68305d-751a-4b6c-b53a-463af422a608>",
        "user": "W81UT6WJW",
        "ts": "1581728366.487500",
        "team": "T86S8GHEG",
        "user_team": "T86S8GHEG",
        "source_team": "T86S8GHEG",
        "user_profile": {
            "avatar_hash": "g3c92c02e00a",
            "image_72": "https:\/\/secure.gravatar.com\/avatar\/13c92c02e00abceaa1e43be134f2aea5.jpg?s=72&d=https%3A%2F%2Fa.slack-edge.com%2Fdf10d%2Fimg%2Favatars%2Fava_0020-72.png",
            "first_name": "Stephen",
            "real_name": "Stephen Ni",
            "display_name": "sni",
            "team": "T86S8GHEG",
            "name": "sni",
            "is_restricted": false,
            "is_ultra_restricted": false
        },
        "blocks": [
            {
                "type": "rich_text",
                "block_id": "ub7m",
                "elements": [
                    {
                        "type": "rich_text_section",
                        "elements": [
                            {
                                "type": "user",
                                "user_id": "W81EY00N7"
                            },
                            {
                                "type": "text",
                                "text": " do you have any idea why it fails, the error log: "
                            },
                            {
                                "type": "link",
                                "url": "http:\/\/atla-igh-28-sr1.prod.twttr.net:1338\/task\/ads-usermodeling-devel-did_pid_prob_idn_dag_20200215T003507-611524000050377c86eaf42d0c-0-1d68305d-751a-4b6c-b53a-463af422a608"
                            }
                        ]
                    }
                ]
            }
        ],
        "thread_ts": "1581728366.487500",
        "reply_count": 19,
        "reply_users_count": 3,
        "latest_reply": "1582569033.022300",
        "reply_users": [
            "W81EY00N7",
            "W81QKRYG3",
            "W81UT6WJW"
        ],
        "replies": [
            {
                "user": "W81EY00N7",
                "ts": "1582039341.488600"
            },
            {
                "user": "W81EY00N7",
                "ts": "1582039345.488800"
            },
            {
                "user": "W81QKRYG3",
                "ts": "1582050599.489700"
            },
            {
                "user": "W81UT6WJW",
                "ts": "1582051333.489900"
            },
            {
                "user": "W81QKRYG3",
                "ts": "1582053072.492500"
            },
            {
                "user": "W81QKRYG3",
                "ts": "1582053284.492900"
            },
            {
                "user": "W81QKRYG3",
                "ts": "1582129063.000000"
            },
            {
                "user": "W81UT6WJW",
                "ts": "1582137207.004000"
            },
            {
                "user": "W81UT6WJW",
                "ts": "1582137209.004200"
            },
            {
                "user": "W81UT6WJW",
                "ts": "1582137227.004400"
            },
            {
                "user": "W81UT6WJW",
                "ts": "1582137250.004600"
            },
            {
                "user": "W81QKRYG3",
                "ts": "1582139981.005600"
            },
            {
                "user": "W81UT6WJW",
                "ts": "1582224584.042100"
            },
            {
                "user": "W81QKRYG3",
                "ts": "1582224668.042400"
            },
            {
                "user": "W81QKRYG3",
                "ts": "1582225107.042900"
            },
            {
                "user": "W81UT6WJW",
                "ts": "1582225823.043400"
            },
            {
                "user": "W81QKRYG3",
                "ts": "1582562001.006200"
            },
            {
                "user": "W81QKRYG3",
                "ts": "1582562036.006400"
            },
            {
                "user": "W81UT6WJW",
                "ts": "1582569033.022300"
            }
        ],
        "subscribed": false
    }
]